Product Name,Category,Unit Cost,Selling Price,Current Stock,Warehouse,Min Stock,Max Stock
Ergonomic Office Chair #00001,Furniture,185.9,275.24,71,Warehouse A - East,23,892
Science Kit #00002,Toys & Games,9.88,12.61,119,Warehouse A - East,74,816
Binder Clips Assorted #00003,Office Supplies,179.57,376.52,214,Warehouse C - Central,38,659
Wireless Charger #00004,Electronics,201.84,422.35,174,Warehouse B - West,45,359
Resistance Bands Set #00005,Sports & Outdoors,25.0,32.01,433,Warehouse C - Central,54,818
Laptop Cooling Pad #00006,Electronics,115.94,152.87,472,Warehouse C - Central,58,280
Stuffed Animal Bear #00007,Toys & Games,145.18,305.05,23,Warehouse C - Central,39,991
Filing Cabinet #00008,Furniture,216.89,360.73,232,Warehouse C - Central,56,366
Jump Rope #00009,Sports & Outdoors,168.2,352.79,349,Warehouse B - West,19,823
Desk Organizer #00010,Office Supplies,62.71,111.25,138,Warehouse C - Central,38,901
Webcam HD #00011,Electronics,205.81,460.36,205,Warehouse B - West,44,267
Rubik's Cube #00012,Toys & Games,80.04,162.87,202,Warehouse C - Central,68,346
Work Boots #00013,Clothing,186.76,350.66,382,Warehouse D - North,64,797
Jump Rope #00014,Sports & Outdoors,249.34,333.3,252,Warehouse A - East,21,973
Bookshelf 5-Tier #00015,Furniture,157.61,349.78,216,Warehouse D - North,18,594
Art Supplies Box #00016,Toys & Games,133.22,327.85,440,Warehouse A - East,11,896
Whiteboard Markers 6pk #00017,Office Supplies,192.61,309.96,150,Warehouse D - North,65,361
Laptop Cooling Pad #00018,Electronics,219.21,330.04,256,Warehouse A - East,32,719
Thermometer Digital #00019,Health & Beauty,127.9,181.43,191,Warehouse A - East,30,752
Stuffed Animal Bear #00020,Toys & Games,123.17,160.25,185,Warehouse A - East,49,445
Olive Oil 500ml #00021,Food & Beverage,236.84,299.75,248,Warehouse B - West,18,978
Cargo Shorts #00022,Clothing,119.87,226.82,135,Warehouse D - North,77,821
Honey Jar #00023,Food & Beverage,189.31,394.01,365,Warehouse C - Central,49,608
Car Charger Dual USB #00024,Automotive Parts,113.97,169.21,32,Warehouse B - West,53,221
Remote Control Car #00025,Toys & Games,3.78,7.96,30,Warehouse A - East,39,269
Resistance Bands Set #00026,Sports & Outdoors,129.51,197.63,248,Warehouse B - West,37,752
Drone Mini #00027,Toys & Games,119.22,263.39,413,Warehouse A - East,62,394
Monitor Arm #00028,Furniture,108.9,187.51,239,Warehouse A - East,16,889
HDMI Cable 2m #00029,Electronics,182.6,407.34,55,Warehouse B - West,41,396
Stapler Heavy Duty #00030,Office Supplies,36.77,51.39,236,Warehouse D - North,41,277
Ballpoint Pens 12pk #00031,Office Supplies,14.55,36.36,428,Warehouse B - West,11,295
Fleece Hoodie #00032,Clothing,122.44,176.14,205,Warehouse D - North,17,368
HDMI Cable 2m #00033,Electronics,67.77,149.67,232,Warehouse D - North,46,633
Work Boots #00034,Clothing,75.58,185.76,296,Warehouse C - Central,79,262
Wireless Mouse #00035,Electronics,146.88,268.62,436,Warehouse A - East,77,361
Ballpoint Pens 12pk #00036,Office Supplies,213.13,264.81,34,Warehouse A - East,40,613
Remote Control Car #00037,Toys & Games,145.57,175.22,41,Warehouse C - Central,63,873
Moisturizer Pump #00038,Health & Beauty,168.09,264.6,135,Warehouse C - Central,60,334
Tire Pressure Gauge #00039,Automotive Parts,232.4,560.84,4,Warehouse A - East,68,836
Computer Desk #00040,Furniture,54.86,82.73,477,Warehouse B - West,54,270
Foam Roller #00041,Sports & Outdoors,41.12,93.57,360,Warehouse A - East,48,826
Whiteboard Markers 6pk #00042,Office Supplies,233.08,300.64,449,Warehouse A - East,27,470
Cable Management Tray #00043,Furniture,139.2,211.26,309,Warehouse C - Central,36,934
Dark Chocolate Box #00044,Food & Beverage,159.29,239.95,250,Warehouse A - East,42,252
Paint Roller Set #00045,Home & Garden,12.93,20.69,66,Warehouse D - North,43,365
Desk Organizer #00046,Office Supplies,108.07,125.69,38,Warehouse A - East,29,758
Sleeping Bag #00047,Sports & Outdoors,139.03,240.55,21,Warehouse A - East,49,573
Jump Rope #00048,Sports & Outdoors,171.15,350.92,181,Warehouse B - West,62,835
Protein Bars 12pk #00049,Food & Beverage,244.1,547.89,451,Warehouse B - West,62,225
Headlamp LED #00050,Sports & Outdoors,200.95,465.5,415,Warehouse B - West,41,473
Storage Ottoman #00051,Furniture,218.3,504.08,113,Warehouse C - Central,35,671
Moisturizer Pump #00052,Health & Beauty,57.29,116.93,204,Warehouse A - East,52,485
Vitamin C Tablets #00053,Health & Beauty,161.09,272.17,431,Warehouse A - East,78,539
Conference Table #00054,Furniture,46.28,113.36,135,Warehouse D - North,14,311
Cooler Box 40L #00055,Sports & Outdoors,197.03,342.66,261,Warehouse B - West,24,594
Hand Sanitizer 500ml #00056,Health & Beauty,177.78,204.85,473,Warehouse B - West,78,903
Headlamp LED #00057,Sports & Outdoors,19.35,39.6,169,Warehouse A - East,50,879
Aloe Vera Gel #00058,Health & Beauty,78.7,133.89,206,Warehouse B - West,47,767
Bottled Water Case #00059,Food & Beverage,166.9,277.36,383,Warehouse C - Central,32,830
Sprinkler System #00060,Home & Garden,208.76,325.71,107,Warehouse C - Central,65,793
Floor Mats Set #00061,Automotive Parts,111.66,160.62,242,Warehouse A - East,31,874
Aloe Vera Gel #00062,Health & Beauty,166.64,330.95,47,Warehouse C - Central,40,888
Mixed Nuts 500g #00063,Food & Beverage,38.54,46.73,243,Warehouse D - North,19,666
Remote Control Car #00064,Toys & Games,180.15,300.56,204,Warehouse A - East,41,351
Storage Ottoman #00065,Furniture,56.27,125.79,356,Warehouse A - East,76,675
Binder Clips Assorted #00066,Office Supplies,229.53,301.56,68,Warehouse C - Central,69,883
Headlight Bulb Pair #00067,Automotive Parts,204.12,480.54,218,Warehouse B - West,80,656
Floor Mats Set #00068,Automotive Parts,66.28,98.34,326,Warehouse D - North,45,984
Dried Fruit Mix #00069,Food & Beverage,111.09,234.76,120,Warehouse C - Central,44,543
Ballpoint Pens 12pk #00070,Office Supplies,36.32,53.11,355,Warehouse B - West,29,923
Storage Ottoman #00071,Furniture,103.08,194.05,212,Warehouse D - North,17,411
Outdoor Solar Lights #00072,Home & Garden,236.62,278.35,450,Warehouse A - East,58,688
Foam Roller #00073,Sports & Outdoors,188.86,434.78,488,Warehouse B - West,63,751
Wiper Blades Pair #00074,Automotive Parts,69.69,125.83,199,Warehouse D - North,53,884
Cotton T-Shirt Pack #00075,Clothing,230.05,569.14,273,Warehouse A - East,13,603
Monitor Arm #00076,Furniture,108.3,251.28,93,Warehouse D - North,16,466
Jump Rope #00077,Sports & Outdoors,114.77,184.28,450,Warehouse D - North,58,484
First Aid Kit #00078,Health & Beauty,118.64,256.4,26,Warehouse A - East,54,429
Wireless Charger #00079,Electronics,9.7,14.39,429,Warehouse B - West,12,836
Protein Bars 12pk #00080,Food & Beverage,119.44,155.8,485,Warehouse C - Central,37,676
Water Bottle 1L #00081,Sports & Outdoors,152.26,373.2,367,Warehouse B - West,24,996
First Aid Kit #00082,Health & Beauty,145.51,349.81,294,Warehouse B - West,58,606
Drafting Chair #00083,Furniture,173.27,345.98,52,Warehouse A - East,48,900
Board Game Classic #00084,Toys & Games,88.11,152.28,189,Warehouse C - Central,18,718
USB Flash Drive 64GB #00085,Electronics,106.17,192.36,221,Warehouse D - North,56,850
Fleece Hoodie #00086,Clothing,45.68,84.71,333,Warehouse D - North,44,830
Jump Starter #00087,Automotive Parts,206.78,403.19,165,Warehouse C - Central,41,288
Wiper Blades Pair #00088,Automotive Parts,188.12,361.06,342,Warehouse A - East,58,544
Tire Pressure Gauge #00089,Automotive Parts,47.1,67.65,408,Warehouse C - Central,43,548
Rubik's Cube #00090,Toys & Games,220.27,418.58,264,Warehouse B - West,34,287
Plant Pots Set #00091,Home & Garden,139.68,205.95,243,Warehouse A - East,72,658
Conference Table #00092,Furniture,56.96,118.7,156,Warehouse C - Central,57,684
Hedge Trimmer #00093,Home & Garden,138.5,225.05,232,Warehouse C - Central,44,513
Green Tea Box #00094,Food & Beverage,180.88,285.07,380,Warehouse B - West,78,980
Mixed Nuts 500g #00095,Food & Beverage,185.17,282.06,301,Warehouse C - Central,77,811
Filing Cabinet #00096,Furniture,75.47,123.56,154,Warehouse B - West,11,925
Hand Sanitizer 500ml #00097,Health & Beauty,243.63,462.17,357,Warehouse D - North,26,853
Ergonomic Office Chair #00098,Furniture,144.37,257.51,225,Warehouse A - East,53,388
Eye Drops #00099,Health & Beauty,30.29,37.51,251,Warehouse A - East,19,790
Safety Vest Hi-Vis #00100,Clothing,203.16,493.95,43,Warehouse D - North,41,321
Drone Mini #00101,Toys & Games,198.1,288.17,267,Warehouse D - North,58,661
Insect Repellent #00102,Health & Beauty,247.53,386.71,317,Warehouse A - East,17,824
Dark Chocolate Box #00103,Food & Beverage,54.33,110.92,80,Warehouse A - East,40,377
Polo Shirt #00104,Clothing,103.31,214.95,240,Warehouse B - West,47,233
Face Masks 50pk #00105,Health & Beauty,72.11,166.61,36,Warehouse B - West,39,470
Garden Hose 30m #00106,Home & Garden,137.05,277.43,465,Warehouse A - East,44,345
Mechanical Keyboard #00107,Electronics,198.57,387.87,422,Warehouse A - East,46,649
Coolant 4L #00108,Automotive Parts,77.41,131.09,139,Warehouse D - North,74,752
Brake Pads Set #00109,Automotive Parts,150.31,353.34,376,Warehouse C - Central,51,818
USB-C Hub #00110,Electronics,58.77,121.08,440,Warehouse C - Central,12,983
Board Game Classic #00111,Toys & Games,191.25,265.17,265,Warehouse B - West,66,484
Science Kit #00112,Toys & Games,159.43,289.18,46,Warehouse D - North,70,556
Camping Chair #00113,Sports & Outdoors,168.19,388.17,168,Warehouse D - North,62,910
Thermometer Digital #00114,Health & Beauty,236.41,531.52,281,Warehouse A - East,14,665
Foam Roller #00115,Sports & Outdoors,82.17,202.12,206,Warehouse D - North,75,201
LED Bulb 4pk #00116,Home & Garden,48.52,79.5,387,Warehouse D - North,73,840
Webcam HD #00117,Electronics,68.23,90.53,147,Warehouse D - North,66,915
Ergonomic Office Chair #00118,Furniture,243.34,479.86,122,Warehouse A - East,30,518
Tape Dispenser #00119,Office Supplies,25.12,62.54,467,Warehouse A - East,24,672
Cotton T-Shirt Pack #00120,Clothing,233.3,360.22,361,Warehouse D - North,44,625
Wiper Blades Pair #00121,Automotive Parts,115.28,155.08,97,Warehouse B - West,75,964
Conference Table #00122,Furniture,193.62,446.0,174,Warehouse A - East,74,473
Face Masks 50pk #00123,Health & Beauty,76.04,147.7,337,Warehouse D - North,72,352
Stapler Heavy Duty #00124,Office Supplies,87.59,165.99,278,Warehouse C - Central,58,666
Granola Bags #00125,Food & Beverage,61.22,102.05,438,Warehouse C - Central,62,244
Coolant 4L #00126,Automotive Parts,228.53,380.43,339,Warehouse A - East,29,707
Rain Poncho #00127,Clothing,241.41,385.82,51,Warehouse D - North,66,302
Laptop Cooling Pad #00128,Electronics,37.75,87.8,496,Warehouse D - North,29,276
Vitamin C Tablets #00129,Health & Beauty,156.57,264.07,41,Warehouse D - North,52,890
Tent 4-Person #00130,Sports & Outdoors,180.24,392.06,446,Warehouse A - East,79,236
Dark Chocolate Box #00131,Food & Beverage,171.73,264.11,116,Warehouse A - East,21,644
Floating Shelf Set #00132,Furniture,43.26,67.24,14,Warehouse A - East,15,532
Vitamin C Tablets #00133,Health & Beauty,94.96,127.87,271,Warehouse B - West,62,779
Safety Vest Hi-Vis #00134,Clothing,21.58,50.19,317,Warehouse B - West,40,709
Instant Oatmeal Pack #00135,Food & Beverage,160.2,283.62,341,Warehouse C - Central,11,676
Sticky Notes 8pk #00136,Office Supplies,20.32,49.3,300,Warehouse D - North,48,854
Eye Drops #00137,Health & Beauty,211.64,300.31,196,Warehouse B - West,71,309
Outdoor Solar Lights #00138,Home & Garden,91.02,141.03,358,Warehouse D - North,47,222
Hand Sanitizer 500ml #00139,Health & Beauty,142.35,295.49,381,Warehouse D - North,16,820
Moisturizer Pump #00140,Health & Beauty,152.55,247.99,325,Warehouse C - Central,34,835
Cargo Shorts #00141,Clothing,26.1,52.12,20,Warehouse A - East,49,651
Stuffed Animal Bear #00142,Toys & Games,183.63,233.52,151,Warehouse D - North,51,965
Work Boots #00143,Clothing,34.78,65.32,497,Warehouse C - Central,56,743
Winter Jacket #00144,Clothing,228.68,554.47,495,Warehouse C - Central,47,964
Floating Shelf Set #00145,Furniture,240.8,322.68,494,Warehouse D - North,38,892
File Folders 20pk #00146,Office Supplies,24.4,41.06,135,Warehouse D - North,78,326
Tent 4-Person #00147,Sports & Outdoors,187.75,282.36,195,Warehouse B - West,57,310
Motor Oil 5W-30 #00148,Automotive Parts,155.65,377.18,167,Warehouse A - East,38,863
Coolant 4L #00149,Automotive Parts,76.94,130.89,71,Warehouse C - Central,15,238
Brake Pads Set #00150,Automotive Parts,26.1,61.28,69,Warehouse C - Central,59,664
Tape Dispenser #00151,Office Supplies,147.66,314.65,453,Warehouse A - East,63,870
Headlight Bulb Pair #00152,Automotive Parts,103.21,251.27,16,Warehouse D - North,57,422
Wiper Blades Pair #00153,Automotive Parts,214.15,275.0,351,Warehouse C - Central,57,757
HDMI Cable 2m #00154,Electronics,70.42,173.03,485,Warehouse B - West,68,293
Board Game Classic #00155,Toys & Games,14.54,23.27,64,Warehouse B - West,36,270
Remote Control Car #00156,Toys & Games,203.64,298.24,396,Warehouse A - East,28,810
Sunscreen SPF50 #00157,Health & Beauty,246.91,464.02,408,Warehouse A - East,32,312
Polo Shirt #00158,Clothing,90.84,201.15,301,Warehouse B - West,51,216
Hand Sanitizer 500ml #00159,Health & Beauty,33.44,57.46,58,Warehouse D - North,18,687
Binoculars #00160,Sports & Outdoors,149.23,262.68,113,Warehouse C - Central,15,944
Spark Plugs 4pk #00161,Automotive Parts,241.08,297.04,245,Warehouse A - East,61,636
Coolant 4L #00162,Automotive Parts,227.61,284.33,41,Warehouse B - West,51,822
Bookshelf 5-Tier #00163,Furniture,70.2,140.73,280,Warehouse C - Central,51,590
Car Charger Dual USB #00164,Automotive Parts,152.15,195.34,359,Warehouse B - West,24,870
Plant Pots Set #00165,Home & Garden,222.25,379.75,423,Warehouse D - North,68,608
Desk Lamp LED #00166,Furniture,107.84,220.85,191,Warehouse D - North,29,903
Standing Desk #00167,Furniture,208.28,265.74,49,Warehouse A - East,57,333
Chess Set Wooden #00168,Toys & Games,141.3,290.3,210,Warehouse D - North,55,881
Bluetooth Speaker #00169,Electronics,150.9,245.17,295,Warehouse B - West,74,417
Wiper Blades Pair #00170,Automotive Parts,212.12,344.2,284,Warehouse C - Central,57,317
Remote Control Car #00171,Toys & Games,202.19,463.21,498,Warehouse C - Central,13,823
Mechanical Keyboard #00172,Electronics,69.77,152.05,471,Warehouse A - East,53,559
Safety Vest Hi-Vis #00173,Clothing,142.45,240.89,72,Warehouse B - West,13,293
Lawn Fertilizer #00174,Home & Garden,114.5,156.01,159,Warehouse A - East,51,995
Mechanical Keyboard #00175,Electronics,41.04,81.43,345,Warehouse D - North,20,478
Plant Pots Set #00176,Home & Garden,152.55,260.73,110,Warehouse C - Central,75,316
Garden Hose 30m #00177,Home & Garden,72.25,149.27,249,Warehouse C - Central,77,883
Webcam HD #00178,Electronics,100.03,195.97,3,Warehouse B - West,36,508
Winter Jacket #00179,Clothing,73.78,96.8,254,Warehouse B - West,65,379
Sprinkler System #00180,Home & Garden,176.51,322.19,426,Warehouse D - North,55,273
HDMI Cable 2m #00181,Electronics,6.65,15.92,441,Warehouse D - North,50,789
Science Kit #00182,Toys & Games,177.96,305.0,58,Warehouse C - Central,61,221
Thermal Underwear #00183,Clothing,116.1,241.6,185,Warehouse A - East,21,647
Bottled Water Case #00184,Food & Beverage,148.04,274.96,202,Warehouse C - Central,49,963
Energy Drinks 24pk #00185,Food & Beverage,195.22,244.63,324,Warehouse B - West,24,743
Camping Chair #00186,Sports & Outdoors,182.39,411.4,417,Warehouse A - East,28,441
Winter Jacket #00187,Clothing,50.92,99.97,389,Warehouse D - North,19,381
Headlight Bulb Pair #00188,Automotive Parts,190.45,334.43,473,Warehouse C - Central,51,842
Cotton T-Shirt Pack #00189,Clothing,18.93,33.07,155,Warehouse A - East,45,805
Binoculars #00190,Sports & Outdoors,20.4,36.18,19,Warehouse C - Central,17,577
Monitor Arm #00191,Furniture,216.33,498.56,314,Warehouse D - North,74,593
Chess Set Wooden #00192,Toys & Games,238.65,512.51,21,Warehouse B - West,67,785
Sleeping Bag #00193,Sports & Outdoors,119.96,162.39,31,Warehouse C - Central,67,305
Computer Desk #00194,Furniture,162.24,195.15,362,Warehouse B - West,66,649
Camping Chair #00195,Sports & Outdoors,229.65,384.21,396,Warehouse A - East,53,895
Resistance Bands Set #00196,Sports & Outdoors,83.76,159.42,197,Warehouse B - West,46,458
Resistance Bands Set #00197,Sports & Outdoors,146.52,196.47,179,Warehouse D - North,49,871
Thermal Underwear #00198,Clothing,177.79,224.79,286,Warehouse C - Central,58,858
Cargo Shorts #00199,Clothing,176.3,428.16,350,Warehouse D - North,77,295
File Folders 20pk #00200,Office Supplies,6.52,10.22,486,Warehouse D - North,37,549
Mixed Nuts 500g #00201,Food & Beverage,249.99,339.78,151,Warehouse A - East,22,719
Sleeping Bag #00202,Sports & Outdoors,34.5,57.22,83,Warehouse B - West,33,909
Motor Oil 5W-30 #00203,Automotive Parts,103.89,214.33,121,Warehouse C - Central,66,825
Wiper Blades Pair #00204,Automotive Parts,134.43,210.76,414,Warehouse C - Central,70,398
Art Supplies Box #00205,Toys & Games,116.5,178.29,195,Warehouse D - North,74,740
Work Boots #00206,Clothing,200.71,268.32,128,Warehouse D - North,16,856
Binoculars #00207,Sports & Outdoors,233.7,493.2,264,Warehouse A - East,25,491
Winter Jacket #00208,Clothing,113.43,209.05,425,Warehouse B - West,65,293
Tire Pressure Gauge #00209,Automotive Parts,232.76,398.05,202,Warehouse B - West,74,582
Garden Hose 30m #00210,Home & Garden,94.98,112.84,476,Warehouse C - Central,22,931
Safety Vest Hi-Vis #00211,Clothing,11.5,27.47,241,Warehouse D - North,27,977
Headlight Bulb Pair #00212,Automotive Parts,3.3,4.15,131,Warehouse D - North,37,353
Conference Table #00213,Furniture,60.93,80.09,122,Warehouse D - North,63,854
Standing Desk #00214,Furniture,209.5,382.29,274,Warehouse B - West,12,847
Winter Jacket #00215,Clothing,108.45,214.73,123,Warehouse A - East,63,391
File Folders 20pk #00216,Office Supplies,18.78,34.93,259,Warehouse A - East,74,767
Plant Pots Set #00217,Home & Garden,12.8,21.41,191,Warehouse A - East,42,965
Resistance Bands Set #00218,Sports & Outdoors,87.51,187.23,321,Warehouse C - Central,23,990
Polo Shirt #00219,Clothing,89.37,143.62,329,Warehouse D - North,32,997
Spark Plugs 4pk #00220,Automotive Parts,47.2,62.87,366,Warehouse C - Central,68,237
Coffee Beans 1kg #00221,Food & Beverage,198.2,464.94,161,Warehouse D - North,49,727
Stapler Heavy Duty #00222,Office Supplies,64.82,140.46,97,Warehouse A - East,46,565
Foam Roller #00223,Sports & Outdoors,32.87,54.13,455,Warehouse D - North,61,961
Extension Cord 10m #00224,Home & Garden,243.48,443.1,254,Warehouse C - Central,57,731
Cable Management Tray #00225,Furniture,107.28,185.74,421,Warehouse C - Central,33,758
Resistance Bands Set #00226,Sports & Outdoors,21.86,44.64,156,Warehouse D - North,67,817
Windbreaker #00227,Clothing,112.09,196.56,372,Warehouse D - North,55,829
Thermometer Digital #00228,Health & Beauty,245.05,595.39,38,Warehouse B - West,61,572
Mechanical Keyboard #00229,Electronics,212.47,438.84,224,Warehouse A - East,14,329
Dark Chocolate Box #00230,Food & Beverage,92.85,154.77,290,Warehouse B - West,14,819
Tire Pressure Gauge #00231,Automotive Parts,94.26,205.5,293,Warehouse C - Central,27,742
Extension Cord 10m #00232,Home & Garden,163.09,242.51,58,Warehouse B - West,13,953
Car Charger Dual USB #00233,Automotive Parts,97.97,186.95,134,Warehouse D - North,43,920
Olive Oil 500ml #00234,Food & Beverage,72.82,173.84,251,Warehouse B - West,35,325
Floating Shelf Set #00235,Furniture,44.82,94.71,44,Warehouse C - Central,50,883
Computer Desk #00236,Furniture,136.46,321.13,435,Warehouse B - West,30,928
Binoculars #00237,Sports & Outdoors,57.61,142.87,405,Warehouse D - North,27,442
Power Bank 20000mAh #00238,Electronics,139.4,229.74,411,Warehouse A - East,80,332
Conference Table #00239,Furniture,100.74,213.35,245,Warehouse D - North,77,620
Building Blocks 500pc #00240,Toys & Games,33.08,52.2,37,Warehouse C - Central,67,677
Rain Poncho #00241,Clothing,160.67,224.24,494,Warehouse A - East,26,643
Computer Desk #00242,Furniture,39.95,54.82,165,Warehouse C - Central,38,554
Conference Table #00243,Furniture,50.68,123.71,140,Warehouse C - Central,26,840
Chess Set Wooden #00244,Toys & Games,25.17,50.73,303,Warehouse C - Central,29,375
Board Game Classic #00245,Toys & Games,206.66,245.57,23,Warehouse B - West,43,866
Science Kit #00246,Toys & Games,155.29,184.93,455,Warehouse C - Central,79,496
Wiper Blades Pair #00247,Automotive Parts,201.56,418.18,152,Warehouse A - East,68,274
Cotton T-Shirt Pack #00248,Clothing,105.07,186.71,174,Warehouse C - Central,28,520
Headlamp LED #00249,Sports & Outdoors,34.43,56.82,287,Warehouse B - West,23,526
Brake Pads Set #00250,Automotive Parts,68.33,101.45,49,Warehouse D - North,16,497
Science Kit #00251,Toys & Games,63.57,147.37,81,Warehouse C - Central,51,791
Protein Bars 12pk #00252,Food & Beverage,125.57,231.66,255,Warehouse A - East,49,709
Storage Ottoman #00253,Furniture,127.35,312.65,110,Warehouse A - East,55,249
Eye Drops #00254,Health & Beauty,150.18,343.59,344,Warehouse A - East,70,492
Storage Ottoman #00255,Furniture,35.22,53.08,187,Warehouse A - East,61,574
LED Bulb 4pk #00256,Home & Garden,143.43,202.64,283,Warehouse D - North,46,275
Stapler Heavy Duty #00257,Office Supplies,191.57,292.65,319,Warehouse A - East,25,331
Extension Cord 10m #00258,Home & Garden,199.13,320.15,480,Warehouse B - West,56,973
Olive Oil 500ml #00259,Food & Beverage,128.26,234.09,23,Warehouse C - Central,14,340
Car Charger Dual USB #00260,Automotive Parts,115.33,227.02,263,Warehouse C - Central,27,535
Fleece Hoodie #00261,Clothing,247.67,532.02,153,Warehouse D - North,53,719
Card Game Set #00262,Toys & Games,119.77,140.43,169,Warehouse C - Central,24,626
Smart Watch #00263,Electronics,119.7,293.93,400,Warehouse A - East,39,938
Art Supplies Box #00264,Toys & Games,44.29,88.54,317,Warehouse B - West,58,351
Smart Watch #00265,Electronics,237.15,307.91,9,Warehouse D - North,66,521
Fleece Hoodie #00266,Clothing,173.24,295.2,396,Warehouse A - East,70,953
Rain Poncho #00267,Clothing,53.42,84.87,339,Warehouse D - North,71,738
Water Bottle 1L #00268,Sports & Outdoors,116.0,216.89,279,Warehouse C - Central,55,892
Art Supplies Box #00269,Toys & Games,49.68,73.67,285,Warehouse C - Central,48,430
Face Masks 50pk #00270,Health & Beauty,53.4,112.23,162,Warehouse C - Central,71,557
First Aid Kit #00271,Health & Beauty,144.22,271.61,458,Warehouse B - West,60,553
Hand Sanitizer 500ml #00272,Health & Beauty,73.33,155.03,177,Warehouse C - Central,66,871
Wiper Blades Pair #00273,Automotive Parts,52.11,97.81,477,Warehouse A - East,44,340
Rubik's Cube #00274,Toys & Games,147.53,217.95,342,Warehouse B - West,77,431
USB-C Hub #00275,Electronics,104.5,221.38,51,Warehouse B - West,27,205
Pressure Washer #00276,Home & Garden,233.89,546.33,244,Warehouse C - Central,35,974
Foam Roller #00277,Sports & Outdoors,162.18,385.29,45,Warehouse A - East,39,747
Fleece Hoodie #00278,Clothing,220.8,306.32,470,Warehouse D - North,14,606
Windbreaker #00279,Clothing,240.61,577.5,448,Warehouse C - Central,14,209
Drone Mini #00280,Toys & Games,28.61,70.87,145,Warehouse D - North,68,856
Rain Poncho #00281,Clothing,118.07,166.51,57,Warehouse D - North,52,366
Face Masks 50pk #00282,Health & Beauty,48.18,103.32,404,Warehouse B - West,47,781
Thermal Underwear #00283,Clothing,214.32,506.01,423,Warehouse C - Central,64,727
Storage Ottoman #00284,Furniture,167.98,235.08,71,Warehouse B - West,71,531
Bluetooth Speaker #00285,Electronics,97.13,170.28,136,Warehouse A - East,52,509
Thermometer Digital #00286,Health & Beauty,91.17,133.93,341,Warehouse C - Central,25,676
Fleece Hoodie #00287,Clothing,172.15,412.5,454,Warehouse A - East,49,906
Vitamin C Tablets #00288,Health & Beauty,154.43,223.28,68,Warehouse D - North,71,356
Stuffed Animal Bear #00289,Toys & Games,105.13,198.85,241,Warehouse B - West,78,880
Dark Chocolate Box #00290,Food & Beverage,189.18,440.55,41,Warehouse C - Central,77,657
Drafting Chair #00291,Furniture,29.83,67.68,462,Warehouse B - West,74,407
Cap Branded #00292,Clothing,213.91,373.59,348,Warehouse D - North,36,934
Computer Desk #00293,Furniture,112.48,137.8,67,Warehouse D - North,75,625
Board Game Classic #00294,Toys & Games,140.58,289.35,157,Warehouse C - Central,12,605
Laptop Cooling Pad #00295,Electronics,56.04,69.97,216,Warehouse A - East,54,917
Printer Paper A4 #00296,Office Supplies,233.78,290.63,478,Warehouse C - Central,70,232
Power Strip 6-Outlet #00297,Home & Garden,192.71,420.85,500,Warehouse D - North,63,583
Jump Starter #00298,Automotive Parts,95.16,197.14,338,Warehouse C - Central,79,336
Bookshelf 5-Tier #00299,Furniture,248.23,417.18,65,Warehouse A - East,38,203
Eye Drops #00300,Health & Beauty,169.03,318.62,272,Warehouse B - West,58,435
Tire Pressure Gauge #00301,Automotive Parts,40.47,56.84,448,Warehouse D - North,24,232
Board Game Classic #00302,Toys & Games,61.69,76.55,304,Warehouse A - East,14,657
Granola Bags #00303,Food & Beverage,12.97,22.6,276,Warehouse A - East,37,972
Rain Poncho #00304,Clothing,248.38,364.15,469,Warehouse C - Central,50,791
Dried Fruit Mix #00305,Food & Beverage,219.31,544.04,266,Warehouse C - Central,38,623
Hand Sanitizer 500ml #00306,Health & Beauty,140.07,272.96,376,Warehouse D - North,32,841
Stapler Heavy Duty #00307,Office Supplies,13.63,22.01,329,Warehouse C - Central,58,737
Lawn Fertilizer #00308,Home & Garden,39.01,64.69,386,Warehouse B - West,78,684
Dried Fruit Mix #00309,Food & Beverage,214.67,288.7,237,Warehouse D - North,17,775
Sprinkler System #00310,Home & Garden,133.44,223.43,130,Warehouse A - East,36,538
Tire Pressure Gauge #00311,Automotive Parts,24.93,53.06,97,Warehouse D - North,16,474
Drone Mini #00312,Toys & Games,11.81,14.74,411,Warehouse B - West,37,690
Foam Roller #00313,Sports & Outdoors,239.34,280.2,479,Warehouse A - East,34,959
Wiper Blades Pair #00314,Automotive Parts,174.52,366.51,203,Warehouse C - Central,40,765
Bandages Assorted #00315,Health & Beauty,117.63,238.29,157,Warehouse D - North,43,568
Brake Pads Set #00316,Automotive Parts,201.1,427.39,389,Warehouse C - Central,50,408
Headlamp LED #00317,Sports & Outdoors,13.34,30.9,379,Warehouse C - Central,28,216
Envelopes 100pk #00318,Office Supplies,145.63,249.57,78,Warehouse B - West,35,537
Outdoor Solar Lights #00319,Home & Garden,208.67,380.63,335,Warehouse D - North,53,463
Floor Mats Set #00320,Automotive Parts,43.72,97.2,86,Warehouse D - North,27,937
Rain Poncho #00321,Clothing,247.6,604.71,268,Warehouse A - East,14,276
HDMI Cable 2m #00322,Electronics,36.1,72.25,34,Warehouse B - West,29,209
Stapler Heavy Duty #00323,Office Supplies,94.55,187.59,341,Warehouse D - North,71,875
Wireless Mouse #00324,Electronics,133.99,228.49,8,Warehouse C - Central,77,939
Whiteboard Markers 6pk #00325,Office Supplies,6.25,14.05,345,Warehouse A - East,65,383
Computer Desk #00326,Furniture,38.93,54.86,269,Warehouse C - Central,42,562
Garden Hose 30m #00327,Home & Garden,94.52,160.51,289,Warehouse B - West,41,913
Thermometer Digital #00328,Health & Beauty,207.36,261.03,439,Warehouse D - North,14,295
Lawn Fertilizer #00329,Home & Garden,139.07,170.47,4,Warehouse D - North,31,284
Pressure Washer #00330,Home & Garden,196.53,376.14,439,Warehouse A - East,22,740
Mixed Nuts 500g #00331,Food & Beverage,225.52,470.12,290,Warehouse A - East,70,477
Monitor Arm #00332,Furniture,231.55,547.4,288,Warehouse C - Central,14,383
Webcam HD #00333,Electronics,147.58,319.59,364,Warehouse C - Central,60,278
Thermal Underwear #00334,Clothing,61.64,140.34,199,Warehouse D - North,79,539
Windbreaker #00335,Clothing,181.59,331.6,498,Warehouse A - East,54,254
Tool Kit 50pc #00336,Home & Garden,209.99,338.04,393,Warehouse C - Central,60,992
Tablet Stand #00337,Electronics,69.79,173.78,251,Warehouse D - North,39,564
Power Strip 6-Outlet #00338,Home & Garden,170.56,348.27,43,Warehouse A - East,47,452
Conference Table #00339,Furniture,40.25,84.96,324,Warehouse D - North,29,957
Camping Chair #00340,Sports & Outdoors,28.42,32.88,157,Warehouse C - Central,66,568
Bookshelf 5-Tier #00341,Furniture,23.65,40.96,285,Warehouse A - East,75,617
USB-C Hub #00342,Electronics,89.77,114.51,306,Warehouse A - East,51,594
Bandages Assorted #00343,Health & Beauty,98.17,124.12,461,Warehouse B - West,41,785
Power Strip 6-Outlet #00344,Home & Garden,36.43,56.7,252,Warehouse B - West,28,264
Paint Roller Set #00345,Home & Garden,106.43,191.97,39,Warehouse B - West,56,457
Headlight Bulb Pair #00346,Automotive Parts,154.93,273.93,69,Warehouse D - North,48,206
Sleeping Bag #00347,Sports & Outdoors,96.21,222.63,225,Warehouse B - West,52,640
Vitamin C Tablets #00348,Health & Beauty,151.6,316.64,245,Warehouse D - North,50,381
Foam Roller #00349,Sports & Outdoors,184.25,369.31,495,Warehouse D - North,41,533
Bandages Assorted #00350,Health & Beauty,92.52,222.82,102,Warehouse A - East,79,384
Coolant 4L #00351,Automotive Parts,53.99,120.23,425,Warehouse D - North,18,618
Cargo Shorts #00352,Clothing,77.1,114.97,78,Warehouse A - East,64,586
Headlight Bulb Pair #00353,Automotive Parts,120.85,204.37,259,Warehouse A - East,63,756
Cooler Box 40L #00354,Sports & Outdoors,224.08,420.11,326,Warehouse B - West,20,311
Water Bottle 1L #00355,Sports & Outdoors,162.46,196.54,330,Warehouse C - Central,61,970
Garden Hose 30m #00356,Home & Garden,4.62,6.93,261,Warehouse B - West,76,771
Tire Pressure Gauge #00357,Automotive Parts,99.0,217.07,301,Warehouse C - Central,74,354
SSD 1TB External #00358,Electronics,27.93,47.8,492,Warehouse B - West,20,318
Foam Roller #00359,Sports & Outdoors,87.08,192.34,266,Warehouse D - North,71,556
Floating Shelf Set #00360,Furniture,181.05,318.79,34,Warehouse A - East,48,245
USB Flash Drive 64GB #00361,Electronics,87.08,113.0,409,Warehouse B - West,31,958
Sticky Notes 8pk #00362,Office Supplies,138.87,221.75,218,Warehouse D - North,69,437
Safety Vest Hi-Vis #00363,Clothing,160.84,278.8,14,Warehouse D - North,35,660
LED Bulb 4pk #00364,Home & Garden,176.77,252.39,385,Warehouse A - East,18,791
Sticky Notes 8pk #00365,Office Supplies,92.72,131.3,58,Warehouse D - North,43,886
Label Maker #00366,Office Supplies,79.72,133.5,200,Warehouse C - Central,24,556
Headlight Bulb Pair #00367,Automotive Parts,44.79,92.24,409,Warehouse A - East,48,829
Cap Branded #00368,Clothing,31.23,48.79,93,Warehouse B - West,57,910
Tape Dispenser #00369,Office Supplies,105.72,141.25,196,Warehouse D - North,64,390
Desk Organizer #00370,Office Supplies,229.95,553.36,88,Warehouse C - Central,31,701
Safety Vest Hi-Vis #00371,Clothing,80.02,140.74,27,Warehouse D - North,55,209
Work Boots #00372,Clothing,204.17,500.46,258,Warehouse D - North,73,618
Hedge Trimmer #00373,Home & Garden,210.29,380.57,42,Warehouse B - West,13,979
Hand Sanitizer 500ml #00374,Health & Beauty,70.16,131.6,86,Warehouse D - North,68,779
Scissors 3pk #00375,Office Supplies,30.08,39.23,396,Warehouse A - East,79,575
Car Charger Dual USB #00376,Automotive Parts,56.2,96.89,376,Warehouse A - East,41,504
Car Battery #00377,Automotive Parts,88.45,199.24,224,Warehouse B - West,25,994
Granola Bags #00378,Food & Beverage,147.81,239.95,363,Warehouse B - West,64,369
Mixed Nuts 500g #00379,Food & Beverage,201.75,387.28,272,Warehouse B - West,45,811
Cooler Box 40L #00380,Sports & Outdoors,74.57,143.41,487,Warehouse A - East,75,895
Fleece Hoodie #00381,Clothing,229.85,572.29,443,Warehouse B - West,26,918
Protein Bars 12pk #00382,Food & Beverage,178.43,404.76,389,Warehouse B - West,60,701
LEGO Technic Set #00383,Toys & Games,68.64,117.32,231,Warehouse A - East,19,848
Sprinkler System #00384,Home & Garden,187.95,392.41,449,Warehouse D - North,57,665
Sleeping Bag #00385,Sports & Outdoors,2.61,5.73,375,Warehouse D - North,21,948
Resistance Bands Set #00386,Sports & Outdoors,199.33,336.25,495,Warehouse D - North,64,416
Vitamin C Tablets #00387,Health & Beauty,207.43,333.13,295,Warehouse D - North,26,779
Tent 4-Person #00388,Sports & Outdoors,191.04,231.54,320,Warehouse A - East,68,216
Cotton T-Shirt Pack #00389,Clothing,115.22,286.78,219,Warehouse B - West,35,905
Sunscreen SPF50 #00390,Health & Beauty,218.86,510.69,47,Warehouse A - East,56,456
Tent 4-Person #00391,Sports & Outdoors,226.14,310.59,202,Warehouse B - West,49,943
Pressure Washer #00392,Home & Garden,24.62,31.48,109,Warehouse B - West,71,279
Remote Control Car #00393,Toys & Games,130.82,229.04,4,Warehouse D - North,53,323
Cotton T-Shirt Pack #00394,Clothing,19.57,32.63,374,Warehouse C - Central,23,305
Foam Roller #00395,Sports & Outdoors,36.01,79.01,385,Warehouse B - West,27,856
Computer Desk #00396,Furniture,141.7,279.71,84,Warehouse B - West,66,559
Fleece Hoodie #00397,Clothing,154.79,270.45,111,Warehouse B - West,21,302
Drafting Chair #00398,Furniture,183.04,297.36,219,Warehouse B - West,50,343
Thermometer Digital #00399,Health & Beauty,22.89,43.42,307,Warehouse A - East,46,997
Moisturizer Pump #00400,Health & Beauty,130.4,239.66,382,Warehouse A - East,60,502
Instant Oatmeal Pack #00401,Food & Beverage,97.7,144.15,326,Warehouse A - East,19,740
Camping Chair #00402,Sports & Outdoors,34.73,80.3,291,Warehouse B - West,63,574
Brake Pads Set #00403,Automotive Parts,6.14,7.62,134,Warehouse A - East,37,240
Sprinkler System #00404,Home & Garden,73.05,154.29,392,Warehouse D - North,63,633
Monitor Arm #00405,Furniture,135.07,267.66,142,Warehouse A - East,20,517
Binder Clips Assorted #00406,Office Supplies,243.63,331.28,167,Warehouse A - East,60,800
Face Masks 50pk #00407,Health & Beauty,110.5,269.3,122,Warehouse A - East,17,450
Garden Hose 30m #00408,Home & Garden,114.44,225.67,158,Warehouse A - East,32,322
Windbreaker #00409,Clothing,4.81,8.75,177,Warehouse C - Central,76,729
Cap Branded #00410,Clothing,33.48,73.81,137,Warehouse A - East,25,989
Headlamp LED #00411,Sports & Outdoors,69.45,85.86,364,Warehouse D - North,19,708
File Folders 20pk #00412,Office Supplies,15.75,36.38,85,Warehouse C - Central,57,361
Drafting Chair #00413,Furniture,169.18,220.9,379,Warehouse A - East,75,202
Webcam HD #00414,Electronics,13.4,21.99,471,Warehouse A - East,29,383
Desk Organizer #00415,Office Supplies,185.69,318.67,164,Warehouse C - Central,41,626
First Aid Kit #00416,Health & Beauty,143.74,188.47,344,Warehouse B - West,16,383
Printer Paper A4 #00417,Office Supplies,238.61,296.6,238,Warehouse C - Central,46,992
Resistance Bands Set #00418,Sports & Outdoors,139.17,161.54,102,Warehouse C - Central,47,777
Remote Control Car #00419,Toys & Games,117.05,228.11,252,Warehouse B - West,35,950
Polo Shirt #00420,Clothing,233.23,275.74,277,Warehouse A - East,54,851
Yoga Mat #00421,Sports & Outdoors,190.21,315.36,377,Warehouse B - West,49,306
Binder Clips Assorted #00422,Office Supplies,106.11,259.71,497,Warehouse C - Central,28,928
Ergonomic Office Chair #00423,Furniture,230.48,544.24,266,Warehouse C - Central,62,917
Coolant 4L #00424,Automotive Parts,23.06,29.49,68,Warehouse A - East,60,276
Pressure Washer #00425,Home & Garden,241.13,354.37,133,Warehouse C - Central,50,602
Hiking Backpack #00426,Sports & Outdoors,69.45,86.87,103,Warehouse A - East,27,998
Cargo Pants #00427,Clothing,42.76,76.08,208,Warehouse C - Central,25,748
Instant Oatmeal Pack #00428,Food & Beverage,78.46,118.3,61,Warehouse C - Central,21,361
Board Game Classic #00429,Toys & Games,55.33,127.61,75,Warehouse B - West,21,928
Headlamp LED #00430,Sports & Outdoors,129.34,266.98,133,Warehouse D - North,32,231
Car Charger Dual USB #00431,Automotive Parts,187.52,278.9,236,Warehouse A - East,23,343
Wireless Mouse #00432,Electronics,207.93,514.93,66,Warehouse C - Central,35,610
Drafting Chair #00433,Furniture,147.36,351.97,38,Warehouse B - West,12,266
Air Filter #00434,Automotive Parts,24.81,56.91,414,Warehouse A - East,52,325
Motor Oil 5W-30 #00435,Automotive Parts,43.66,84.03,420,Warehouse A - East,60,708
Pressure Washer #00436,Home & Garden,107.81,175.5,465,Warehouse C - Central,33,481
Air Filter #00437,Automotive Parts,10.59,21.03,125,Warehouse D - North,47,710
Stapler Heavy Duty #00438,Office Supplies,17.12,26.15,70,Warehouse B - West,63,404
Printer Paper A4 #00439,Office Supplies,247.37,545.6,183,Warehouse D - North,71,757
Sleeping Bag #00440,Sports & Outdoors,126.59,211.95,92,Warehouse B - West,13,526
Monitor Light Bar #00441,Electronics,203.05,310.52,414,Warehouse C - Central,70,742
Remote Control Car #00442,Toys & Games,243.55,313.01,336,Warehouse A - East,40,472
Olive Oil 500ml #00443,Food & Beverage,211.93,471.86,181,Warehouse B - West,32,380
Stuffed Animal Bear #00444,Toys & Games,201.94,422.42,467,Warehouse C - Central,13,920
Drone Mini #00445,Toys & Games,37.24,90.5,428,Warehouse C - Central,73,755
Cotton T-Shirt Pack #00446,Clothing,11.42,14.0,308,Warehouse D - North,38,220
Power Bank 20000mAh #00447,Electronics,229.64,326.54,66,Warehouse B - West,53,934
Yoga Mat #00448,Sports & Outdoors,7.43,14.43,469,Warehouse A - East,28,992
File Folders 20pk #00449,Office Supplies,240.22,397.41,482,Warehouse A - East,60,800
Foam Roller #00450,Sports & Outdoors,82.01,202.35,374,Warehouse D - North,65,854
Water Bottle 1L #00451,Sports & Outdoors,177.38,338.56,455,Warehouse B - West,55,428
Paint Roller Set #00452,Home & Garden,184.03,284.8,90,Warehouse D - North,10,918
Board Game Classic #00453,Toys & Games,47.16,74.49,414,Warehouse A - East,38,854
Air Filter #00454,Automotive Parts,84.13,105.59,177,Warehouse A - East,50,371
Hiking Backpack #00455,Sports & Outdoors,4.83,6.92,354,Warehouse C - Central,18,558
Cable Management Tray #00456,Furniture,2.32,3.88,375,Warehouse D - North,63,370
Jump Starter #00457,Automotive Parts,89.11,147.63,424,Warehouse B - West,71,791
Cotton T-Shirt Pack #00458,Clothing,20.28,46.48,150,Warehouse C - Central,12,526
Standing Desk #00459,Furniture,86.77,203.8,82,Warehouse A - East,19,760
Sleeping Bag #00460,Sports & Outdoors,246.35,580.36,360,Warehouse B - West,13,641
Science Kit #00461,Toys & Games,40.96,52.7,105,Warehouse C - Central,34,619
Lip Balm Pack #00462,Health & Beauty,60.91,74.13,292,Warehouse B - West,80,702
Power Bank 20000mAh #00463,Electronics,2.95,3.74,421,Warehouse A - East,71,404
Webcam HD #00464,Electronics,44.37,68.5,41,Warehouse C - Central,70,318
Plant Pots Set #00465,Home & Garden,123.3,251.83,46,Warehouse B - West,79,596
Headlamp LED #00466,Sports & Outdoors,93.61,163.99,134,Warehouse C - Central,66,676
Dried Fruit Mix #00467,Food & Beverage,141.93,192.18,356,Warehouse C - Central,22,287
Tape Dispenser #00468,Office Supplies,242.73,472.38,283,Warehouse D - North,17,596
Label Maker #00469,Office Supplies,216.99,388.63,451,Warehouse C - Central,40,687
Storage Ottoman #00470,Furniture,225.89,477.6,257,Warehouse B - West,76,785
Floating Shelf Set #00471,Furniture,44.87,111.23,497,Warehouse B - West,37,397
HDMI Cable 2m #00472,Electronics,21.44,44.43,103,Warehouse C - Central,28,809
Cooler Box 40L #00473,Sports & Outdoors,228.72,283.72,198,Warehouse C - Central,60,765
Aloe Vera Gel #00474,Health & Beauty,115.62,269.3,402,Warehouse D - North,76,1000
Storage Ottoman #00475,Furniture,39.11,74.89,298,Warehouse A - East,22,308
Aloe Vera Gel #00476,Health & Beauty,220.27,514.36,135,Warehouse D - North,59,870
Drone Mini #00477,Toys & Games,119.32,164.96,206,Warehouse D - North,28,833
HDMI Cable 2m #00478,Electronics,222.61,355.62,121,Warehouse D - North,16,963
Vitamin C Tablets #00479,Health & Beauty,7.02,15.82,155,Warehouse D - North,49,487
Filing Cabinet #00480,Furniture,35.33,87.1,226,Warehouse D - North,51,475
LEGO Technic Set #00481,Toys & Games,24.14,42.16,467,Warehouse D - North,62,958
File Folders 20pk #00482,Office Supplies,205.61,379.48,81,Warehouse D - North,18,518
Rain Poncho #00483,Clothing,220.07,261.68,98,Warehouse B - West,35,259
SSD 1TB External #00484,Electronics,14.54,23.79,101,Warehouse D - North,45,577
Tape Dispenser #00485,Office Supplies,159.58,210.2,15,Warehouse D - North,40,581
Art Supplies Box #00486,Toys & Games,46.04,107.05,300,Warehouse C - Central,80,558
Winter Jacket #00487,Clothing,187.74,390.49,145,Warehouse A - East,13,595
Thermal Underwear #00488,Clothing,195.4,281.25,113,Warehouse B - West,38,893
Thermometer Digital #00489,Health & Beauty,103.56,121.9,399,Warehouse B - West,11,685
Thermal Underwear #00490,Clothing,200.61,291.3,311,Warehouse C - Central,49,929
Lawn Fertilizer #00491,Home & Garden,213.19,377.27,111,Warehouse D - North,69,509
Building Blocks 500pc #00492,Toys & Games,3.82,9.55,494,Warehouse C - Central,57,774
Thermometer Digital #00493,Health & Beauty,28.81,35.61,141,Warehouse C - Central,51,483
Moisturizer Pump #00494,Health & Beauty,39.18,85.55,460,Warehouse D - North,17,814
Tent 4-Person #00495,Sports & Outdoors,36.7,43.47,254,Warehouse D - North,47,465
Lawn Fertilizer #00496,Home & Garden,184.71,357.8,292,Warehouse B - West,34,551
Label Maker #00497,Office Supplies,196.65,466.81,343,Warehouse C - Central,55,719
Cargo Shorts #00498,Clothing,219.37,305.92,49,Warehouse C - Central,70,331
Sticky Notes 8pk #00499,Office Supplies,236.84,560.0,335,Warehouse C - Central,21,427
Granola Bags #00500,Food & Beverage,218.12,374.65,454,Warehouse C - Central,52,580
Card Game Set #00501,Toys & Games,117.01,153.17,27,Warehouse B - West,19,683
Ballpoint Pens 12pk #00502,Office Supplies,217.14,361.59,152,Warehouse B - West,62,255
Work Boots #00503,Clothing,86.98,215.95,457,Warehouse C - Central,68,346
Cargo Pants #00504,Clothing,122.92,246.07,90,Warehouse A - East,50,849
SSD 1TB External #00505,Electronics,69.83,152.06,86,Warehouse A - East,30,701
Thermal Underwear #00506,Clothing,109.56,189.51,219,Warehouse A - East,71,592
Noise Cancelling Headphones #00507,Electronics,51.45,85.08,7,Warehouse B - West,51,975
Tablet Stand #00508,Electronics,3.02,6.46,115,Warehouse B - West,54,519
Storage Ottoman #00509,Furniture,126.83,198.27,33,Warehouse C - Central,15,505
Coolant 4L #00510,Automotive Parts,131.03,243.4,222,Warehouse D - North,27,550
Jump Rope #00511,Sports & Outdoors,42.89,101.83,415,Warehouse B - West,61,219
Granola Bags #00512,Food & Beverage,246.25,353.4,11,Warehouse A - East,74,373
Cooler Box 40L #00513,Sports & Outdoors,163.33,196.07,448,Warehouse A - East,42,989
Board Game Classic #00514,Toys & Games,166.17,337.71,10,Warehouse A - East,16,906
Plant Pots Set #00515,Home & Garden,96.3,181.89,242,Warehouse A - East,29,410
Bandages Assorted #00516,Health & Beauty,166.09,339.55,138,Warehouse A - East,27,628
Desk Organizer #00517,Office Supplies,155.19,237.7,401,Warehouse B - West,23,709
Remote Control Car #00518,Toys & Games,194.93,442.98,498,Warehouse D - North,35,566
Sunscreen SPF50 #00519,Health & Beauty,11.77,21.42,106,Warehouse B - West,71,538
Wireless Mouse #00520,Electronics,168.57,400.23,427,Warehouse A - East,73,352
Ballpoint Pens 12pk #00521,Office Supplies,181.44,233.47,131,Warehouse C - Central,39,667
Eye Drops #00522,Health & Beauty,14.42,32.41,447,Warehouse C - Central,15,497
Headlamp LED #00523,Sports & Outdoors,185.16,236.68,388,Warehouse B - West,15,209
Cap Branded #00524,Clothing,90.67,157.85,318,Warehouse A - East,44,950
Camping Chair #00525,Sports & Outdoors,47.35,80.07,492,Warehouse D - North,68,478
Jump Starter #00526,Automotive Parts,162.91,362.61,57,Warehouse A - East,26,912
Cargo Pants #00527,Clothing,105.17,204.82,410,Warehouse D - North,66,385
Sleeping Bag #00528,Sports & Outdoors,9.15,18.98,429,Warehouse D - North,26,694
Storage Ottoman #00529,Furniture,111.29,137.5,335,Warehouse B - West,50,212
Binoculars #00530,Sports & Outdoors,131.73,276.08,48,Warehouse B - West,65,877
Tire Pressure Gauge #00531,Automotive Parts,166.6,335.85,76,Warehouse B - West,16,211
Stapler Heavy Duty #00532,Office Supplies,213.26,495.55,38,Warehouse B - West,72,528
Foam Roller #00533,Sports & Outdoors,14.49,21.02,329,Warehouse B - West,58,612
Floating Shelf Set #00534,Furniture,112.16,215.75,45,Warehouse C - Central,73,657
Floating Shelf Set #00535,Furniture,186.82,219.32,206,Warehouse A - East,62,236
Drafting Chair #00536,Furniture,240.87,484.31,455,Warehouse B - West,75,775
Tire Pressure Gauge #00537,Automotive Parts,92.11,112.68,114,Warehouse D - North,68,539
Cooler Box 40L #00538,Sports & Outdoors,114.23,146.39,337,Warehouse C - Central,38,202
Tent 4-Person #00539,Sports & Outdoors,241.18,372.42,267,Warehouse A - East,57,918
Monitor Light Bar #00540,Electronics,42.71,57.21,367,Warehouse C - Central,62,309
Remote Control Car #00541,Toys & Games,48.51,116.7,201,Warehouse B - West,37,668
Resistance Bands Set #00542,Sports & Outdoors,189.77,230.15,324,Warehouse D - North,25,990
Spark Plugs 4pk #00543,Automotive Parts,148.15,271.21,493,Warehouse A - East,73,204
Tape Dispenser #00544,Office Supplies,210.03,378.47,260,Warehouse B - West,32,908
Cargo Pants #00545,Clothing,98.08,192.31,451,Warehouse D - North,51,716
Outdoor Solar Lights #00546,Home & Garden,229.15,499.37,140,Warehouse C - Central,60,551
Air Filter #00547,Automotive Parts,36.27,71.21,453,Warehouse C - Central,75,506
Label Maker #00548,Office Supplies,55.9,80.11,365,Warehouse C - Central,47,903
Windbreaker #00549,Clothing,163.22,398.87,257,Warehouse C - Central,79,910
Desk Lamp LED #00550,Furniture,141.45,273.96,482,Warehouse C - Central,63,890
LED Bulb 4pk #00551,Home & Garden,131.64,155.88,74,Warehouse A - East,16,886
Dried Fruit Mix #00552,Food & Beverage,188.05,257.11,146,Warehouse A - East,42,349
Moisturizer Pump #00553,Health & Beauty,188.89,225.46,416,Warehouse B - West,67,304
Tape Dispenser #00554,Office Supplies,60.92,134.56,408,Warehouse A - East,46,909
Lawn Fertilizer #00555,Home & Garden,105.31,233.15,350,Warehouse A - East,50,765
Laptop Cooling Pad #00556,Electronics,64.33,127.87,399,Warehouse C - Central,66,430
Chess Set Wooden #00557,Toys & Games,185.14,262.02,371,Warehouse D - North,34,501
Cargo Shorts #00558,Clothing,20.47,50.14,376,Warehouse D - North,75,322
HDMI Cable 2m #00559,Electronics,71.22,107.31,82,Warehouse C - Central,42,205
Coolant 4L #00560,Automotive Parts,234.5,282.32,475,Warehouse A - East,51,811
LEGO Technic Set #00561,Toys & Games,76.69,169.97,281,Warehouse C - Central,55,274
Binder Clips Assorted #00562,Office Supplies,239.33,443.44,402,Warehouse D - North,74,363
Scissors 3pk #00563,Office Supplies,102.05,165.49,452,Warehouse C - Central,37,879
Camping Chair #00564,Sports & Outdoors,74.81,182.01,316,Warehouse A - East,77,686
Monitor Arm #00565,Furniture,87.81,129.47,328,Warehouse C - Central,41,240
Garden Hose 30m #00566,Home & Garden,97.7,183.61,144,Warehouse C - Central,13,729
Scissors 3pk #00567,Office Supplies,112.5,136.03,459,Warehouse A - East,34,528
Bookshelf 5-Tier #00568,Furniture,242.96,533.05,273,Warehouse A - East,10,841
Dark Chocolate Box #00569,Food & Beverage,158.12,227.34,350,Warehouse B - West,64,306
Desk Organizer #00570,Office Supplies,219.9,472.97,222,Warehouse B - West,19,964
SSD 1TB External #00571,Electronics,179.78,215.94,37,Warehouse C - Central,16,382
Ballpoint Pens 12pk #00572,Office Supplies,144.59,210.71,132,Warehouse D - North,62,597
Lawn Fertilizer #00573,Home & Garden,80.47,134.85,60,Warehouse A - East,78,206
Board Game Classic #00574,Toys & Games,175.82,219.42,475,Warehouse C - Central,74,308
Insect Repellent #00575,Health & Beauty,23.45,51.19,224,Warehouse A - East,58,604
Air Filter #00576,Automotive Parts,134.3,179.17,200,Warehouse B - West,79,502
Thermometer Digital #00577,Health & Beauty,221.97,544.55,443,Warehouse B - West,57,211
Ergonomic Office Chair #00578,Furniture,3.25,6.36,275,Warehouse C - Central,80,287
Granola Bags #00579,Food & Beverage,185.87,395.91,108,Warehouse B - West,62,861
Safety Vest Hi-Vis #00580,Clothing,56.76,129.24,99,Warehouse A - East,24,385
Stapler Heavy Duty #00581,Office Supplies,161.88,202.15,343,Warehouse A - East,18,456
Granola Bags #00582,Food & Beverage,145.99,355.42,182,Warehouse B - West,26,887
Conference Table #00583,Furniture,155.64,368.11,162,Warehouse C - Central,72,661
LEGO Technic Set #00584,Toys & Games,77.81,150.84,289,Warehouse D - North,56,523
Polo Shirt #00585,Clothing,79.68,176.14,364,Warehouse C - Central,65,483
Cargo Shorts #00586,Clothing,183.78,429.15,236,Warehouse C - Central,67,567
Car Charger Dual USB #00587,Automotive Parts,28.99,58.6,41,Warehouse B - West,45,343
Face Masks 50pk #00588,Health & Beauty,221.81,277.98,38,Warehouse A - East,12,719
Drone Mini #00589,Toys & Games,102.47,199.46,464,Warehouse C - Central,14,764
Scissors 3pk #00590,Office Supplies,119.08,261.56,187,Warehouse C - Central,60,428
Cotton T-Shirt Pack #00591,Clothing,126.28,160.66,186,Warehouse B - West,74,210
LEGO Technic Set #00592,Toys & Games,43.13,79.54,228,Warehouse B - West,30,383
Tire Pressure Gauge #00593,Automotive Parts,12.02,26.18,118,Warehouse C - Central,18,470
Coffee Beans 1kg #00594,Food & Beverage,167.81,310.31,405,Warehouse D - North,56,597
Motor Oil 5W-30 #00595,Automotive Parts,11.9,24.1,52,Warehouse C - Central,76,848
Insect Repellent #00596,Health & Beauty,137.0,189.7,334,Warehouse A - East,58,574
Whiteboard Markers 6pk #00597,Office Supplies,95.33,226.39,264,Warehouse C - Central,61,561
Floor Mats Set #00598,Automotive Parts,222.02,257.3,451,Warehouse B - West,27,650
Green Tea Box #00599,Food & Beverage,129.61,198.19,76,Warehouse C - Central,33,361
Rubik's Cube #00600,Toys & Games,204.6,417.9,212,Warehouse A - East,52,937
Spark Plugs 4pk #00601,Automotive Parts,120.75,173.21,82,Warehouse B - West,62,222
Mechanical Keyboard #00602,Electronics,144.22,197.22,322,Warehouse B - West,75,240
Mechanical Keyboard #00603,Electronics,66.05,92.01,490,Warehouse A - East,61,813
First Aid Kit #00604,Health & Beauty,55.72,109.7,241,Warehouse B - West,71,374
Outdoor Solar Lights #00605,Home & Garden,37.39,72.41,392,Warehouse C - Central,33,838
Windbreaker #00606,Clothing,172.03,412.04,305,Warehouse D - North,18,435
Power Strip 6-Outlet #00607,Home & Garden,28.93,41.17,440,Warehouse D - North,74,900
Thermal Underwear #00608,Clothing,25.88,46.39,314,Warehouse A - East,14,744
Floating Shelf Set #00609,Furniture,165.53,391.92,276,Warehouse D - North,10,993
Tape Dispenser #00610,Office Supplies,93.85,113.43,271,Warehouse D - North,64,434
Extension Cord 10m #00611,Home & Garden,148.08,318.5,389,Warehouse B - West,22,635
Eye Drops #00612,Health & Beauty,191.93,456.53,42,Warehouse D - North,46,812
Moisturizer Pump #00613,Health & Beauty,3.36,7.24,3,Warehouse A - East,76,320
Pressure Washer #00614,Home & Garden,52.94,118.36,209,Warehouse B - West,56,309
Pressure Washer #00615,Home & Garden,147.17,221.16,274,Warehouse C - Central,64,778
Card Game Set #00616,Toys & Games,247.97,418.22,104,Warehouse D - North,62,765
Cap Branded #00617,Clothing,140.66,253.62,157,Warehouse D - North,54,992
Cargo Shorts #00618,Clothing,31.53,46.04,400,Warehouse B - West,30,302
Tape Dispenser #00619,Office Supplies,196.95,439.43,314,Warehouse D - North,16,364
Wireless Charger #00620,Electronics,24.59,33.1,474,Warehouse A - East,65,290
Moisturizer Pump #00621,Health & Beauty,93.97,185.33,370,Warehouse C - Central,59,610
Board Game Classic #00622,Toys & Games,236.54,533.94,327,Warehouse A - East,73,649
Dark Chocolate Box #00623,Food & Beverage,232.83,430.62,99,Warehouse B - West,14,813
Puzzle 1000pc #00624,Toys & Games,169.16,276.69,335,Warehouse A - East,10,361
Bandages Assorted #00625,Health & Beauty,89.58,150.8,300,Warehouse A - East,35,730
Standing Desk #00626,Furniture,138.3,294.62,286,Warehouse C - Central,54,555
Olive Oil 500ml #00627,Food & Beverage,240.84,424.82,206,Warehouse B - West,10,467
Sprinkler System #00628,Home & Garden,28.4,35.44,150,Warehouse C - Central,53,319
Envelopes 100pk #00629,Office Supplies,64.04,111.93,193,Warehouse B - West,71,988
Hiking Backpack #00630,Sports & Outdoors,171.04,403.71,441,Warehouse A - East,13,693
First Aid Kit #00631,Health & Beauty,96.9,214.6,112,Warehouse D - North,39,523
Binoculars #00632,Sports & Outdoors,134.84,282.64,134,Warehouse A - East,41,494
Pressure Washer #00633,Home & Garden,187.7,302.51,283,Warehouse C - Central,32,687
Jump Rope #00634,Sports & Outdoors,223.79,338.65,484,Warehouse B - West,34,710
Granola Bags #00635,Food & Beverage,62.03,93.56,117,Warehouse C - Central,35,455
Cargo Pants #00636,Clothing,31.73,39.85,489,Warehouse A - East,73,828
Printer Paper A4 #00637,Office Supplies,212.31,350.55,161,Warehouse C - Central,73,788
Air Filter #00638,Automotive Parts,246.13,587.42,143,Warehouse B - West,60,427
Noise Cancelling Headphones #00639,Electronics,200.22,359.54,276,Warehouse C - Central,14,714
Pressure Washer #00640,Home & Garden,194.42,343.58,61,Warehouse C - Central,76,671
Wireless Mouse #00641,Electronics,169.18,281.22,51,Warehouse C - Central,51,570
Rain Poncho #00642,Clothing,67.19,101.71,490,Warehouse B - West,53,574
Jump Starter #00643,Automotive Parts,54.21,113.62,190,Warehouse C - Central,56,610
Air Filter #00644,Automotive Parts,143.71,355.25,351,Warehouse C - Central,39,302
Honey Jar #00645,Food & Beverage,109.19,181.71,74,Warehouse A - East,29,684
Fleece Hoodie #00646,Clothing,125.9,314.0,434,Warehouse C - Central,76,746
Car Battery #00647,Automotive Parts,64.24,148.33,24,Warehouse B - West,60,301
Webcam HD #00648,Electronics,203.83,365.53,322,Warehouse C - Central,22,660
Vitamin C Tablets #00649,Health & Beauty,91.36,173.82,414,Warehouse A - East,42,552
Garden Hose 30m #00650,Home & Garden,89.07,184.15,310,Warehouse B - West,35,790
Vitamin C Tablets #00651,Health & Beauty,82.62,151.95,396,Warehouse D - North,67,280
Card Game Set #00652,Toys & Games,117.01,285.67,444,Warehouse C - Central,31,855
Pressure Washer #00653,Home & Garden,153.85,261.0,464,Warehouse B - West,19,281
Jump Rope #00654,Sports & Outdoors,79.74,162.0,363,Warehouse D - North,44,819
Eye Drops #00655,Health & Beauty,195.68,473.02,382,Warehouse D - North,76,661
Safety Vest Hi-Vis #00656,Clothing,213.84,282.01,120,Warehouse A - East,42,961
Protein Bars 12pk #00657,Food & Beverage,100.47,128.5,479,Warehouse A - East,70,761
Wireless Charger #00658,Electronics,100.46,219.28,42,Warehouse B - West,23,468
Monitor Arm #00659,Furniture,233.03,390.63,117,Warehouse C - Central,41,955
Spark Plugs 4pk #00660,Automotive Parts,33.35,62.07,87,Warehouse C - Central,13,235
Hiking Backpack #00661,Sports & Outdoors,117.86,274.11,478,Warehouse D - North,44,761
Windbreaker #00662,Clothing,135.74,264.37,233,Warehouse C - Central,65,736
Hiking Backpack #00663,Sports & Outdoors,135.84,303.79,226,Warehouse D - North,49,574
Sunscreen SPF50 #00664,Health & Beauty,77.29,88.89,417,Warehouse C - Central,27,552
Car Charger Dual USB #00665,Automotive Parts,4.06,9.72,484,Warehouse A - East,71,506
Paint Roller Set #00666,Home & Garden,150.06,333.98,280,Warehouse D - North,57,393
Tape Dispenser #00667,Office Supplies,99.9,136.9,377,Warehouse B - West,59,587
First Aid Kit #00668,Health & Beauty,106.72,157.24,391,Warehouse C - Central,44,491
Tool Kit 50pc #00669,Home & Garden,213.66,298.32,148,Warehouse D - North,24,852
Art Supplies Box #00670,Toys & Games,69.49,138.33,96,Warehouse B - West,51,219
Noise Cancelling Headphones #00671,Electronics,7.49,18.45,144,Warehouse D - North,44,328
Webcam HD #00672,Electronics,24.37,28.51,111,Warehouse C - Central,53,630
Tire Pressure Gauge #00673,Automotive Parts,116.99,259.53,169,Warehouse B - West,20,968
Bluetooth Speaker #00674,Electronics,194.36,242.24,240,Warehouse C - Central,33,396
LED Bulb 4pk #00675,Home & Garden,32.25,70.53,127,Warehouse D - North,59,989
Granola Bags #00676,Food & Beverage,248.64,352.79,376,Warehouse B - West,22,733
Jump Starter #00677,Automotive Parts,171.0,268.7,165,Warehouse A - East,30,844
Scissors 3pk #00678,Office Supplies,32.29,58.11,152,Warehouse A - East,35,569
Green Tea Box #00679,Food & Beverage,60.52,105.07,7,Warehouse A - East,31,482
Tool Kit 50pc #00680,Home & Garden,4.21,5.08,401,Warehouse B - West,70,904
Resistance Bands Set #00681,Sports & Outdoors,63.68,116.21,351,Warehouse A - East,53,977
Power Bank 20000mAh #00682,Electronics,161.85,339.37,405,Warehouse D - North,23,328
Energy Drinks 24pk #00683,Food & Beverage,245.46,543.59,387,Warehouse B - West,54,649
Laptop Cooling Pad #00684,Electronics,95.69,203.62,128,Warehouse D - North,15,696
Whiteboard Markers 6pk #00685,Office Supplies,136.6,247.47,290,Warehouse C - Central,33,756
Cooler Box 40L #00686,Sports & Outdoors,118.16,274.29,306,Warehouse A - East,80,364
Sticky Notes 8pk #00687,Office Supplies,113.45,255.97,277,Warehouse A - East,56,664
Tape Dispenser #00688,Office Supplies,183.95,430.8,317,Warehouse B - West,56,994
Cooler Box 40L #00689,Sports & Outdoors,17.71,43.49,419,Warehouse D - North,59,394
Sticky Notes 8pk #00690,Office Supplies,154.03,244.22,328,Warehouse A - East,51,313
Label Maker #00691,Office Supplies,18.54,42.23,66,Warehouse B - West,32,232
Floating Shelf Set #00692,Furniture,49.52,59.08,328,Warehouse D - North,59,873
Envelopes 100pk #00693,Office Supplies,175.93,263.11,187,Warehouse A - East,38,820
Monitor Light Bar #00694,Electronics,230.42,468.96,475,Warehouse A - East,20,679
Binoculars #00695,Sports & Outdoors,186.38,438.38,420,Warehouse A - East,57,925
Card Game Set #00696,Toys & Games,133.2,285.22,427,Warehouse B - West,48,279
Ballpoint Pens 12pk #00697,Office Supplies,27.1,39.62,197,Warehouse B - West,34,397
LEGO Technic Set #00698,Toys & Games,236.98,451.18,285,Warehouse A - East,63,964
Stuffed Animal Bear #00699,Toys & Games,169.27,355.2,218,Warehouse B - West,23,370
Tape Dispenser #00700,Office Supplies,127.16,259.11,273,Warehouse C - Central,66,560
File Folders 20pk #00701,Office Supplies,211.52,360.99,324,Warehouse C - Central,65,943
Remote Control Car #00702,Toys & Games,141.66,203.82,392,Warehouse C - Central,80,962
Hiking Backpack #00703,Sports & Outdoors,112.98,190.49,371,Warehouse A - East,14,491
Sticky Notes 8pk #00704,Office Supplies,248.37,386.83,153,Warehouse C - Central,38,419
Wireless Charger #00705,Electronics,205.84,428.38,141,Warehouse B - West,80,723
Ergonomic Office Chair #00706,Furniture,116.17,158.08,135,Warehouse B - West,56,796
Dried Fruit Mix #00707,Food & Beverage,203.15,258.83,204,Warehouse A - East,37,951
Hiking Backpack #00708,Sports & Outdoors,44.88,101.64,353,Warehouse C - Central,22,809
Laptop Cooling Pad #00709,Electronics,202.47,337.13,399,Warehouse C - Central,17,989
Headlamp LED #00710,Sports & Outdoors,105.3,244.46,445,Warehouse A - East,39,965
LED Bulb 4pk #00711,Home & Garden,77.59,93.54,276,Warehouse B - West,29,534
Polo Shirt #00712,Clothing,169.06,422.05,497,Warehouse A - East,67,970
Bottled Water Case #00713,Food & Beverage,73.87,124.27,67,Warehouse D - North,53,284
Rubik's Cube #00714,Toys & Games,14.23,24.03,43,Warehouse D - North,61,713
Safety Vest Hi-Vis #00715,Clothing,121.27,171.89,202,Warehouse B - West,35,774
Green Tea Box #00716,Food & Beverage,68.03,117.73,350,Warehouse D - North,21,315
Extension Cord 10m #00717,Home & Garden,88.38,139.91,304,Warehouse C - Central,13,988
Cap Branded #00718,Clothing,154.82,384.99,226,Warehouse A - East,28,651
Mixed Nuts 500g #00719,Food & Beverage,171.97,233.98,372,Warehouse A - East,20,315
Olive Oil 500ml #00720,Food & Beverage,231.83,538.5,419,Warehouse C - Central,46,214
Conference Table #00721,Furniture,113.62,134.15,107,Warehouse B - West,78,416
Scissors 3pk #00722,Office Supplies,188.09,355.66,318,Warehouse A - East,28,911
Outdoor Solar Lights #00723,Home & Garden,226.7,421.93,130,Warehouse C - Central,31,261
Granola Bags #00724,Food & Beverage,155.26,189.68,335,Warehouse D - North,11,268
Thermometer Digital #00725,Health & Beauty,213.32,435.42,442,Warehouse C - Central,23,219
Tool Kit 50pc #00726,Home & Garden,244.99,449.93,363,Warehouse D - North,22,523
Chess Set Wooden #00727,Toys & Games,23.83,33.8,494,Warehouse A - East,68,774
Webcam HD #00728,Electronics,230.72,360.3,250,Warehouse B - West,60,962
Power Bank 20000mAh #00729,Electronics,171.71,279.85,154,Warehouse C - Central,40,713
Tablet Stand #00730,Electronics,65.9,110.23,417,Warehouse C - Central,13,768
Protein Bars 12pk #00731,Food & Beverage,86.76,145.79,70,Warehouse D - North,21,947
Label Maker #00732,Office Supplies,153.89,306.93,116,Warehouse B - West,63,446
Paint Roller Set #00733,Home & Garden,227.61,362.93,277,Warehouse B - West,26,411
Chess Set Wooden #00734,Toys & Games,171.64,244.26,70,Warehouse B - West,49,905
Power Strip 6-Outlet #00735,Home & Garden,164.75,315.09,80,Warehouse A - East,50,269
Cap Branded #00736,Clothing,210.2,283.03,15,Warehouse D - North,50,623
Eye Drops #00737,Health & Beauty,186.91,422.28,326,Warehouse B - West,45,355
Bookshelf 5-Tier #00738,Furniture,47.82,104.21,313,Warehouse B - West,44,820
Remote Control Car #00739,Toys & Games,59.27,70.25,40,Warehouse D - North,71,337
Water Bottle 1L #00740,Sports & Outdoors,213.33,386.86,70,Warehouse B - West,30,397
HDMI Cable 2m #00741,Electronics,191.61,224.24,138,Warehouse B - West,62,427
Green Tea Box #00742,Food & Beverage,45.92,111.99,224,Warehouse C - Central,72,904
Wiper Blades Pair #00743,Automotive Parts,108.03,237.44,311,Warehouse C - Central,58,937
Outdoor Solar Lights #00744,Home & Garden,234.91,451.52,274,Warehouse A - East,77,856
Ballpoint Pens 12pk #00745,Office Supplies,114.0,258.38,21,Warehouse D - North,41,731
Noise Cancelling Headphones #00746,Electronics,98.07,214.08,492,Warehouse C - Central,16,394
Jump Starter #00747,Automotive Parts,221.33,485.7,146,Warehouse D - North,69,370
Insect Repellent #00748,Health & Beauty,229.92,478.56,462,Warehouse D - North,28,674
Cable Management Tray #00749,Furniture,126.16,175.7,299,Warehouse D - North,79,338
Extension Cord 10m #00750,Home & Garden,113.82,158.38,302,Warehouse A - East,35,665
Vitamin C Tablets #00751,Health & Beauty,173.55,412.12,407,Warehouse A - East,30,935
Standing Desk #00752,Furniture,177.14,355.34,43,Warehouse D - North,77,924
Envelopes 100pk #00753,Office Supplies,237.54,394.61,194,Warehouse B - West,15,986
Sleeping Bag #00754,Sports & Outdoors,218.08,504.77,83,Warehouse A - East,28,383
Paint Roller Set #00755,Home & Garden,78.76,172.3,228,Warehouse B - West,46,841
Bookshelf 5-Tier #00756,Furniture,240.19,277.36,391,Warehouse D - North,42,212
Floor Mats Set #00757,Automotive Parts,136.79,158.37,451,Warehouse B - West,73,443
LEGO Technic Set #00758,Toys & Games,119.98,204.41,40,Warehouse C - Central,10,450
LEGO Technic Set #00759,Toys & Games,140.27,317.58,25,Warehouse A - East,33,351
Yoga Mat #00760,Sports & Outdoors,38.05,45.42,295,Warehouse A - East,48,539
USB-C Hub #00761,Electronics,105.41,146.59,344,Warehouse B - West,46,825
Coolant 4L #00762,Automotive Parts,145.58,350.48,47,Warehouse C - Central,48,530
Garden Hose 30m #00763,Home & Garden,190.09,435.01,33,Warehouse B - West,47,682
Cable Management Tray #00764,Furniture,215.13,343.01,211,Warehouse B - West,77,414
Board Game Classic #00765,Toys & Games,29.11,62.15,322,Warehouse D - North,77,289
Rubik's Cube #00766,Toys & Games,73.22,144.39,162,Warehouse C - Central,43,738
Thermal Underwear #00767,Clothing,141.53,262.06,323,Warehouse B - West,73,704
Remote Control Car #00768,Toys & Games,177.73,439.35,0,Warehouse D - North,25,224
Cable Management Tray #00769,Furniture,212.32,473.35,212,Warehouse C - Central,62,246
Binoculars #00770,Sports & Outdoors,201.9,290.06,327,Warehouse C - Central,35,906
First Aid Kit #00771,Health & Beauty,78.33,143.66,165,Warehouse C - Central,10,316
Headlamp LED #00772,Sports & Outdoors,181.65,359.96,14,Warehouse C - Central,32,398
Tent 4-Person #00773,Sports & Outdoors,120.82,216.34,18,Warehouse B - West,27,693
Car Charger Dual USB #00774,Automotive Parts,224.19,397.79,416,Warehouse A - East,62,960
Whiteboard Markers 6pk #00775,Office Supplies,142.11,293.54,284,Warehouse B - West,78,219
LEGO Technic Set #00776,Toys & Games,84.27,201.14,407,Warehouse B - West,55,267
Hand Sanitizer 500ml #00777,Health & Beauty,86.11,142.65,273,Warehouse D - North,31,784
Thermal Underwear #00778,Clothing,30.98,68.35,157,Warehouse A - East,50,926
Bandages Assorted #00779,Health & Beauty,23.53,54.92,190,Warehouse B - West,67,509
Whiteboard Markers 6pk #00780,Office Supplies,45.4,75.15,19,Warehouse D - North,35,294
Printer Paper A4 #00781,Office Supplies,200.16,474.72,78,Warehouse D - North,34,548
Whiteboard Markers 6pk #00782,Office Supplies,194.33,261.07,446,Warehouse B - West,22,728
Granola Bags #00783,Food & Beverage,11.07,18.52,442,Warehouse A - East,76,318
Hand Sanitizer 500ml #00784,Health & Beauty,172.39,336.55,44,Warehouse A - East,52,678
Computer Desk #00785,Furniture,192.01,414.07,11,Warehouse B - West,49,854
Jump Rope #00786,Sports & Outdoors,49.75,75.79,163,Warehouse A - East,66,887
Sunscreen SPF50 #00787,Health & Beauty,41.06,53.56,490,Warehouse B - West,75,304
File Folders 20pk #00788,Office Supplies,138.24,209.56,482,Warehouse B - West,46,787
Cargo Pants #00789,Clothing,79.22,186.53,276,Warehouse B - West,66,251
SSD 1TB External #00790,Electronics,226.02,275.32,196,Warehouse D - North,16,288
Power Strip 6-Outlet #00791,Home & Garden,176.76,415.96,322,Warehouse C - Central,67,831
Vitamin C Tablets #00792,Health & Beauty,204.73,432.47,343,Warehouse D - North,78,280
Puzzle 1000pc #00793,Toys & Games,25.04,55.92,357,Warehouse D - North,69,299
Thermometer Digital #00794,Health & Beauty,161.82,353.54,240,Warehouse B - West,39,429
Card Game Set #00795,Toys & Games,228.39,383.54,358,Warehouse D - North,52,532
Motor Oil 5W-30 #00796,Automotive Parts,18.21,23.72,245,Warehouse C - Central,69,374
Sleeping Bag #00797,Sports & Outdoors,144.52,265.3,207,Warehouse A - East,23,533
Aloe Vera Gel #00798,Health & Beauty,116.32,226.5,122,Warehouse B - West,41,761
Jump Starter #00799,Automotive Parts,18.38,26.3,355,Warehouse C - Central,65,645
Desk Organizer #00800,Office Supplies,60.57,123.84,39,Warehouse D - North,72,317
Binoculars #00801,Sports & Outdoors,26.22,45.91,157,Warehouse A - East,61,271
Science Kit #00802,Toys & Games,83.2,168.13,31,Warehouse B - West,21,422
LEGO Technic Set #00803,Toys & Games,202.84,440.58,338,Warehouse C - Central,29,663
Outdoor Solar Lights #00804,Home & Garden,145.33,205.52,348,Warehouse C - Central,50,506
Hedge Trimmer #00805,Home & Garden,245.68,396.71,45,Warehouse D - North,11,826
Winter Jacket #00806,Clothing,17.48,41.37,495,Warehouse C - Central,16,200
Conference Table #00807,Furniture,216.69,318.01,359,Warehouse C - Central,60,840
Lawn Fertilizer #00808,Home & Garden,96.63,182.24,339,Warehouse B - West,32,686
Honey Jar #00809,Food & Beverage,97.38,233.52,430,Warehouse C - Central,63,357
Safety Vest Hi-Vis #00810,Clothing,4.88,9.88,73,Warehouse D - North,72,873
Cargo Pants #00811,Clothing,36.03,80.64,440,Warehouse D - North,68,912
Puzzle 1000pc #00812,Toys & Games,114.69,197.56,419,Warehouse C - Central,67,593
Protein Bars 12pk #00813,Food & Beverage,107.34,124.52,255,Warehouse C - Central,40,929
Sprinkler System #00814,Home & Garden,144.94,173.23,19,Warehouse C - Central,71,921
Drafting Chair #00815,Furniture,121.42,252.82,72,Warehouse C - Central,77,968
Car Charger Dual USB #00816,Automotive Parts,21.4,50.32,45,Warehouse A - East,41,683
Envelopes 100pk #00817,Office Supplies,79.5,97.09,175,Warehouse A - East,78,997
Floor Mats Set #00818,Automotive Parts,129.14,230.32,375,Warehouse C - Central,52,631
Lip Balm Pack #00819,Health & Beauty,43.54,90.93,305,Warehouse C - Central,48,944
Tablet Stand #00820,Electronics,119.34,164.48,26,Warehouse A - East,47,955
Eye Drops #00821,Health & Beauty,22.46,41.16,435,Warehouse B - West,45,458
Card Game Set #00822,Toys & Games,70.25,105.16,379,Warehouse B - West,24,818
Rubik's Cube #00823,Toys & Games,39.48,69.21,413,Warehouse B - West,32,467
Air Filter #00824,Automotive Parts,200.24,463.3,175,Warehouse B - West,20,348
Jump Starter #00825,Automotive Parts,193.05,284.02,225,Warehouse C - Central,31,415
Tablet Stand #00826,Electronics,67.57,152.46,26,Warehouse D - North,31,675
Car Battery #00827,Automotive Parts,120.11,291.88,472,Warehouse D - North,78,439
Plant Pots Set #00828,Home & Garden,67.13,125.27,222,Warehouse D - North,11,495
Pressure Washer #00829,Home & Garden,80.29,149.81,489,Warehouse C - Central,15,299
Outdoor Solar Lights #00830,Home & Garden,229.67,530.26,171,Warehouse A - East,44,473
Thermometer Digital #00831,Health & Beauty,146.88,260.34,345,Warehouse B - West,40,951
File Folders 20pk #00832,Office Supplies,170.07,423.62,160,Warehouse A - East,80,210
Ergonomic Office Chair #00833,Furniture,103.99,193.33,350,Warehouse B - West,67,559
Lip Balm Pack #00834,Health & Beauty,49.88,58.96,47,Warehouse B - West,17,808
LEGO Technic Set #00835,Toys & Games,32.2,78.67,44,Warehouse B - West,26,584
Cable Management Tray #00836,Furniture,47.7,73.82,338,Warehouse D - North,19,854
Bandages Assorted #00837,Health & Beauty,173.67,356.24,394,Warehouse B - West,51,463
Conference Table #00838,Furniture,194.72,324.56,170,Warehouse C - Central,17,464
Cotton T-Shirt Pack #00839,Clothing,19.21,47.49,102,Warehouse D - North,60,382
Bookshelf 5-Tier #00840,Furniture,136.08,235.72,314,Warehouse C - Central,23,652
Ergonomic Office Chair #00841,Furniture,20.08,38.58,128,Warehouse D - North,67,219
Cargo Shorts #00842,Clothing,160.8,387.43,340,Warehouse B - West,59,472
Headlamp LED #00843,Sports & Outdoors,144.51,266.73,481,Warehouse D - North,72,689
Hedge Trimmer #00844,Home & Garden,195.67,432.48,276,Warehouse D - North,38,203
Brake Pads Set #00845,Automotive Parts,142.68,344.19,183,Warehouse C - Central,52,898
LED Bulb 4pk #00846,Home & Garden,158.8,388.17,46,Warehouse C - Central,56,747
Floating Shelf Set #00847,Furniture,190.59,293.78,103,Warehouse A - East,32,767
Pressure Washer #00848,Home & Garden,49.37,103.16,458,Warehouse C - Central,23,845
Brake Pads Set #00849,Automotive Parts,221.53,385.75,97,Warehouse B - West,27,236
Laptop Cooling Pad #00850,Electronics,249.1,366.66,199,Warehouse C - Central,18,753
Car Charger Dual USB #00851,Automotive Parts,241.31,541.96,494,Warehouse C - Central,12,237
Power Bank 20000mAh #00852,Electronics,197.37,238.38,60,Warehouse D - North,37,869
Sticky Notes 8pk #00853,Office Supplies,185.78,272.08,36,Warehouse B - West,14,953
Spark Plugs 4pk #00854,Automotive Parts,6.73,15.98,316,Warehouse B - West,15,448
Mechanical Keyboard #00855,Electronics,158.9,376.8,420,Warehouse B - West,22,667
Building Blocks 500pc #00856,Toys & Games,204.81,264.93,254,Warehouse B - West,38,264
Extension Cord 10m #00857,Home & Garden,203.26,503.26,347,Warehouse A - East,61,532
Chess Set Wooden #00858,Toys & Games,36.06,82.19,406,Warehouse A - East,37,982
Puzzle 1000pc #00859,Toys & Games,85.2,111.87,72,Warehouse C - Central,63,372
Sticky Notes 8pk #00860,Office Supplies,110.79,265.86,20,Warehouse D - North,27,302
Polo Shirt #00861,Clothing,220.15,277.16,3,Warehouse C - Central,32,291
Hedge Trimmer #00862,Home & Garden,202.24,443.5,354,Warehouse B - West,26,411
Aloe Vera Gel #00863,Health & Beauty,113.7,167.48,89,Warehouse B - West,14,810
Headlight Bulb Pair #00864,Automotive Parts,237.67,474.56,400,Warehouse D - North,48,556
Noise Cancelling Headphones #00865,Electronics,60.44,79.09,271,Warehouse C - Central,22,833
Scissors 3pk #00866,Office Supplies,56.38,123.47,337,Warehouse A - East,36,483
Green Tea Box #00867,Food & Beverage,199.56,414.1,495,Warehouse B - West,70,709
Cargo Shorts #00868,Clothing,230.82,282.28,186,Warehouse D - North,46,414
Vitamin C Tablets #00869,Health & Beauty,154.97,364.43,232,Warehouse A - East,15,306
Sticky Notes 8pk #00870,Office Supplies,41.2,49.0,263,Warehouse B - West,24,272
Headlight Bulb Pair #00871,Automotive Parts,145.78,250.12,382,Warehouse A - East,51,435
Jump Rope #00872,Sports & Outdoors,26.32,56.48,445,Warehouse B - West,35,584
Floating Shelf Set #00873,Furniture,147.1,179.96,223,Warehouse D - North,28,421
Fleece Hoodie #00874,Clothing,94.62,167.28,99,Warehouse B - West,55,476
Water Bottle 1L #00875,Sports & Outdoors,9.96,19.1,143,Warehouse D - North,27,313
Jump Starter #00876,Automotive Parts,44.46,71.75,453,Warehouse B - West,47,818
Puzzle 1000pc #00877,Toys & Games,145.37,275.65,117,Warehouse D - North,21,621
Olive Oil 500ml #00878,Food & Beverage,119.43,211.96,7,Warehouse B - West,64,953
Energy Drinks 24pk #00879,Food & Beverage,109.69,159.08,474,Warehouse A - East,29,787
LED Bulb 4pk #00880,Home & Garden,11.93,21.3,393,Warehouse D - North,74,234
Tape Dispenser #00881,Office Supplies,120.86,269.19,420,Warehouse D - North,22,663
Green Tea Box #00882,Food & Beverage,140.5,163.93,374,Warehouse B - West,62,423
Foam Roller #00883,Sports & Outdoors,61.29,153.14,8,Warehouse C - Central,71,885
Windbreaker #00884,Clothing,115.9,222.53,298,Warehouse D - North,13,665
Windbreaker #00885,Clothing,102.53,227.24,189,Warehouse A - East,69,920
Storage Ottoman #00886,Furniture,223.57,357.58,16,Warehouse C - Central,47,636
Chess Set Wooden #00887,Toys & Games,144.66,206.81,350,Warehouse C - Central,20,835
Noise Cancelling Headphones #00888,Electronics,236.44,487.25,454,Warehouse D - North,16,313
Hiking Backpack #00889,Sports & Outdoors,155.55,255.65,89,Warehouse B - West,18,774
Cap Branded #00890,Clothing,61.18,79.74,244,Warehouse B - West,36,971
Camping Chair #00891,Sports & Outdoors,224.69,411.14,216,Warehouse A - East,45,255
Camping Chair #00892,Sports & Outdoors,114.2,208.64,424,Warehouse C - Central,25,681
Headlight Bulb Pair #00893,Automotive Parts,93.3,192.1,354,Warehouse D - North,18,392
Standing Desk #00894,Furniture,98.89,137.6,490,Warehouse B - West,19,311
First Aid Kit #00895,Health & Beauty,174.88,318.29,447,Warehouse A - East,36,733
Bandages Assorted #00896,Health & Beauty,242.45,456.03,67,Warehouse D - North,70,555
Coolant 4L #00897,Automotive Parts,161.88,249.87,32,Warehouse C - Central,12,437
Outdoor Solar Lights #00898,Home & Garden,87.01,175.95,167,Warehouse D - North,72,807
Car Battery #00899,Automotive Parts,142.68,337.11,156,Warehouse B - West,31,466
Tire Pressure Gauge #00900,Automotive Parts,242.74,531.4,24,Warehouse C - Central,28,561
Air Filter #00901,Automotive Parts,155.42,212.47,274,Warehouse B - West,46,386
Safety Vest Hi-Vis #00902,Clothing,61.0,73.54,162,Warehouse C - Central,26,651
Water Bottle 1L #00903,Sports & Outdoors,52.88,111.29,340,Warehouse B - West,50,552
Hiking Backpack #00904,Sports & Outdoors,135.89,186.1,154,Warehouse D - North,25,225
Air Filter #00905,Automotive Parts,237.05,569.52,79,Warehouse C - Central,10,956
Eye Drops #00906,Health & Beauty,224.2,551.3,386,Warehouse D - North,28,778
Cooler Box 40L #00907,Sports & Outdoors,29.85,53.63,20,Warehouse A - East,27,894
Hand Sanitizer 500ml #00908,Health & Beauty,101.6,232.17,228,Warehouse C - Central,55,294
Smart Watch #00909,Electronics,161.05,312.06,113,Warehouse A - East,45,400
Computer Desk #00910,Furniture,212.66,438.94,490,Warehouse D - North,21,724
Instant Oatmeal Pack #00911,Food & Beverage,80.8,158.92,483,Warehouse C - Central,17,882
Power Strip 6-Outlet #00912,Home & Garden,179.56,310.16,197,Warehouse C - Central,57,212
Camping Chair #00913,Sports & Outdoors,78.41,137.34,287,Warehouse D - North,21,420
Plant Pots Set #00914,Home & Garden,73.58,164.65,496,Warehouse D - North,64,946
Thermal Underwear #00915,Clothing,150.29,201.98,155,Warehouse C - Central,70,737
Drafting Chair #00916,Furniture,189.52,240.58,209,Warehouse B - West,44,624
Stapler Heavy Duty #00917,Office Supplies,178.14,386.49,70,Warehouse D - North,35,390
Aloe Vera Gel #00918,Health & Beauty,123.67,279.59,154,Warehouse D - North,48,705
Coffee Beans 1kg #00919,Food & Beverage,198.22,269.17,153,Warehouse C - Central,70,327
Power Strip 6-Outlet #00920,Home & Garden,123.99,257.72,125,Warehouse C - Central,13,322
Brake Pads Set #00921,Automotive Parts,150.53,246.62,246,Warehouse D - North,65,464
Desk Lamp LED #00922,Furniture,129.11,248.74,432,Warehouse A - East,43,366
Cap Branded #00923,Clothing,116.34,242.68,182,Warehouse C - Central,30,254
Headlamp LED #00924,Sports & Outdoors,159.79,389.8,24,Warehouse A - East,47,498
Binder Clips Assorted #00925,Office Supplies,192.08,268.41,48,Warehouse C - Central,31,756
Tent 4-Person #00926,Sports & Outdoors,200.37,303.86,357,Warehouse C - Central,56,298
Polo Shirt #00927,Clothing,35.96,55.02,398,Warehouse C - Central,72,621
Cargo Pants #00928,Clothing,56.03,102.51,425,Warehouse A - East,34,772
Plant Pots Set #00929,Home & Garden,229.18,299.62,67,Warehouse C - Central,12,691
Face Masks 50pk #00930,Health & Beauty,91.92,207.1,455,Warehouse C - Central,76,981
Windbreaker #00931,Clothing,77.56,167.14,60,Warehouse B - West,38,331
Dried Fruit Mix #00932,Food & Beverage,33.09,43.87,40,Warehouse A - East,64,907
Ergonomic Office Chair #00933,Furniture,194.12,421.71,21,Warehouse A - East,35,310
Envelopes 100pk #00934,Office Supplies,16.7,21.89,129,Warehouse C - Central,15,267
Wireless Charger #00935,Electronics,25.93,34.15,308,Warehouse B - West,36,801
Cargo Shorts #00936,Clothing,89.18,113.49,433,Warehouse C - Central,45,793
Water Bottle 1L #00937,Sports & Outdoors,214.07,471.83,313,Warehouse A - East,40,717
Drafting Chair #00938,Furniture,191.28,356.53,366,Warehouse B - West,34,488
Printer Paper A4 #00939,Office Supplies,243.45,312.4,109,Warehouse D - North,74,924
Cooler Box 40L #00940,Sports & Outdoors,148.17,258.34,490,Warehouse C - Central,23,385
Lawn Fertilizer #00941,Home & Garden,55.14,80.35,57,Warehouse D - North,50,326
Computer Desk #00942,Furniture,35.71,77.81,360,Warehouse A - East,46,770
Desk Lamp LED #00943,Furniture,124.44,207.75,233,Warehouse D - North,49,903
Honey Jar #00944,Food & Beverage,103.01,255.43,219,Warehouse D - North,34,271
Water Bottle 1L #00945,Sports & Outdoors,5.17,10.65,344,Warehouse D - North,23,605
Label Maker #00946,Office Supplies,169.78,222.57,202,Warehouse A - East,61,911
Cargo Pants #00947,Clothing,92.2,130.81,102,Warehouse B - West,61,325
Hedge Trimmer #00948,Home & Garden,125.78,274.52,392,Warehouse D - North,44,974
Hiking Backpack #00949,Sports & Outdoors,167.34,407.09,248,Warehouse B - West,75,485
Brake Pads Set #00950,Automotive Parts,32.3,58.48,118,Warehouse A - East,27,230
USB Flash Drive 64GB #00951,Electronics,18.92,39.08,497,Warehouse C - Central,32,591
Winter Jacket #00952,Clothing,156.25,200.01,39,Warehouse D - North,76,985
Wiper Blades Pair #00953,Automotive Parts,74.8,136.3,258,Warehouse C - Central,43,755
Scissors 3pk #00954,Office Supplies,6.38,13.92,220,Warehouse D - North,25,592
Headlamp LED #00955,Sports & Outdoors,111.75,133.94,90,Warehouse B - West,48,923
Jump Starter #00956,Automotive Parts,35.35,74.81,249,Warehouse D - North,24,782
Label Maker #00957,Office Supplies,135.77,242.25,287,Warehouse A - East,30,718
Paint Roller Set #00958,Home & Garden,124.68,306.8,315,Warehouse C - Central,55,984
Yoga Mat #00959,Sports & Outdoors,8.98,10.87,428,Warehouse A - East,56,557
Headlamp LED #00960,Sports & Outdoors,26.14,42.24,182,Warehouse A - East,62,559
Mixed Nuts 500g #00961,Food & Beverage,60.19,94.58,43,Warehouse A - East,18,512
Water Bottle 1L #00962,Sports & Outdoors,6.89,10.96,235,Warehouse D - North,64,781
Hand Sanitizer 500ml #00963,Health & Beauty,174.6,339.38,162,Warehouse D - North,58,784
Sleeping Bag #00964,Sports & Outdoors,26.24,47.48,353,Warehouse D - North,36,544
Label Maker #00965,Office Supplies,86.21,170.7,186,Warehouse D - North,65,406
Computer Desk #00966,Furniture,55.09,83.07,152,Warehouse A - East,61,431
Building Blocks 500pc #00967,Toys & Games,148.78,226.0,290,Warehouse D - North,77,686
Energy Drinks 24pk #00968,Food & Beverage,199.32,404.53,154,Warehouse D - North,74,507
File Folders 20pk #00969,Office Supplies,51.62,87.4,319,Warehouse B - West,75,664
Tablet Stand #00970,Electronics,176.43,408.38,295,Warehouse D - North,73,418
Thermometer Digital #00971,Health & Beauty,134.11,265.47,393,Warehouse A - East,65,779
Binder Clips Assorted #00972,Office Supplies,92.34,124.61,77,Warehouse D - North,48,645
Resistance Bands Set #00973,Sports & Outdoors,159.21,364.92,136,Warehouse B - West,46,861
Thermometer Digital #00974,Health & Beauty,151.11,256.57,58,Warehouse A - East,29,396
Dried Fruit Mix #00975,Food & Beverage,117.11,223.18,223,Warehouse A - East,64,862
Protein Bars 12pk #00976,Food & Beverage,69.63,82.81,404,Warehouse B - West,45,874
Laptop Cooling Pad #00977,Electronics,122.49,144.16,440,Warehouse C - Central,20,521
Storage Ottoman #00978,Furniture,224.4,461.54,453,Warehouse B - West,21,606
Green Tea Box #00979,Food & Beverage,143.6,262.12,61,Warehouse C - Central,76,880
Brake Pads Set #00980,Automotive Parts,61.04,80.27,413,Warehouse D - North,50,537
Bottled Water Case #00981,Food & Beverage,56.07,72.57,109,Warehouse D - North,45,650
Insect Repellent #00982,Health & Beauty,15.87,29.68,358,Warehouse D - North,24,524
Spark Plugs 4pk #00983,Automotive Parts,63.09,96.21,401,Warehouse D - North,28,571
Foam Roller #00984,Sports & Outdoors,7.23,17.75,310,Warehouse A - East,14,957
Dried Fruit Mix #00985,Food & Beverage,139.08,218.01,490,Warehouse A - East,56,901
Binder Clips Assorted #00986,Office Supplies,214.7,359.5,465,Warehouse C - Central,60,461
Filing Cabinet #00987,Furniture,75.76,175.02,82,Warehouse C - Central,66,846
LED Bulb 4pk #00988,Home & Garden,69.96,88.02,399,Warehouse D - North,72,682
Cooler Box 40L #00989,Sports & Outdoors,106.75,255.14,51,Warehouse C - Central,30,915
Ballpoint Pens 12pk #00990,Office Supplies,89.26,175.2,416,Warehouse C - Central,80,955
Coolant 4L #00991,Automotive Parts,8.78,10.71,328,Warehouse D - North,33,845
Polo Shirt #00992,Clothing,101.36,202.54,160,Warehouse B - West,20,313
Honey Jar #00993,Food & Beverage,178.96,391.25,332,Warehouse D - North,26,808
Hiking Backpack #00994,Sports & Outdoors,120.63,258.45,133,Warehouse C - Central,32,903
Moisturizer Pump #00995,Health & Beauty,22.93,37.75,201,Warehouse B - West,58,784
Wireless Mouse #00996,Electronics,230.93,467.31,320,Warehouse D - North,39,291
Dried Fruit Mix #00997,Food & Beverage,175.91,242.37,205,Warehouse C - Central,64,814
Cargo Pants #00998,Clothing,239.59,330.55,290,Warehouse D - North,25,214
Spark Plugs 4pk #00999,Automotive Parts,124.55,180.98,104,Warehouse C - Central,34,1000
Face Masks 50pk #01000,Health & Beauty,124.55,165.12,438,Warehouse B - West,36,814
Face Masks 50pk #01001,Health & Beauty,169.94,291.4,209,Warehouse C - Central,28,229
Moisturizer Pump #01002,Health & Beauty,155.18,368.54,189,Warehouse A - East,68,287
Air Filter #01003,Automotive Parts,218.12,537.76,203,Warehouse D - North,37,930
Hedge Trimmer #01004,Home & Garden,150.1,187.42,285,Warehouse C - Central,17,253
Instant Oatmeal Pack #01005,Food & Beverage,227.24,567.1,480,Warehouse C - Central,15,205
Envelopes 100pk #01006,Office Supplies,96.47,238.25,343,Warehouse A - East,57,335
Puzzle 1000pc #01007,Toys & Games,66.55,121.79,476,Warehouse B - West,53,679
Desk Lamp LED #01008,Furniture,178.14,308.98,133,Warehouse A - East,24,520
Cotton T-Shirt Pack #01009,Clothing,218.18,496.79,382,Warehouse C - Central,56,640
Insect Repellent #01010,Health & Beauty,207.74,498.8,264,Warehouse B - West,50,646
Cooler Box 40L #01011,Sports & Outdoors,248.65,542.3,77,Warehouse B - West,66,254
Polo Shirt #01012,Clothing,59.01,70.72,133,Warehouse D - North,30,922
Garden Hose 30m #01013,Home & Garden,248.81,597.57,20,Warehouse D - North,66,565
Floor Mats Set #01014,Automotive Parts,29.9,63.44,75,Warehouse A - East,25,557
Dried Fruit Mix #01015,Food & Beverage,46.8,64.45,260,Warehouse B - West,44,776
Board Game Classic #01016,Toys & Games,132.45,254.38,213,Warehouse D - North,19,452
Desk Lamp LED #01017,Furniture,8.44,17.47,348,Warehouse C - Central,25,603
Building Blocks 500pc #01018,Toys & Games,209.57,284.51,41,Warehouse D - North,68,924
Spark Plugs 4pk #01019,Automotive Parts,238.89,466.36,2,Warehouse D - North,52,244
Cooler Box 40L #01020,Sports & Outdoors,249.96,593.48,408,Warehouse A - East,26,416
Vitamin C Tablets #01021,Health & Beauty,199.94,430.7,280,Warehouse D - North,58,294
Sunscreen SPF50 #01022,Health & Beauty,61.54,134.81,204,Warehouse B - West,21,221
Fleece Hoodie #01023,Clothing,195.31,299.74,385,Warehouse C - Central,29,323
Jump Starter #01024,Automotive Parts,184.5,441.75,462,Warehouse A - East,26,567
Binoculars #01025,Sports & Outdoors,51.57,90.32,198,Warehouse D - North,70,474
Storage Ottoman #01026,Furniture,203.13,401.94,222,Warehouse A - East,64,295
File Folders 20pk #01027,Office Supplies,243.37,502.12,331,Warehouse A - East,29,707
Eye Drops #01028,Health & Beauty,110.46,262.31,244,Warehouse B - West,48,352
Moisturizer Pump #01029,Health & Beauty,131.73,204.04,24,Warehouse A - East,80,278
Ballpoint Pens 12pk #01030,Office Supplies,128.64,219.66,237,Warehouse C - Central,42,563
Building Blocks 500pc #01031,Toys & Games,192.62,225.74,379,Warehouse B - West,69,383
LED Bulb 4pk #01032,Home & Garden,22.66,52.88,152,Warehouse D - North,50,801
Headlight Bulb Pair #01033,Automotive Parts,202.34,325.93,470,Warehouse B - West,33,416
Cable Management Tray #01034,Furniture,245.58,368.39,344,Warehouse A - East,23,644
HDMI Cable 2m #01035,Electronics,30.94,42.75,244,Warehouse D - North,68,908
Rubik's Cube #01036,Toys & Games,122.71,243.58,498,Warehouse D - North,56,907
First Aid Kit #01037,Health & Beauty,33.02,38.59,57,Warehouse B - West,12,912
Webcam HD #01038,Electronics,121.32,163.29,123,Warehouse B - West,65,841
Conference Table #01039,Furniture,192.89,260.41,216,Warehouse B - West,12,319
Windbreaker #01040,Clothing,176.24,432.0,241,Warehouse B - West,12,660
Dried Fruit Mix #01041,Food & Beverage,143.22,325.92,26,Warehouse A - East,52,208
Lawn Fertilizer #01042,Home & Garden,212.46,455.74,305,Warehouse A - East,80,497
Jump Starter #01043,Automotive Parts,122.55,238.72,313,Warehouse A - East,72,437
Printer Paper A4 #01044,Office Supplies,106.66,168.14,32,Warehouse D - North,44,863
Brake Pads Set #01045,Automotive Parts,124.71,301.5,177,Warehouse D - North,67,914
Mechanical Keyboard #01046,Electronics,73.43,103.5,176,Warehouse B - West,66,437
LEGO Technic Set #01047,Toys & Games,86.11,169.02,431,Warehouse C - Central,69,334
Lawn Fertilizer #01048,Home & Garden,208.6,429.44,376,Warehouse B - West,56,683
Remote Control Car #01049,Toys & Games,72.05,155.74,341,Warehouse B - West,71,332
Protein Bars 12pk #01050,Food & Beverage,152.23,195.8,212,Warehouse B - West,73,510
Honey Jar #01051,Food & Beverage,13.67,16.06,451,Warehouse B - West,43,565
Rain Poncho #01052,Clothing,9.93,12.27,220,Warehouse B - West,24,832
Computer Desk #01053,Furniture,57.58,86.26,174,Warehouse A - East,55,987
Whiteboard Markers 6pk #01054,Office Supplies,224.29,516.34,447,Warehouse A - East,75,818
Monitor Light Bar #01055,Electronics,236.67,527.45,492,Warehouse A - East,24,308
Printer Paper A4 #01056,Office Supplies,127.81,175.8,60,Warehouse B - West,36,570
Face Masks 50pk #01057,Health & Beauty,111.5,204.38,375,Warehouse C - Central,22,357
Water Bottle 1L #01058,Sports & Outdoors,32.5,46.23,496,Warehouse A - East,63,987
Instant Oatmeal Pack #01059,Food & Beverage,86.65,158.72,43,Warehouse D - North,44,581
Tent 4-Person #01060,Sports & Outdoors,166.92,226.12,385,Warehouse B - West,77,631
Fleece Hoodie #01061,Clothing,104.53,177.97,234,Warehouse C - Central,76,898
SSD 1TB External #01062,Electronics,38.1,44.33,412,Warehouse A - East,76,271
Camping Chair #01063,Sports & Outdoors,101.61,222.8,222,Warehouse A - East,17,602
Thermal Underwear #01064,Clothing,16.34,32.72,365,Warehouse D - North,76,502
Pressure Washer #01065,Home & Garden,175.8,409.49,369,Warehouse A - East,50,552
Aloe Vera Gel #01066,Health & Beauty,153.38,206.8,206,Warehouse B - West,67,859
Envelopes 100pk #01067,Office Supplies,197.51,400.99,357,Warehouse D - North,54,1000
Dried Fruit Mix #01068,Food & Beverage,22.9,42.95,199,Warehouse C - Central,26,732
Green Tea Box #01069,Food & Beverage,128.89,202.56,174,Warehouse A - East,30,223
Envelopes 100pk #01070,Office Supplies,66.16,150.42,155,Warehouse A - East,64,717
USB Flash Drive 64GB #01071,Electronics,94.5,188.66,181,Warehouse A - East,25,248
Car Battery #01072,Automotive Parts,143.96,166.57,173,Warehouse B - West,40,963
Foam Roller #01073,Sports & Outdoors,72.56,160.32,366,Warehouse D - North,27,931
Desk Organizer #01074,Office Supplies,63.41,100.99,298,Warehouse C - Central,34,997
Brake Pads Set #01075,Automotive Parts,38.35,66.14,210,Warehouse A - East,20,294
Power Strip 6-Outlet #01076,Home & Garden,120.11,210.47,189,Warehouse D - North,77,612
Insect Repellent #01077,Health & Beauty,125.71,216.42,225,Warehouse D - North,72,949
Safety Vest Hi-Vis #01078,Clothing,127.43,229.94,234,Warehouse A - East,26,921
Instant Oatmeal Pack #01079,Food & Beverage,119.39,257.62,483,Warehouse D - North,57,321
Standing Desk #01080,Furniture,93.66,144.33,267,Warehouse C - Central,29,320
Vitamin C Tablets #01081,Health & Beauty,77.21,139.44,405,Warehouse D - North,28,345
Monitor Light Bar #01082,Electronics,223.77,525.91,110,Warehouse D - North,33,957
USB-C Hub #01083,Electronics,137.79,171.03,22,Warehouse C - Central,63,692
Art Supplies Box #01084,Toys & Games,225.27,496.68,243,Warehouse B - West,26,980
Label Maker #01085,Office Supplies,116.31,204.4,229,Warehouse C - Central,29,945
Drafting Chair #01086,Furniture,166.8,284.06,119,Warehouse A - East,60,547
Coolant 4L #01087,Automotive Parts,70.79,89.87,84,Warehouse C - Central,13,785
Label Maker #01088,Office Supplies,32.7,62.3,98,Warehouse A - East,79,790
Chess Set Wooden #01089,Toys & Games,48.97,87.77,459,Warehouse B - West,12,323
Bluetooth Speaker #01090,Electronics,197.12,291.96,361,Warehouse C - Central,66,286
Outdoor Solar Lights #01091,Home & Garden,13.16,30.45,11,Warehouse B - West,53,647
LED Bulb 4pk #01092,Home & Garden,215.19,339.67,131,Warehouse A - East,21,317
Sticky Notes 8pk #01093,Office Supplies,72.77,101.63,393,Warehouse C - Central,21,357
Pressure Washer #01094,Home & Garden,43.96,87.02,166,Warehouse A - East,33,227
Bandages Assorted #01095,Health & Beauty,26.49,35.56,457,Warehouse D - North,51,464
Ergonomic Office Chair #01096,Furniture,52.23,113.1,300,Warehouse D - North,40,704
Conference Table #01097,Furniture,17.04,30.29,208,Warehouse A - East,18,695
Pressure Washer #01098,Home & Garden,59.97,140.71,137,Warehouse A - East,80,800
Honey Jar #01099,Food & Beverage,163.58,215.85,290,Warehouse A - East,62,656
Binder Clips Assorted #01100,Office Supplies,196.15,263.27,276,Warehouse B - West,31,1000
Tape Dispenser #01101,Office Supplies,240.42,456.67,21,Warehouse C - Central,10,675
Polo Shirt #01102,Clothing,16.92,40.51,139,Warehouse D - North,42,896
Tent 4-Person #01103,Sports & Outdoors,54.76,125.12,144,Warehouse A - East,15,365
First Aid Kit #01104,Health & Beauty,100.04,131.65,71,Warehouse B - West,45,642
Chess Set Wooden #01105,Toys & Games,239.44,378.25,349,Warehouse C - Central,53,850
Car Battery #01106,Automotive Parts,62.99,156.03,174,Warehouse C - Central,36,670
Monitor Light Bar #01107,Electronics,173.58,351.1,1,Warehouse A - East,70,204
Fleece Hoodie #01108,Clothing,139.84,292.3,250,Warehouse A - East,60,751
Computer Desk #01109,Furniture,9.67,21.98,343,Warehouse A - East,66,888
Headlamp LED #01110,Sports & Outdoors,207.21,338.43,90,Warehouse D - North,11,327
Jump Rope #01111,Sports & Outdoors,112.26,162.67,10,Warehouse C - Central,45,896
Green Tea Box #01112,Food & Beverage,204.44,407.67,413,Warehouse D - North,38,439
Yoga Mat #01113,Sports & Outdoors,71.63,169.84,361,Warehouse B - West,36,207
Garden Hose 30m #01114,Home & Garden,217.74,417.69,252,Warehouse B - West,31,765
LEGO Technic Set #01115,Toys & Games,171.23,327.55,33,Warehouse A - East,26,963
Winter Jacket #01116,Clothing,233.52,538.24,451,Warehouse C - Central,76,946
Dark Chocolate Box #01117,Food & Beverage,7.73,19.01,347,Warehouse C - Central,78,829
Stapler Heavy Duty #01118,Office Supplies,2.48,4.28,344,Warehouse D - North,16,530
Paint Roller Set #01119,Home & Garden,32.19,59.54,253,Warehouse A - East,56,729
Coffee Beans 1kg #01120,Food & Beverage,70.93,121.79,229,Warehouse D - North,50,205
Energy Drinks 24pk #01121,Food & Beverage,22.29,42.84,12,Warehouse D - North,38,906
Filing Cabinet #01122,Furniture,50.83,81.05,32,Warehouse D - North,22,228
LED Bulb 4pk #01123,Home & Garden,148.95,297.23,171,Warehouse A - East,42,453
Wiper Blades Pair #01124,Automotive Parts,239.78,545.24,420,Warehouse B - West,52,732
Drafting Chair #01125,Furniture,155.65,339.56,320,Warehouse A - East,67,792
Ergonomic Office Chair #01126,Furniture,229.35,380.6,455,Warehouse A - East,18,330
Motor Oil 5W-30 #01127,Automotive Parts,76.76,153.16,33,Warehouse A - East,23,893
Printer Paper A4 #01128,Office Supplies,75.14,125.11,49,Warehouse A - East,62,438
Jump Starter #01129,Automotive Parts,117.12,202.38,317,Warehouse A - East,22,547
Car Charger Dual USB #01130,Automotive Parts,83.39,117.57,52,Warehouse A - East,11,809
Remote Control Car #01131,Toys & Games,226.28,298.71,260,Warehouse D - North,42,563
Coolant 4L #01132,Automotive Parts,155.97,218.51,70,Warehouse B - West,15,261
Insect Repellent #01133,Health & Beauty,110.09,269.24,386,Warehouse B - West,55,518
Cotton T-Shirt Pack #01134,Clothing,78.55,126.69,188,Warehouse B - West,11,730
Webcam HD #01135,Electronics,127.76,290.97,439,Warehouse C - Central,16,632
Mixed Nuts 500g #01136,Food & Beverage,160.86,228.7,35,Warehouse D - North,53,393
Headlight Bulb Pair #01137,Automotive Parts,173.72,399.59,289,Warehouse C - Central,52,830
Extension Cord 10m #01138,Home & Garden,42.25,74.5,404,Warehouse B - West,15,707
Tablet Stand #01139,Electronics,57.31,83.72,319,Warehouse D - North,37,444
Cooler Box 40L #01140,Sports & Outdoors,95.23,160.98,422,Warehouse A - East,10,571
Desk Lamp LED #01141,Furniture,9.44,12.32,148,Warehouse C - Central,66,399
Wireless Mouse #01142,Electronics,51.38,78.79,112,Warehouse B - West,43,936
Binoculars #01143,Sports & Outdoors,63.0,89.12,90,Warehouse A - East,43,303
Fleece Hoodie #01144,Clothing,164.41,385.5,173,Warehouse D - North,36,512
Energy Drinks 24pk #01145,Food & Beverage,202.75,414.06,481,Warehouse D - North,77,838
Standing Desk #01146,Furniture,37.82,90.68,406,Warehouse D - North,34,396
Camping Chair #01147,Sports & Outdoors,150.69,372.04,125,Warehouse B - West,15,981
Whiteboard Markers 6pk #01148,Office Supplies,197.82,315.0,27,Warehouse D - North,45,329
Granola Bags #01149,Food & Beverage,22.19,39.62,339,Warehouse D - North,18,371
File Folders 20pk #01150,Office Supplies,125.65,223.25,164,Warehouse D - North,57,738
Floor Mats Set #01151,Automotive Parts,68.55,115.94,471,Warehouse B - West,14,412
Instant Oatmeal Pack #01152,Food & Beverage,216.07,363.96,156,Warehouse B - West,64,586
Foam Roller #01153,Sports & Outdoors,138.54,184.44,43,Warehouse C - Central,47,655
Olive Oil 500ml #01154,Food & Beverage,12.2,22.47,172,Warehouse D - North,64,661
Lawn Fertilizer #01155,Home & Garden,93.14,169.67,139,Warehouse B - West,58,225
Wiper Blades Pair #01156,Automotive Parts,67.87,85.0,461,Warehouse A - East,20,501
Moisturizer Pump #01157,Health & Beauty,26.41,32.92,19,Warehouse C - Central,79,405
Dark Chocolate Box #01158,Food & Beverage,83.65,130.38,417,Warehouse B - West,45,395
Whiteboard Markers 6pk #01159,Office Supplies,4.12,6.4,421,Warehouse D - North,54,613
LEGO Technic Set #01160,Toys & Games,4.95,10.06,389,Warehouse B - West,29,607
Granola Bags #01161,Food & Beverage,187.79,336.24,264,Warehouse D - North,80,975
Tire Pressure Gauge #01162,Automotive Parts,198.39,312.0,96,Warehouse D - North,64,988
Instant Oatmeal Pack #01163,Food & Beverage,113.59,216.26,191,Warehouse B - West,27,791
Face Masks 50pk #01164,Health & Beauty,4.4,9.87,427,Warehouse B - West,55,547
Lawn Fertilizer #01165,Home & Garden,172.07,291.58,398,Warehouse C - Central,78,506
Board Game Classic #01166,Toys & Games,142.76,170.38,71,Warehouse D - North,29,538
Tool Kit 50pc #01167,Home & Garden,237.28,293.28,197,Warehouse A - East,34,686
Sleeping Bag #01168,Sports & Outdoors,240.56,484.16,155,Warehouse A - East,21,375
Sticky Notes 8pk #01169,Office Supplies,9.95,20.7,250,Warehouse B - West,13,391
Storage Ottoman #01170,Furniture,72.39,106.02,337,Warehouse D - North,77,271
Power Bank 20000mAh #01171,Electronics,130.6,180.48,440,Warehouse B - West,62,600
Bookshelf 5-Tier #01172,Furniture,135.04,242.48,35,Warehouse B - West,59,411
Dried Fruit Mix #01173,Food & Beverage,109.19,230.18,243,Warehouse C - Central,30,818
Remote Control Car #01174,Toys & Games,126.61,262.66,141,Warehouse B - West,35,207
Brake Pads Set #01175,Automotive Parts,206.5,406.09,126,Warehouse D - North,77,536
Floor Mats Set #01176,Automotive Parts,144.88,310.82,147,Warehouse C - Central,68,555
Outdoor Solar Lights #01177,Home & Garden,206.21,473.72,212,Warehouse D - North,41,383
Jump Starter #01178,Automotive Parts,227.89,318.51,291,Warehouse A - East,22,602
Protein Bars 12pk #01179,Food & Beverage,69.9,139.65,149,Warehouse B - West,18,914
Jump Starter #01180,Automotive Parts,248.11,470.49,188,Warehouse A - East,19,973
File Folders 20pk #01181,Office Supplies,103.7,142.33,106,Warehouse D - North,74,245
USB-C Hub #01182,Electronics,160.44,330.84,236,Warehouse D - North,58,551
Bottled Water Case #01183,Food & Beverage,11.37,16.92,363,Warehouse D - North,27,534
Floor Mats Set #01184,Automotive Parts,18.92,35.77,124,Warehouse D - North,66,343
Sunscreen SPF50 #01185,Health & Beauty,44.31,52.04,51,Warehouse A - East,32,501
Desk Organizer #01186,Office Supplies,98.93,124.13,390,Warehouse C - Central,11,893
Cotton T-Shirt Pack #01187,Clothing,90.81,130.99,17,Warehouse D - North,78,421
USB Flash Drive 64GB #01188,Electronics,159.43,295.88,339,Warehouse C - Central,23,599
Motor Oil 5W-30 #01189,Automotive Parts,150.35,182.78,193,Warehouse C - Central,35,455
Mixed Nuts 500g #01190,Food & Beverage,24.66,42.4,7,Warehouse A - East,53,396
Green Tea Box #01191,Food & Beverage,199.64,453.4,85,Warehouse D - North,31,245
Ballpoint Pens 12pk #01192,Office Supplies,204.27,323.89,320,Warehouse B - West,34,839
Tape Dispenser #01193,Office Supplies,234.85,308.38,109,Warehouse C - Central,23,565
Polo Shirt #01194,Clothing,101.73,160.42,199,Warehouse B - West,37,669
Monitor Arm #01195,Furniture,204.14,413.88,188,Warehouse B - West,15,268
Paint Roller Set #01196,Home & Garden,192.35,350.93,52,Warehouse B - West,78,782
First Aid Kit #01197,Health & Beauty,150.77,373.14,356,Warehouse B - West,59,894
Water Bottle 1L #01198,Sports & Outdoors,159.57,373.93,162,Warehouse C - Central,71,269
Smart Watch #01199,Electronics,228.2,400.73,261,Warehouse A - East,39,715
Coffee Beans 1kg #01200,Food & Beverage,154.85,365.55,158,Warehouse D - North,40,955
Olive Oil 500ml #01201,Food & Beverage,21.69,28.97,255,Warehouse B - West,47,406
Tool Kit 50pc #01202,Home & Garden,161.23,237.23,371,Warehouse C - Central,66,956
Winter Jacket #01203,Clothing,80.75,178.65,20,Warehouse C - Central,76,624
Webcam HD #01204,Electronics,212.04,338.67,124,Warehouse A - East,36,752
Dark Chocolate Box #01205,Food & Beverage,174.68,253.34,446,Warehouse C - Central,58,733
Cotton T-Shirt Pack #01206,Clothing,158.19,195.72,251,Warehouse A - East,18,397
Work Boots #01207,Clothing,33.14,45.88,281,Warehouse A - East,36,441
Hedge Trimmer #01208,Home & Garden,117.83,161.62,101,Warehouse B - West,41,634
Remote Control Car #01209,Toys & Games,77.17,148.8,495,Warehouse D - North,35,478
Desk Lamp LED #01210,Furniture,100.76,138.69,225,Warehouse D - North,64,717
Cotton T-Shirt Pack #01211,Clothing,6.91,11.5,437,Warehouse C - Central,20,977
Chess Set Wooden #01212,Toys & Games,39.89,85.0,131,Warehouse C - Central,58,674
Car Battery #01213,Automotive Parts,95.04,187.05,36,Warehouse D - North,52,339
Protein Bars 12pk #01214,Food & Beverage,229.2,264.87,441,Warehouse C - Central,74,947
Jump Starter #01215,Automotive Parts,231.57,560.26,496,Warehouse D - North,57,593
Thermometer Digital #01216,Health & Beauty,246.91,307.69,453,Warehouse D - North,14,327
Puzzle 1000pc #01217,Toys & Games,50.17,87.25,130,Warehouse D - North,54,721
Cooler Box 40L #01218,Sports & Outdoors,16.31,27.24,217,Warehouse D - North,41,448
Monitor Light Bar #01219,Electronics,203.66,407.68,346,Warehouse B - West,13,914
Insect Repellent #01220,Health & Beauty,114.96,237.9,130,Warehouse B - West,41,816
USB-C Hub #01221,Electronics,193.2,390.25,469,Warehouse A - East,59,607
Binder Clips Assorted #01222,Office Supplies,219.25,301.22,218,Warehouse C - Central,42,908
Scissors 3pk #01223,Office Supplies,165.3,275.52,157,Warehouse A - East,62,970
Monitor Arm #01224,Furniture,144.01,320.66,416,Warehouse B - West,28,475
Hedge Trimmer #01225,Home & Garden,78.41,194.65,417,Warehouse A - East,72,201
Cable Management Tray #01226,Furniture,105.62,180.9,147,Warehouse B - West,65,374
Water Bottle 1L #01227,Sports & Outdoors,176.6,250.3,93,Warehouse D - North,74,312
Remote Control Car #01228,Toys & Games,48.04,59.07,93,Warehouse D - North,34,465
Spark Plugs 4pk #01229,Automotive Parts,228.42,296.36,325,Warehouse C - Central,31,281
Storage Ottoman #01230,Furniture,32.92,40.71,15,Warehouse D - North,40,689
Ergonomic Office Chair #01231,Furniture,17.14,37.11,3,Warehouse B - West,15,299
Printer Paper A4 #01232,Office Supplies,95.17,176.26,492,Warehouse D - North,44,697
Sleeping Bag #01233,Sports & Outdoors,108.5,179.09,455,Warehouse B - West,53,522
Tent 4-Person #01234,Sports & Outdoors,100.82,199.08,499,Warehouse A - East,55,538
SSD 1TB External #01235,Electronics,217.89,368.77,427,Warehouse A - East,27,226
Whiteboard Markers 6pk #01236,Office Supplies,237.86,514.83,127,Warehouse D - North,57,662
Tape Dispenser #01237,Office Supplies,165.74,191.3,326,Warehouse C - Central,51,217
Wireless Charger #01238,Electronics,184.48,380.99,119,Warehouse A - East,72,609
Headlamp LED #01239,Sports & Outdoors,234.89,568.67,243,Warehouse D - North,22,951
Insect Repellent #01240,Health & Beauty,50.38,67.67,266,Warehouse B - West,74,232
Brake Pads Set #01241,Automotive Parts,76.73,157.96,280,Warehouse D - North,69,372
Floating Shelf Set #01242,Furniture,166.34,245.39,108,Warehouse A - East,31,971
Storage Ottoman #01243,Furniture,248.35,295.4,475,Warehouse C - Central,51,592
Granola Bags #01244,Food & Beverage,65.89,118.14,459,Warehouse B - West,25,881
Label Maker #01245,Office Supplies,181.9,231.39,354,Warehouse A - East,52,429
Headlamp LED #01246,Sports & Outdoors,227.72,490.28,371,Warehouse D - North,58,869
Mixed Nuts 500g #01247,Food & Beverage,66.26,102.23,57,Warehouse B - West,21,548
Drafting Chair #01248,Furniture,93.2,214.55,488,Warehouse A - East,58,790
Hand Sanitizer 500ml #01249,Health & Beauty,148.33,208.6,198,Warehouse C - Central,64,527
Rain Poncho #01250,Clothing,166.61,324.48,54,Warehouse D - North,60,209
Water Bottle 1L #01251,Sports & Outdoors,204.4,316.97,112,Warehouse D - North,73,896
Thermal Underwear #01252,Clothing,72.28,156.02,434,Warehouse C - Central,14,813
Aloe Vera Gel #01253,Health & Beauty,247.6,326.01,434,Warehouse B - West,71,846
Car Battery #01254,Automotive Parts,176.63,292.95,414,Warehouse B - West,52,356
Granola Bags #01255,Food & Beverage,184.46,442.01,397,Warehouse D - North,32,699
Thermometer Digital #01256,Health & Beauty,228.27,311.57,11,Warehouse C - Central,80,601
Pressure Washer #01257,Home & Garden,119.41,193.47,200,Warehouse C - Central,60,273
Face Masks 50pk #01258,Health & Beauty,230.92,484.12,280,Warehouse B - West,60,299
Sleeping Bag #01259,Sports & Outdoors,216.73,265.08,478,Warehouse B - West,48,668
Puzzle 1000pc #01260,Toys & Games,111.59,201.01,459,Warehouse B - West,28,414
Granola Bags #01261,Food & Beverage,163.51,267.99,438,Warehouse B - West,23,894
Lawn Fertilizer #01262,Home & Garden,170.5,234.8,28,Warehouse D - North,22,564
Polo Shirt #01263,Clothing,31.1,57.41,173,Warehouse D - North,65,352
Coffee Beans 1kg #01264,Food & Beverage,31.46,53.02,154,Warehouse D - North,32,868
Floating Shelf Set #01265,Furniture,216.49,439.02,140,Warehouse A - East,66,576
Standing Desk #01266,Furniture,22.49,40.72,342,Warehouse A - East,75,430
Drone Mini #01267,Toys & Games,246.86,443.69,355,Warehouse B - West,22,807
Plant Pots Set #01268,Home & Garden,249.99,524.65,152,Warehouse C - Central,26,301
Cable Management Tray #01269,Furniture,227.4,505.64,94,Warehouse A - East,61,917
Sprinkler System #01270,Home & Garden,204.73,451.98,271,Warehouse A - East,72,265
Dark Chocolate Box #01271,Food & Beverage,224.61,313.08,306,Warehouse D - North,33,205
Resistance Bands Set #01272,Sports & Outdoors,11.71,22.56,334,Warehouse C - Central,30,289
USB-C Hub #01273,Electronics,245.02,449.2,186,Warehouse D - North,79,375
Webcam HD #01274,Electronics,76.55,185.82,265,Warehouse D - North,47,874
Thermal Underwear #01275,Clothing,123.63,194.4,466,Warehouse B - West,55,820
Monitor Arm #01276,Furniture,205.3,301.81,96,Warehouse B - West,28,506
Thermal Underwear #01277,Clothing,138.91,270.72,142,Warehouse D - North,26,946
Computer Desk #01278,Furniture,65.23,108.63,462,Warehouse D - North,30,609
Conference Table #01279,Furniture,169.78,410.74,73,Warehouse A - East,78,408
Thermometer Digital #01280,Health & Beauty,174.81,246.49,190,Warehouse B - West,75,819
Power Strip 6-Outlet #01281,Home & Garden,80.46,178.1,194,Warehouse B - West,13,818
Conference Table #01282,Furniture,32.91,42.73,280,Warehouse C - Central,62,267
Desk Lamp LED #01283,Furniture,227.49,500.57,74,Warehouse A - East,38,480
Storage Ottoman #01284,Furniture,244.91,355.12,487,Warehouse B - West,23,326
Desk Organizer #01285,Office Supplies,219.13,426.19,413,Warehouse C - Central,72,297
Card Game Set #01286,Toys & Games,138.78,273.41,459,Warehouse C - Central,16,374
Power Strip 6-Outlet #01287,Home & Garden,87.6,188.41,495,Warehouse D - North,78,764
Headlight Bulb Pair #01288,Automotive Parts,33.64,39.12,262,Warehouse B - West,29,873
Fleece Hoodie #01289,Clothing,142.76,215.7,470,Warehouse B - West,57,924
Science Kit #01290,Toys & Games,177.28,247.69,181,Warehouse C - Central,69,714
Bandages Assorted #01291,Health & Beauty,131.11,277.94,472,Warehouse A - East,39,512
Bandages Assorted #01292,Health & Beauty,193.1,442.41,324,Warehouse B - West,20,278
Bookshelf 5-Tier #01293,Furniture,144.68,182.9,146,Warehouse A - East,80,704
Pressure Washer #01294,Home & Garden,128.15,273.8,245,Warehouse A - East,73,727
LED Bulb 4pk #01295,Home & Garden,154.84,368.47,381,Warehouse D - North,10,931
Desk Organizer #01296,Office Supplies,87.58,218.27,338,Warehouse A - East,77,900
Art Supplies Box #01297,Toys & Games,241.23,497.08,451,Warehouse B - West,77,430
Desk Lamp LED #01298,Furniture,210.17,387.44,487,Warehouse D - North,16,632
Power Strip 6-Outlet #01299,Home & Garden,94.57,123.21,467,Warehouse A - East,41,752
Lip Balm Pack #01300,Health & Beauty,121.81,183.62,1,Warehouse C - Central,60,422
Printer Paper A4 #01301,Office Supplies,233.98,550.99,434,Warehouse C - Central,72,258
Smart Watch #01302,Electronics,116.17,180.39,54,Warehouse B - West,10,558
Extension Cord 10m #01303,Home & Garden,4.2,7.27,101,Warehouse B - West,20,741
Garden Hose 30m #01304,Home & Garden,228.45,264.85,393,Warehouse D - North,42,431
Extension Cord 10m #01305,Home & Garden,76.22,131.73,93,Warehouse A - East,78,475
Spark Plugs 4pk #01306,Automotive Parts,210.16,287.6,181,Warehouse C - Central,65,205
Green Tea Box #01307,Food & Beverage,49.01,59.02,202,Warehouse C - Central,63,961
Mechanical Keyboard #01308,Electronics,167.22,406.4,491,Warehouse D - North,44,321
Car Charger Dual USB #01309,Automotive Parts,124.9,258.59,65,Warehouse D - North,51,969
Desk Organizer #01310,Office Supplies,231.04,528.65,199,Warehouse A - East,26,312
Mechanical Keyboard #01311,Electronics,40.57,74.04,392,Warehouse C - Central,40,253
Outdoor Solar Lights #01312,Home & Garden,184.88,321.02,148,Warehouse A - East,46,697
Tool Kit 50pc #01313,Home & Garden,155.17,331.21,95,Warehouse A - East,41,487
Face Masks 50pk #01314,Health & Beauty,63.34,143.01,101,Warehouse A - East,70,923
Envelopes 100pk #01315,Office Supplies,46.93,116.85,302,Warehouse A - East,29,434
Fleece Hoodie #01316,Clothing,11.51,28.63,475,Warehouse A - East,28,636
Remote Control Car #01317,Toys & Games,24.55,29.92,208,Warehouse B - West,77,513
Energy Drinks 24pk #01318,Food & Beverage,107.67,132.74,218,Warehouse A - East,16,511
Vitamin C Tablets #01319,Health & Beauty,71.58,116.24,214,Warehouse A - East,41,527
Polo Shirt #01320,Clothing,2.13,4.35,164,Warehouse D - North,37,492
Insect Repellent #01321,Health & Beauty,26.99,37.77,485,Warehouse C - Central,72,572
First Aid Kit #01322,Health & Beauty,26.03,30.41,282,Warehouse C - Central,26,539
Cooler Box 40L #01323,Sports & Outdoors,195.14,363.73,190,Warehouse C - Central,40,865
Olive Oil 500ml #01324,Food & Beverage,97.24,228.29,66,Warehouse B - West,25,242
Granola Bags #01325,Food & Beverage,112.55,144.42,482,Warehouse C - Central,79,833
Face Masks 50pk #01326,Health & Beauty,119.6,260.41,273,Warehouse B - West,29,244
Bottled Water Case #01327,Food & Beverage,138.52,206.52,449,Warehouse D - North,54,574
Storage Ottoman #01328,Furniture,18.79,32.24,476,Warehouse B - West,74,222
Card Game Set #01329,Toys & Games,174.78,231.42,23,Warehouse B - West,17,910
Plant Pots Set #01330,Home & Garden,171.8,399.41,497,Warehouse D - North,19,369
Tape Dispenser #01331,Office Supplies,141.5,237.27,310,Warehouse B - West,44,411
Mechanical Keyboard #01332,Electronics,143.83,280.38,4,Warehouse C - Central,75,666
Moisturizer Pump #01333,Health & Beauty,75.5,114.19,60,Warehouse A - East,31,429
Binder Clips Assorted #01334,Office Supplies,74.38,149.76,482,Warehouse C - Central,45,336
Tablet Stand #01335,Electronics,245.05,609.16,107,Warehouse A - East,78,318
Tent 4-Person #01336,Sports & Outdoors,152.08,250.67,42,Warehouse B - West,80,470
Outdoor Solar Lights #01337,Home & Garden,75.13,186.33,320,Warehouse B - West,11,564
Sunscreen SPF50 #01338,Health & Beauty,65.48,76.68,336,Warehouse D - North,23,939
Thermometer Digital #01339,Health & Beauty,159.31,301.68,418,Warehouse C - Central,66,425
Moisturizer Pump #01340,Health & Beauty,146.25,327.66,385,Warehouse D - North,60,359
Granola Bags #01341,Food & Beverage,182.12,300.07,461,Warehouse D - North,71,295
Cotton T-Shirt Pack #01342,Clothing,47.89,110.83,96,Warehouse B - West,72,946
Hand Sanitizer 500ml #01343,Health & Beauty,78.92,185.07,418,Warehouse B - West,60,903
Bookshelf 5-Tier #01344,Furniture,19.87,29.43,465,Warehouse B - West,61,302
Smart Watch #01345,Electronics,26.73,44.6,56,Warehouse A - East,11,981
Work Boots #01346,Clothing,192.99,291.67,480,Warehouse A - East,11,209
Desk Organizer #01347,Office Supplies,204.93,471.58,43,Warehouse D - North,35,342
Art Supplies Box #01348,Toys & Games,204.24,319.63,245,Warehouse A - East,29,449
Desk Organizer #01349,Office Supplies,68.33,128.73,10,Warehouse C - Central,15,305
Computer Desk #01350,Furniture,221.84,379.49,0,Warehouse B - West,38,224
Lawn Fertilizer #01351,Home & Garden,38.55,78.44,115,Warehouse A - East,59,903
Air Filter #01352,Automotive Parts,247.71,359.95,489,Warehouse A - East,46,565
Stuffed Animal Bear #01353,Toys & Games,31.35,75.13,470,Warehouse B - West,20,244
Fleece Hoodie #01354,Clothing,133.56,261.71,347,Warehouse C - Central,64,353
Card Game Set #01355,Toys & Games,88.4,114.06,469,Warehouse C - Central,73,877
Face Masks 50pk #01356,Health & Beauty,200.07,443.15,441,Warehouse B - West,29,996
Water Bottle 1L #01357,Sports & Outdoors,98.87,209.98,402,Warehouse A - East,71,268
Science Kit #01358,Toys & Games,239.98,366.2,46,Warehouse B - West,51,330
Extension Cord 10m #01359,Home & Garden,81.19,139.82,355,Warehouse C - Central,62,816
Cargo Shorts #01360,Clothing,230.56,384.41,281,Warehouse D - North,73,751
Scissors 3pk #01361,Office Supplies,205.71,343.38,297,Warehouse B - West,63,739
Filing Cabinet #01362,Furniture,91.7,130.62,435,Warehouse D - North,12,571
Cargo Pants #01363,Clothing,16.78,27.21,434,Warehouse D - North,27,501
Rain Poncho #01364,Clothing,243.01,578.97,124,Warehouse A - East,36,429
Cargo Pants #01365,Clothing,240.59,505.32,193,Warehouse D - North,13,912
Yoga Mat #01366,Sports & Outdoors,175.95,359.77,37,Warehouse B - West,71,808
Mechanical Keyboard #01367,Electronics,92.58,116.34,39,Warehouse D - North,11,782
Safety Vest Hi-Vis #01368,Clothing,118.5,158.69,270,Warehouse D - North,48,681
Hiking Backpack #01369,Sports & Outdoors,195.79,408.92,146,Warehouse A - East,24,359
Smart Watch #01370,Electronics,188.28,344.45,5,Warehouse D - North,60,633
Desk Organizer #01371,Office Supplies,207.72,496.63,256,Warehouse B - West,49,926
Power Strip 6-Outlet #01372,Home & Garden,69.41,88.44,193,Warehouse B - West,26,960
Outdoor Solar Lights #01373,Home & Garden,15.89,26.69,421,Warehouse D - North,19,909
Tire Pressure Gauge #01374,Automotive Parts,163.87,278.07,194,Warehouse C - Central,31,255
Tool Kit 50pc #01375,Home & Garden,68.94,89.0,185,Warehouse B - West,52,228
Sunscreen SPF50 #01376,Health & Beauty,136.31,168.78,305,Warehouse C - Central,11,974
Honey Jar #01377,Food & Beverage,52.03,125.1,123,Warehouse A - East,44,287
Art Supplies Box #01378,Toys & Games,13.33,20.99,483,Warehouse C - Central,49,208
Bandages Assorted #01379,Health & Beauty,126.05,198.47,200,Warehouse A - East,55,332
Headlamp LED #01380,Sports & Outdoors,224.33,410.49,257,Warehouse D - North,29,224
Headlight Bulb Pair #01381,Automotive Parts,217.47,261.07,82,Warehouse D - North,29,898
Monitor Arm #01382,Furniture,25.14,53.29,452,Warehouse B - West,37,897
Rain Poncho #01383,Clothing,130.04,277.48,333,Warehouse C - Central,76,987
Air Filter #01384,Automotive Parts,86.08,140.86,438,Warehouse D - North,65,240
Mixed Nuts 500g #01385,Food & Beverage,249.26,490.86,490,Warehouse D - North,29,780
Ergonomic Office Chair #01386,Furniture,37.37,86.89,280,Warehouse A - East,21,710
Tire Pressure Gauge #01387,Automotive Parts,44.09,68.3,34,Warehouse C - Central,45,790
Resistance Bands Set #01388,Sports & Outdoors,19.64,41.43,235,Warehouse C - Central,43,684
Spark Plugs 4pk #01389,Automotive Parts,231.19,559.2,497,Warehouse C - Central,72,240
Bandages Assorted #01390,Health & Beauty,103.44,205.49,348,Warehouse C - Central,26,651
Envelopes 100pk #01391,Office Supplies,238.11,393.95,349,Warehouse D - North,62,718
Thermometer Digital #01392,Health & Beauty,12.58,31.07,29,Warehouse A - East,41,916
Cargo Pants #01393,Clothing,74.08,101.01,204,Warehouse D - North,19,428
Spark Plugs 4pk #01394,Automotive Parts,25.19,44.81,328,Warehouse A - East,78,676
Bookshelf 5-Tier #01395,Furniture,183.48,438.26,472,Warehouse D - North,60,986
Bottled Water Case #01396,Food & Beverage,83.52,131.82,309,Warehouse D - North,72,417
Conference Table #01397,Furniture,114.74,216.38,485,Warehouse B - West,70,349
Sleeping Bag #01398,Sports & Outdoors,9.77,19.16,194,Warehouse D - North,17,570
Wiper Blades Pair #01399,Automotive Parts,15.41,35.78,487,Warehouse C - Central,64,476
Cargo Pants #01400,Clothing,37.15,56.46,41,Warehouse D - North,48,929
Sprinkler System #01401,Home & Garden,55.1,129.8,94,Warehouse D - North,16,294
Foam Roller #01402,Sports & Outdoors,42.8,69.4,214,Warehouse B - West,71,686
Extension Cord 10m #01403,Home & Garden,228.32,438.36,421,Warehouse B - West,11,774
Cable Management Tray #01404,Furniture,167.65,332.33,165,Warehouse B - West,50,214
Air Filter #01405,Automotive Parts,125.86,198.5,405,Warehouse A - East,62,469
Air Filter #01406,Automotive Parts,159.3,320.6,296,Warehouse B - West,22,237
Bottled Water Case #01407,Food & Beverage,174.72,383.58,307,Warehouse C - Central,58,421
Mixed Nuts 500g #01408,Food & Beverage,242.99,468.66,7,Warehouse A - East,57,572
Lip Balm Pack #01409,Health & Beauty,126.52,293.71,358,Warehouse D - North,73,864
Lawn Fertilizer #01410,Home & Garden,89.23,202.38,218,Warehouse C - Central,76,983
Bookshelf 5-Tier #01411,Furniture,115.79,191.48,283,Warehouse D - North,30,755
Paint Roller Set #01412,Home & Garden,211.58,439.99,223,Warehouse A - East,46,918
Standing Desk #01413,Furniture,24.23,28.4,477,Warehouse D - North,62,306
Chess Set Wooden #01414,Toys & Games,26.73,46.77,297,Warehouse C - Central,14,883
Tool Kit 50pc #01415,Home & Garden,57.27,101.01,195,Warehouse D - North,24,400
Desk Lamp LED #01416,Furniture,241.97,576.84,211,Warehouse C - Central,60,207
Honey Jar #01417,Food & Beverage,72.33,169.07,135,Warehouse B - West,49,624
Monitor Light Bar #01418,Electronics,227.45,271.6,13,Warehouse C - Central,29,583
Water Bottle 1L #01419,Sports & Outdoors,239.87,597.35,123,Warehouse D - North,60,397
Wireless Charger #01420,Electronics,233.12,403.13,480,Warehouse B - West,59,945
Extension Cord 10m #01421,Home & Garden,130.28,226.75,50,Warehouse A - East,26,716
Science Kit #01422,Toys & Games,211.07,421.48,133,Warehouse C - Central,80,362
Green Tea Box #01423,Food & Beverage,25.13,43.74,321,Warehouse A - East,29,228
Science Kit #01424,Toys & Games,8.27,17.71,232,Warehouse B - West,55,391
Dried Fruit Mix #01425,Food & Beverage,50.07,114.39,371,Warehouse C - Central,58,988
Bluetooth Speaker #01426,Electronics,22.57,30.34,11,Warehouse D - North,23,313
Building Blocks 500pc #01427,Toys & Games,28.56,43.73,458,Warehouse A - East,33,295
Tire Pressure Gauge #01428,Automotive Parts,228.35,326.71,51,Warehouse D - North,72,222
Floating Shelf Set #01429,Furniture,239.89,300.59,351,Warehouse C - Central,63,584
Air Filter #01430,Automotive Parts,46.59,54.22,91,Warehouse C - Central,14,320
Hiking Backpack #01431,Sports & Outdoors,248.74,487.53,2,Warehouse C - Central,30,734
Filing Cabinet #01432,Furniture,152.32,285.38,265,Warehouse B - West,75,979
Energy Drinks 24pk #01433,Food & Beverage,30.47,43.96,167,Warehouse A - East,27,425
Winter Jacket #01434,Clothing,69.87,99.14,47,Warehouse C - Central,54,925
Coolant 4L #01435,Automotive Parts,202.63,352.31,484,Warehouse C - Central,61,397
Work Boots #01436,Clothing,172.39,404.75,143,Warehouse C - Central,60,305
Work Boots #01437,Clothing,238.53,431.4,452,Warehouse C - Central,67,633
Sleeping Bag #01438,Sports & Outdoors,28.67,47.8,102,Warehouse A - East,55,582
Air Filter #01439,Automotive Parts,222.58,543.86,129,Warehouse C - Central,62,500
LED Bulb 4pk #01440,Home & Garden,30.43,68.23,219,Warehouse B - West,33,566
Filing Cabinet #01441,Furniture,164.92,272.47,399,Warehouse A - East,50,325
Cooler Box 40L #01442,Sports & Outdoors,4.7,7.49,238,Warehouse A - East,51,438
Paint Roller Set #01443,Home & Garden,151.25,281.6,52,Warehouse A - East,45,933
LEGO Technic Set #01444,Toys & Games,106.59,231.39,162,Warehouse B - West,50,402
Wireless Charger #01445,Electronics,124.5,151.04,140,Warehouse A - East,63,322
Air Filter #01446,Automotive Parts,151.15,294.45,121,Warehouse A - East,12,491
Board Game Classic #01447,Toys & Games,228.09,349.87,430,Warehouse A - East,61,237
Tent 4-Person #01448,Sports & Outdoors,6.04,10.78,424,Warehouse C - Central,63,940
Vitamin C Tablets #01449,Health & Beauty,188.92,319.36,284,Warehouse A - East,50,705
Paint Roller Set #01450,Home & Garden,174.72,308.15,434,Warehouse A - East,25,582
Webcam HD #01451,Electronics,13.86,16.13,53,Warehouse D - North,51,904
Protein Bars 12pk #01452,Food & Beverage,23.83,50.7,415,Warehouse A - East,57,750
Bluetooth Speaker #01453,Electronics,221.06,267.07,24,Warehouse C - Central,48,276
Cooler Box 40L #01454,Sports & Outdoors,153.96,345.93,138,Warehouse D - North,31,341
Bookshelf 5-Tier #01455,Furniture,81.19,109.59,299,Warehouse D - North,62,852
Computer Desk #01456,Furniture,132.84,256.4,338,Warehouse C - Central,72,487
Wiper Blades Pair #01457,Automotive Parts,24.77,54.11,364,Warehouse B - West,20,561
Granola Bags #01458,Food & Beverage,21.35,52.56,30,Warehouse B - West,37,213
Jump Starter #01459,Automotive Parts,48.6,62.75,106,Warehouse C - Central,77,726
Face Masks 50pk #01460,Health & Beauty,114.6,155.62,258,Warehouse B - West,23,333
Headlamp LED #01461,Sports & Outdoors,243.82,566.05,262,Warehouse D - North,35,998
Green Tea Box #01462,Food & Beverage,70.9,97.25,157,Warehouse D - North,23,350
Cable Management Tray #01463,Furniture,29.33,34.39,235,Warehouse A - East,33,473
Spark Plugs 4pk #01464,Automotive Parts,133.66,217.22,60,Warehouse C - Central,80,286
Tool Kit 50pc #01465,Home & Garden,39.35,71.93,260,Warehouse D - North,52,254
Vitamin C Tablets #01466,Health & Beauty,26.26,53.19,374,Warehouse C - Central,64,398
Bottled Water Case #01467,Food & Beverage,45.81,69.75,311,Warehouse D - North,73,731
Monitor Arm #01468,Furniture,14.37,21.35,56,Warehouse A - East,38,317
Smart Watch #01469,Electronics,68.01,84.26,51,Warehouse D - North,45,431
Lawn Fertilizer #01470,Home & Garden,27.12,58.06,450,Warehouse B - West,44,707
Work Boots #01471,Clothing,88.21,135.74,305,Warehouse A - East,46,951
Bookshelf 5-Tier #01472,Furniture,126.8,265.73,244,Warehouse B - West,49,904
Cap Branded #01473,Clothing,171.0,235.12,170,Warehouse A - East,68,345
Jump Starter #01474,Automotive Parts,84.85,117.91,135,Warehouse A - East,19,374
Stuffed Animal Bear #01475,Toys & Games,242.45,469.69,250,Warehouse A - East,41,683
USB Flash Drive 64GB #01476,Electronics,6.31,13.05,148,Warehouse B - West,39,737
Cargo Pants #01477,Clothing,26.8,59.9,171,Warehouse C - Central,67,702
Whiteboard Markers 6pk #01478,Office Supplies,166.53,248.51,234,Warehouse C - Central,11,561
Binoculars #01479,Sports & Outdoors,194.08,447.72,461,Warehouse C - Central,71,315
Desk Organizer #01480,Office Supplies,160.67,216.85,210,Warehouse B - West,38,875
Hiking Backpack #01481,Sports & Outdoors,9.66,18.64,356,Warehouse B - West,65,568
Filing Cabinet #01482,Furniture,230.32,382.33,55,Warehouse D - North,45,841
Sticky Notes 8pk #01483,Office Supplies,67.8,140.12,454,Warehouse D - North,52,600
Lip Balm Pack #01484,Health & Beauty,49.26,95.19,359,Warehouse A - East,53,827
Plant Pots Set #01485,Home & Garden,142.53,316.4,177,Warehouse A - East,46,312
Spark Plugs 4pk #01486,Automotive Parts,38.49,79.65,267,Warehouse B - West,47,838
Eye Drops #01487,Health & Beauty,73.49,163.86,7,Warehouse B - West,68,241
Insect Repellent #01488,Health & Beauty,32.61,59.0,2,Warehouse A - East,65,560
Bluetooth Speaker #01489,Electronics,36.15,84.46,402,Warehouse B - West,74,881
Cable Management Tray #01490,Furniture,69.13,172.44,100,Warehouse A - East,65,799
Moisturizer Pump #01491,Health & Beauty,9.97,24.02,127,Warehouse D - North,59,632
Conference Table #01492,Furniture,230.21,450.29,88,Warehouse C - Central,65,895
Puzzle 1000pc #01493,Toys & Games,171.46,243.36,69,Warehouse B - West,63,767
Lip Balm Pack #01494,Health & Beauty,23.23,44.49,321,Warehouse B - West,69,758
Lawn Fertilizer #01495,Home & Garden,25.82,48.05,355,Warehouse C - Central,50,715
Tire Pressure Gauge #01496,Automotive Parts,108.06,185.61,210,Warehouse A - East,69,228
Garden Hose 30m #01497,Home & Garden,189.45,375.21,154,Warehouse C - Central,41,794
Thermal Underwear #01498,Clothing,136.73,261.64,150,Warehouse D - North,16,973
Fleece Hoodie #01499,Clothing,168.18,298.48,390,Warehouse A - East,76,671
Ergonomic Office Chair #01500,Furniture,69.0,171.21,54,Warehouse A - East,52,808
Insect Repellent #01501,Health & Beauty,121.4,193.91,31,Warehouse A - East,25,958
Honey Jar #01502,Food & Beverage,37.75,81.15,253,Warehouse B - West,27,428
Thermometer Digital #01503,Health & Beauty,79.1,196.59,3,Warehouse B - West,72,838
Standing Desk #01504,Furniture,2.01,3.95,61,Warehouse B - West,76,299
Green Tea Box #01505,Food & Beverage,119.49,271.74,227,Warehouse A - East,60,256
Bandages Assorted #01506,Health & Beauty,121.96,170.56,120,Warehouse D - North,79,466
Building Blocks 500pc #01507,Toys & Games,109.22,219.41,94,Warehouse B - West,28,962
Rain Poncho #01508,Clothing,185.93,351.04,243,Warehouse C - Central,71,496
Drafting Chair #01509,Furniture,124.26,254.91,200,Warehouse A - East,59,914
Jump Starter #01510,Automotive Parts,203.75,275.07,145,Warehouse D - North,68,323
Smart Watch #01511,Electronics,77.08,155.77,457,Warehouse C - Central,66,243
Cotton T-Shirt Pack #01512,Clothing,220.84,390.62,4,Warehouse B - West,30,566
Cooler Box 40L #01513,Sports & Outdoors,132.21,243.61,89,Warehouse C - Central,29,560
Coolant 4L #01514,Automotive Parts,214.95,287.83,401,Warehouse A - East,48,603
Jump Starter #01515,Automotive Parts,240.71,473.69,92,Warehouse C - Central,74,994
Windbreaker #01516,Clothing,82.37,200.94,178,Warehouse A - East,61,269
USB Flash Drive 64GB #01517,Electronics,183.75,268.79,340,Warehouse D - North,23,711
Jump Rope #01518,Sports & Outdoors,245.37,550.01,375,Warehouse B - West,40,307
Lawn Fertilizer #01519,Home & Garden,230.75,284.65,128,Warehouse A - East,24,238
Tire Pressure Gauge #01520,Automotive Parts,152.42,348.27,472,Warehouse A - East,32,528
Jump Starter #01521,Automotive Parts,35.04,70.45,284,Warehouse C - Central,35,400
Floor Mats Set #01522,Automotive Parts,170.35,247.76,379,Warehouse B - West,30,644
Drafting Chair #01523,Furniture,8.01,19.59,49,Warehouse B - West,36,234
Power Bank 20000mAh #01524,Electronics,194.05,372.03,442,Warehouse B - West,19,548
Stapler Heavy Duty #01525,Office Supplies,49.15,70.29,423,Warehouse C - Central,70,712
Sleeping Bag #01526,Sports & Outdoors,225.14,518.3,410,Warehouse D - North,18,649
Garden Hose 30m #01527,Home & Garden,143.15,189.2,264,Warehouse A - East,48,303
Wiper Blades Pair #01528,Automotive Parts,14.77,27.76,11,Warehouse C - Central,38,496
Hedge Trimmer #01529,Home & Garden,90.76,211.27,80,Warehouse B - West,46,276
Envelopes 100pk #01530,Office Supplies,126.01,212.82,29,Warehouse A - East,79,914
Art Supplies Box #01531,Toys & Games,234.36,581.13,334,Warehouse C - Central,13,233
Paint Roller Set #01532,Home & Garden,51.73,121.51,30,Warehouse C - Central,27,409
Webcam HD #01533,Electronics,124.4,278.36,288,Warehouse A - East,14,554
Outdoor Solar Lights #01534,Home & Garden,185.34,445.68,454,Warehouse B - West,80,690
Face Masks 50pk #01535,Health & Beauty,12.35,14.8,259,Warehouse C - Central,38,865
Plant Pots Set #01536,Home & Garden,77.25,177.46,497,Warehouse A - East,39,221
Wireless Charger #01537,Electronics,195.89,277.15,311,Warehouse A - East,58,898
Stapler Heavy Duty #01538,Office Supplies,14.93,32.6,356,Warehouse D - North,26,640
Sticky Notes 8pk #01539,Office Supplies,30.66,40.14,315,Warehouse B - West,57,560
Headlamp LED #01540,Sports & Outdoors,229.68,337.98,47,Warehouse D - North,11,432
Envelopes 100pk #01541,Office Supplies,13.35,29.8,447,Warehouse A - East,41,258
Mechanical Keyboard #01542,Electronics,110.76,169.63,160,Warehouse B - West,54,816
Sunscreen SPF50 #01543,Health & Beauty,152.32,273.6,62,Warehouse C - Central,19,278
Binder Clips Assorted #01544,Office Supplies,124.74,267.26,182,Warehouse C - Central,38,654
Binoculars #01545,Sports & Outdoors,74.59,151.6,269,Warehouse A - East,44,526
Power Bank 20000mAh #01546,Electronics,225.31,473.7,318,Warehouse A - East,72,486
Protein Bars 12pk #01547,Food & Beverage,210.67,390.44,156,Warehouse A - East,80,415
Cooler Box 40L #01548,Sports & Outdoors,204.46,274.31,500,Warehouse D - North,40,915
Brake Pads Set #01549,Automotive Parts,7.28,16.59,138,Warehouse D - North,45,802
First Aid Kit #01550,Health & Beauty,16.81,38.72,196,Warehouse D - North,73,219
Plant Pots Set #01551,Home & Garden,13.02,18.59,94,Warehouse A - East,65,745
Hand Sanitizer 500ml #01552,Health & Beauty,136.3,220.74,13,Warehouse B - West,53,468
Power Bank 20000mAh #01553,Electronics,181.99,361.99,443,Warehouse A - East,64,946
Computer Desk #01554,Furniture,98.25,208.66,347,Warehouse D - North,46,747
Outdoor Solar Lights #01555,Home & Garden,180.37,394.68,133,Warehouse D - North,30,590
Protein Bars 12pk #01556,Food & Beverage,227.11,347.24,349,Warehouse B - West,45,287
Whiteboard Markers 6pk #01557,Office Supplies,85.71,144.23,315,Warehouse C - Central,45,570
Thermometer Digital #01558,Health & Beauty,202.94,399.95,63,Warehouse C - Central,49,782
Sunscreen SPF50 #01559,Health & Beauty,112.06,131.48,4,Warehouse C - Central,69,237
Spark Plugs 4pk #01560,Automotive Parts,211.39,305.27,29,Warehouse C - Central,20,483
Floating Shelf Set #01561,Furniture,46.59,101.76,141,Warehouse B - West,43,706
Dark Chocolate Box #01562,Food & Beverage,45.27,105.31,335,Warehouse A - East,16,438
Mechanical Keyboard #01563,Electronics,171.74,397.02,296,Warehouse B - West,50,242
Laptop Cooling Pad #01564,Electronics,248.01,611.75,8,Warehouse A - East,55,753
Remote Control Car #01565,Toys & Games,88.73,111.32,227,Warehouse A - East,24,723
Mixed Nuts 500g #01566,Food & Beverage,82.8,136.73,421,Warehouse D - North,63,273
Sunscreen SPF50 #01567,Health & Beauty,8.12,15.99,184,Warehouse C - Central,52,617
Car Battery #01568,Automotive Parts,156.24,213.49,22,Warehouse A - East,47,353
Drafting Chair #01569,Furniture,54.45,85.63,366,Warehouse C - Central,75,795
Bottled Water Case #01570,Food & Beverage,208.02,248.38,371,Warehouse A - East,29,590
Filing Cabinet #01571,Furniture,142.22,355.13,322,Warehouse D - North,80,951
Desk Organizer #01572,Office Supplies,32.07,74.91,408,Warehouse D - North,16,821
Scissors 3pk #01573,Office Supplies,111.37,168.55,428,Warehouse C - Central,47,449
Energy Drinks 24pk #01574,Food & Beverage,59.26,93.33,497,Warehouse B - West,24,909
Coolant 4L #01575,Automotive Parts,239.49,407.95,40,Warehouse A - East,55,773
Tent 4-Person #01576,Sports & Outdoors,122.07,178.34,402,Warehouse B - West,63,435
Binder Clips Assorted #01577,Office Supplies,194.56,330.81,299,Warehouse C - Central,27,820
Vitamin C Tablets #01578,Health & Beauty,79.83,100.59,215,Warehouse D - North,74,351
Protein Bars 12pk #01579,Food & Beverage,219.35,256.85,61,Warehouse D - North,63,469
Bookshelf 5-Tier #01580,Furniture,217.63,495.26,12,Warehouse B - West,31,274
Scissors 3pk #01581,Office Supplies,229.82,544.85,181,Warehouse B - West,26,611
First Aid Kit #01582,Health & Beauty,85.53,193.59,172,Warehouse A - East,23,939
Cable Management Tray #01583,Furniture,230.34,560.28,466,Warehouse D - North,62,845
Paint Roller Set #01584,Home & Garden,189.9,397.87,375,Warehouse A - East,33,941
Polo Shirt #01585,Clothing,149.2,246.08,332,Warehouse C - Central,68,588
Air Filter #01586,Automotive Parts,128.15,249.11,483,Warehouse C - Central,22,437
Tire Pressure Gauge #01587,Automotive Parts,13.98,25.85,268,Warehouse C - Central,75,636
Headlamp LED #01588,Sports & Outdoors,81.01,112.67,73,Warehouse B - West,15,952
Sprinkler System #01589,Home & Garden,71.01,165.98,160,Warehouse C - Central,22,555
Cargo Pants #01590,Clothing,73.39,132.61,114,Warehouse C - Central,31,495
Building Blocks 500pc #01591,Toys & Games,231.28,474.05,72,Warehouse B - West,22,411
Smart Watch #01592,Electronics,225.83,552.34,276,Warehouse A - East,78,399
Motor Oil 5W-30 #01593,Automotive Parts,93.65,143.33,485,Warehouse D - North,64,949
Sticky Notes 8pk #01594,Office Supplies,208.1,322.17,56,Warehouse D - North,25,655
Car Battery #01595,Automotive Parts,23.54,31.42,142,Warehouse A - East,24,562
Granola Bags #01596,Food & Beverage,20.44,27.83,171,Warehouse A - East,45,664
Yoga Mat #01597,Sports & Outdoors,109.48,263.7,406,Warehouse B - West,76,525
Label Maker #01598,Office Supplies,209.73,418.46,485,Warehouse B - West,11,451
Science Kit #01599,Toys & Games,218.28,315.91,100,Warehouse B - West,43,681
Air Filter #01600,Automotive Parts,183.92,281.68,101,Warehouse B - West,21,728
HDMI Cable 2m #01601,Electronics,18.68,35.55,106,Warehouse D - North,32,239
Insect Repellent #01602,Health & Beauty,96.31,186.67,326,Warehouse B - West,54,695
Moisturizer Pump #01603,Health & Beauty,219.01,449.36,250,Warehouse C - Central,60,812
Stapler Heavy Duty #01604,Office Supplies,75.26,108.79,493,Warehouse D - North,46,629
Jump Rope #01605,Sports & Outdoors,166.28,217.22,237,Warehouse A - East,50,876
Cooler Box 40L #01606,Sports & Outdoors,100.73,133.25,451,Warehouse D - North,71,700
Coffee Beans 1kg #01607,Food & Beverage,74.15,136.07,455,Warehouse C - Central,62,262
Thermometer Digital #01608,Health & Beauty,80.77,135.56,226,Warehouse C - Central,64,608
Bluetooth Speaker #01609,Electronics,122.41,176.95,325,Warehouse D - North,15,515
Tool Kit 50pc #01610,Home & Garden,143.98,197.95,105,Warehouse C - Central,24,828
Thermal Underwear #01611,Clothing,135.86,330.53,10,Warehouse C - Central,58,292
Binoculars #01612,Sports & Outdoors,17.74,21.58,107,Warehouse B - West,56,748
Rain Poncho #01613,Clothing,100.09,212.1,148,Warehouse C - Central,30,582
Tool Kit 50pc #01614,Home & Garden,139.13,206.71,6,Warehouse A - East,14,220
Tape Dispenser #01615,Office Supplies,198.25,239.3,144,Warehouse B - West,48,224
Coffee Beans 1kg #01616,Food & Beverage,69.57,91.62,401,Warehouse D - North,58,871
Windbreaker #01617,Clothing,219.4,507.62,39,Warehouse D - North,19,716
Wireless Mouse #01618,Electronics,186.18,350.26,470,Warehouse D - North,29,297
Olive Oil 500ml #01619,Food & Beverage,215.11,475.27,217,Warehouse A - East,75,961
Lip Balm Pack #01620,Health & Beauty,115.81,148.77,496,Warehouse C - Central,70,585
Garden Hose 30m #01621,Home & Garden,57.12,97.02,142,Warehouse B - West,71,491
LED Bulb 4pk #01622,Home & Garden,248.3,529.43,487,Warehouse A - East,57,981
Wiper Blades Pair #01623,Automotive Parts,145.31,171.99,394,Warehouse C - Central,39,657
Headlight Bulb Pair #01624,Automotive Parts,29.02,45.54,73,Warehouse B - West,20,297
Instant Oatmeal Pack #01625,Food & Beverage,149.17,188.44,206,Warehouse B - West,70,735
Wireless Charger #01626,Electronics,124.37,212.18,379,Warehouse A - East,53,354
Cooler Box 40L #01627,Sports & Outdoors,142.2,241.57,2,Warehouse B - West,44,906
Stapler Heavy Duty #01628,Office Supplies,137.31,215.93,333,Warehouse D - North,40,529
Car Charger Dual USB #01629,Automotive Parts,139.59,299.92,375,Warehouse D - North,20,307
Storage Ottoman #01630,Furniture,33.57,39.22,266,Warehouse B - West,25,370
Brake Pads Set #01631,Automotive Parts,11.69,20.14,87,Warehouse B - West,77,698
Tape Dispenser #01632,Office Supplies,101.05,156.69,222,Warehouse C - Central,47,937
File Folders 20pk #01633,Office Supplies,154.54,255.25,332,Warehouse C - Central,31,344
Label Maker #01634,Office Supplies,52.71,104.31,365,Warehouse C - Central,57,731
Floor Mats Set #01635,Automotive Parts,54.23,86.54,382,Warehouse D - North,27,368
Power Bank 20000mAh #01636,Electronics,105.24,142.39,34,Warehouse B - West,10,519
Granola Bags #01637,Food & Beverage,25.27,44.71,48,Warehouse D - North,17,839
Puzzle 1000pc #01638,Toys & Games,18.56,37.29,452,Warehouse A - East,38,553
Dried Fruit Mix #01639,Food & Beverage,72.48,172.54,218,Warehouse D - North,49,576
Aloe Vera Gel #01640,Health & Beauty,136.17,277.81,39,Warehouse B - West,29,305
Sunscreen SPF50 #01641,Health & Beauty,67.21,86.58,408,Warehouse D - North,76,801
Sleeping Bag #01642,Sports & Outdoors,193.45,377.12,141,Warehouse B - West,70,414
Wireless Charger #01643,Electronics,59.49,85.8,475,Warehouse B - West,28,346
Motor Oil 5W-30 #01644,Automotive Parts,82.19,193.93,26,Warehouse D - North,27,723
Pressure Washer #01645,Home & Garden,118.98,185.42,389,Warehouse D - North,25,446
Lawn Fertilizer #01646,Home & Garden,177.15,288.62,429,Warehouse A - East,76,524
Remote Control Car #01647,Toys & Games,238.93,579.74,426,Warehouse B - West,45,928
Sprinkler System #01648,Home & Garden,111.53,232.92,128,Warehouse D - North,25,771
Water Bottle 1L #01649,Sports & Outdoors,8.27,13.59,238,Warehouse D - North,54,945
Olive Oil 500ml #01650,Food & Beverage,140.83,351.68,480,Warehouse C - Central,34,591
Windbreaker #01651,Clothing,248.87,352.0,184,Warehouse A - East,77,399
Card Game Set #01652,Toys & Games,83.46,198.63,468,Warehouse A - East,42,714
Card Game Set #01653,Toys & Games,10.31,15.68,245,Warehouse C - Central,60,244
Thermometer Digital #01654,Health & Beauty,16.19,31.12,15,Warehouse D - North,70,822
Air Filter #01655,Automotive Parts,119.42,278.39,384,Warehouse A - East,79,306
Yoga Mat #01656,Sports & Outdoors,154.0,325.4,361,Warehouse A - East,32,334
Garden Hose 30m #01657,Home & Garden,15.9,31.97,31,Warehouse C - Central,50,299
Dark Chocolate Box #01658,Food & Beverage,154.27,180.88,428,Warehouse B - West,50,926
Rubik's Cube #01659,Toys & Games,236.19,436.26,481,Warehouse A - East,61,626
Filing Cabinet #01660,Furniture,206.61,377.49,373,Warehouse B - West,44,285
Motor Oil 5W-30 #01661,Automotive Parts,70.33,99.74,258,Warehouse A - East,62,377
Lip Balm Pack #01662,Health & Beauty,141.02,184.58,238,Warehouse D - North,21,779
Standing Desk #01663,Furniture,229.67,320.71,44,Warehouse A - East,33,525
Polo Shirt #01664,Clothing,55.95,92.63,41,Warehouse B - West,41,515
Winter Jacket #01665,Clothing,15.23,32.03,91,Warehouse C - Central,45,343
Tool Kit 50pc #01666,Home & Garden,209.15,317.55,102,Warehouse C - Central,32,502
Car Battery #01667,Automotive Parts,24.92,40.61,186,Warehouse D - North,54,990
Polo Shirt #01668,Clothing,237.52,460.8,79,Warehouse B - West,78,782
Extension Cord 10m #01669,Home & Garden,162.21,335.89,147,Warehouse C - Central,36,550
Computer Desk #01670,Furniture,193.81,290.44,239,Warehouse A - East,43,232
Label Maker #01671,Office Supplies,158.52,283.99,239,Warehouse D - North,51,581
Board Game Classic #01672,Toys & Games,81.95,105.82,183,Warehouse D - North,11,362
Tire Pressure Gauge #01673,Automotive Parts,85.49,202.53,95,Warehouse B - West,55,513
Car Charger Dual USB #01674,Automotive Parts,48.17,56.81,414,Warehouse D - North,68,807
Plant Pots Set #01675,Home & Garden,208.86,311.41,191,Warehouse D - North,53,694
Hand Sanitizer 500ml #01676,Health & Beauty,242.75,566.71,390,Warehouse D - North,74,310
Paint Roller Set #01677,Home & Garden,238.59,403.46,14,Warehouse B - West,30,724
Insect Repellent #01678,Health & Beauty,241.38,584.83,101,Warehouse C - Central,27,333
USB-C Hub #01679,Electronics,78.7,171.87,410,Warehouse D - North,54,669
Cotton T-Shirt Pack #01680,Clothing,2.21,2.98,452,Warehouse C - Central,32,508
Bookshelf 5-Tier #01681,Furniture,60.57,86.28,46,Warehouse C - Central,41,357
SSD 1TB External #01682,Electronics,41.51,53.34,281,Warehouse B - West,60,915
Spark Plugs 4pk #01683,Automotive Parts,95.32,169.26,124,Warehouse B - West,22,596
Water Bottle 1L #01684,Sports & Outdoors,101.17,161.02,144,Warehouse D - North,64,811
Ballpoint Pens 12pk #01685,Office Supplies,88.02,180.82,496,Warehouse B - West,13,427
Energy Drinks 24pk #01686,Food & Beverage,91.85,167.81,0,Warehouse B - West,60,279
Cotton T-Shirt Pack #01687,Clothing,48.62,69.78,222,Warehouse D - North,21,547
Fleece Hoodie #01688,Clothing,39.39,61.84,345,Warehouse C - Central,71,235
Power Strip 6-Outlet #01689,Home & Garden,42.56,88.15,427,Warehouse A - East,23,676
Tent 4-Person #01690,Sports & Outdoors,183.7,373.91,207,Warehouse C - Central,11,364
Thermal Underwear #01691,Clothing,127.73,265.23,5,Warehouse D - North,72,869
LED Bulb 4pk #01692,Home & Garden,77.13,115.63,324,Warehouse D - North,24,818
File Folders 20pk #01693,Office Supplies,195.69,413.15,432,Warehouse A - East,78,573
Fleece Hoodie #01694,Clothing,133.86,223.24,345,Warehouse A - East,20,353
Cooler Box 40L #01695,Sports & Outdoors,148.36,210.19,416,Warehouse A - East,68,645
Car Battery #01696,Automotive Parts,11.88,27.58,235,Warehouse C - Central,56,251
Bandages Assorted #01697,Health & Beauty,85.69,132.8,419,Warehouse C - Central,13,755
Winter Jacket #01698,Clothing,90.51,106.23,166,Warehouse A - East,48,851
Building Blocks 500pc #01699,Toys & Games,90.6,108.67,378,Warehouse B - West,60,454
Computer Desk #01700,Furniture,25.45,54.24,324,Warehouse C - Central,73,641
Hiking Backpack #01701,Sports & Outdoors,172.87,255.77,422,Warehouse D - North,77,782
USB-C Hub #01702,Electronics,82.99,99.73,311,Warehouse A - East,22,591
Tent 4-Person #01703,Sports & Outdoors,187.82,323.13,11,Warehouse C - Central,33,964
Storage Ottoman #01704,Furniture,241.36,536.16,292,Warehouse B - West,43,510
Power Bank 20000mAh #01705,Electronics,144.19,207.71,478,Warehouse B - West,65,481
Aloe Vera Gel #01706,Health & Beauty,168.52,331.35,465,Warehouse C - Central,33,894
Hand Sanitizer 500ml #01707,Health & Beauty,102.98,121.03,212,Warehouse C - Central,26,481
Headlight Bulb Pair #01708,Automotive Parts,197.98,397.36,49,Warehouse A - East,38,430
Jump Rope #01709,Sports & Outdoors,17.8,27.39,364,Warehouse D - North,68,802
Stuffed Animal Bear #01710,Toys & Games,136.28,244.22,285,Warehouse C - Central,11,551
Camping Chair #01711,Sports & Outdoors,206.01,279.12,437,Warehouse B - West,73,415
Paint Roller Set #01712,Home & Garden,101.93,208.14,292,Warehouse D - North,20,846
File Folders 20pk #01713,Office Supplies,22.61,48.83,271,Warehouse C - Central,57,511
Hiking Backpack #01714,Sports & Outdoors,169.28,201.43,319,Warehouse C - Central,31,839
Science Kit #01715,Toys & Games,105.02,229.22,384,Warehouse D - North,46,769
Bottled Water Case #01716,Food & Beverage,230.45,305.99,310,Warehouse D - North,25,299
Mixed Nuts 500g #01717,Food & Beverage,248.05,476.38,91,Warehouse D - North,30,985
Tape Dispenser #01718,Office Supplies,89.3,128.95,461,Warehouse C - Central,45,527
Monitor Arm #01719,Furniture,221.42,541.66,390,Warehouse D - North,50,714
Bottled Water Case #01720,Food & Beverage,124.72,221.54,422,Warehouse B - West,67,360
Paint Roller Set #01721,Home & Garden,2.83,6.43,390,Warehouse B - West,69,871
Storage Ottoman #01722,Furniture,145.88,250.1,214,Warehouse A - East,62,393
Remote Control Car #01723,Toys & Games,36.37,72.26,41,Warehouse C - Central,62,223
Remote Control Car #01724,Toys & Games,43.28,86.32,350,Warehouse A - East,21,579
LEGO Technic Set #01725,Toys & Games,98.56,181.38,98,Warehouse C - Central,30,668
Protein Bars 12pk #01726,Food & Beverage,119.1,251.57,102,Warehouse C - Central,51,335
Ergonomic Office Chair #01727,Furniture,53.34,94.55,125,Warehouse B - West,66,447
Car Charger Dual USB #01728,Automotive Parts,161.06,359.97,428,Warehouse B - West,52,363
Coolant 4L #01729,Automotive Parts,240.69,279.03,16,Warehouse D - North,62,732
Garden Hose 30m #01730,Home & Garden,196.19,479.24,452,Warehouse A - East,78,323
Floor Mats Set #01731,Automotive Parts,207.28,255.1,415,Warehouse A - East,60,942
Headlamp LED #01732,Sports & Outdoors,179.72,330.79,332,Warehouse A - East,66,638
Bookshelf 5-Tier #01733,Furniture,212.07,460.87,296,Warehouse B - West,24,939
Headlamp LED #01734,Sports & Outdoors,164.82,221.13,124,Warehouse C - Central,71,415
Desk Lamp LED #01735,Furniture,161.22,201.52,460,Warehouse B - West,72,970
Vitamin C Tablets #01736,Health & Beauty,75.23,131.68,403,Warehouse C - Central,67,916
Card Game Set #01737,Toys & Games,149.42,325.4,75,Warehouse A - East,76,495
Energy Drinks 24pk #01738,Food & Beverage,141.76,299.63,157,Warehouse C - Central,30,781
Coolant 4L #01739,Automotive Parts,111.09,171.98,380,Warehouse C - Central,26,350
Paint Roller Set #01740,Home & Garden,159.92,189.95,108,Warehouse A - East,48,351
Vitamin C Tablets #01741,Health & Beauty,180.84,389.96,264,Warehouse B - West,61,688
Tent 4-Person #01742,Sports & Outdoors,40.66,93.56,160,Warehouse D - North,76,583
Spark Plugs 4pk #01743,Automotive Parts,43.94,81.69,89,Warehouse A - East,71,588
Desk Lamp LED #01744,Furniture,57.76,82.52,76,Warehouse A - East,45,823
Energy Drinks 24pk #01745,Food & Beverage,125.7,241.18,326,Warehouse B - West,11,964
Energy Drinks 24pk #01746,Food & Beverage,166.73,281.43,50,Warehouse A - East,52,719
Aloe Vera Gel #01747,Health & Beauty,240.49,551.42,275,Warehouse D - North,20,257
Chess Set Wooden #01748,Toys & Games,63.5,94.98,378,Warehouse B - West,33,906
Granola Bags #01749,Food & Beverage,179.91,249.99,311,Warehouse C - Central,44,765
Cable Management Tray #01750,Furniture,49.12,111.57,32,Warehouse C - Central,26,735
Webcam HD #01751,Electronics,58.44,113.41,297,Warehouse A - East,71,675
Printer Paper A4 #01752,Office Supplies,81.08,162.63,100,Warehouse D - North,71,319
Floating Shelf Set #01753,Furniture,50.95,95.9,110,Warehouse A - East,72,507
Science Kit #01754,Toys & Games,215.56,280.35,453,Warehouse B - West,66,996
LEGO Technic Set #01755,Toys & Games,154.37,272.61,0,Warehouse D - North,42,972
Card Game Set #01756,Toys & Games,124.17,172.39,259,Warehouse C - Central,71,726
Lip Balm Pack #01757,Health & Beauty,217.08,322.62,140,Warehouse D - North,74,516
Bookshelf 5-Tier #01758,Furniture,122.92,194.33,498,Warehouse D - North,75,681
Safety Vest Hi-Vis #01759,Clothing,18.26,31.65,155,Warehouse C - Central,22,653
Sticky Notes 8pk #01760,Office Supplies,50.01,64.85,118,Warehouse C - Central,37,514
Binoculars #01761,Sports & Outdoors,119.03,246.92,474,Warehouse B - West,36,784
Water Bottle 1L #01762,Sports & Outdoors,49.59,83.56,87,Warehouse B - West,30,824
Binoculars #01763,Sports & Outdoors,245.33,498.56,403,Warehouse C - Central,63,998
Dried Fruit Mix #01764,Food & Beverage,119.05,274.52,155,Warehouse C - Central,57,348
Cooler Box 40L #01765,Sports & Outdoors,89.78,193.57,230,Warehouse D - North,49,635
LED Bulb 4pk #01766,Home & Garden,191.03,323.89,495,Warehouse B - West,62,562
Car Battery #01767,Automotive Parts,6.83,14.35,106,Warehouse C - Central,42,501
Power Bank 20000mAh #01768,Electronics,108.02,179.99,285,Warehouse D - North,35,420
First Aid Kit #01769,Health & Beauty,20.46,27.96,370,Warehouse D - North,71,938
Wireless Charger #01770,Electronics,165.54,344.08,465,Warehouse C - Central,72,455
Drone Mini #01771,Toys & Games,95.0,122.26,327,Warehouse C - Central,53,482
Car Battery #01772,Automotive Parts,29.54,39.33,383,Warehouse D - North,19,532
Safety Vest Hi-Vis #01773,Clothing,148.27,285.42,287,Warehouse B - West,21,648
Sleeping Bag #01774,Sports & Outdoors,137.55,280.87,285,Warehouse A - East,77,498
Cargo Pants #01775,Clothing,217.94,456.36,378,Warehouse D - North,50,569
Protein Bars 12pk #01776,Food & Beverage,81.67,119.02,185,Warehouse C - Central,52,403
Insect Repellent #01777,Health & Beauty,187.42,221.39,61,Warehouse D - North,62,637
Motor Oil 5W-30 #01778,Automotive Parts,208.26,256.45,262,Warehouse D - North,57,216
Noise Cancelling Headphones #01779,Electronics,218.52,347.78,275,Warehouse C - Central,72,489
Cable Management Tray #01780,Furniture,20.74,26.43,285,Warehouse B - West,24,744
Ballpoint Pens 12pk #01781,Office Supplies,144.33,257.25,332,Warehouse A - East,34,969
Paint Roller Set #01782,Home & Garden,117.5,276.2,378,Warehouse C - Central,29,866
Bookshelf 5-Tier #01783,Furniture,162.66,261.68,270,Warehouse D - North,65,221
Card Game Set #01784,Toys & Games,3.58,8.12,9,Warehouse C - Central,11,430
Power Strip 6-Outlet #01785,Home & Garden,66.2,96.05,345,Warehouse D - North,51,745
Olive Oil 500ml #01786,Food & Beverage,231.49,545.36,366,Warehouse B - West,29,393
Dried Fruit Mix #01787,Food & Beverage,47.03,55.75,308,Warehouse B - West,15,998
File Folders 20pk #01788,Office Supplies,238.76,380.12,161,Warehouse B - West,39,873
Dried Fruit Mix #01789,Food & Beverage,42.5,105.73,119,Warehouse C - Central,37,990
Mechanical Keyboard #01790,Electronics,219.65,532.63,63,Warehouse D - North,58,226
Bottled Water Case #01791,Food & Beverage,14.21,24.75,101,Warehouse D - North,36,989
Building Blocks 500pc #01792,Toys & Games,25.03,34.7,467,Warehouse B - West,76,324
Green Tea Box #01793,Food & Beverage,235.29,505.84,183,Warehouse B - West,50,625
Green Tea Box #01794,Food & Beverage,200.35,327.73,130,Warehouse D - North,75,314
Wireless Mouse #01795,Electronics,96.25,165.26,492,Warehouse C - Central,22,563
First Aid Kit #01796,Health & Beauty,109.67,251.64,153,Warehouse A - East,39,918
Plant Pots Set #01797,Home & Garden,5.93,14.54,373,Warehouse B - West,51,246
Protein Bars 12pk #01798,Food & Beverage,142.02,187.85,79,Warehouse D - North,27,911
Wireless Mouse #01799,Electronics,149.86,214.79,378,Warehouse D - North,47,580
Fleece Hoodie #01800,Clothing,44.76,108.05,494,Warehouse B - West,29,959
Resistance Bands Set #01801,Sports & Outdoors,197.07,234.61,104,Warehouse C - Central,49,613
Insect Repellent #01802,Health & Beauty,81.63,180.19,169,Warehouse A - East,13,681
Fleece Hoodie #01803,Clothing,13.53,22.45,306,Warehouse B - West,77,373
Ergonomic Office Chair #01804,Furniture,88.47,128.34,214,Warehouse D - North,18,315
Jump Starter #01805,Automotive Parts,214.32,401.76,68,Warehouse D - North,10,518
Car Battery #01806,Automotive Parts,33.79,68.8,187,Warehouse D - North,22,689
Remote Control Car #01807,Toys & Games,33.21,61.27,412,Warehouse A - East,28,430
Cable Management Tray #01808,Furniture,102.15,239.78,53,Warehouse C - Central,41,431
Windbreaker #01809,Clothing,165.52,263.78,498,Warehouse C - Central,69,884
Cap Branded #01810,Clothing,106.66,217.87,296,Warehouse D - North,14,965
Wireless Charger #01811,Electronics,51.08,71.3,73,Warehouse B - West,14,443
Extension Cord 10m #01812,Home & Garden,4.9,8.82,439,Warehouse D - North,54,392
Wiper Blades Pair #01813,Automotive Parts,114.39,172.13,225,Warehouse C - Central,25,962
File Folders 20pk #01814,Office Supplies,85.64,201.67,130,Warehouse D - North,53,699
Monitor Arm #01815,Furniture,214.34,467.35,134,Warehouse C - Central,18,1000
Pressure Washer #01816,Home & Garden,8.3,15.63,48,Warehouse A - East,39,668
Computer Desk #01817,Furniture,178.75,236.04,177,Warehouse D - North,49,663
Ballpoint Pens 12pk #01818,Office Supplies,241.64,594.86,93,Warehouse B - West,60,723
Cargo Shorts #01819,Clothing,57.02,66.86,375,Warehouse B - West,55,738
Chess Set Wooden #01820,Toys & Games,132.21,294.87,185,Warehouse B - West,79,435
Water Bottle 1L #01821,Sports & Outdoors,26.83,36.85,324,Warehouse B - West,38,969
Envelopes 100pk #01822,Office Supplies,107.16,152.48,25,Warehouse D - North,61,503
Tape Dispenser #01823,Office Supplies,223.65,398.5,69,Warehouse A - East,48,200
Face Masks 50pk #01824,Health & Beauty,139.83,219.63,472,Warehouse D - North,18,260
Safety Vest Hi-Vis #01825,Clothing,121.27,165.7,497,Warehouse B - West,41,600
Lawn Fertilizer #01826,Home & Garden,148.67,220.86,179,Warehouse C - Central,19,431
Fleece Hoodie #01827,Clothing,32.62,70.09,483,Warehouse D - North,29,410
Cargo Shorts #01828,Clothing,70.32,111.96,326,Warehouse C - Central,25,733
Ballpoint Pens 12pk #01829,Office Supplies,193.37,378.6,118,Warehouse A - East,66,505
Desk Organizer #01830,Office Supplies,153.29,208.09,450,Warehouse A - East,53,478
Paint Roller Set #01831,Home & Garden,29.98,53.36,299,Warehouse D - North,31,926
Moisturizer Pump #01832,Health & Beauty,131.66,167.15,374,Warehouse D - North,56,447
Lawn Fertilizer #01833,Home & Garden,16.05,20.74,394,Warehouse C - Central,45,941
Thermometer Digital #01834,Health & Beauty,127.94,219.61,428,Warehouse A - East,42,565
USB-C Hub #01835,Electronics,178.85,322.91,299,Warehouse D - North,73,426
First Aid Kit #01836,Health & Beauty,249.33,564.85,249,Warehouse D - North,58,821
Smart Watch #01837,Electronics,28.73,65.55,329,Warehouse A - East,22,789
Filing Cabinet #01838,Furniture,91.45,188.21,462,Warehouse A - East,63,603
Tent 4-Person #01839,Sports & Outdoors,197.46,454.26,293,Warehouse D - North,76,238
Pressure Washer #01840,Home & Garden,227.2,327.54,92,Warehouse C - Central,13,845
Conference Table #01841,Furniture,230.33,514.23,373,Warehouse C - Central,68,459
Camping Chair #01842,Sports & Outdoors,243.45,361.7,228,Warehouse D - North,16,532
Sunscreen SPF50 #01843,Health & Beauty,53.93,118.14,280,Warehouse D - North,51,958
Water Bottle 1L #01844,Sports & Outdoors,211.49,487.8,170,Warehouse B - West,55,831
Foam Roller #01845,Sports & Outdoors,27.12,57.62,327,Warehouse D - North,61,520
Fleece Hoodie #01846,Clothing,52.13,120.19,248,Warehouse D - North,54,545
Water Bottle 1L #01847,Sports & Outdoors,239.91,380.43,57,Warehouse C - Central,34,795
Desk Organizer #01848,Office Supplies,161.29,249.98,286,Warehouse D - North,78,382
Rubik's Cube #01849,Toys & Games,20.83,26.58,364,Warehouse B - West,61,469
Binoculars #01850,Sports & Outdoors,89.74,119.32,197,Warehouse C - Central,23,953
Drone Mini #01851,Toys & Games,242.74,385.27,115,Warehouse B - West,66,241
Sticky Notes 8pk #01852,Office Supplies,167.55,254.61,253,Warehouse B - West,38,911
Mixed Nuts 500g #01853,Food & Beverage,111.21,249.73,74,Warehouse B - West,11,503
USB Flash Drive 64GB #01854,Electronics,153.83,350.92,212,Warehouse B - West,80,781
Power Strip 6-Outlet #01855,Home & Garden,212.28,410.59,321,Warehouse C - Central,59,964
Foam Roller #01856,Sports & Outdoors,108.97,178.94,473,Warehouse C - Central,40,527
Cable Management Tray #01857,Furniture,35.35,81.69,359,Warehouse B - West,41,751
Computer Desk #01858,Furniture,177.67,332.73,53,Warehouse C - Central,39,937
Binder Clips Assorted #01859,Office Supplies,117.39,226.01,27,Warehouse D - North,68,833
Headlight Bulb Pair #01860,Automotive Parts,110.17,268.46,87,Warehouse D - North,12,773
Label Maker #01861,Office Supplies,16.27,26.35,444,Warehouse C - Central,28,265
Cable Management Tray #01862,Furniture,70.47,105.02,459,Warehouse D - North,13,930
Hedge Trimmer #01863,Home & Garden,191.56,254.78,202,Warehouse D - North,37,877
Aloe Vera Gel #01864,Health & Beauty,174.91,273.09,119,Warehouse B - West,75,616
Label Maker #01865,Office Supplies,147.54,341.51,497,Warehouse C - Central,16,929
Building Blocks 500pc #01866,Toys & Games,194.11,241.84,32,Warehouse B - West,77,623
Mixed Nuts 500g #01867,Food & Beverage,244.99,537.64,91,Warehouse D - North,33,230
Desk Lamp LED #01868,Furniture,24.1,58.5,293,Warehouse D - North,59,617
Air Filter #01869,Automotive Parts,212.12,296.34,159,Warehouse D - North,55,381
Eye Drops #01870,Health & Beauty,24.5,36.79,102,Warehouse A - East,39,559
Hiking Backpack #01871,Sports & Outdoors,188.45,349.99,10,Warehouse A - East,17,770
Resistance Bands Set #01872,Sports & Outdoors,43.79,107.32,270,Warehouse C - Central,11,204
Paint Roller Set #01873,Home & Garden,8.86,21.02,288,Warehouse B - West,57,271
Dark Chocolate Box #01874,Food & Beverage,155.98,217.66,111,Warehouse B - West,54,299
Stuffed Animal Bear #01875,Toys & Games,144.35,339.72,361,Warehouse B - West,32,719
Motor Oil 5W-30 #01876,Automotive Parts,156.28,377.05,454,Warehouse C - Central,25,519
Desk Lamp LED #01877,Furniture,171.39,333.64,85,Warehouse B - West,22,709
Puzzle 1000pc #01878,Toys & Games,249.34,596.42,480,Warehouse D - North,68,874
Brake Pads Set #01879,Automotive Parts,167.84,207.85,126,Warehouse B - West,56,344
Wiper Blades Pair #01880,Automotive Parts,198.93,239.94,30,Warehouse A - East,71,875
Ballpoint Pens 12pk #01881,Office Supplies,166.55,263.61,269,Warehouse D - North,78,734
Label Maker #01882,Office Supplies,51.83,82.02,229,Warehouse D - North,35,499
Lawn Fertilizer #01883,Home & Garden,95.51,173.08,251,Warehouse D - North,23,529
Science Kit #01884,Toys & Games,77.86,193.84,394,Warehouse A - East,46,989
Printer Paper A4 #01885,Office Supplies,48.64,61.79,456,Warehouse C - Central,79,377
Noise Cancelling Headphones #01886,Electronics,8.93,21.92,197,Warehouse A - East,34,560
Hedge Trimmer #01887,Home & Garden,128.08,294.13,260,Warehouse A - East,57,897
Green Tea Box #01888,Food & Beverage,115.39,161.63,113,Warehouse B - West,50,274
Wiper Blades Pair #01889,Automotive Parts,143.64,284.06,23,Warehouse A - East,58,410
Hand Sanitizer 500ml #01890,Health & Beauty,226.29,461.73,468,Warehouse D - North,52,381
Energy Drinks 24pk #01891,Food & Beverage,229.56,388.56,79,Warehouse B - West,28,813
LEGO Technic Set #01892,Toys & Games,66.03,158.14,348,Warehouse C - Central,49,409
Hedge Trimmer #01893,Home & Garden,4.54,10.27,193,Warehouse D - North,45,394
Insect Repellent #01894,Health & Beauty,4.59,9.57,21,Warehouse B - West,67,331
Monitor Arm #01895,Furniture,30.37,41.44,405,Warehouse B - West,72,268
File Folders 20pk #01896,Office Supplies,43.51,93.51,489,Warehouse C - Central,60,491
Insect Repellent #01897,Health & Beauty,66.85,145.55,202,Warehouse D - North,35,288
Protein Bars 12pk #01898,Food & Beverage,130.52,156.39,245,Warehouse B - West,23,314
USB Flash Drive 64GB #01899,Electronics,98.24,124.06,355,Warehouse D - North,18,447
Stuffed Animal Bear #01900,Toys & Games,110.65,148.57,305,Warehouse B - West,15,878
Granola Bags #01901,Food & Beverage,80.84,155.04,485,Warehouse C - Central,29,549
Cap Branded #01902,Clothing,116.58,275.96,28,Warehouse B - West,60,589
Aloe Vera Gel #01903,Health & Beauty,17.79,24.88,99,Warehouse D - North,52,873
USB Flash Drive 64GB #01904,Electronics,111.25,254.61,308,Warehouse B - West,77,494
Rain Poncho #01905,Clothing,241.12,295.75,350,Warehouse A - East,18,619
Rubik's Cube #01906,Toys & Games,44.14,106.35,189,Warehouse A - East,14,346
Coffee Beans 1kg #01907,Food & Beverage,96.54,184.36,416,Warehouse A - East,59,987
Dark Chocolate Box #01908,Food & Beverage,10.73,20.24,10,Warehouse D - North,70,785
Thermometer Digital #01909,Health & Beauty,154.78,271.96,383,Warehouse D - North,40,899
Card Game Set #01910,Toys & Games,87.6,217.58,232,Warehouse D - North,71,356
File Folders 20pk #01911,Office Supplies,57.51,88.41,374,Warehouse C - Central,32,597
Cap Branded #01912,Clothing,185.52,321.48,153,Warehouse D - North,28,243
Hedge Trimmer #01913,Home & Garden,220.19,506.39,205,Warehouse C - Central,26,841
Bottled Water Case #01914,Food & Beverage,106.44,182.43,375,Warehouse D - North,67,654
Tire Pressure Gauge #01915,Automotive Parts,85.77,175.68,68,Warehouse B - West,77,410
Granola Bags #01916,Food & Beverage,49.36,69.73,447,Warehouse D - North,56,674
Tent 4-Person #01917,Sports & Outdoors,78.11,131.25,240,Warehouse D - North,23,755
Insect Repellent #01918,Health & Beauty,104.21,147.9,172,Warehouse D - North,80,360
Tape Dispenser #01919,Office Supplies,46.72,81.67,355,Warehouse B - West,36,595
Face Masks 50pk #01920,Health & Beauty,170.8,373.79,328,Warehouse B - West,61,788
Fleece Hoodie #01921,Clothing,80.49,119.26,378,Warehouse D - North,26,980
Sleeping Bag #01922,Sports & Outdoors,233.39,461.33,376,Warehouse A - East,14,892
Standing Desk #01923,Furniture,7.32,17.51,445,Warehouse A - East,16,539
Camping Chair #01924,Sports & Outdoors,52.35,70.85,109,Warehouse C - Central,49,267
Stuffed Animal Bear #01925,Toys & Games,146.7,332.74,243,Warehouse B - West,53,920
Lip Balm Pack #01926,Health & Beauty,27.17,51.86,461,Warehouse D - North,29,367
Computer Desk #01927,Furniture,227.74,387.86,287,Warehouse D - North,80,843
Face Masks 50pk #01928,Health & Beauty,212.3,315.62,58,Warehouse A - East,28,655
Mechanical Keyboard #01929,Electronics,220.3,393.96,244,Warehouse A - East,31,985
Rubik's Cube #01930,Toys & Games,246.97,404.84,225,Warehouse A - East,33,658
Spark Plugs 4pk #01931,Automotive Parts,142.56,334.38,43,Warehouse B - West,57,270
Thermal Underwear #01932,Clothing,76.43,128.51,76,Warehouse B - West,24,884
Foam Roller #01933,Sports & Outdoors,178.43,433.73,42,Warehouse D - North,55,817
Smart Watch #01934,Electronics,222.98,382.18,86,Warehouse B - West,56,458
Whiteboard Markers 6pk #01935,Office Supplies,245.55,582.14,12,Warehouse B - West,72,526
Tablet Stand #01936,Electronics,61.22,95.75,229,Warehouse A - East,65,545
Face Masks 50pk #01937,Health & Beauty,248.78,506.65,337,Warehouse A - East,20,540
Thermal Underwear #01938,Clothing,4.65,8.95,154,Warehouse D - North,58,404
Lawn Fertilizer #01939,Home & Garden,10.92,22.46,356,Warehouse C - Central,58,543
Tape Dispenser #01940,Office Supplies,102.98,165.99,482,Warehouse C - Central,54,936
Binder Clips Assorted #01941,Office Supplies,123.23,186.08,467,Warehouse A - East,67,887
Binoculars #01942,Sports & Outdoors,224.16,264.75,65,Warehouse A - East,23,448
Cap Branded #01943,Clothing,18.11,34.81,121,Warehouse A - East,21,277
Laptop Cooling Pad #01944,Electronics,202.13,469.89,316,Warehouse D - North,19,359
Tent 4-Person #01945,Sports & Outdoors,28.25,37.14,360,Warehouse A - East,27,404
Cargo Pants #01946,Clothing,180.13,229.42,221,Warehouse A - East,39,415
Storage Ottoman #01947,Furniture,81.46,151.89,243,Warehouse D - North,35,925
Rubik's Cube #01948,Toys & Games,48.14,74.08,346,Warehouse B - West,17,653
Printer Paper A4 #01949,Office Supplies,21.73,53.57,134,Warehouse B - West,28,755
Cable Management Tray #01950,Furniture,190.89,268.02,434,Warehouse B - West,51,974
Fleece Hoodie #01951,Clothing,159.55,311.06,307,Warehouse C - Central,62,718
Bottled Water Case #01952,Food & Beverage,64.24,103.77,123,Warehouse C - Central,77,207
Sunscreen SPF50 #01953,Health & Beauty,18.03,22.26,176,Warehouse D - North,17,834
Monitor Arm #01954,Furniture,191.58,405.53,6,Warehouse C - Central,21,526
LEGO Technic Set #01955,Toys & Games,239.91,460.25,372,Warehouse C - Central,50,661
Tire Pressure Gauge #01956,Automotive Parts,125.92,274.58,160,Warehouse B - West,79,962
Olive Oil 500ml #01957,Food & Beverage,44.3,92.26,209,Warehouse C - Central,69,672
Plant Pots Set #01958,Home & Garden,217.43,386.36,78,Warehouse D - North,28,955
LED Bulb 4pk #01959,Home & Garden,218.59,483.99,195,Warehouse C - Central,29,609
HDMI Cable 2m #01960,Electronics,198.26,405.12,88,Warehouse B - West,29,807
Green Tea Box #01961,Food & Beverage,6.06,10.83,138,Warehouse A - East,53,402
Jump Starter #01962,Automotive Parts,41.26,93.67,437,Warehouse B - West,80,484
Instant Oatmeal Pack #01963,Food & Beverage,152.49,278.12,222,Warehouse A - East,30,699
Resistance Bands Set #01964,Sports & Outdoors,18.59,29.49,244,Warehouse B - West,47,344
Stapler Heavy Duty #01965,Office Supplies,201.3,344.64,6,Warehouse B - West,49,846
Tent 4-Person #01966,Sports & Outdoors,79.03,156.87,313,Warehouse B - West,25,813
Whiteboard Markers 6pk #01967,Office Supplies,86.59,143.22,352,Warehouse D - North,26,578
Ergonomic Office Chair #01968,Furniture,112.88,193.36,107,Warehouse B - West,51,904
Tent 4-Person #01969,Sports & Outdoors,229.1,564.25,402,Warehouse C - Central,45,768
Stuffed Animal Bear #01970,Toys & Games,175.19,414.76,494,Warehouse B - West,51,1000
Drone Mini #01971,Toys & Games,60.78,137.15,250,Warehouse C - Central,70,219
Ballpoint Pens 12pk #01972,Office Supplies,97.27,131.34,164,Warehouse D - North,20,741
Headlight Bulb Pair #01973,Automotive Parts,225.31,547.2,372,Warehouse D - North,44,268
Tool Kit 50pc #01974,Home & Garden,198.24,301.9,73,Warehouse A - East,56,996
Wiper Blades Pair #01975,Automotive Parts,57.39,66.24,182,Warehouse B - West,71,775
Vitamin C Tablets #01976,Health & Beauty,122.21,192.37,452,Warehouse B - West,78,404
Drone Mini #01977,Toys & Games,31.85,68.16,376,Warehouse C - Central,34,736
Bottled Water Case #01978,Food & Beverage,106.9,241.07,5,Warehouse B - West,48,467
Winter Jacket #01979,Clothing,8.27,16.79,390,Warehouse C - Central,63,280
Air Filter #01980,Automotive Parts,112.78,187.86,80,Warehouse C - Central,66,976
Conference Table #01981,Furniture,115.07,163.05,310,Warehouse B - West,68,491
Puzzle 1000pc #01982,Toys & Games,82.06,96.25,26,Warehouse D - North,51,765
Water Bottle 1L #01983,Sports & Outdoors,80.19,170.22,281,Warehouse D - North,13,843
Headlamp LED #01984,Sports & Outdoors,46.14,91.25,389,Warehouse C - Central,14,859
Sleeping Bag #01985,Sports & Outdoors,189.61,228.13,261,Warehouse B - West,17,940
Brake Pads Set #01986,Automotive Parts,231.88,310.46,52,Warehouse B - West,76,367
Desk Lamp LED #01987,Furniture,243.14,390.61,211,Warehouse A - East,53,968
Jump Starter #01988,Automotive Parts,137.19,254.94,328,Warehouse B - West,60,911
Ballpoint Pens 12pk #01989,Office Supplies,203.96,358.05,59,Warehouse B - West,43,432
Tablet Stand #01990,Electronics,171.51,202.85,329,Warehouse A - East,38,690
Webcam HD #01991,Electronics,190.11,462.43,488,Warehouse C - Central,27,712
Headlamp LED #01992,Sports & Outdoors,189.48,389.35,9,Warehouse C - Central,75,983
Motor Oil 5W-30 #01993,Automotive Parts,168.07,351.45,281,Warehouse B - West,18,241
Board Game Classic #01994,Toys & Games,53.79,104.17,3,Warehouse A - East,54,918
Stuffed Animal Bear #01995,Toys & Games,128.27,291.07,203,Warehouse A - East,37,355
Card Game Set #01996,Toys & Games,67.88,112.36,198,Warehouse C - Central,30,406
Jump Rope #01997,Sports & Outdoors,83.11,124.79,61,Warehouse A - East,46,662
Headlight Bulb Pair #01998,Automotive Parts,242.0,497.79,394,Warehouse B - West,61,409
Ergonomic Office Chair #01999,Furniture,98.09,126.94,477,Warehouse C - Central,36,404
Olive Oil 500ml #02000,Food & Beverage,204.83,335.36,27,Warehouse C - Central,39,780
Honey Jar #02001,Food & Beverage,7.91,9.23,424,Warehouse B - West,33,541
Coolant 4L #02002,Automotive Parts,98.37,156.6,200,Warehouse D - North,31,703
Envelopes 100pk #02003,Office Supplies,72.76,180.6,438,Warehouse A - East,41,279
USB Flash Drive 64GB #02004,Electronics,9.74,11.86,5,Warehouse C - Central,45,200
Jump Starter #02005,Automotive Parts,182.73,447.26,49,Warehouse B - West,16,576
Bottled Water Case #02006,Food & Beverage,185.98,307.48,143,Warehouse A - East,63,869
Hand Sanitizer 500ml #02007,Health & Beauty,224.83,350.23,134,Warehouse A - East,68,409
Monitor Light Bar #02008,Electronics,232.9,417.66,7,Warehouse B - West,24,288
Headlight Bulb Pair #02009,Automotive Parts,174.34,264.78,11,Warehouse B - West,71,264
Green Tea Box #02010,Food & Beverage,100.59,166.93,19,Warehouse D - North,73,642
Power Strip 6-Outlet #02011,Home & Garden,243.28,469.2,22,Warehouse C - Central,18,988
Face Masks 50pk #02012,Health & Beauty,120.83,269.77,12,Warehouse B - West,44,392
Motor Oil 5W-30 #02013,Automotive Parts,248.97,301.15,288,Warehouse D - North,65,772
Granola Bags #02014,Food & Beverage,212.42,257.85,186,Warehouse C - Central,21,812
Floor Mats Set #02015,Automotive Parts,137.06,226.69,461,Warehouse B - West,57,943
Cooler Box 40L #02016,Sports & Outdoors,160.55,272.85,297,Warehouse D - North,61,581
Foam Roller #02017,Sports & Outdoors,38.61,79.46,455,Warehouse D - North,73,891
Headlamp LED #02018,Sports & Outdoors,23.44,34.97,70,Warehouse D - North,52,567
Car Charger Dual USB #02019,Automotive Parts,215.73,295.93,21,Warehouse B - West,53,718
Stuffed Animal Bear #02020,Toys & Games,135.97,309.09,81,Warehouse D - North,27,410
Storage Ottoman #02021,Furniture,220.42,548.22,278,Warehouse A - East,15,732
Board Game Classic #02022,Toys & Games,65.17,123.37,482,Warehouse B - West,31,957
Hiking Backpack #02023,Sports & Outdoors,31.0,66.28,408,Warehouse D - North,57,761
Label Maker #02024,Office Supplies,205.2,296.67,179,Warehouse A - East,62,904
Dark Chocolate Box #02025,Food & Beverage,161.69,219.93,355,Warehouse A - East,34,933
Ballpoint Pens 12pk #02026,Office Supplies,124.81,297.85,355,Warehouse D - North,49,447
Moisturizer Pump #02027,Health & Beauty,136.41,174.66,417,Warehouse A - East,34,224
Bluetooth Speaker #02028,Electronics,32.03,44.86,397,Warehouse C - Central,19,268
Brake Pads Set #02029,Automotive Parts,106.64,174.11,206,Warehouse C - Central,11,914
Headlamp LED #02030,Sports & Outdoors,94.98,148.18,317,Warehouse A - East,71,850
Motor Oil 5W-30 #02031,Automotive Parts,126.0,204.69,130,Warehouse A - East,70,592
Hedge Trimmer #02032,Home & Garden,147.61,345.24,485,Warehouse D - North,72,227
SSD 1TB External #02033,Electronics,190.24,241.08,129,Warehouse A - East,79,294
Granola Bags #02034,Food & Beverage,208.0,416.47,48,Warehouse C - Central,68,588
Olive Oil 500ml #02035,Food & Beverage,246.03,294.34,158,Warehouse D - North,80,995
Olive Oil 500ml #02036,Food & Beverage,103.83,120.85,65,Warehouse D - North,13,718
Computer Desk #02037,Furniture,46.95,71.41,289,Warehouse A - East,59,748
Insect Repellent #02038,Health & Beauty,31.18,57.61,89,Warehouse B - West,67,500
Bluetooth Speaker #02039,Electronics,151.08,260.78,351,Warehouse B - West,29,278
Floor Mats Set #02040,Automotive Parts,63.76,106.66,381,Warehouse D - North,32,991
Bluetooth Speaker #02041,Electronics,47.3,76.11,349,Warehouse D - North,73,434
Standing Desk #02042,Furniture,42.78,56.82,484,Warehouse D - North,13,648
Cooler Box 40L #02043,Sports & Outdoors,108.63,228.81,459,Warehouse A - East,57,850
Plant Pots Set #02044,Home & Garden,10.32,17.95,359,Warehouse A - East,64,268
Conference Table #02045,Furniture,219.69,449.78,243,Warehouse B - West,61,719
Cargo Pants #02046,Clothing,7.98,10.11,95,Warehouse C - Central,35,656
Whiteboard Markers 6pk #02047,Office Supplies,120.51,296.54,336,Warehouse D - North,33,796
Computer Desk #02048,Furniture,11.86,16.88,153,Warehouse D - North,27,964
Power Bank 20000mAh #02049,Electronics,16.88,37.37,57,Warehouse C - Central,77,881
Chess Set Wooden #02050,Toys & Games,4.2,9.82,70,Warehouse D - North,50,449
Mixed Nuts 500g #02051,Food & Beverage,166.68,299.3,109,Warehouse D - North,22,376
Label Maker #02052,Office Supplies,157.5,363.7,36,Warehouse B - West,28,883
Sticky Notes 8pk #02053,Office Supplies,215.57,267.69,262,Warehouse B - West,19,779
Dark Chocolate Box #02054,Food & Beverage,188.85,431.28,185,Warehouse D - North,38,468
Wireless Charger #02055,Electronics,109.1,253.7,399,Warehouse B - West,60,228
Headlamp LED #02056,Sports & Outdoors,113.56,258.81,115,Warehouse D - North,26,690
Work Boots #02057,Clothing,150.55,231.59,395,Warehouse A - East,19,643
Garden Hose 30m #02058,Home & Garden,141.3,296.88,397,Warehouse A - East,28,991
Foam Roller #02059,Sports & Outdoors,99.53,176.87,413,Warehouse C - Central,53,510
Eye Drops #02060,Health & Beauty,128.84,215.32,446,Warehouse C - Central,27,680
Cable Management Tray #02061,Furniture,123.44,199.02,264,Warehouse C - Central,18,457
Lip Balm Pack #02062,Health & Beauty,149.42,217.79,474,Warehouse B - West,51,445
Foam Roller #02063,Sports & Outdoors,49.58,79.44,346,Warehouse C - Central,62,485
Science Kit #02064,Toys & Games,168.08,236.03,313,Warehouse C - Central,27,988
Dark Chocolate Box #02065,Food & Beverage,172.12,363.52,283,Warehouse D - North,51,409
Chess Set Wooden #02066,Toys & Games,45.01,95.79,448,Warehouse B - West,47,853
Olive Oil 500ml #02067,Food & Beverage,197.91,449.46,93,Warehouse B - West,73,583
Plant Pots Set #02068,Home & Garden,179.83,433.18,235,Warehouse B - West,78,549
Insect Repellent #02069,Health & Beauty,19.87,26.19,192,Warehouse A - East,80,602
Filing Cabinet #02070,Furniture,203.37,303.83,253,Warehouse C - Central,68,763
Envelopes 100pk #02071,Office Supplies,106.28,160.34,218,Warehouse A - East,72,809
Jump Starter #02072,Automotive Parts,97.95,128.44,92,Warehouse A - East,25,570
USB Flash Drive 64GB #02073,Electronics,19.43,25.16,274,Warehouse A - East,44,330
Tool Kit 50pc #02074,Home & Garden,11.9,24.29,30,Warehouse C - Central,11,314
Rubik's Cube #02075,Toys & Games,70.74,122.4,118,Warehouse C - Central,38,833
File Folders 20pk #02076,Office Supplies,210.51,285.2,283,Warehouse B - West,50,980
Fleece Hoodie #02077,Clothing,52.38,103.82,488,Warehouse C - Central,30,293
Brake Pads Set #02078,Automotive Parts,25.73,58.95,113,Warehouse B - West,40,670
Work Boots #02079,Clothing,71.31,82.31,343,Warehouse D - North,49,645
Wiper Blades Pair #02080,Automotive Parts,59.58,136.67,209,Warehouse B - West,66,653
Outdoor Solar Lights #02081,Home & Garden,188.17,222.24,391,Warehouse D - North,44,410
Sprinkler System #02082,Home & Garden,86.89,102.35,259,Warehouse B - West,59,652
Water Bottle 1L #02083,Sports & Outdoors,176.46,346.09,357,Warehouse D - North,58,372
Mixed Nuts 500g #02084,Food & Beverage,79.92,135.62,127,Warehouse D - North,47,436
Art Supplies Box #02085,Toys & Games,240.24,498.92,288,Warehouse A - East,41,860
Coolant 4L #02086,Automotive Parts,200.42,335.7,176,Warehouse A - East,56,590
Jump Starter #02087,Automotive Parts,181.6,431.74,45,Warehouse C - Central,65,461
Dried Fruit Mix #02088,Food & Beverage,92.92,231.94,245,Warehouse B - West,30,372
LEGO Technic Set #02089,Toys & Games,130.26,243.16,100,Warehouse C - Central,14,590
Wireless Charger #02090,Electronics,58.69,123.52,81,Warehouse A - East,21,830
First Aid Kit #02091,Health & Beauty,132.26,197.66,76,Warehouse D - North,47,345
Sunscreen SPF50 #02092,Health & Beauty,58.81,92.37,266,Warehouse A - East,18,437
Board Game Classic #02093,Toys & Games,144.01,317.86,446,Warehouse D - North,32,495
Power Strip 6-Outlet #02094,Home & Garden,60.59,135.75,100,Warehouse A - East,19,268
Sunscreen SPF50 #02095,Health & Beauty,134.42,295.96,283,Warehouse B - West,57,940
Rain Poncho #02096,Clothing,233.17,345.47,4,Warehouse C - Central,51,375
Printer Paper A4 #02097,Office Supplies,126.23,297.65,201,Warehouse A - East,27,371
Air Filter #02098,Automotive Parts,211.94,312.95,311,Warehouse C - Central,57,787
Wiper Blades Pair #02099,Automotive Parts,114.83,242.15,365,Warehouse A - East,41,365
Storage Ottoman #02100,Furniture,35.7,54.9,270,Warehouse D - North,72,893
Scissors 3pk #02101,Office Supplies,182.11,427.93,238,Warehouse D - North,76,562
Aloe Vera Gel #02102,Health & Beauty,234.34,322.29,439,Warehouse A - East,73,329
Green Tea Box #02103,Food & Beverage,150.75,248.15,152,Warehouse D - North,24,818
Lawn Fertilizer #02104,Home & Garden,76.28,90.18,249,Warehouse A - East,35,968
Bottled Water Case #02105,Food & Beverage,194.22,420.09,230,Warehouse C - Central,27,864
Tool Kit 50pc #02106,Home & Garden,37.29,88.22,462,Warehouse D - North,66,458
Plant Pots Set #02107,Home & Garden,178.8,295.31,104,Warehouse D - North,69,333
Webcam HD #02108,Electronics,237.04,559.65,472,Warehouse C - Central,22,502
Power Bank 20000mAh #02109,Electronics,117.34,196.18,334,Warehouse C - Central,65,279
Binoculars #02110,Sports & Outdoors,138.8,167.21,444,Warehouse C - Central,71,269
Jump Rope #02111,Sports & Outdoors,78.96,144.82,5,Warehouse C - Central,22,349
Wireless Mouse #02112,Electronics,128.36,256.9,190,Warehouse D - North,13,659
Sleeping Bag #02113,Sports & Outdoors,116.15,231.07,145,Warehouse A - East,57,252
Floor Mats Set #02114,Automotive Parts,109.49,201.88,341,Warehouse A - East,80,946
Fleece Hoodie #02115,Clothing,83.88,177.34,374,Warehouse B - West,44,347
Green Tea Box #02116,Food & Beverage,154.98,235.92,112,Warehouse C - Central,15,245
Mechanical Keyboard #02117,Electronics,50.23,96.37,213,Warehouse C - Central,29,637
Coffee Beans 1kg #02118,Food & Beverage,247.77,339.59,19,Warehouse D - North,43,944
Filing Cabinet #02119,Furniture,118.14,292.35,473,Warehouse A - East,73,316
Tire Pressure Gauge #02120,Automotive Parts,154.97,383.13,435,Warehouse C - Central,70,464
Binoculars #02121,Sports & Outdoors,40.59,84.05,366,Warehouse C - Central,76,898
Remote Control Car #02122,Toys & Games,58.1,68.56,247,Warehouse C - Central,44,536
Coolant 4L #02123,Automotive Parts,247.85,302.19,302,Warehouse A - East,48,463
Rain Poncho #02124,Clothing,57.46,126.85,450,Warehouse B - West,41,675
Cable Management Tray #02125,Furniture,136.47,223.82,380,Warehouse C - Central,61,629
First Aid Kit #02126,Health & Beauty,62.14,123.73,485,Warehouse C - Central,18,993
HDMI Cable 2m #02127,Electronics,102.67,177.97,212,Warehouse C - Central,70,231
Resistance Bands Set #02128,Sports & Outdoors,78.39,141.64,251,Warehouse B - West,60,802
Lawn Fertilizer #02129,Home & Garden,212.66,326.8,312,Warehouse B - West,31,544
Stuffed Animal Bear #02130,Toys & Games,149.17,343.36,51,Warehouse A - East,20,284
Rain Poncho #02131,Clothing,108.28,255.58,478,Warehouse A - East,29,252
Air Filter #02132,Automotive Parts,10.11,15.6,431,Warehouse C - Central,56,895
Building Blocks 500pc #02133,Toys & Games,12.03,28.34,169,Warehouse A - East,22,239
Smart Watch #02134,Electronics,2.05,4.91,404,Warehouse D - North,31,600
Conference Table #02135,Furniture,149.16,295.46,269,Warehouse C - Central,19,827
Cargo Pants #02136,Clothing,116.66,268.4,80,Warehouse D - North,75,298
Remote Control Car #02137,Toys & Games,172.88,206.29,436,Warehouse B - West,53,880
Floor Mats Set #02138,Automotive Parts,90.97,167.11,150,Warehouse B - West,61,628
Thermometer Digital #02139,Health & Beauty,83.0,122.42,76,Warehouse A - East,29,237
Smart Watch #02140,Electronics,219.04,295.57,229,Warehouse A - East,26,352
Vitamin C Tablets #02141,Health & Beauty,172.56,333.39,367,Warehouse D - North,71,645
Monitor Arm #02142,Furniture,167.73,344.97,373,Warehouse B - West,48,926
Spark Plugs 4pk #02143,Automotive Parts,10.39,14.14,98,Warehouse A - East,54,267
USB Flash Drive 64GB #02144,Electronics,213.56,318.3,95,Warehouse D - North,73,674
Hiking Backpack #02145,Sports & Outdoors,34.96,55.63,494,Warehouse C - Central,64,874
Rubik's Cube #02146,Toys & Games,47.62,110.64,84,Warehouse A - East,42,625
Tire Pressure Gauge #02147,Automotive Parts,38.75,90.82,122,Warehouse D - North,75,818
Moisturizer Pump #02148,Health & Beauty,180.75,309.83,394,Warehouse C - Central,11,846
Sleeping Bag #02149,Sports & Outdoors,94.51,109.04,247,Warehouse B - West,74,406
Cap Branded #02150,Clothing,170.73,394.04,380,Warehouse D - North,74,480
Envelopes 100pk #02151,Office Supplies,153.89,304.16,222,Warehouse C - Central,15,665
Stapler Heavy Duty #02152,Office Supplies,13.04,20.85,208,Warehouse D - North,18,685
Headlight Bulb Pair #02153,Automotive Parts,143.83,344.64,427,Warehouse C - Central,38,660
Thermometer Digital #02154,Health & Beauty,213.34,480.57,342,Warehouse C - Central,42,604
Noise Cancelling Headphones #02155,Electronics,58.85,85.3,420,Warehouse D - North,67,444
HDMI Cable 2m #02156,Electronics,13.85,17.35,411,Warehouse D - North,45,748
Noise Cancelling Headphones #02157,Electronics,217.4,465.06,392,Warehouse A - East,49,987
Headlight Bulb Pair #02158,Automotive Parts,54.93,112.21,147,Warehouse D - North,24,440
Desk Organizer #02159,Office Supplies,83.49,157.45,102,Warehouse D - North,11,901
Desk Lamp LED #02160,Furniture,162.42,394.34,10,Warehouse C - Central,22,332
Cargo Shorts #02161,Clothing,74.49,111.52,82,Warehouse B - West,64,408
Resistance Bands Set #02162,Sports & Outdoors,191.74,295.25,277,Warehouse A - East,80,854
Bookshelf 5-Tier #02163,Furniture,218.56,503.04,1,Warehouse C - Central,40,267
Cargo Pants #02164,Clothing,191.7,307.81,256,Warehouse A - East,78,676
Spark Plugs 4pk #02165,Automotive Parts,154.36,341.2,182,Warehouse B - West,21,561
Tool Kit 50pc #02166,Home & Garden,137.24,204.2,9,Warehouse B - West,21,264
Cap Branded #02167,Clothing,41.76,93.98,273,Warehouse C - Central,34,690
Power Bank 20000mAh #02168,Electronics,213.67,474.37,221,Warehouse D - North,23,724
Protein Bars 12pk #02169,Food & Beverage,49.16,98.84,396,Warehouse B - West,18,962
Car Charger Dual USB #02170,Automotive Parts,193.17,323.14,328,Warehouse A - East,57,403
SSD 1TB External #02171,Electronics,48.64,93.43,8,Warehouse C - Central,57,864
Hedge Trimmer #02172,Home & Garden,209.7,515.64,441,Warehouse B - West,69,287
Drafting Chair #02173,Furniture,131.09,286.34,303,Warehouse D - North,27,684
Scissors 3pk #02174,Office Supplies,182.02,293.04,319,Warehouse C - Central,14,853
Dried Fruit Mix #02175,Food & Beverage,135.2,233.17,19,Warehouse C - Central,23,256
Windbreaker #02176,Clothing,66.05,109.8,78,Warehouse D - North,45,548
Computer Desk #02177,Furniture,92.22,168.09,378,Warehouse A - East,48,616
Bluetooth Speaker #02178,Electronics,83.28,175.8,445,Warehouse A - East,27,737
Resistance Bands Set #02179,Sports & Outdoors,25.6,38.57,170,Warehouse B - West,50,326
Remote Control Car #02180,Toys & Games,146.39,183.93,25,Warehouse A - East,45,518
Envelopes 100pk #02181,Office Supplies,217.83,411.09,464,Warehouse C - Central,80,873
Storage Ottoman #02182,Furniture,188.57,227.23,470,Warehouse C - Central,63,295
Face Masks 50pk #02183,Health & Beauty,14.91,18.53,485,Warehouse D - North,10,309
SSD 1TB External #02184,Electronics,202.76,344.3,54,Warehouse B - West,43,362
Desk Lamp LED #02185,Furniture,43.76,88.63,291,Warehouse A - East,23,845
Wiper Blades Pair #02186,Automotive Parts,182.73,241.39,377,Warehouse D - North,75,444
Tablet Stand #02187,Electronics,131.7,200.05,406,Warehouse B - West,34,704
HDMI Cable 2m #02188,Electronics,54.33,111.39,98,Warehouse C - Central,77,499
Fleece Hoodie #02189,Clothing,243.48,415.28,296,Warehouse B - West,46,475
Building Blocks 500pc #02190,Toys & Games,177.31,264.95,309,Warehouse A - East,73,201
Outdoor Solar Lights #02191,Home & Garden,49.41,73.69,65,Warehouse A - East,33,856
Protein Bars 12pk #02192,Food & Beverage,178.34,260.67,127,Warehouse A - East,15,948
Power Strip 6-Outlet #02193,Home & Garden,241.37,367.69,57,Warehouse B - West,10,867
Cable Management Tray #02194,Furniture,5.41,7.0,105,Warehouse B - West,67,347
Desk Lamp LED #02195,Furniture,82.63,140.89,337,Warehouse C - Central,76,896
Spark Plugs 4pk #02196,Automotive Parts,51.98,104.34,105,Warehouse B - West,59,561
Instant Oatmeal Pack #02197,Food & Beverage,123.25,187.31,25,Warehouse D - North,42,203
Air Filter #02198,Automotive Parts,17.23,40.49,30,Warehouse C - Central,68,736
Bottled Water Case #02199,Food & Beverage,29.38,45.18,145,Warehouse D - North,45,381
SSD 1TB External #02200,Electronics,196.85,367.12,300,Warehouse C - Central,68,556
Instant Oatmeal Pack #02201,Food & Beverage,51.83,120.05,429,Warehouse C - Central,71,599
Cotton T-Shirt Pack #02202,Clothing,56.7,134.46,8,Warehouse D - North,40,860
Tool Kit 50pc #02203,Home & Garden,246.65,467.37,328,Warehouse C - Central,28,312
Binoculars #02204,Sports & Outdoors,65.19,83.67,441,Warehouse D - North,76,517
USB-C Hub #02205,Electronics,142.65,334.44,123,Warehouse B - West,46,458
Envelopes 100pk #02206,Office Supplies,144.45,346.39,471,Warehouse D - North,33,842
Printer Paper A4 #02207,Office Supplies,38.98,45.86,393,Warehouse C - Central,80,629
SSD 1TB External #02208,Electronics,49.97,64.78,156,Warehouse C - Central,64,457
Remote Control Car #02209,Toys & Games,157.95,324.47,491,Warehouse D - North,55,298
Headlight Bulb Pair #02210,Automotive Parts,50.67,75.02,23,Warehouse D - North,53,565
Honey Jar #02211,Food & Beverage,84.69,123.41,490,Warehouse A - East,12,906
Drafting Chair #02212,Furniture,224.19,327.82,443,Warehouse D - North,15,409
Sprinkler System #02213,Home & Garden,249.0,310.76,348,Warehouse B - West,80,651
Granola Bags #02214,Food & Beverage,55.2,91.12,18,Warehouse D - North,42,211
Conference Table #02215,Furniture,161.47,379.65,457,Warehouse C - Central,36,295
Olive Oil 500ml #02216,Food & Beverage,31.46,70.39,405,Warehouse B - West,78,964
SSD 1TB External #02217,Electronics,172.87,325.07,336,Warehouse B - West,10,701
Extension Cord 10m #02218,Home & Garden,26.82,49.08,117,Warehouse D - North,45,200
Camping Chair #02219,Sports & Outdoors,188.83,358.96,84,Warehouse A - East,13,956
Board Game Classic #02220,Toys & Games,167.49,236.15,421,Warehouse A - East,30,439
Work Boots #02221,Clothing,207.16,293.51,151,Warehouse D - North,68,262
Olive Oil 500ml #02222,Food & Beverage,35.36,46.29,467,Warehouse C - Central,36,575
Power Strip 6-Outlet #02223,Home & Garden,172.6,392.73,81,Warehouse A - East,70,587
Cap Branded #02224,Clothing,10.71,14.85,431,Warehouse A - East,63,311
Work Boots #02225,Clothing,20.16,34.48,222,Warehouse B - West,39,916
Face Masks 50pk #02226,Health & Beauty,131.02,248.84,346,Warehouse C - Central,77,805
Air Filter #02227,Automotive Parts,207.54,405.17,338,Warehouse D - North,37,659
Thermal Underwear #02228,Clothing,209.5,366.8,161,Warehouse B - West,43,820
Webcam HD #02229,Electronics,102.64,170.07,274,Warehouse A - East,69,293
Polo Shirt #02230,Clothing,58.97,123.56,486,Warehouse D - North,24,773
Pressure Washer #02231,Home & Garden,146.0,313.28,69,Warehouse B - West,16,730
Binder Clips Assorted #02232,Office Supplies,200.14,295.14,25,Warehouse A - East,75,821
Honey Jar #02233,Food & Beverage,138.96,223.42,275,Warehouse C - Central,21,465
Binoculars #02234,Sports & Outdoors,35.77,49.75,218,Warehouse B - West,72,410
Granola Bags #02235,Food & Beverage,159.79,295.49,319,Warehouse D - North,66,273
Ballpoint Pens 12pk #02236,Office Supplies,184.96,293.07,84,Warehouse A - East,45,545
Wireless Charger #02237,Electronics,4.86,5.77,340,Warehouse A - East,13,940
Desk Lamp LED #02238,Furniture,42.9,92.32,326,Warehouse B - West,20,284
Brake Pads Set #02239,Automotive Parts,110.87,261.35,331,Warehouse A - East,57,258
Cap Branded #02240,Clothing,79.59,163.75,406,Warehouse C - Central,74,861
Lip Balm Pack #02241,Health & Beauty,41.5,78.3,75,Warehouse C - Central,79,688
Car Charger Dual USB #02242,Automotive Parts,227.74,285.45,89,Warehouse A - East,46,713
Headlamp LED #02243,Sports & Outdoors,118.28,217.0,239,Warehouse A - East,13,245
Tablet Stand #02244,Electronics,66.8,98.97,176,Warehouse C - Central,53,290
Whiteboard Markers 6pk #02245,Office Supplies,133.45,226.46,288,Warehouse D - North,25,441
Winter Jacket #02246,Clothing,128.9,320.63,189,Warehouse C - Central,16,574
Thermal Underwear #02247,Clothing,95.08,114.72,365,Warehouse D - North,15,840
HDMI Cable 2m #02248,Electronics,53.56,91.25,438,Warehouse C - Central,68,832
Wireless Charger #02249,Electronics,156.85,315.1,480,Warehouse B - West,77,389
Ergonomic Office Chair #02250,Furniture,68.42,83.02,62,Warehouse A - East,60,458
Scissors 3pk #02251,Office Supplies,185.15,278.31,375,Warehouse B - West,43,859
Stapler Heavy Duty #02252,Office Supplies,125.61,302.31,264,Warehouse B - West,34,587
Label Maker #02253,Office Supplies,17.91,27.07,79,Warehouse D - North,18,344
LEGO Technic Set #02254,Toys & Games,75.2,103.83,292,Warehouse C - Central,49,617
Polo Shirt #02255,Clothing,62.19,106.76,367,Warehouse D - North,26,577
Green Tea Box #02256,Food & Beverage,78.78,173.37,42,Warehouse D - North,69,241
Thermometer Digital #02257,Health & Beauty,98.69,160.75,384,Warehouse C - Central,57,975
Mechanical Keyboard #02258,Electronics,102.01,148.86,345,Warehouse B - West,57,548
Moisturizer Pump #02259,Health & Beauty,239.89,571.04,11,Warehouse D - North,20,681
Bandages Assorted #02260,Health & Beauty,198.44,459.42,262,Warehouse A - East,77,717
Granola Bags #02261,Food & Beverage,29.02,42.83,357,Warehouse B - West,74,731
Vitamin C Tablets #02262,Health & Beauty,181.92,242.18,312,Warehouse C - Central,17,889
Bluetooth Speaker #02263,Electronics,172.33,211.56,436,Warehouse B - West,47,444
Mixed Nuts 500g #02264,Food & Beverage,242.49,548.59,99,Warehouse C - Central,77,463
Storage Ottoman #02265,Furniture,182.66,408.99,412,Warehouse A - East,23,292
Art Supplies Box #02266,Toys & Games,132.5,281.39,403,Warehouse A - East,25,757
Remote Control Car #02267,Toys & Games,61.79,78.68,347,Warehouse B - West,35,704
Fleece Hoodie #02268,Clothing,161.72,404.18,20,Warehouse A - East,62,235
Drafting Chair #02269,Furniture,190.82,347.39,492,Warehouse A - East,51,598
Car Charger Dual USB #02270,Automotive Parts,214.88,473.07,368,Warehouse A - East,77,208
Work Boots #02271,Clothing,205.45,512.87,15,Warehouse D - North,23,542
Computer Desk #02272,Furniture,33.72,65.96,473,Warehouse D - North,11,450
Hiking Backpack #02273,Sports & Outdoors,159.93,291.3,373,Warehouse A - East,46,810
LED Bulb 4pk #02274,Home & Garden,220.81,456.67,200,Warehouse C - Central,57,824
Polo Shirt #02275,Clothing,20.91,41.09,413,Warehouse C - Central,25,738
Computer Desk #02276,Furniture,74.48,108.91,271,Warehouse A - East,71,551
Puzzle 1000pc #02277,Toys & Games,189.62,322.32,87,Warehouse B - West,30,420
Filing Cabinet #02278,Furniture,113.92,182.56,214,Warehouse C - Central,19,294
Laptop Cooling Pad #02279,Electronics,187.01,399.54,66,Warehouse D - North,76,748
USB Flash Drive 64GB #02280,Electronics,92.98,109.59,405,Warehouse D - North,53,443
Lawn Fertilizer #02281,Home & Garden,109.97,243.86,23,Warehouse A - East,76,910
Cable Management Tray #02282,Furniture,33.94,74.78,9,Warehouse A - East,15,397
Binder Clips Assorted #02283,Office Supplies,91.61,154.55,311,Warehouse A - East,21,981
Power Strip 6-Outlet #02284,Home & Garden,171.86,214.5,481,Warehouse B - West,37,302
Dried Fruit Mix #02285,Food & Beverage,224.58,366.14,418,Warehouse B - West,65,721
Outdoor Solar Lights #02286,Home & Garden,28.98,57.83,248,Warehouse B - West,64,981
Remote Control Car #02287,Toys & Games,246.01,559.03,148,Warehouse B - West,15,318
Aloe Vera Gel #02288,Health & Beauty,3.23,6.02,229,Warehouse C - Central,34,550
Instant Oatmeal Pack #02289,Food & Beverage,215.98,514.5,377,Warehouse D - North,77,339
Webcam HD #02290,Electronics,59.97,99.27,370,Warehouse A - East,25,254
Hiking Backpack #02291,Sports & Outdoors,173.39,203.62,420,Warehouse C - Central,16,719
Drone Mini #02292,Toys & Games,177.47,396.55,146,Warehouse D - North,33,216
Insect Repellent #02293,Health & Beauty,202.22,342.53,306,Warehouse D - North,63,985
Aloe Vera Gel #02294,Health & Beauty,161.15,350.55,381,Warehouse C - Central,68,291
Rain Poncho #02295,Clothing,196.32,379.3,326,Warehouse C - Central,41,350
Building Blocks 500pc #02296,Toys & Games,75.01,164.47,454,Warehouse B - West,49,783
Work Boots #02297,Clothing,28.87,65.91,413,Warehouse B - West,38,501
Lawn Fertilizer #02298,Home & Garden,141.85,347.09,28,Warehouse A - East,62,837
Stapler Heavy Duty #02299,Office Supplies,40.44,81.46,234,Warehouse D - North,63,231
Windbreaker #02300,Clothing,55.54,105.98,370,Warehouse B - West,39,732
Tent 4-Person #02301,Sports & Outdoors,166.31,395.09,332,Warehouse B - West,41,732
Printer Paper A4 #02302,Office Supplies,209.32,517.91,423,Warehouse D - North,10,552
Bookshelf 5-Tier #02303,Furniture,225.76,432.21,222,Warehouse B - West,53,230
Outdoor Solar Lights #02304,Home & Garden,191.25,360.52,75,Warehouse C - Central,65,876
Computer Desk #02305,Furniture,96.84,160.82,208,Warehouse A - East,19,421
Stapler Heavy Duty #02306,Office Supplies,202.57,259.82,425,Warehouse B - West,28,984
File Folders 20pk #02307,Office Supplies,143.73,355.54,384,Warehouse B - West,25,457
Bandages Assorted #02308,Health & Beauty,136.28,200.99,407,Warehouse C - Central,49,721
USB Flash Drive 64GB #02309,Electronics,9.3,22.74,244,Warehouse A - East,38,201
Tape Dispenser #02310,Office Supplies,150.9,358.37,199,Warehouse A - East,18,256
Sprinkler System #02311,Home & Garden,52.11,65.64,98,Warehouse A - East,52,226
Storage Ottoman #02312,Furniture,132.9,262.65,142,Warehouse A - East,20,500
Yoga Mat #02313,Sports & Outdoors,114.38,251.0,441,Warehouse D - North,76,400
Pressure Washer #02314,Home & Garden,37.62,80.34,112,Warehouse A - East,45,476
Floor Mats Set #02315,Automotive Parts,111.79,171.04,83,Warehouse D - North,17,931
Windbreaker #02316,Clothing,102.0,236.14,343,Warehouse B - West,26,810
Yoga Mat #02317,Sports & Outdoors,139.76,178.1,446,Warehouse D - North,72,942
LED Bulb 4pk #02318,Home & Garden,245.53,469.78,477,Warehouse C - Central,18,987
HDMI Cable 2m #02319,Electronics,234.27,482.77,134,Warehouse B - West,18,399
Instant Oatmeal Pack #02320,Food & Beverage,59.56,143.85,488,Warehouse B - West,50,566
Energy Drinks 24pk #02321,Food & Beverage,229.12,387.62,239,Warehouse D - North,79,281
Webcam HD #02322,Electronics,212.69,502.76,84,Warehouse B - West,23,280
HDMI Cable 2m #02323,Electronics,29.93,64.74,121,Warehouse C - Central,75,885
Cotton T-Shirt Pack #02324,Clothing,124.95,240.42,176,Warehouse B - West,58,324
Instant Oatmeal Pack #02325,Food & Beverage,20.44,41.94,151,Warehouse A - East,49,470
Thermal Underwear #02326,Clothing,82.11,110.04,202,Warehouse A - East,47,722
Storage Ottoman #02327,Furniture,70.3,175.27,121,Warehouse C - Central,67,409
Storage Ottoman #02328,Furniture,118.66,153.8,72,Warehouse D - North,69,958
Sticky Notes 8pk #02329,Office Supplies,228.96,286.54,426,Warehouse A - East,30,854
Headlight Bulb Pair #02330,Automotive Parts,134.99,188.48,321,Warehouse D - North,34,467
Thermal Underwear #02331,Clothing,137.44,294.35,251,Warehouse D - North,66,439
Honey Jar #02332,Food & Beverage,62.27,81.28,263,Warehouse C - Central,32,756
LED Bulb 4pk #02333,Home & Garden,85.94,165.24,230,Warehouse D - North,12,704
Pressure Washer #02334,Home & Garden,231.92,303.96,244,Warehouse D - North,17,612
Bottled Water Case #02335,Food & Beverage,130.53,292.42,440,Warehouse A - East,11,573
Sprinkler System #02336,Home & Garden,37.62,76.73,87,Warehouse C - Central,33,429
Tent 4-Person #02337,Sports & Outdoors,41.49,103.29,347,Warehouse C - Central,56,215
Stapler Heavy Duty #02338,Office Supplies,234.39,486.85,207,Warehouse A - East,29,950
Label Maker #02339,Office Supplies,192.98,267.31,292,Warehouse D - North,27,535
Headlight Bulb Pair #02340,Automotive Parts,238.81,454.37,273,Warehouse D - North,44,440
Drone Mini #02341,Toys & Games,136.38,301.06,444,Warehouse B - West,12,362
USB Flash Drive 64GB #02342,Electronics,84.06,100.52,309,Warehouse D - North,39,878
Rubik's Cube #02343,Toys & Games,173.47,318.31,149,Warehouse C - Central,26,505
Chess Set Wooden #02344,Toys & Games,139.28,172.59,43,Warehouse D - North,46,555
Scissors 3pk #02345,Office Supplies,115.56,259.3,467,Warehouse D - North,14,911
Desk Lamp LED #02346,Furniture,231.07,339.13,278,Warehouse D - North,61,658
Wiper Blades Pair #02347,Automotive Parts,135.74,334.24,95,Warehouse D - North,13,830
Bandages Assorted #02348,Health & Beauty,195.5,479.12,32,Warehouse D - North,69,706
Sprinkler System #02349,Home & Garden,39.18,78.04,468,Warehouse D - North,65,717
Safety Vest Hi-Vis #02350,Clothing,81.39,156.98,252,Warehouse C - Central,14,858
Printer Paper A4 #02351,Office Supplies,100.85,141.33,320,Warehouse A - East,40,577
Hand Sanitizer 500ml #02352,Health & Beauty,166.57,386.69,386,Warehouse C - Central,59,590
Headlight Bulb Pair #02353,Automotive Parts,11.5,23.67,85,Warehouse B - West,45,754
Camping Chair #02354,Sports & Outdoors,68.54,95.71,268,Warehouse D - North,60,671
Protein Bars 12pk #02355,Food & Beverage,89.55,201.54,150,Warehouse B - West,33,853
Cargo Shorts #02356,Clothing,134.11,258.52,137,Warehouse B - West,60,427
Envelopes 100pk #02357,Office Supplies,233.77,376.19,84,Warehouse C - Central,43,281
Rain Poncho #02358,Clothing,190.85,405.61,477,Warehouse C - Central,71,382
Power Strip 6-Outlet #02359,Home & Garden,242.22,334.75,484,Warehouse B - West,38,911
Binoculars #02360,Sports & Outdoors,152.77,317.26,52,Warehouse A - East,38,716
Desk Organizer #02361,Office Supplies,99.02,162.77,487,Warehouse C - Central,72,731
Sprinkler System #02362,Home & Garden,82.45,162.7,387,Warehouse C - Central,72,991
Moisturizer Pump #02363,Health & Beauty,3.89,6.08,319,Warehouse A - East,25,891
Floating Shelf Set #02364,Furniture,150.55,206.63,101,Warehouse C - Central,76,921
Remote Control Car #02365,Toys & Games,68.75,82.56,429,Warehouse D - North,56,415
First Aid Kit #02366,Health & Beauty,82.66,145.69,167,Warehouse A - East,51,407
Granola Bags #02367,Food & Beverage,45.03,89.44,109,Warehouse A - East,63,687
Bottled Water Case #02368,Food & Beverage,112.94,178.26,8,Warehouse A - East,44,353
First Aid Kit #02369,Health & Beauty,10.73,17.47,233,Warehouse A - East,59,830
Chess Set Wooden #02370,Toys & Games,119.28,146.86,375,Warehouse D - North,26,975
Bluetooth Speaker #02371,Electronics,91.52,134.28,263,Warehouse C - Central,77,771
Power Strip 6-Outlet #02372,Home & Garden,222.77,537.43,285,Warehouse A - East,64,626
Sleeping Bag #02373,Sports & Outdoors,127.6,283.22,230,Warehouse C - Central,78,652
Sunscreen SPF50 #02374,Health & Beauty,36.28,76.31,261,Warehouse C - Central,53,958
Label Maker #02375,Office Supplies,86.2,167.59,493,Warehouse C - Central,56,524
Rain Poncho #02376,Clothing,33.97,83.0,466,Warehouse D - North,25,284
Yoga Mat #02377,Sports & Outdoors,35.76,82.21,451,Warehouse B - West,15,243
Vitamin C Tablets #02378,Health & Beauty,160.51,311.64,449,Warehouse B - West,39,274
Cargo Shorts #02379,Clothing,219.59,514.32,423,Warehouse C - Central,24,533
Filing Cabinet #02380,Furniture,3.38,5.44,17,Warehouse D - North,76,408
Desk Organizer #02381,Office Supplies,47.17,60.64,155,Warehouse D - North,46,732
Outdoor Solar Lights #02382,Home & Garden,155.75,329.82,73,Warehouse B - West,73,906
Plant Pots Set #02383,Home & Garden,224.92,498.18,368,Warehouse D - North,47,858
Windbreaker #02384,Clothing,3.58,5.89,263,Warehouse C - Central,31,577
Green Tea Box #02385,Food & Beverage,132.41,296.24,88,Warehouse B - West,79,308
Green Tea Box #02386,Food & Beverage,33.32,65.6,449,Warehouse C - Central,10,841
Building Blocks 500pc #02387,Toys & Games,16.63,35.7,453,Warehouse B - West,21,732
Paint Roller Set #02388,Home & Garden,123.41,175.9,283,Warehouse A - East,69,553
Sticky Notes 8pk #02389,Office Supplies,192.2,325.86,361,Warehouse D - North,21,881
Safety Vest Hi-Vis #02390,Clothing,225.16,404.86,164,Warehouse C - Central,43,964
Label Maker #02391,Office Supplies,67.88,90.49,79,Warehouse B - West,14,533
Building Blocks 500pc #02392,Toys & Games,128.71,282.77,342,Warehouse B - West,68,591
Storage Ottoman #02393,Furniture,15.17,35.24,367,Warehouse D - North,66,323
Cargo Pants #02394,Clothing,115.38,166.19,226,Warehouse B - West,37,778
Power Bank 20000mAh #02395,Electronics,47.08,64.01,489,Warehouse D - North,37,958
Cargo Pants #02396,Clothing,183.74,409.59,336,Warehouse C - Central,19,855
Honey Jar #02397,Food & Beverage,138.56,203.57,85,Warehouse C - Central,51,868
Olive Oil 500ml #02398,Food & Beverage,214.21,402.55,163,Warehouse D - North,49,473
Floating Shelf Set #02399,Furniture,181.75,322.62,380,Warehouse B - West,73,424
Paint Roller Set #02400,Home & Garden,63.29,74.45,170,Warehouse D - North,43,459
Rubik's Cube #02401,Toys & Games,181.81,253.37,228,Warehouse B - West,66,202
Puzzle 1000pc #02402,Toys & Games,111.16,152.16,169,Warehouse D - North,41,882
Stapler Heavy Duty #02403,Office Supplies,180.25,259.42,362,Warehouse B - West,51,341
Safety Vest Hi-Vis #02404,Clothing,8.96,18.47,497,Warehouse C - Central,22,337
Hedge Trimmer #02405,Home & Garden,198.07,458.54,280,Warehouse A - East,34,377
Bluetooth Speaker #02406,Electronics,190.73,345.24,415,Warehouse D - North,69,731
Tent 4-Person #02407,Sports & Outdoors,54.23,116.54,360,Warehouse C - Central,57,883
Work Boots #02408,Clothing,160.08,269.31,31,Warehouse A - East,15,406
Lip Balm Pack #02409,Health & Beauty,60.6,101.42,41,Warehouse D - North,51,312
Desk Lamp LED #02410,Furniture,209.13,286.52,107,Warehouse B - West,21,223
Puzzle 1000pc #02411,Toys & Games,195.25,416.89,300,Warehouse A - East,54,879
Conference Table #02412,Furniture,51.31,78.21,444,Warehouse A - East,75,397
Remote Control Car #02413,Toys & Games,228.09,439.84,240,Warehouse D - North,20,415
Drafting Chair #02414,Furniture,241.92,325.62,24,Warehouse B - West,29,949
Filing Cabinet #02415,Furniture,41.04,95.22,473,Warehouse D - North,68,619
Polo Shirt #02416,Clothing,30.56,66.97,344,Warehouse A - East,21,318
Lawn Fertilizer #02417,Home & Garden,27.92,66.53,21,Warehouse A - East,25,832
Air Filter #02418,Automotive Parts,181.3,370.45,473,Warehouse D - North,77,978
Mixed Nuts 500g #02419,Food & Beverage,231.52,499.65,109,Warehouse B - West,14,500
Lawn Fertilizer #02420,Home & Garden,85.65,160.49,338,Warehouse C - Central,32,666
Ballpoint Pens 12pk #02421,Office Supplies,39.11,86.42,90,Warehouse C - Central,22,292
Wireless Charger #02422,Electronics,140.48,236.42,268,Warehouse A - East,27,545
LEGO Technic Set #02423,Toys & Games,83.01,110.55,305,Warehouse B - West,46,584
USB Flash Drive 64GB #02424,Electronics,206.16,290.98,433,Warehouse D - North,56,558
Cable Management Tray #02425,Furniture,184.52,212.51,476,Warehouse C - Central,37,932
Windbreaker #02426,Clothing,146.7,331.79,397,Warehouse D - North,22,434
Bookshelf 5-Tier #02427,Furniture,70.31,121.09,183,Warehouse C - Central,80,534
Paint Roller Set #02428,Home & Garden,191.12,253.42,433,Warehouse A - East,13,465
Polo Shirt #02429,Clothing,36.93,66.49,27,Warehouse C - Central,64,326
Puzzle 1000pc #02430,Toys & Games,120.87,229.97,142,Warehouse A - East,17,370
Coolant 4L #02431,Automotive Parts,180.94,228.94,218,Warehouse B - West,12,622
Safety Vest Hi-Vis #02432,Clothing,215.28,401.91,483,Warehouse C - Central,23,550
Sunscreen SPF50 #02433,Health & Beauty,207.29,429.92,328,Warehouse C - Central,10,427
Webcam HD #02434,Electronics,16.54,19.4,185,Warehouse D - North,61,708
Headlamp LED #02435,Sports & Outdoors,223.47,349.99,33,Warehouse C - Central,57,653
Foam Roller #02436,Sports & Outdoors,107.44,148.57,126,Warehouse A - East,42,691
Winter Jacket #02437,Clothing,116.51,134.42,22,Warehouse A - East,17,987
Ballpoint Pens 12pk #02438,Office Supplies,11.61,13.77,466,Warehouse B - West,62,767
Floating Shelf Set #02439,Furniture,100.86,219.94,46,Warehouse D - North,72,365
Printer Paper A4 #02440,Office Supplies,137.0,253.14,415,Warehouse A - East,56,658
Thermal Underwear #02441,Clothing,9.56,20.28,498,Warehouse A - East,53,921
Brake Pads Set #02442,Automotive Parts,50.48,60.94,231,Warehouse A - East,23,452
Coolant 4L #02443,Automotive Parts,58.84,74.0,24,Warehouse C - Central,46,569
Car Battery #02444,Automotive Parts,51.47,87.03,58,Warehouse A - East,35,225
Science Kit #02445,Toys & Games,47.07,87.92,270,Warehouse D - North,55,657
Outdoor Solar Lights #02446,Home & Garden,64.93,77.27,61,Warehouse B - West,10,541
Olive Oil 500ml #02447,Food & Beverage,101.84,230.21,470,Warehouse D - North,66,460
Lawn Fertilizer #02448,Home & Garden,206.15,259.04,299,Warehouse B - West,18,737
Windbreaker #02449,Clothing,213.73,251.27,29,Warehouse D - North,44,612
Garden Hose 30m #02450,Home & Garden,79.03,126.13,301,Warehouse A - East,13,973
Ergonomic Office Chair #02451,Furniture,112.84,203.75,239,Warehouse A - East,25,458
Laptop Cooling Pad #02452,Electronics,164.47,319.16,278,Warehouse C - Central,80,269
Board Game Classic #02453,Toys & Games,80.13,164.38,362,Warehouse B - West,18,524
Bluetooth Speaker #02454,Electronics,153.42,280.37,413,Warehouse D - North,48,862
Outdoor Solar Lights #02455,Home & Garden,133.24,241.87,114,Warehouse D - North,18,403
Art Supplies Box #02456,Toys & Games,171.92,386.55,195,Warehouse D - North,47,304
Garden Hose 30m #02457,Home & Garden,38.81,70.04,487,Warehouse D - North,16,696
Card Game Set #02458,Toys & Games,63.56,144.39,390,Warehouse B - West,51,647
Granola Bags #02459,Food & Beverage,172.84,319.02,302,Warehouse A - East,47,796
Art Supplies Box #02460,Toys & Games,202.14,250.74,421,Warehouse D - North,43,369
Polo Shirt #02461,Clothing,55.16,67.23,235,Warehouse A - East,79,375
Storage Ottoman #02462,Furniture,15.62,21.3,340,Warehouse C - Central,13,845
Computer Desk #02463,Furniture,236.04,526.11,120,Warehouse D - North,57,900
Cargo Pants #02464,Clothing,22.71,39.74,11,Warehouse C - Central,78,715
Printer Paper A4 #02465,Office Supplies,204.2,469.54,496,Warehouse C - Central,79,608
Aloe Vera Gel #02466,Health & Beauty,36.28,78.84,231,Warehouse B - West,55,734
Art Supplies Box #02467,Toys & Games,243.18,402.37,477,Warehouse B - West,11,752
Wireless Charger #02468,Electronics,8.37,15.73,214,Warehouse D - North,70,527
Bookshelf 5-Tier #02469,Furniture,210.85,350.71,43,Warehouse D - North,48,809
Monitor Arm #02470,Furniture,167.66,404.25,261,Warehouse C - Central,73,890
Thermal Underwear #02471,Clothing,168.26,320.63,258,Warehouse D - North,29,674
LEGO Technic Set #02472,Toys & Games,232.69,417.48,325,Warehouse A - East,16,473
Stuffed Animal Bear #02473,Toys & Games,58.88,77.08,463,Warehouse D - North,21,794
Desk Lamp LED #02474,Furniture,107.93,196.15,282,Warehouse D - North,41,381
Thermometer Digital #02475,Health & Beauty,223.65,465.81,285,Warehouse D - North,38,541
Resistance Bands Set #02476,Sports & Outdoors,195.2,345.76,408,Warehouse C - Central,60,386
Monitor Light Bar #02477,Electronics,151.98,261.28,327,Warehouse D - North,46,824
Sprinkler System #02478,Home & Garden,63.67,95.98,313,Warehouse C - Central,64,226
Car Charger Dual USB #02479,Automotive Parts,79.47,98.34,5,Warehouse C - Central,29,774
Storage Ottoman #02480,Furniture,37.3,92.3,182,Warehouse D - North,41,845
Aloe Vera Gel #02481,Health & Beauty,137.58,158.28,495,Warehouse D - North,38,472
Desk Organizer #02482,Office Supplies,126.45,250.25,450,Warehouse C - Central,65,340
Plant Pots Set #02483,Home & Garden,39.53,98.16,269,Warehouse A - East,66,816
LED Bulb 4pk #02484,Home & Garden,156.56,193.45,153,Warehouse A - East,19,419
Rubik's Cube #02485,Toys & Games,63.57,129.85,307,Warehouse D - North,30,409
Filing Cabinet #02486,Furniture,54.91,116.5,457,Warehouse B - West,10,549
Coffee Beans 1kg #02487,Food & Beverage,229.75,363.84,261,Warehouse C - Central,22,610
Monitor Light Bar #02488,Electronics,43.06,102.21,142,Warehouse B - West,48,707
First Aid Kit #02489,Health & Beauty,154.84,267.72,332,Warehouse C - Central,14,397
Hand Sanitizer 500ml #02490,Health & Beauty,197.35,337.89,432,Warehouse D - North,18,681
Computer Desk #02491,Furniture,33.44,50.13,275,Warehouse A - East,79,845
Scissors 3pk #02492,Office Supplies,239.19,510.62,443,Warehouse B - West,61,672
Conference Table #02493,Furniture,21.75,32.97,264,Warehouse C - Central,23,431
Puzzle 1000pc #02494,Toys & Games,229.94,458.94,484,Warehouse D - North,43,759
LEGO Technic Set #02495,Toys & Games,135.52,303.08,127,Warehouse D - North,60,913
Aloe Vera Gel #02496,Health & Beauty,96.53,151.71,456,Warehouse C - Central,21,535
Card Game Set #02497,Toys & Games,244.77,547.02,25,Warehouse B - West,24,327
LEGO Technic Set #02498,Toys & Games,46.78,107.15,399,Warehouse B - West,71,569
Hedge Trimmer #02499,Home & Garden,13.03,16.98,242,Warehouse A - East,20,632
Olive Oil 500ml #02500,Food & Beverage,135.38,296.65,413,Warehouse D - North,60,412
Jump Rope #02501,Sports & Outdoors,103.88,218.94,64,Warehouse C - Central,22,727
Camping Chair #02502,Sports & Outdoors,150.67,250.36,3,Warehouse C - Central,16,225
Winter Jacket #02503,Clothing,133.53,258.18,91,Warehouse D - North,16,500
Pressure Washer #02504,Home & Garden,216.57,478.72,379,Warehouse D - North,65,641
LED Bulb 4pk #02505,Home & Garden,83.06,144.39,82,Warehouse C - Central,11,518
Extension Cord 10m #02506,Home & Garden,123.53,215.95,275,Warehouse D - North,13,784
Vitamin C Tablets #02507,Health & Beauty,241.26,340.08,259,Warehouse B - West,13,635
Energy Drinks 24pk #02508,Food & Beverage,66.01,111.95,195,Warehouse B - West,26,848
Extension Cord 10m #02509,Home & Garden,175.75,214.97,203,Warehouse C - Central,52,818
Coffee Beans 1kg #02510,Food & Beverage,4.27,10.28,217,Warehouse A - East,30,391
Safety Vest Hi-Vis #02511,Clothing,74.94,183.63,408,Warehouse D - North,67,638
Car Battery #02512,Automotive Parts,101.51,221.41,313,Warehouse A - East,18,599
Standing Desk #02513,Furniture,45.87,96.66,51,Warehouse C - Central,21,581
Scissors 3pk #02514,Office Supplies,160.58,400.01,3,Warehouse A - East,78,215
Headlight Bulb Pair #02515,Automotive Parts,130.04,219.08,364,Warehouse B - West,73,772
Green Tea Box #02516,Food & Beverage,44.88,87.69,482,Warehouse A - East,55,654
Eye Drops #02517,Health & Beauty,35.46,75.16,405,Warehouse D - North,43,368
Bookshelf 5-Tier #02518,Furniture,183.15,437.98,27,Warehouse C - Central,36,741
Granola Bags #02519,Food & Beverage,190.41,342.03,116,Warehouse D - North,65,554
Printer Paper A4 #02520,Office Supplies,116.38,188.88,419,Warehouse C - Central,31,577
Sticky Notes 8pk #02521,Office Supplies,78.82,103.77,285,Warehouse C - Central,39,715
Vitamin C Tablets #02522,Health & Beauty,199.64,493.7,137,Warehouse D - North,16,232
Lip Balm Pack #02523,Health & Beauty,163.9,251.59,239,Warehouse B - West,53,957
Green Tea Box #02524,Food & Beverage,29.63,71.85,78,Warehouse D - North,67,492
Rubik's Cube #02525,Toys & Games,204.27,258.31,224,Warehouse B - West,60,982
Dark Chocolate Box #02526,Food & Beverage,74.78,150.76,380,Warehouse B - West,31,701
Webcam HD #02527,Electronics,217.17,412.49,194,Warehouse D - North,31,274
Cooler Box 40L #02528,Sports & Outdoors,5.13,9.66,410,Warehouse D - North,18,821
Coffee Beans 1kg #02529,Food & Beverage,65.22,137.94,99,Warehouse B - West,14,595
Cooler Box 40L #02530,Sports & Outdoors,137.24,311.56,136,Warehouse B - West,39,538
Hand Sanitizer 500ml #02531,Health & Beauty,10.87,26.01,358,Warehouse A - East,23,727
Plant Pots Set #02532,Home & Garden,119.59,183.8,463,Warehouse C - Central,18,635
Winter Jacket #02533,Clothing,65.02,155.25,489,Warehouse C - Central,56,467
LED Bulb 4pk #02534,Home & Garden,206.81,296.54,273,Warehouse A - East,56,904
Headlight Bulb Pair #02535,Automotive Parts,155.65,273.63,401,Warehouse A - East,80,309
Jump Rope #02536,Sports & Outdoors,161.63,212.79,274,Warehouse C - Central,68,714
Desk Organizer #02537,Office Supplies,97.73,194.47,296,Warehouse B - West,64,800
Board Game Classic #02538,Toys & Games,77.91,193.23,246,Warehouse A - East,27,690
Eye Drops #02539,Health & Beauty,170.89,255.07,119,Warehouse D - North,14,291
Sunscreen SPF50 #02540,Health & Beauty,68.41,162.21,425,Warehouse D - North,38,806
Rain Poncho #02541,Clothing,60.4,115.78,52,Warehouse D - North,29,315
HDMI Cable 2m #02542,Electronics,230.15,313.49,451,Warehouse A - East,36,376
Chess Set Wooden #02543,Toys & Games,231.18,318.22,62,Warehouse A - East,15,319
Work Boots #02544,Clothing,45.58,52.55,32,Warehouse D - North,76,595
Lawn Fertilizer #02545,Home & Garden,30.42,72.36,260,Warehouse D - North,71,932
Ergonomic Office Chair #02546,Furniture,137.84,310.7,96,Warehouse A - East,57,592
Hand Sanitizer 500ml #02547,Health & Beauty,229.48,336.78,283,Warehouse B - West,47,526
Drafting Chair #02548,Furniture,128.56,156.06,247,Warehouse B - West,45,631
Energy Drinks 24pk #02549,Food & Beverage,78.71,182.57,301,Warehouse A - East,50,892
Wireless Mouse #02550,Electronics,51.24,112.4,8,Warehouse D - North,68,969
Polo Shirt #02551,Clothing,93.77,211.08,483,Warehouse D - North,52,960
Brake Pads Set #02552,Automotive Parts,84.19,199.44,23,Warehouse D - North,65,643
Paint Roller Set #02553,Home & Garden,24.82,28.98,331,Warehouse C - Central,60,579
Cable Management Tray #02554,Furniture,24.39,55.73,482,Warehouse A - East,38,488
Car Charger Dual USB #02555,Automotive Parts,82.33,139.01,418,Warehouse D - North,44,990
Noise Cancelling Headphones #02556,Electronics,154.56,254.38,287,Warehouse D - North,34,640
Binder Clips Assorted #02557,Office Supplies,74.96,100.46,273,Warehouse D - North,61,363
Art Supplies Box #02558,Toys & Games,196.66,366.33,276,Warehouse A - East,65,771
Car Charger Dual USB #02559,Automotive Parts,248.76,507.86,248,Warehouse A - East,19,572
Sleeping Bag #02560,Sports & Outdoors,108.33,177.67,432,Warehouse D - North,19,783
LED Bulb 4pk #02561,Home & Garden,173.92,255.59,11,Warehouse D - North,21,335
Hiking Backpack #02562,Sports & Outdoors,212.62,425.65,295,Warehouse A - East,33,589
First Aid Kit #02563,Health & Beauty,139.22,161.2,483,Warehouse A - East,57,342
Tire Pressure Gauge #02564,Automotive Parts,85.23,134.18,490,Warehouse D - North,25,671
Car Battery #02565,Automotive Parts,177.1,364.08,70,Warehouse D - North,72,503
Puzzle 1000pc #02566,Toys & Games,196.45,251.53,344,Warehouse C - Central,80,348
Drafting Chair #02567,Furniture,178.77,302.8,70,Warehouse B - West,65,472
Safety Vest Hi-Vis #02568,Clothing,151.58,272.03,262,Warehouse A - East,19,660
Face Masks 50pk #02569,Health & Beauty,183.39,276.85,67,Warehouse C - Central,23,766
Vitamin C Tablets #02570,Health & Beauty,122.55,279.08,163,Warehouse B - West,65,998
USB Flash Drive 64GB #02571,Electronics,145.34,191.93,445,Warehouse A - East,56,708
Board Game Classic #02572,Toys & Games,234.65,285.62,323,Warehouse C - Central,61,424
Paint Roller Set #02573,Home & Garden,237.76,420.87,108,Warehouse D - North,27,485
Rain Poncho #02574,Clothing,42.41,80.83,167,Warehouse A - East,45,205
Floating Shelf Set #02575,Furniture,131.0,317.83,418,Warehouse B - West,76,387
Face Masks 50pk #02576,Health & Beauty,114.25,145.28,214,Warehouse C - Central,19,598
SSD 1TB External #02577,Electronics,18.35,40.58,482,Warehouse A - East,17,293
Stuffed Animal Bear #02578,Toys & Games,243.73,481.14,432,Warehouse A - East,69,311
Water Bottle 1L #02579,Sports & Outdoors,108.0,233.19,22,Warehouse D - North,56,432
USB Flash Drive 64GB #02580,Electronics,143.24,203.33,16,Warehouse D - North,69,272
Stuffed Animal Bear #02581,Toys & Games,170.76,197.44,247,Warehouse A - East,42,917
Envelopes 100pk #02582,Office Supplies,196.73,375.44,167,Warehouse B - West,47,432
Chess Set Wooden #02583,Toys & Games,118.14,230.45,293,Warehouse C - Central,37,622
Thermal Underwear #02584,Clothing,65.76,160.54,392,Warehouse A - East,24,623
Rubik's Cube #02585,Toys & Games,129.64,173.81,242,Warehouse A - East,35,518
Granola Bags #02586,Food & Beverage,193.81,232.18,170,Warehouse C - Central,15,357
Label Maker #02587,Office Supplies,153.47,222.44,93,Warehouse C - Central,18,679
Granola Bags #02588,Food & Beverage,91.27,136.51,391,Warehouse B - West,40,545
Sprinkler System #02589,Home & Garden,17.0,39.33,279,Warehouse D - North,65,239
Wiper Blades Pair #02590,Automotive Parts,147.89,213.8,367,Warehouse B - West,42,506
Whiteboard Markers 6pk #02591,Office Supplies,241.98,382.13,116,Warehouse C - Central,58,845
Power Strip 6-Outlet #02592,Home & Garden,135.97,217.1,27,Warehouse C - Central,67,654
HDMI Cable 2m #02593,Electronics,91.31,181.42,180,Warehouse D - North,20,572
Work Boots #02594,Clothing,142.01,303.11,4,Warehouse C - Central,14,753
Resistance Bands Set #02595,Sports & Outdoors,12.54,25.07,158,Warehouse A - East,13,882
Green Tea Box #02596,Food & Beverage,237.86,593.62,236,Warehouse A - East,74,597
LEGO Technic Set #02597,Toys & Games,6.74,10.74,151,Warehouse D - North,66,898
Tablet Stand #02598,Electronics,176.27,242.73,12,Warehouse C - Central,61,934
Energy Drinks 24pk #02599,Food & Beverage,204.76,493.15,357,Warehouse B - West,20,898
Monitor Light Bar #02600,Electronics,22.51,30.0,224,Warehouse C - Central,50,779
Wireless Mouse #02601,Electronics,41.16,70.54,415,Warehouse C - Central,16,280
Desk Lamp LED #02602,Furniture,55.22,117.14,93,Warehouse C - Central,54,870
Spark Plugs 4pk #02603,Automotive Parts,222.87,358.53,224,Warehouse D - North,46,244
Floating Shelf Set #02604,Furniture,176.64,404.52,237,Warehouse C - Central,80,250
LEGO Technic Set #02605,Toys & Games,92.81,110.25,118,Warehouse A - East,18,249
Paint Roller Set #02606,Home & Garden,239.43,476.41,496,Warehouse A - East,48,991
Granola Bags #02607,Food & Beverage,224.52,294.12,142,Warehouse A - East,54,329
Bottled Water Case #02608,Food & Beverage,13.31,26.3,497,Warehouse A - East,46,265
Whiteboard Markers 6pk #02609,Office Supplies,157.46,374.49,489,Warehouse C - Central,38,869
Drone Mini #02610,Toys & Games,223.19,545.88,183,Warehouse B - West,54,978
Tent 4-Person #02611,Sports & Outdoors,142.64,192.25,185,Warehouse A - East,59,272
HDMI Cable 2m #02612,Electronics,241.01,462.42,295,Warehouse A - East,11,859
Outdoor Solar Lights #02613,Home & Garden,108.26,258.08,422,Warehouse A - East,80,260
Tape Dispenser #02614,Office Supplies,179.85,322.76,22,Warehouse C - Central,40,690
Windbreaker #02615,Clothing,222.66,321.53,99,Warehouse C - Central,46,514
Coffee Beans 1kg #02616,Food & Beverage,2.69,4.88,193,Warehouse C - Central,30,542
Webcam HD #02617,Electronics,41.85,67.79,5,Warehouse B - West,19,705
Extension Cord 10m #02618,Home & Garden,65.27,154.26,94,Warehouse D - North,46,308
Whiteboard Markers 6pk #02619,Office Supplies,47.58,58.64,95,Warehouse B - West,29,424
Vitamin C Tablets #02620,Health & Beauty,214.29,266.61,377,Warehouse A - East,14,785
Pressure Washer #02621,Home & Garden,13.51,19.99,326,Warehouse D - North,79,769
Whiteboard Markers 6pk #02622,Office Supplies,62.26,84.33,462,Warehouse D - North,24,290
Plant Pots Set #02623,Home & Garden,56.55,75.42,474,Warehouse C - Central,10,488
Tire Pressure Gauge #02624,Automotive Parts,189.05,471.61,284,Warehouse C - Central,79,661
Puzzle 1000pc #02625,Toys & Games,23.76,46.36,303,Warehouse B - West,64,519
LED Bulb 4pk #02626,Home & Garden,59.27,135.63,214,Warehouse B - West,32,208
Tire Pressure Gauge #02627,Automotive Parts,89.72,125.77,130,Warehouse A - East,69,674
Puzzle 1000pc #02628,Toys & Games,2.27,3.97,46,Warehouse B - West,54,365
Printer Paper A4 #02629,Office Supplies,46.87,81.2,490,Warehouse B - West,31,301
Desk Lamp LED #02630,Furniture,226.91,421.6,63,Warehouse D - North,76,786
Tablet Stand #02631,Electronics,92.78,118.53,54,Warehouse D - North,24,715
Honey Jar #02632,Food & Beverage,94.11,178.13,41,Warehouse D - North,50,782
Air Filter #02633,Automotive Parts,176.59,225.53,284,Warehouse A - East,76,245
Jump Rope #02634,Sports & Outdoors,120.73,263.62,358,Warehouse D - North,37,268
Puzzle 1000pc #02635,Toys & Games,128.11,247.96,460,Warehouse C - Central,32,721
Foam Roller #02636,Sports & Outdoors,216.83,441.78,263,Warehouse D - North,27,372
Polo Shirt #02637,Clothing,15.39,29.15,314,Warehouse B - West,47,749
Protein Bars 12pk #02638,Food & Beverage,166.3,226.15,129,Warehouse C - Central,21,484
Car Battery #02639,Automotive Parts,164.4,351.33,473,Warehouse A - East,77,965
Storage Ottoman #02640,Furniture,243.54,594.57,295,Warehouse A - East,35,917
Windbreaker #02641,Clothing,157.57,183.98,18,Warehouse C - Central,36,251
Work Boots #02642,Clothing,213.39,283.02,224,Warehouse B - West,73,567
Filing Cabinet #02643,Furniture,94.49,133.41,460,Warehouse A - East,26,715
Extension Cord 10m #02644,Home & Garden,221.81,377.0,202,Warehouse A - East,35,202
Cooler Box 40L #02645,Sports & Outdoors,198.68,290.39,424,Warehouse D - North,66,667
Headlamp LED #02646,Sports & Outdoors,225.97,289.14,275,Warehouse A - East,38,335
Tablet Stand #02647,Electronics,42.15,82.51,212,Warehouse C - Central,19,680
Outdoor Solar Lights #02648,Home & Garden,12.14,29.45,298,Warehouse A - East,77,423
Bluetooth Speaker #02649,Electronics,63.49,155.76,277,Warehouse D - North,45,268
Power Strip 6-Outlet #02650,Home & Garden,39.41,49.64,444,Warehouse D - North,35,321
Motor Oil 5W-30 #02651,Automotive Parts,126.27,207.75,285,Warehouse D - North,57,627
Motor Oil 5W-30 #02652,Automotive Parts,97.02,203.31,476,Warehouse D - North,29,286
Camping Chair #02653,Sports & Outdoors,16.99,32.87,398,Warehouse A - East,42,507
Jump Starter #02654,Automotive Parts,99.1,140.23,156,Warehouse B - West,34,934
Science Kit #02655,Toys & Games,87.26,135.96,309,Warehouse D - North,58,371
Protein Bars 12pk #02656,Food & Beverage,211.93,353.97,222,Warehouse C - Central,25,290
Winter Jacket #02657,Clothing,55.68,94.92,70,Warehouse C - Central,53,870
Thermometer Digital #02658,Health & Beauty,39.52,81.68,435,Warehouse A - East,75,851
Desk Organizer #02659,Office Supplies,124.26,308.36,486,Warehouse D - North,22,957
Cargo Shorts #02660,Clothing,61.55,96.64,420,Warehouse D - North,20,873
Moisturizer Pump #02661,Health & Beauty,51.85,83.35,122,Warehouse C - Central,27,937
Air Filter #02662,Automotive Parts,222.46,456.06,186,Warehouse B - West,78,441
Dried Fruit Mix #02663,Food & Beverage,237.41,577.3,17,Warehouse A - East,40,279
Tent 4-Person #02664,Sports & Outdoors,133.19,226.11,191,Warehouse D - North,44,578
Hedge Trimmer #02665,Home & Garden,141.8,214.48,169,Warehouse C - Central,68,611
Jump Rope #02666,Sports & Outdoors,91.4,134.71,189,Warehouse D - North,70,477
Hedge Trimmer #02667,Home & Garden,149.47,273.35,492,Warehouse B - West,18,641
Sunscreen SPF50 #02668,Health & Beauty,21.61,34.87,189,Warehouse A - East,12,748
Stuffed Animal Bear #02669,Toys & Games,231.47,558.94,469,Warehouse A - East,49,720
Water Bottle 1L #02670,Sports & Outdoors,190.58,372.49,165,Warehouse D - North,57,789
Paint Roller Set #02671,Home & Garden,211.37,294.93,436,Warehouse D - North,40,213
Sunscreen SPF50 #02672,Health & Beauty,61.42,135.05,301,Warehouse B - West,25,472
Garden Hose 30m #02673,Home & Garden,233.42,358.53,341,Warehouse B - West,43,866
Protein Bars 12pk #02674,Food & Beverage,235.36,530.12,154,Warehouse B - West,50,516
SSD 1TB External #02675,Electronics,142.51,206.21,394,Warehouse A - East,68,431
Wireless Mouse #02676,Electronics,134.47,279.22,62,Warehouse C - Central,73,743
Safety Vest Hi-Vis #02677,Clothing,233.12,293.08,373,Warehouse A - East,80,657
Whiteboard Markers 6pk #02678,Office Supplies,80.95,115.95,417,Warehouse B - West,45,956
Sprinkler System #02679,Home & Garden,199.78,299.81,432,Warehouse A - East,73,249
Wiper Blades Pair #02680,Automotive Parts,161.42,221.28,331,Warehouse D - North,13,908
Cooler Box 40L #02681,Sports & Outdoors,205.45,298.0,227,Warehouse B - West,69,663
Science Kit #02682,Toys & Games,101.28,160.76,96,Warehouse A - East,34,679
Conference Table #02683,Furniture,227.93,460.81,23,Warehouse D - North,55,356
Ballpoint Pens 12pk #02684,Office Supplies,8.1,19.55,166,Warehouse A - East,76,874
Wireless Mouse #02685,Electronics,230.35,415.36,349,Warehouse B - West,32,946
Conference Table #02686,Furniture,48.2,85.56,433,Warehouse D - North,34,322
Smart Watch #02687,Electronics,76.68,188.35,354,Warehouse B - West,25,987
Sprinkler System #02688,Home & Garden,201.92,421.42,253,Warehouse B - West,31,235
Filing Cabinet #02689,Furniture,95.76,154.84,363,Warehouse D - North,29,730
Windbreaker #02690,Clothing,8.64,17.46,294,Warehouse C - Central,72,452
Windbreaker #02691,Clothing,94.64,187.46,423,Warehouse B - West,37,440
Safety Vest Hi-Vis #02692,Clothing,160.7,352.04,226,Warehouse B - West,39,916
Envelopes 100pk #02693,Office Supplies,152.77,175.98,186,Warehouse B - West,70,907
Jump Rope #02694,Sports & Outdoors,34.04,58.59,44,Warehouse A - East,74,558
Jump Starter #02695,Automotive Parts,24.73,30.07,499,Warehouse B - West,68,246
Outdoor Solar Lights #02696,Home & Garden,125.46,306.81,391,Warehouse B - West,74,362
LED Bulb 4pk #02697,Home & Garden,26.47,48.0,79,Warehouse C - Central,60,302
Binder Clips Assorted #02698,Office Supplies,223.45,425.38,286,Warehouse A - East,33,923
Spark Plugs 4pk #02699,Automotive Parts,198.85,397.87,472,Warehouse C - Central,43,746
Plant Pots Set #02700,Home & Garden,51.68,90.31,134,Warehouse B - West,26,348
Granola Bags #02701,Food & Beverage,245.65,329.47,82,Warehouse A - East,75,217
Card Game Set #02702,Toys & Games,64.93,88.17,286,Warehouse B - West,29,934
Windbreaker #02703,Clothing,239.67,406.67,193,Warehouse C - Central,33,832
Energy Drinks 24pk #02704,Food & Beverage,164.71,389.59,124,Warehouse A - East,71,450
Computer Desk #02705,Furniture,15.74,26.53,406,Warehouse A - East,72,482
Coffee Beans 1kg #02706,Food & Beverage,122.42,192.88,438,Warehouse A - East,49,990
File Folders 20pk #02707,Office Supplies,38.83,91.23,36,Warehouse D - North,38,993
Fleece Hoodie #02708,Clothing,165.95,304.81,146,Warehouse D - North,61,434
Headlamp LED #02709,Sports & Outdoors,17.69,37.79,404,Warehouse C - Central,70,246
Foam Roller #02710,Sports & Outdoors,143.03,318.82,479,Warehouse A - East,18,577
Hedge Trimmer #02711,Home & Garden,68.38,85.79,392,Warehouse D - North,53,537
Hand Sanitizer 500ml #02712,Health & Beauty,143.25,294.41,295,Warehouse B - West,58,806
Stuffed Animal Bear #02713,Toys & Games,113.81,207.19,412,Warehouse D - North,33,261
Wireless Charger #02714,Electronics,36.0,53.73,222,Warehouse A - East,30,882
Drafting Chair #02715,Furniture,216.99,394.87,69,Warehouse C - Central,21,353
Filing Cabinet #02716,Furniture,143.75,311.23,220,Warehouse D - North,61,673
LED Bulb 4pk #02717,Home & Garden,142.47,264.47,110,Warehouse D - North,19,368
Floor Mats Set #02718,Automotive Parts,59.37,132.23,394,Warehouse D - North,33,335
Pressure Washer #02719,Home & Garden,191.63,339.48,173,Warehouse D - North,77,747
Tape Dispenser #02720,Office Supplies,89.4,204.27,479,Warehouse C - Central,36,846
Green Tea Box #02721,Food & Beverage,151.45,302.97,195,Warehouse B - West,52,516
Noise Cancelling Headphones #02722,Electronics,168.68,372.89,326,Warehouse B - West,52,386
Bookshelf 5-Tier #02723,Furniture,13.33,17.51,35,Warehouse C - Central,55,224
Jump Starter #02724,Automotive Parts,69.53,106.5,327,Warehouse D - North,68,490
Laptop Cooling Pad #02725,Electronics,14.39,19.27,495,Warehouse C - Central,69,605
Aloe Vera Gel #02726,Health & Beauty,167.01,290.2,205,Warehouse D - North,48,786
Art Supplies Box #02727,Toys & Games,230.99,541.56,45,Warehouse D - North,63,406
Headlamp LED #02728,Sports & Outdoors,173.28,207.17,439,Warehouse A - East,52,233
Tool Kit 50pc #02729,Home & Garden,89.54,187.47,240,Warehouse D - North,35,238
Insect Repellent #02730,Health & Beauty,107.8,151.11,237,Warehouse A - East,66,280
LEGO Technic Set #02731,Toys & Games,90.81,174.23,194,Warehouse B - West,38,528
Laptop Cooling Pad #02732,Electronics,94.0,167.23,4,Warehouse C - Central,32,576
Bookshelf 5-Tier #02733,Furniture,133.2,236.38,345,Warehouse C - Central,36,636
Green Tea Box #02734,Food & Beverage,213.62,422.76,469,Warehouse C - Central,77,835
Science Kit #02735,Toys & Games,88.47,135.38,336,Warehouse C - Central,65,453
Foam Roller #02736,Sports & Outdoors,218.92,530.19,149,Warehouse C - Central,38,514
Conference Table #02737,Furniture,153.77,258.94,475,Warehouse B - West,41,971
Lip Balm Pack #02738,Health & Beauty,145.42,223.2,294,Warehouse C - Central,44,619
Noise Cancelling Headphones #02739,Electronics,190.25,433.7,358,Warehouse B - West,31,349
Smart Watch #02740,Electronics,83.39,143.2,309,Warehouse B - West,71,940
LEGO Technic Set #02741,Toys & Games,204.76,413.09,451,Warehouse C - Central,76,796
Filing Cabinet #02742,Furniture,41.11,100.96,457,Warehouse A - East,67,332
Cargo Pants #02743,Clothing,215.38,469.16,245,Warehouse C - Central,51,508
Dried Fruit Mix #02744,Food & Beverage,158.31,349.69,189,Warehouse B - West,53,683
Polo Shirt #02745,Clothing,62.62,75.64,142,Warehouse D - North,65,511
Bookshelf 5-Tier #02746,Furniture,181.44,263.39,27,Warehouse C - Central,13,344
Bookshelf 5-Tier #02747,Furniture,195.14,278.16,442,Warehouse D - North,69,541
Binoculars #02748,Sports & Outdoors,177.33,297.68,169,Warehouse D - North,53,843
Noise Cancelling Headphones #02749,Electronics,235.1,578.5,40,Warehouse C - Central,37,270
Binoculars #02750,Sports & Outdoors,75.99,114.0,167,Warehouse B - West,60,597
Standing Desk #02751,Furniture,57.26,107.75,189,Warehouse C - Central,16,409
Work Boots #02752,Clothing,207.55,282.83,343,Warehouse B - West,27,234
Dried Fruit Mix #02753,Food & Beverage,115.46,161.32,208,Warehouse A - East,36,871
Bluetooth Speaker #02754,Electronics,59.53,104.69,296,Warehouse D - North,63,716
Printer Paper A4 #02755,Office Supplies,10.1,22.41,486,Warehouse B - West,50,927
Card Game Set #02756,Toys & Games,96.59,187.04,25,Warehouse A - East,29,869
Floor Mats Set #02757,Automotive Parts,222.54,275.27,134,Warehouse C - Central,34,238
Energy Drinks 24pk #02758,Food & Beverage,16.49,24.05,406,Warehouse B - West,56,248
Rain Poncho #02759,Clothing,153.16,234.1,200,Warehouse D - North,53,385
Cooler Box 40L #02760,Sports & Outdoors,218.29,522.82,81,Warehouse B - West,35,405
Sticky Notes 8pk #02761,Office Supplies,156.65,229.59,69,Warehouse C - Central,12,337
Outdoor Solar Lights #02762,Home & Garden,247.89,357.2,449,Warehouse A - East,11,435
Mixed Nuts 500g #02763,Food & Beverage,64.9,115.68,34,Warehouse D - North,25,886
Tire Pressure Gauge #02764,Automotive Parts,233.34,271.71,438,Warehouse D - North,64,345
Drone Mini #02765,Toys & Games,88.15,198.22,127,Warehouse C - Central,17,377
Jump Rope #02766,Sports & Outdoors,15.9,38.5,88,Warehouse C - Central,39,952
Air Filter #02767,Automotive Parts,60.28,86.96,366,Warehouse B - West,26,247
Whiteboard Markers 6pk #02768,Office Supplies,115.7,280.9,409,Warehouse D - North,12,293
Safety Vest Hi-Vis #02769,Clothing,166.16,220.78,26,Warehouse D - North,57,259
Paint Roller Set #02770,Home & Garden,165.82,313.02,373,Warehouse D - North,23,687
Foam Roller #02771,Sports & Outdoors,104.65,208.26,426,Warehouse A - East,33,470
Extension Cord 10m #02772,Home & Garden,160.68,234.11,446,Warehouse D - North,66,357
Cap Branded #02773,Clothing,127.44,306.75,92,Warehouse A - East,29,524
Rubik's Cube #02774,Toys & Games,87.12,146.55,273,Warehouse C - Central,46,929
Desk Organizer #02775,Office Supplies,185.4,450.27,248,Warehouse B - West,41,842
Headlight Bulb Pair #02776,Automotive Parts,192.82,241.61,95,Warehouse A - East,22,333
Ergonomic Office Chair #02777,Furniture,31.57,55.82,262,Warehouse C - Central,15,441
Tape Dispenser #02778,Office Supplies,202.22,435.32,25,Warehouse A - East,19,665
Car Battery #02779,Automotive Parts,174.01,387.56,477,Warehouse B - West,38,812
Resistance Bands Set #02780,Sports & Outdoors,147.76,293.48,128,Warehouse C - Central,55,382
Floating Shelf Set #02781,Furniture,27.3,37.86,463,Warehouse C - Central,73,597
Mixed Nuts 500g #02782,Food & Beverage,140.27,195.73,10,Warehouse B - West,56,496
Cargo Pants #02783,Clothing,95.17,157.87,164,Warehouse D - North,43,805
Mixed Nuts 500g #02784,Food & Beverage,185.53,213.74,276,Warehouse C - Central,35,407
Lip Balm Pack #02785,Health & Beauty,111.82,265.19,9,Warehouse D - North,49,714
Envelopes 100pk #02786,Office Supplies,145.87,232.85,138,Warehouse B - West,69,221
USB Flash Drive 64GB #02787,Electronics,94.8,196.45,392,Warehouse C - Central,74,900
Drafting Chair #02788,Furniture,191.99,301.97,403,Warehouse C - Central,67,708
Rubik's Cube #02789,Toys & Games,226.14,381.34,324,Warehouse C - Central,36,363
Tool Kit 50pc #02790,Home & Garden,68.47,120.55,254,Warehouse B - West,70,526
Cap Branded #02791,Clothing,142.68,167.46,41,Warehouse A - East,61,557
Thermal Underwear #02792,Clothing,35.19,71.54,293,Warehouse C - Central,30,354
Standing Desk #02793,Furniture,82.0,190.02,475,Warehouse A - East,62,423
Thermal Underwear #02794,Clothing,80.8,175.54,358,Warehouse D - North,61,438
Instant Oatmeal Pack #02795,Food & Beverage,167.76,376.9,330,Warehouse C - Central,62,376
Polo Shirt #02796,Clothing,109.0,136.53,339,Warehouse A - East,43,838
File Folders 20pk #02797,Office Supplies,26.08,37.2,54,Warehouse A - East,38,870
Bluetooth Speaker #02798,Electronics,144.33,331.92,114,Warehouse A - East,30,265
Safety Vest Hi-Vis #02799,Clothing,25.4,57.63,400,Warehouse C - Central,19,581
Label Maker #02800,Office Supplies,228.1,297.0,190,Warehouse D - North,78,357
Tape Dispenser #02801,Office Supplies,134.87,335.62,152,Warehouse A - East,11,306
File Folders 20pk #02802,Office Supplies,67.01,125.66,199,Warehouse B - West,49,512
Wireless Mouse #02803,Electronics,199.06,276.66,475,Warehouse D - North,74,709
Stapler Heavy Duty #02804,Office Supplies,62.65,98.58,167,Warehouse D - North,59,853
Bandages Assorted #02805,Health & Beauty,187.74,412.34,60,Warehouse B - West,65,941
Dried Fruit Mix #02806,Food & Beverage,165.31,215.06,72,Warehouse B - West,65,348
Filing Cabinet #02807,Furniture,47.39,74.05,32,Warehouse B - West,15,491
Card Game Set #02808,Toys & Games,133.91,297.87,57,Warehouse D - North,46,950
Envelopes 100pk #02809,Office Supplies,193.58,405.55,57,Warehouse D - North,21,682
Fleece Hoodie #02810,Clothing,147.86,288.62,313,Warehouse A - East,45,789
Rain Poncho #02811,Clothing,175.18,227.68,281,Warehouse B - West,12,258
Lawn Fertilizer #02812,Home & Garden,103.64,222.37,381,Warehouse A - East,31,923
Wireless Mouse #02813,Electronics,88.26,124.94,82,Warehouse B - West,79,544
Tape Dispenser #02814,Office Supplies,48.76,62.42,164,Warehouse B - West,15,534
Moisturizer Pump #02815,Health & Beauty,221.8,524.3,281,Warehouse B - West,10,563
Outdoor Solar Lights #02816,Home & Garden,44.39,97.69,392,Warehouse D - North,17,261
Sprinkler System #02817,Home & Garden,174.98,239.97,234,Warehouse B - West,65,449
Rain Poncho #02818,Clothing,248.25,354.8,446,Warehouse D - North,74,824
Mixed Nuts 500g #02819,Food & Beverage,204.01,346.84,382,Warehouse C - Central,20,717
Monitor Arm #02820,Furniture,240.94,574.07,384,Warehouse D - North,61,381
Brake Pads Set #02821,Automotive Parts,63.46,120.28,494,Warehouse A - East,23,200
Protein Bars 12pk #02822,Food & Beverage,166.63,369.58,102,Warehouse B - West,38,934
Monitor Arm #02823,Furniture,136.06,249.8,497,Warehouse B - West,38,557
Coolant 4L #02824,Automotive Parts,150.82,347.76,270,Warehouse A - East,71,533
Plant Pots Set #02825,Home & Garden,124.27,158.84,22,Warehouse C - Central,64,973
Puzzle 1000pc #02826,Toys & Games,3.56,8.41,275,Warehouse C - Central,76,302
Green Tea Box #02827,Food & Beverage,156.05,277.86,227,Warehouse D - North,62,319
Desk Organizer #02828,Office Supplies,29.45,72.43,214,Warehouse B - West,78,858
Desk Organizer #02829,Office Supplies,76.13,155.46,91,Warehouse B - West,12,933
Lawn Fertilizer #02830,Home & Garden,93.42,227.67,204,Warehouse B - West,78,593
Stuffed Animal Bear #02831,Toys & Games,144.54,184.6,165,Warehouse C - Central,67,409
Chess Set Wooden #02832,Toys & Games,149.11,350.86,83,Warehouse B - West,53,533
Card Game Set #02833,Toys & Games,168.45,336.59,4,Warehouse C - Central,66,955
Thermal Underwear #02834,Clothing,215.69,254.59,137,Warehouse D - North,70,346
Outdoor Solar Lights #02835,Home & Garden,247.14,385.81,391,Warehouse D - North,66,787
Motor Oil 5W-30 #02836,Automotive Parts,141.48,268.37,304,Warehouse D - North,68,514
Aloe Vera Gel #02837,Health & Beauty,89.28,177.14,292,Warehouse C - Central,46,615
Computer Desk #02838,Furniture,50.0,98.56,258,Warehouse D - North,48,315
Wiper Blades Pair #02839,Automotive Parts,73.67,130.3,483,Warehouse D - North,53,411
Chess Set Wooden #02840,Toys & Games,202.49,262.06,194,Warehouse A - East,47,995
Lip Balm Pack #02841,Health & Beauty,80.38,178.42,85,Warehouse A - East,75,603
Water Bottle 1L #02842,Sports & Outdoors,31.33,73.57,16,Warehouse B - West,30,608
Motor Oil 5W-30 #02843,Automotive Parts,100.38,154.72,308,Warehouse B - West,17,218
Aloe Vera Gel #02844,Health & Beauty,208.72,341.06,53,Warehouse B - West,38,200
Power Bank 20000mAh #02845,Electronics,121.65,249.4,276,Warehouse D - North,80,442
Face Masks 50pk #02846,Health & Beauty,248.72,471.82,212,Warehouse B - West,40,214
Tire Pressure Gauge #02847,Automotive Parts,228.97,277.92,108,Warehouse C - Central,15,895
Pressure Washer #02848,Home & Garden,102.02,198.88,445,Warehouse B - West,55,860
Monitor Light Bar #02849,Electronics,242.12,395.27,149,Warehouse C - Central,22,771
Remote Control Car #02850,Toys & Games,206.72,510.87,340,Warehouse D - North,47,642
Board Game Classic #02851,Toys & Games,126.66,227.71,369,Warehouse A - East,12,869
Stapler Heavy Duty #02852,Office Supplies,42.17,98.49,411,Warehouse A - East,14,231
Bottled Water Case #02853,Food & Beverage,94.35,196.13,24,Warehouse C - Central,39,477
Lip Balm Pack #02854,Health & Beauty,34.62,67.64,22,Warehouse C - Central,60,695
Headlamp LED #02855,Sports & Outdoors,140.54,337.9,419,Warehouse C - Central,57,368
HDMI Cable 2m #02856,Electronics,37.16,81.77,59,Warehouse D - North,51,552
Air Filter #02857,Automotive Parts,80.23,138.35,91,Warehouse A - East,33,385
Board Game Classic #02858,Toys & Games,84.28,121.44,325,Warehouse A - East,47,650
Eye Drops #02859,Health & Beauty,78.21,185.05,155,Warehouse C - Central,79,495
Sleeping Bag #02860,Sports & Outdoors,57.26,99.64,87,Warehouse B - West,22,437
Yoga Mat #02861,Sports & Outdoors,123.3,155.42,70,Warehouse C - Central,46,541
Green Tea Box #02862,Food & Beverage,43.22,98.07,460,Warehouse B - West,17,203
Power Strip 6-Outlet #02863,Home & Garden,165.29,401.29,476,Warehouse D - North,18,934
Dark Chocolate Box #02864,Food & Beverage,37.51,92.25,253,Warehouse C - Central,30,635
Label Maker #02865,Office Supplies,137.3,203.56,177,Warehouse C - Central,51,929
File Folders 20pk #02866,Office Supplies,44.4,86.09,156,Warehouse C - Central,31,897
Windbreaker #02867,Clothing,215.09,276.8,59,Warehouse D - North,74,535
Sleeping Bag #02868,Sports & Outdoors,22.84,28.32,172,Warehouse A - East,16,741
Foam Roller #02869,Sports & Outdoors,150.62,225.74,232,Warehouse D - North,49,475
Energy Drinks 24pk #02870,Food & Beverage,160.38,261.65,72,Warehouse C - Central,48,648
Floating Shelf Set #02871,Furniture,31.53,60.97,359,Warehouse C - Central,68,404
Insect Repellent #02872,Health & Beauty,52.39,83.83,250,Warehouse A - East,75,747
Mixed Nuts 500g #02873,Food & Beverage,32.95,47.58,42,Warehouse B - West,18,904
Dark Chocolate Box #02874,Food & Beverage,131.25,257.41,93,Warehouse D - North,64,238
Scissors 3pk #02875,Office Supplies,222.63,500.1,285,Warehouse B - West,18,561
Car Charger Dual USB #02876,Automotive Parts,119.85,139.39,423,Warehouse C - Central,65,388
Desk Lamp LED #02877,Furniture,47.02,82.33,156,Warehouse B - West,62,534
Cooler Box 40L #02878,Sports & Outdoors,58.15,130.63,401,Warehouse A - East,75,251
Envelopes 100pk #02879,Office Supplies,216.14,352.51,351,Warehouse C - Central,71,392
Bandages Assorted #02880,Health & Beauty,125.15,268.14,226,Warehouse D - North,58,366
Building Blocks 500pc #02881,Toys & Games,246.76,358.56,416,Warehouse C - Central,60,339
Pressure Washer #02882,Home & Garden,198.88,299.05,463,Warehouse A - East,53,253
USB-C Hub #02883,Electronics,13.96,27.28,174,Warehouse A - East,71,433
Binder Clips Assorted #02884,Office Supplies,208.5,432.24,174,Warehouse A - East,30,297
Envelopes 100pk #02885,Office Supplies,103.58,192.12,463,Warehouse C - Central,46,374
Paint Roller Set #02886,Home & Garden,184.56,340.46,264,Warehouse D - North,48,834
Stuffed Animal Bear #02887,Toys & Games,110.63,211.02,448,Warehouse D - North,57,993
Tent 4-Person #02888,Sports & Outdoors,178.07,288.57,266,Warehouse A - East,26,730
Board Game Classic #02889,Toys & Games,46.43,57.87,381,Warehouse A - East,69,948
Winter Jacket #02890,Clothing,133.15,186.83,311,Warehouse D - North,67,283
Monitor Light Bar #02891,Electronics,83.39,161.26,153,Warehouse A - East,43,536
Moisturizer Pump #02892,Health & Beauty,107.51,234.02,81,Warehouse A - East,76,600
Bookshelf 5-Tier #02893,Furniture,182.08,366.27,107,Warehouse C - Central,77,714
Sprinkler System #02894,Home & Garden,30.29,38.18,125,Warehouse A - East,72,751
Vitamin C Tablets #02895,Health & Beauty,144.96,340.39,11,Warehouse D - North,31,307
Headlight Bulb Pair #02896,Automotive Parts,13.65,21.51,286,Warehouse B - West,64,633
Energy Drinks 24pk #02897,Food & Beverage,24.18,54.87,160,Warehouse A - East,74,751
Coolant 4L #02898,Automotive Parts,4.95,11.28,163,Warehouse D - North,34,329
Laptop Cooling Pad #02899,Electronics,186.61,245.3,123,Warehouse B - West,20,210
Sticky Notes 8pk #02900,Office Supplies,213.5,529.36,157,Warehouse C - Central,27,861
Resistance Bands Set #02901,Sports & Outdoors,62.35,107.61,293,Warehouse C - Central,17,906
Ballpoint Pens 12pk #02902,Office Supplies,214.19,453.7,21,Warehouse A - East,46,535
Winter Jacket #02903,Clothing,54.62,96.81,205,Warehouse D - North,18,551
Bottled Water Case #02904,Food & Beverage,189.87,254.2,225,Warehouse C - Central,20,422
Desk Organizer #02905,Office Supplies,150.7,288.93,107,Warehouse A - East,55,447
Tablet Stand #02906,Electronics,84.8,134.35,447,Warehouse C - Central,65,292
Eye Drops #02907,Health & Beauty,167.08,211.53,171,Warehouse B - West,59,584
Art Supplies Box #02908,Toys & Games,142.89,233.2,404,Warehouse D - North,24,303
Moisturizer Pump #02909,Health & Beauty,99.44,205.49,21,Warehouse B - West,27,720
Floor Mats Set #02910,Automotive Parts,47.06,55.91,81,Warehouse D - North,79,808
Lawn Fertilizer #02911,Home & Garden,3.16,7.53,151,Warehouse A - East,32,733
Paint Roller Set #02912,Home & Garden,65.59,147.77,349,Warehouse A - East,62,278
Drafting Chair #02913,Furniture,249.8,443.01,485,Warehouse B - West,51,849
Binoculars #02914,Sports & Outdoors,218.3,438.13,153,Warehouse A - East,62,471
Resistance Bands Set #02915,Sports & Outdoors,11.29,23.18,279,Warehouse D - North,10,338
Coffee Beans 1kg #02916,Food & Beverage,67.49,121.95,106,Warehouse A - East,64,337
Thermometer Digital #02917,Health & Beauty,66.27,100.42,59,Warehouse B - West,77,973
Stuffed Animal Bear #02918,Toys & Games,198.97,477.7,294,Warehouse A - East,62,788
Plant Pots Set #02919,Home & Garden,101.73,212.46,440,Warehouse B - West,10,783
Rain Poncho #02920,Clothing,135.07,311.82,480,Warehouse C - Central,75,665
Camping Chair #02921,Sports & Outdoors,29.75,62.6,425,Warehouse D - North,52,750
Cotton T-Shirt Pack #02922,Clothing,32.57,49.15,100,Warehouse D - North,12,857
Scissors 3pk #02923,Office Supplies,246.31,545.56,387,Warehouse A - East,59,477
Dried Fruit Mix #02924,Food & Beverage,236.88,461.29,389,Warehouse D - North,76,266
Honey Jar #02925,Food & Beverage,118.53,240.62,183,Warehouse B - West,75,427
Bottled Water Case #02926,Food & Beverage,72.42,129.71,7,Warehouse B - West,42,296
Smart Watch #02927,Electronics,5.09,12.13,482,Warehouse D - North,54,397
Mechanical Keyboard #02928,Electronics,137.15,231.02,178,Warehouse A - East,43,370
First Aid Kit #02929,Health & Beauty,164.49,227.0,445,Warehouse A - East,39,287
Hiking Backpack #02930,Sports & Outdoors,116.53,135.16,388,Warehouse A - East,45,267
Laptop Cooling Pad #02931,Electronics,173.16,360.31,429,Warehouse B - West,44,302
Winter Jacket #02932,Clothing,94.07,207.34,430,Warehouse A - East,80,858
Smart Watch #02933,Electronics,121.71,241.2,50,Warehouse C - Central,28,347
Stapler Heavy Duty #02934,Office Supplies,8.98,19.18,285,Warehouse D - North,70,354
Insect Repellent #02935,Health & Beauty,102.9,143.8,191,Warehouse C - Central,20,707
Safety Vest Hi-Vis #02936,Clothing,73.82,111.3,455,Warehouse D - North,37,376
Standing Desk #02937,Furniture,134.33,267.25,18,Warehouse D - North,34,512
Tape Dispenser #02938,Office Supplies,26.61,44.31,25,Warehouse B - West,70,212
Tape Dispenser #02939,Office Supplies,113.27,230.08,28,Warehouse A - East,29,997
Smart Watch #02940,Electronics,85.13,188.97,200,Warehouse B - West,63,938
Drafting Chair #02941,Furniture,91.38,155.58,278,Warehouse C - Central,13,210
Floor Mats Set #02942,Automotive Parts,152.02,180.98,49,Warehouse B - West,73,449
Sleeping Bag #02943,Sports & Outdoors,241.49,286.19,236,Warehouse D - North,37,830
Filing Cabinet #02944,Furniture,188.65,225.76,231,Warehouse A - East,31,364
Filing Cabinet #02945,Furniture,136.05,226.38,21,Warehouse A - East,75,683
Plant Pots Set #02946,Home & Garden,37.35,49.0,411,Warehouse C - Central,42,523
Garden Hose 30m #02947,Home & Garden,249.7,324.56,85,Warehouse D - North,80,270
SSD 1TB External #02948,Electronics,65.7,97.27,27,Warehouse C - Central,28,430
Sunscreen SPF50 #02949,Health & Beauty,47.55,63.94,331,Warehouse B - West,60,215
Water Bottle 1L #02950,Sports & Outdoors,55.24,107.35,386,Warehouse A - East,20,345
Card Game Set #02951,Toys & Games,77.66,175.62,408,Warehouse D - North,70,384
Board Game Classic #02952,Toys & Games,53.64,74.91,328,Warehouse A - East,55,523
Protein Bars 12pk #02953,Food & Beverage,118.64,149.07,238,Warehouse A - East,48,937
Winter Jacket #02954,Clothing,237.11,537.45,183,Warehouse A - East,79,559
LED Bulb 4pk #02955,Home & Garden,34.59,44.74,341,Warehouse A - East,24,527
Fleece Hoodie #02956,Clothing,136.04,230.75,387,Warehouse D - North,46,950
Eye Drops #02957,Health & Beauty,139.89,310.29,465,Warehouse D - North,75,890
Work Boots #02958,Clothing,116.98,292.31,464,Warehouse C - Central,11,712
Eye Drops #02959,Health & Beauty,66.19,121.8,118,Warehouse A - East,66,873
Building Blocks 500pc #02960,Toys & Games,143.83,260.68,317,Warehouse D - North,26,287
Hand Sanitizer 500ml #02961,Health & Beauty,14.49,27.84,371,Warehouse B - West,77,986
Outdoor Solar Lights #02962,Home & Garden,240.56,479.72,426,Warehouse B - West,35,533
Aloe Vera Gel #02963,Health & Beauty,68.72,119.57,229,Warehouse B - West,15,716
Filing Cabinet #02964,Furniture,144.37,268.89,163,Warehouse B - West,45,642
Windbreaker #02965,Clothing,214.21,294.97,85,Warehouse D - North,35,961
Polo Shirt #02966,Clothing,91.1,145.21,449,Warehouse B - West,36,979
Wireless Mouse #02967,Electronics,7.11,13.44,192,Warehouse D - North,41,498
Wiper Blades Pair #02968,Automotive Parts,149.25,294.99,1,Warehouse A - East,76,733
Conference Table #02969,Furniture,31.54,70.26,11,Warehouse B - West,21,593
Protein Bars 12pk #02970,Food & Beverage,172.01,244.61,233,Warehouse D - North,78,991
Board Game Classic #02971,Toys & Games,98.27,184.89,375,Warehouse A - East,53,507
Tape Dispenser #02972,Office Supplies,121.05,181.37,125,Warehouse A - East,15,251
Drone Mini #02973,Toys & Games,129.73,269.03,127,Warehouse A - East,65,321
Instant Oatmeal Pack #02974,Food & Beverage,22.46,28.74,451,Warehouse A - East,20,525
Chess Set Wooden #02975,Toys & Games,162.15,338.46,168,Warehouse C - Central,74,344
Polo Shirt #02976,Clothing,48.9,73.38,434,Warehouse C - Central,11,270
Energy Drinks 24pk #02977,Food & Beverage,191.13,291.46,210,Warehouse C - Central,13,657
Outdoor Solar Lights #02978,Home & Garden,152.59,227.06,297,Warehouse D - North,44,614
Air Filter #02979,Automotive Parts,179.6,229.69,281,Warehouse A - East,27,473
Windbreaker #02980,Clothing,192.96,459.02,352,Warehouse B - West,74,355
Honey Jar #02981,Food & Beverage,112.79,270.17,147,Warehouse D - North,10,352
Polo Shirt #02982,Clothing,133.66,244.07,35,Warehouse C - Central,73,468
Cotton T-Shirt Pack #02983,Clothing,58.4,139.12,326,Warehouse C - Central,34,621
Work Boots #02984,Clothing,87.42,154.16,4,Warehouse B - West,47,289
Building Blocks 500pc #02985,Toys & Games,248.14,472.96,71,Warehouse C - Central,80,918
Computer Desk #02986,Furniture,30.82,52.86,35,Warehouse C - Central,32,846
Sleeping Bag #02987,Sports & Outdoors,6.44,13.19,456,Warehouse A - East,60,317
SSD 1TB External #02988,Electronics,151.2,218.6,135,Warehouse A - East,64,618
USB-C Hub #02989,Electronics,33.69,49.76,73,Warehouse A - East,68,288
Cable Management Tray #02990,Furniture,219.99,522.47,102,Warehouse D - North,26,781
Desk Lamp LED #02991,Furniture,24.21,28.8,463,Warehouse C - Central,43,745
SSD 1TB External #02992,Electronics,184.39,320.39,166,Warehouse C - Central,38,990
Bandages Assorted #02993,Health & Beauty,181.9,447.54,156,Warehouse D - North,32,347
Tool Kit 50pc #02994,Home & Garden,213.33,331.68,422,Warehouse A - East,13,309
Jump Rope #02995,Sports & Outdoors,3.7,6.75,380,Warehouse C - Central,36,949
Air Filter #02996,Automotive Parts,66.35,107.63,492,Warehouse D - North,63,285
Sprinkler System #02997,Home & Garden,43.93,106.28,387,Warehouse B - West,22,967
Spark Plugs 4pk #02998,Automotive Parts,238.27,400.82,1,Warehouse D - North,75,601
Extension Cord 10m #02999,Home & Garden,233.11,514.54,487,Warehouse C - Central,29,333
Drafting Chair #03000,Furniture,220.07,515.67,209,Warehouse C - Central,79,652
Card Game Set #03001,Toys & Games,119.38,271.03,339,Warehouse A - East,30,792
Energy Drinks 24pk #03002,Food & Beverage,5.73,9.78,477,Warehouse C - Central,23,722
Envelopes 100pk #03003,Office Supplies,121.88,189.74,74,Warehouse C - Central,26,440
Moisturizer Pump #03004,Health & Beauty,78.28,122.49,214,Warehouse B - West,58,760
Bookshelf 5-Tier #03005,Furniture,23.55,52.22,221,Warehouse C - Central,42,819
Cap Branded #03006,Clothing,65.68,145.19,8,Warehouse C - Central,61,875
Thermometer Digital #03007,Health & Beauty,204.95,447.75,51,Warehouse B - West,73,992
Scissors 3pk #03008,Office Supplies,21.92,29.55,127,Warehouse D - North,10,884
Dried Fruit Mix #03009,Food & Beverage,57.89,119.5,403,Warehouse B - West,46,712
Computer Desk #03010,Furniture,130.17,252.79,214,Warehouse D - North,78,223
Paint Roller Set #03011,Home & Garden,216.81,254.68,433,Warehouse A - East,22,303
Cargo Pants #03012,Clothing,41.93,97.93,159,Warehouse C - Central,35,872
Cable Management Tray #03013,Furniture,48.25,111.71,60,Warehouse C - Central,61,252
Rubik's Cube #03014,Toys & Games,237.86,409.65,421,Warehouse B - West,40,708
Cable Management Tray #03015,Furniture,183.04,426.04,197,Warehouse B - West,16,259
Polo Shirt #03016,Clothing,249.88,355.38,304,Warehouse A - East,67,763
Standing Desk #03017,Furniture,202.28,241.48,6,Warehouse D - North,36,504
Filing Cabinet #03018,Furniture,28.52,59.36,382,Warehouse D - North,22,803
Tape Dispenser #03019,Office Supplies,13.31,28.77,452,Warehouse C - Central,59,359
Board Game Classic #03020,Toys & Games,181.0,271.28,297,Warehouse D - North,46,851
File Folders 20pk #03021,Office Supplies,217.1,519.67,321,Warehouse B - West,25,278
Tire Pressure Gauge #03022,Automotive Parts,57.42,107.13,361,Warehouse D - North,25,223
Rain Poncho #03023,Clothing,133.06,308.8,227,Warehouse A - East,76,962
Air Filter #03024,Automotive Parts,195.29,382.44,28,Warehouse A - East,39,679
Garden Hose 30m #03025,Home & Garden,107.83,204.44,262,Warehouse D - North,24,997
Safety Vest Hi-Vis #03026,Clothing,223.65,461.56,450,Warehouse D - North,59,457
Brake Pads Set #03027,Automotive Parts,134.8,243.31,428,Warehouse D - North,39,241
Sprinkler System #03028,Home & Garden,216.1,510.98,3,Warehouse A - East,33,493
File Folders 20pk #03029,Office Supplies,196.53,349.52,496,Warehouse A - East,74,232
Cargo Shorts #03030,Clothing,65.71,152.58,99,Warehouse D - North,27,418
Safety Vest Hi-Vis #03031,Clothing,242.63,318.84,299,Warehouse D - North,14,593
File Folders 20pk #03032,Office Supplies,212.04,318.15,341,Warehouse D - North,70,220
Spark Plugs 4pk #03033,Automotive Parts,171.29,212.31,317,Warehouse C - Central,25,451
Cargo Pants #03034,Clothing,81.82,175.37,429,Warehouse B - West,62,505
Garden Hose 30m #03035,Home & Garden,3.09,7.42,111,Warehouse A - East,35,572
Whiteboard Markers 6pk #03036,Office Supplies,223.41,304.13,434,Warehouse A - East,37,919
Chess Set Wooden #03037,Toys & Games,216.69,418.24,147,Warehouse A - East,79,499
Coffee Beans 1kg #03038,Food & Beverage,4.53,10.79,378,Warehouse A - East,64,815
Power Bank 20000mAh #03039,Electronics,214.82,260.63,51,Warehouse D - North,57,272
Coolant 4L #03040,Automotive Parts,92.45,207.1,281,Warehouse C - Central,59,915
Hedge Trimmer #03041,Home & Garden,198.96,290.87,444,Warehouse C - Central,52,438
Ballpoint Pens 12pk #03042,Office Supplies,25.18,40.03,419,Warehouse C - Central,25,979
Jump Starter #03043,Automotive Parts,66.38,165.38,251,Warehouse D - North,74,799
Desk Lamp LED #03044,Furniture,119.17,225.82,164,Warehouse A - East,24,340
Floor Mats Set #03045,Automotive Parts,83.72,107.41,119,Warehouse D - North,57,983
Ballpoint Pens 12pk #03046,Office Supplies,86.66,130.03,192,Warehouse D - North,15,980
Work Boots #03047,Clothing,184.12,216.43,151,Warehouse C - Central,47,645
Bandages Assorted #03048,Health & Beauty,193.74,345.35,18,Warehouse D - North,55,266
Ergonomic Office Chair #03049,Furniture,116.25,143.28,256,Warehouse C - Central,69,325
Paint Roller Set #03050,Home & Garden,189.17,340.3,328,Warehouse A - East,39,692
Green Tea Box #03051,Food & Beverage,122.7,191.94,116,Warehouse B - West,77,216
Car Battery #03052,Automotive Parts,205.69,469.94,257,Warehouse D - North,51,922
Fleece Hoodie #03053,Clothing,14.35,27.4,170,Warehouse D - North,43,989
Tape Dispenser #03054,Office Supplies,245.35,578.1,95,Warehouse A - East,76,507
Jump Starter #03055,Automotive Parts,108.3,144.44,228,Warehouse B - West,58,899
Cotton T-Shirt Pack #03056,Clothing,236.51,546.47,361,Warehouse B - West,36,546
Tape Dispenser #03057,Office Supplies,120.02,250.09,183,Warehouse D - North,26,423
Stapler Heavy Duty #03058,Office Supplies,152.63,259.27,343,Warehouse D - North,13,469
LEGO Technic Set #03059,Toys & Games,59.97,73.62,171,Warehouse B - West,57,996
Hand Sanitizer 500ml #03060,Health & Beauty,88.02,104.24,268,Warehouse B - West,28,685
Science Kit #03061,Toys & Games,186.07,454.37,167,Warehouse C - Central,67,639
Power Bank 20000mAh #03062,Electronics,49.58,100.94,164,Warehouse A - East,62,661
Car Charger Dual USB #03063,Automotive Parts,149.65,265.71,363,Warehouse C - Central,53,552
Fleece Hoodie #03064,Clothing,212.93,413.52,441,Warehouse C - Central,13,447
Safety Vest Hi-Vis #03065,Clothing,120.26,277.97,383,Warehouse B - West,26,666
Polo Shirt #03066,Clothing,177.13,245.65,329,Warehouse A - East,28,693
Standing Desk #03067,Furniture,209.31,475.28,333,Warehouse A - East,72,636
Brake Pads Set #03068,Automotive Parts,106.89,131.18,150,Warehouse C - Central,30,831
Conference Table #03069,Furniture,68.51,129.89,295,Warehouse A - East,80,438
Water Bottle 1L #03070,Sports & Outdoors,235.12,535.6,489,Warehouse B - West,11,412
Polo Shirt #03071,Clothing,224.83,485.25,492,Warehouse A - East,80,214
Sunscreen SPF50 #03072,Health & Beauty,170.29,257.59,424,Warehouse D - North,19,262
Printer Paper A4 #03073,Office Supplies,217.35,382.16,452,Warehouse A - East,12,421
Tool Kit 50pc #03074,Home & Garden,112.52,247.66,454,Warehouse A - East,53,901
Bluetooth Speaker #03075,Electronics,146.66,209.98,211,Warehouse C - Central,68,387
Bandages Assorted #03076,Health & Beauty,145.24,334.24,441,Warehouse C - Central,66,363
Jump Starter #03077,Automotive Parts,244.76,584.1,2,Warehouse A - East,79,427
Extension Cord 10m #03078,Home & Garden,66.51,90.52,179,Warehouse A - East,80,532
Remote Control Car #03079,Toys & Games,185.06,269.0,236,Warehouse D - North,30,976
Rain Poncho #03080,Clothing,215.57,294.49,293,Warehouse B - West,25,596
Tent 4-Person #03081,Sports & Outdoors,13.84,34.13,288,Warehouse B - West,64,260
Hedge Trimmer #03082,Home & Garden,106.11,178.63,169,Warehouse B - West,31,664
Label Maker #03083,Office Supplies,77.32,190.92,301,Warehouse C - Central,72,471
SSD 1TB External #03084,Electronics,181.25,332.17,279,Warehouse A - East,65,508
Hedge Trimmer #03085,Home & Garden,124.8,204.74,211,Warehouse A - East,12,373
Printer Paper A4 #03086,Office Supplies,166.95,399.88,289,Warehouse A - East,31,809
Safety Vest Hi-Vis #03087,Clothing,193.37,458.4,397,Warehouse A - East,48,443
Lip Balm Pack #03088,Health & Beauty,136.47,325.31,299,Warehouse B - West,38,377
Jump Rope #03089,Sports & Outdoors,63.32,87.63,490,Warehouse C - Central,31,450
Ergonomic Office Chair #03090,Furniture,40.18,66.51,333,Warehouse A - East,52,552
Drafting Chair #03091,Furniture,221.41,322.25,172,Warehouse A - East,46,536
Bottled Water Case #03092,Food & Beverage,146.06,328.31,413,Warehouse B - West,46,911
Remote Control Car #03093,Toys & Games,189.25,280.39,448,Warehouse B - West,30,501
Power Strip 6-Outlet #03094,Home & Garden,148.84,197.74,415,Warehouse C - Central,78,227
Rubik's Cube #03095,Toys & Games,185.62,464.01,118,Warehouse C - Central,25,329
First Aid Kit #03096,Health & Beauty,42.1,81.37,227,Warehouse D - North,52,969
Sleeping Bag #03097,Sports & Outdoors,151.08,201.05,28,Warehouse B - West,25,346
Jump Starter #03098,Automotive Parts,51.13,92.01,158,Warehouse B - West,57,484
Ergonomic Office Chair #03099,Furniture,97.21,189.91,443,Warehouse A - East,44,856
Remote Control Car #03100,Toys & Games,225.62,363.6,407,Warehouse B - West,22,800
Fleece Hoodie #03101,Clothing,112.69,236.54,51,Warehouse B - West,71,581
Power Strip 6-Outlet #03102,Home & Garden,236.15,544.14,140,Warehouse B - West,70,526
Label Maker #03103,Office Supplies,229.62,342.14,52,Warehouse A - East,28,918
Science Kit #03104,Toys & Games,31.88,71.46,117,Warehouse B - West,13,204
Whiteboard Markers 6pk #03105,Office Supplies,80.22,107.14,31,Warehouse A - East,34,370
Desk Lamp LED #03106,Furniture,173.39,400.72,181,Warehouse A - East,11,525
Moisturizer Pump #03107,Health & Beauty,180.51,241.6,297,Warehouse B - West,23,506
Noise Cancelling Headphones #03108,Electronics,213.14,384.7,302,Warehouse B - West,69,853
Eye Drops #03109,Health & Beauty,152.16,201.04,354,Warehouse B - West,42,334
Computer Desk #03110,Furniture,137.22,288.99,130,Warehouse A - East,51,917
Puzzle 1000pc #03111,Toys & Games,184.52,453.61,154,Warehouse D - North,79,694
HDMI Cable 2m #03112,Electronics,124.19,206.9,294,Warehouse B - West,35,413
Thermal Underwear #03113,Clothing,148.21,282.13,181,Warehouse A - East,22,566
Cap Branded #03114,Clothing,117.88,221.96,148,Warehouse A - East,65,481
File Folders 20pk #03115,Office Supplies,159.86,353.38,183,Warehouse B - West,77,743
Sticky Notes 8pk #03116,Office Supplies,243.22,384.98,223,Warehouse D - North,71,338
Polo Shirt #03117,Clothing,185.43,279.86,246,Warehouse B - West,26,874
Foam Roller #03118,Sports & Outdoors,231.15,534.89,326,Warehouse C - Central,50,954
Drafting Chair #03119,Furniture,99.16,188.39,88,Warehouse A - East,33,558
Computer Desk #03120,Furniture,47.47,101.33,339,Warehouse C - Central,61,372
Air Filter #03121,Automotive Parts,139.01,195.27,389,Warehouse A - East,42,384
Bookshelf 5-Tier #03122,Furniture,198.64,294.32,140,Warehouse B - West,21,494
Board Game Classic #03123,Toys & Games,197.44,388.44,335,Warehouse B - West,63,603
Motor Oil 5W-30 #03124,Automotive Parts,35.33,59.64,134,Warehouse C - Central,53,253
Tool Kit 50pc #03125,Home & Garden,47.91,85.96,145,Warehouse B - West,15,219
Building Blocks 500pc #03126,Toys & Games,14.38,31.3,294,Warehouse C - Central,38,451
Honey Jar #03127,Food & Beverage,155.56,207.13,152,Warehouse A - East,69,295
Remote Control Car #03128,Toys & Games,96.82,112.1,23,Warehouse B - West,63,221
Floor Mats Set #03129,Automotive Parts,165.45,261.82,143,Warehouse D - North,61,313
SSD 1TB External #03130,Electronics,243.95,567.16,200,Warehouse C - Central,46,423
Wireless Mouse #03131,Electronics,143.97,209.93,88,Warehouse D - North,35,477
Floating Shelf Set #03132,Furniture,206.89,421.99,438,Warehouse A - East,38,889
Mixed Nuts 500g #03133,Food & Beverage,197.05,257.11,329,Warehouse A - East,43,489
Paint Roller Set #03134,Home & Garden,36.03,51.17,50,Warehouse C - Central,59,557
First Aid Kit #03135,Health & Beauty,229.02,324.17,91,Warehouse D - North,69,681
File Folders 20pk #03136,Office Supplies,120.2,206.42,470,Warehouse B - West,14,632
Insect Repellent #03137,Health & Beauty,74.49,148.38,23,Warehouse A - East,45,638
Tire Pressure Gauge #03138,Automotive Parts,214.87,276.13,281,Warehouse A - East,66,220
Headlight Bulb Pair #03139,Automotive Parts,154.64,217.25,153,Warehouse B - West,33,242
Aloe Vera Gel #03140,Health & Beauty,56.36,88.22,395,Warehouse D - North,44,279
Work Boots #03141,Clothing,68.63,118.62,171,Warehouse D - North,35,713
Card Game Set #03142,Toys & Games,113.26,246.58,5,Warehouse C - Central,31,567
File Folders 20pk #03143,Office Supplies,186.85,310.35,389,Warehouse A - East,27,628
Face Masks 50pk #03144,Health & Beauty,117.97,167.18,222,Warehouse A - East,44,264
Smart Watch #03145,Electronics,86.05,157.14,172,Warehouse C - Central,50,693
Cargo Pants #03146,Clothing,98.92,150.95,164,Warehouse B - West,12,233
Car Charger Dual USB #03147,Automotive Parts,21.26,43.73,25,Warehouse D - North,49,700
Conference Table #03148,Furniture,57.09,104.59,464,Warehouse C - Central,76,468
Instant Oatmeal Pack #03149,Food & Beverage,14.7,31.35,42,Warehouse D - North,79,970
Headlamp LED #03150,Sports & Outdoors,65.59,112.1,239,Warehouse D - North,26,895
Bottled Water Case #03151,Food & Beverage,139.26,312.27,493,Warehouse C - Central,18,576
Computer Desk #03152,Furniture,94.45,174.61,311,Warehouse B - West,14,261
Floor Mats Set #03153,Automotive Parts,231.28,318.09,431,Warehouse C - Central,24,211
Yoga Mat #03154,Sports & Outdoors,174.98,354.73,428,Warehouse C - Central,59,220
Energy Drinks 24pk #03155,Food & Beverage,104.15,243.83,17,Warehouse B - West,53,237
Instant Oatmeal Pack #03156,Food & Beverage,68.22,117.58,260,Warehouse A - East,41,416
Plant Pots Set #03157,Home & Garden,161.86,331.64,11,Warehouse A - East,61,682
Sticky Notes 8pk #03158,Office Supplies,47.39,66.23,210,Warehouse C - Central,70,788
Drafting Chair #03159,Furniture,6.0,11.05,260,Warehouse C - Central,74,641
Honey Jar #03160,Food & Beverage,190.46,392.91,413,Warehouse D - North,15,596
Olive Oil 500ml #03161,Food & Beverage,104.85,163.7,416,Warehouse D - North,31,913
LED Bulb 4pk #03162,Home & Garden,185.99,292.96,326,Warehouse C - Central,51,222
Puzzle 1000pc #03163,Toys & Games,36.47,47.75,233,Warehouse D - North,17,468
Computer Desk #03164,Furniture,216.35,448.23,226,Warehouse D - North,13,616
Protein Bars 12pk #03165,Food & Beverage,210.06,457.81,205,Warehouse A - East,30,791
Wiper Blades Pair #03166,Automotive Parts,235.99,456.24,90,Warehouse A - East,75,830
Chess Set Wooden #03167,Toys & Games,232.76,421.81,287,Warehouse C - Central,29,628
Mixed Nuts 500g #03168,Food & Beverage,116.99,206.8,468,Warehouse D - North,10,746
Insect Repellent #03169,Health & Beauty,67.08,113.84,149,Warehouse B - West,30,230
Chess Set Wooden #03170,Toys & Games,172.37,352.94,497,Warehouse B - West,21,890
Foam Roller #03171,Sports & Outdoors,172.4,347.15,354,Warehouse C - Central,12,315
Sleeping Bag #03172,Sports & Outdoors,153.4,263.09,13,Warehouse B - West,58,813
Drafting Chair #03173,Furniture,86.31,162.01,97,Warehouse C - Central,10,576
Chess Set Wooden #03174,Toys & Games,42.28,105.66,118,Warehouse C - Central,75,960
Coffee Beans 1kg #03175,Food & Beverage,174.95,386.08,355,Warehouse A - East,19,677
Plant Pots Set #03176,Home & Garden,126.5,303.86,197,Warehouse C - Central,58,856
Dark Chocolate Box #03177,Food & Beverage,30.25,70.85,270,Warehouse D - North,16,305
Insect Repellent #03178,Health & Beauty,230.41,469.7,461,Warehouse C - Central,75,295
Webcam HD #03179,Electronics,234.99,516.01,58,Warehouse B - West,70,255
Pressure Washer #03180,Home & Garden,75.99,133.17,24,Warehouse A - East,36,231
Label Maker #03181,Office Supplies,224.77,550.07,33,Warehouse D - North,68,363
Rain Poncho #03182,Clothing,43.07,104.53,281,Warehouse C - Central,32,866
Aloe Vera Gel #03183,Health & Beauty,82.91,201.29,338,Warehouse B - West,12,668
Scissors 3pk #03184,Office Supplies,165.62,406.43,487,Warehouse D - North,33,856
First Aid Kit #03185,Health & Beauty,20.66,38.82,216,Warehouse D - North,24,936
Bookshelf 5-Tier #03186,Furniture,200.35,340.25,67,Warehouse A - East,11,770
Sticky Notes 8pk #03187,Office Supplies,210.49,310.29,61,Warehouse B - West,68,258
Tool Kit 50pc #03188,Home & Garden,168.78,395.15,143,Warehouse C - Central,44,423
Science Kit #03189,Toys & Games,158.29,221.33,129,Warehouse D - North,52,734
USB-C Hub #03190,Electronics,46.3,99.24,151,Warehouse B - West,28,505
Jump Rope #03191,Sports & Outdoors,103.14,121.2,46,Warehouse D - North,29,428
Jump Rope #03192,Sports & Outdoors,4.22,7.99,136,Warehouse A - East,67,614
Olive Oil 500ml #03193,Food & Beverage,95.43,207.79,0,Warehouse C - Central,26,972
Bottled Water Case #03194,Food & Beverage,80.92,185.31,456,Warehouse C - Central,49,243
Jump Rope #03195,Sports & Outdoors,175.2,301.98,256,Warehouse D - North,20,916
Foam Roller #03196,Sports & Outdoors,170.56,419.7,447,Warehouse C - Central,61,918
Scissors 3pk #03197,Office Supplies,38.42,62.45,367,Warehouse B - West,67,710
File Folders 20pk #03198,Office Supplies,70.56,148.99,210,Warehouse B - West,29,402
Bottled Water Case #03199,Food & Beverage,11.53,19.54,237,Warehouse C - Central,77,617
Building Blocks 500pc #03200,Toys & Games,34.08,65.94,290,Warehouse B - West,72,882
Windbreaker #03201,Clothing,14.52,21.73,309,Warehouse B - West,77,596
Fleece Hoodie #03202,Clothing,141.79,187.72,196,Warehouse A - East,63,607
Headlight Bulb Pair #03203,Automotive Parts,146.68,203.72,456,Warehouse B - West,54,586
Rubik's Cube #03204,Toys & Games,151.59,369.02,280,Warehouse C - Central,41,420
Desk Organizer #03205,Office Supplies,120.41,296.56,284,Warehouse D - North,75,675
Headlight Bulb Pair #03206,Automotive Parts,48.45,115.65,222,Warehouse A - East,11,508
Dried Fruit Mix #03207,Food & Beverage,132.25,160.81,485,Warehouse B - West,42,822
Desk Lamp LED #03208,Furniture,51.64,96.19,97,Warehouse B - West,20,358
LED Bulb 4pk #03209,Home & Garden,9.27,21.88,148,Warehouse D - North,48,250
Power Strip 6-Outlet #03210,Home & Garden,210.34,447.58,483,Warehouse B - West,18,512
USB Flash Drive 64GB #03211,Electronics,72.49,174.94,36,Warehouse A - East,37,507
Webcam HD #03212,Electronics,130.11,250.61,164,Warehouse D - North,29,850
Polo Shirt #03213,Clothing,148.68,279.4,329,Warehouse D - North,51,887
Sunscreen SPF50 #03214,Health & Beauty,186.09,381.6,357,Warehouse A - East,27,503
Sleeping Bag #03215,Sports & Outdoors,242.47,491.27,28,Warehouse B - West,76,387
Jump Rope #03216,Sports & Outdoors,9.68,23.32,218,Warehouse A - East,64,823
Card Game Set #03217,Toys & Games,140.56,279.38,64,Warehouse C - Central,79,234
Sprinkler System #03218,Home & Garden,34.66,40.06,242,Warehouse A - East,56,451
Headlight Bulb Pair #03219,Automotive Parts,103.31,132.82,269,Warehouse C - Central,65,785
Air Filter #03220,Automotive Parts,189.91,385.46,375,Warehouse C - Central,47,206
Dried Fruit Mix #03221,Food & Beverage,123.71,162.39,83,Warehouse A - East,50,430
Instant Oatmeal Pack #03222,Food & Beverage,165.8,261.34,207,Warehouse A - East,22,213
Floor Mats Set #03223,Automotive Parts,124.98,252.11,37,Warehouse A - East,73,558
Bottled Water Case #03224,Food & Beverage,23.37,45.04,339,Warehouse B - West,32,246
Sleeping Bag #03225,Sports & Outdoors,186.56,361.58,369,Warehouse B - West,19,804
Stapler Heavy Duty #03226,Office Supplies,49.96,88.45,97,Warehouse B - West,48,949
Lip Balm Pack #03227,Health & Beauty,70.22,123.27,281,Warehouse C - Central,10,998
Jump Starter #03228,Automotive Parts,8.37,18.1,273,Warehouse B - West,63,331
Resistance Bands Set #03229,Sports & Outdoors,230.91,541.38,354,Warehouse C - Central,70,623
Drafting Chair #03230,Furniture,19.68,35.15,17,Warehouse D - North,55,291
Dark Chocolate Box #03231,Food & Beverage,43.28,81.22,177,Warehouse C - Central,20,474
Tool Kit 50pc #03232,Home & Garden,242.96,291.55,416,Warehouse C - Central,19,771
Printer Paper A4 #03233,Office Supplies,87.39,164.75,40,Warehouse D - North,22,528
Lip Balm Pack #03234,Health & Beauty,180.14,357.73,342,Warehouse A - East,56,454
LED Bulb 4pk #03235,Home & Garden,162.36,366.72,1,Warehouse A - East,16,491
Remote Control Car #03236,Toys & Games,223.28,498.26,367,Warehouse C - Central,49,526
Computer Desk #03237,Furniture,70.52,82.85,389,Warehouse B - West,41,818
Cargo Pants #03238,Clothing,201.46,238.24,107,Warehouse B - West,58,603
Webcam HD #03239,Electronics,129.41,308.73,278,Warehouse C - Central,80,608
Tablet Stand #03240,Electronics,112.31,211.1,77,Warehouse B - West,60,529
Rubik's Cube #03241,Toys & Games,85.81,211.15,195,Warehouse D - North,46,908
Remote Control Car #03242,Toys & Games,217.0,461.17,175,Warehouse B - West,63,335
Monitor Light Bar #03243,Electronics,49.09,121.76,153,Warehouse A - East,43,221
Plant Pots Set #03244,Home & Garden,12.56,26.65,309,Warehouse B - West,71,243
Tablet Stand #03245,Electronics,179.48,351.66,314,Warehouse C - Central,21,753
Green Tea Box #03246,Food & Beverage,24.79,51.29,466,Warehouse D - North,28,599
Standing Desk #03247,Furniture,85.15,129.61,173,Warehouse B - West,16,551
Tool Kit 50pc #03248,Home & Garden,48.24,63.25,304,Warehouse C - Central,61,233
Spark Plugs 4pk #03249,Automotive Parts,168.71,230.21,9,Warehouse D - North,50,431
SSD 1TB External #03250,Electronics,120.4,182.77,364,Warehouse D - North,45,503
USB Flash Drive 64GB #03251,Electronics,133.89,315.15,395,Warehouse B - West,27,855
Floating Shelf Set #03252,Furniture,188.18,289.9,381,Warehouse C - Central,19,832
Olive Oil 500ml #03253,Food & Beverage,69.53,162.22,248,Warehouse B - West,59,617
Power Strip 6-Outlet #03254,Home & Garden,63.55,133.41,295,Warehouse C - Central,58,202
Coffee Beans 1kg #03255,Food & Beverage,36.19,60.4,378,Warehouse A - East,78,508
Cap Branded #03256,Clothing,122.57,232.88,229,Warehouse D - North,10,421
Tape Dispenser #03257,Office Supplies,14.01,33.67,26,Warehouse A - East,60,442
Lawn Fertilizer #03258,Home & Garden,61.2,138.89,189,Warehouse A - East,15,332
Paint Roller Set #03259,Home & Garden,209.68,417.72,300,Warehouse B - West,25,211
Board Game Classic #03260,Toys & Games,148.91,369.95,30,Warehouse A - East,40,854
Cap Branded #03261,Clothing,35.54,70.06,173,Warehouse B - West,30,905
Tire Pressure Gauge #03262,Automotive Parts,142.97,298.77,187,Warehouse B - West,39,314
LED Bulb 4pk #03263,Home & Garden,14.29,30.26,220,Warehouse D - North,15,336
Hiking Backpack #03264,Sports & Outdoors,233.74,477.56,131,Warehouse B - West,44,845
Power Bank 20000mAh #03265,Electronics,72.89,138.62,309,Warehouse C - Central,46,910
Jump Rope #03266,Sports & Outdoors,129.42,170.56,8,Warehouse D - North,25,935
Tent 4-Person #03267,Sports & Outdoors,88.9,127.6,453,Warehouse C - Central,46,980
Lawn Fertilizer #03268,Home & Garden,40.91,56.32,406,Warehouse A - East,57,352
Headlight Bulb Pair #03269,Automotive Parts,124.77,196.53,208,Warehouse B - West,58,212
Garden Hose 30m #03270,Home & Garden,203.09,463.96,158,Warehouse A - East,79,633
Motor Oil 5W-30 #03271,Automotive Parts,75.49,174.83,78,Warehouse A - East,63,615
Work Boots #03272,Clothing,89.62,223.36,187,Warehouse A - East,74,573
Desk Lamp LED #03273,Furniture,238.81,494.15,34,Warehouse A - East,66,435
Plant Pots Set #03274,Home & Garden,202.62,319.46,27,Warehouse D - North,54,739
Board Game Classic #03275,Toys & Games,94.61,131.7,154,Warehouse B - West,19,414
Stuffed Animal Bear #03276,Toys & Games,78.28,149.96,28,Warehouse C - Central,58,470
Green Tea Box #03277,Food & Beverage,170.64,269.92,480,Warehouse A - East,69,797
Cooler Box 40L #03278,Sports & Outdoors,116.14,223.35,376,Warehouse D - North,20,976
Hedge Trimmer #03279,Home & Garden,234.31,537.57,207,Warehouse C - Central,37,639
Garden Hose 30m #03280,Home & Garden,139.32,196.86,165,Warehouse D - North,73,470
Sprinkler System #03281,Home & Garden,238.8,395.27,239,Warehouse B - West,16,990
Granola Bags #03282,Food & Beverage,174.13,399.49,410,Warehouse C - Central,21,755
Coffee Beans 1kg #03283,Food & Beverage,201.82,259.41,95,Warehouse C - Central,30,226
Plant Pots Set #03284,Home & Garden,61.99,87.16,418,Warehouse D - North,28,906
Dark Chocolate Box #03285,Food & Beverage,35.05,67.07,440,Warehouse C - Central,61,496
Mechanical Keyboard #03286,Electronics,217.41,520.5,164,Warehouse B - West,40,981
Plant Pots Set #03287,Home & Garden,95.26,220.08,334,Warehouse B - West,33,464
Floor Mats Set #03288,Automotive Parts,229.77,457.16,363,Warehouse C - Central,30,429
Polo Shirt #03289,Clothing,35.89,74.51,11,Warehouse A - East,22,457
Storage Ottoman #03290,Furniture,154.98,225.92,408,Warehouse C - Central,32,728
Sunscreen SPF50 #03291,Health & Beauty,54.68,84.8,337,Warehouse B - West,19,819
Board Game Classic #03292,Toys & Games,200.32,361.06,419,Warehouse C - Central,51,286
Face Masks 50pk #03293,Health & Beauty,86.84,204.99,29,Warehouse D - North,66,531
Rubik's Cube #03294,Toys & Games,153.12,190.44,282,Warehouse A - East,38,327
Laptop Cooling Pad #03295,Electronics,208.42,461.57,125,Warehouse B - West,37,889
Fleece Hoodie #03296,Clothing,248.24,528.34,77,Warehouse D - North,26,704
Floor Mats Set #03297,Automotive Parts,56.15,135.77,212,Warehouse A - East,74,916
Lawn Fertilizer #03298,Home & Garden,232.29,496.09,14,Warehouse B - West,66,203
File Folders 20pk #03299,Office Supplies,14.99,24.9,17,Warehouse C - Central,52,829
Thermal Underwear #03300,Clothing,126.85,197.98,322,Warehouse A - East,46,286
Coolant 4L #03301,Automotive Parts,75.78,92.64,459,Warehouse A - East,73,476
Plant Pots Set #03302,Home & Garden,195.81,322.15,85,Warehouse D - North,64,664
Cap Branded #03303,Clothing,143.16,165.1,474,Warehouse A - East,65,363
Webcam HD #03304,Electronics,177.23,249.49,260,Warehouse D - North,55,849
Bandages Assorted #03305,Health & Beauty,182.77,279.94,229,Warehouse D - North,44,522
Remote Control Car #03306,Toys & Games,27.91,66.96,300,Warehouse C - Central,72,966
Building Blocks 500pc #03307,Toys & Games,65.91,157.11,259,Warehouse C - Central,64,235
Yoga Mat #03308,Sports & Outdoors,216.96,424.43,409,Warehouse D - North,36,346
Paint Roller Set #03309,Home & Garden,55.69,73.95,113,Warehouse A - East,42,590
Cargo Pants #03310,Clothing,40.92,77.33,360,Warehouse A - East,78,866
Desk Lamp LED #03311,Furniture,154.75,295.45,173,Warehouse A - East,39,457
Laptop Cooling Pad #03312,Electronics,20.16,41.83,223,Warehouse B - West,30,340
Chess Set Wooden #03313,Toys & Games,176.39,275.28,254,Warehouse B - West,48,376
Headlamp LED #03314,Sports & Outdoors,179.35,387.0,356,Warehouse B - West,72,265
Work Boots #03315,Clothing,113.66,229.37,332,Warehouse C - Central,71,259
Whiteboard Markers 6pk #03316,Office Supplies,18.71,34.71,196,Warehouse B - West,19,948
Insect Repellent #03317,Health & Beauty,161.32,272.81,239,Warehouse D - North,78,477
Wireless Charger #03318,Electronics,170.5,314.69,351,Warehouse C - Central,66,838
Science Kit #03319,Toys & Games,49.81,102.89,123,Warehouse D - North,10,835
Work Boots #03320,Clothing,99.95,131.04,429,Warehouse B - West,79,260
Garden Hose 30m #03321,Home & Garden,97.28,129.26,50,Warehouse C - Central,63,530
Cooler Box 40L #03322,Sports & Outdoors,113.51,208.16,486,Warehouse D - North,45,538
Tape Dispenser #03323,Office Supplies,81.97,177.44,183,Warehouse A - East,73,560
Winter Jacket #03324,Clothing,118.62,180.39,3,Warehouse D - North,16,595
Binoculars #03325,Sports & Outdoors,197.15,337.16,271,Warehouse A - East,26,498
Resistance Bands Set #03326,Sports & Outdoors,104.85,170.53,166,Warehouse B - West,23,357
Lip Balm Pack #03327,Health & Beauty,66.48,145.54,301,Warehouse A - East,70,503
Work Boots #03328,Clothing,51.99,88.32,273,Warehouse B - West,64,217
Hiking Backpack #03329,Sports & Outdoors,217.08,463.63,231,Warehouse D - North,12,451
Coffee Beans 1kg #03330,Food & Beverage,220.71,342.7,479,Warehouse B - West,44,357
Label Maker #03331,Office Supplies,103.98,143.91,408,Warehouse A - East,52,948
Envelopes 100pk #03332,Office Supplies,184.5,267.8,311,Warehouse A - East,45,964
Dried Fruit Mix #03333,Food & Beverage,167.66,195.55,394,Warehouse A - East,65,853
Art Supplies Box #03334,Toys & Games,149.9,348.04,470,Warehouse C - Central,72,338
Water Bottle 1L #03335,Sports & Outdoors,139.7,181.31,185,Warehouse C - Central,59,824
Printer Paper A4 #03336,Office Supplies,76.11,181.48,237,Warehouse D - North,36,562
Car Battery #03337,Automotive Parts,246.99,608.7,7,Warehouse B - West,51,710
Card Game Set #03338,Toys & Games,169.85,399.01,299,Warehouse B - West,80,246
LED Bulb 4pk #03339,Home & Garden,43.81,86.87,138,Warehouse A - East,28,866
Green Tea Box #03340,Food & Beverage,89.74,167.46,499,Warehouse C - Central,27,540
Board Game Classic #03341,Toys & Games,118.22,270.71,78,Warehouse A - East,15,432
Rubik's Cube #03342,Toys & Games,111.12,196.77,146,Warehouse D - North,78,647
Sleeping Bag #03343,Sports & Outdoors,92.59,225.05,336,Warehouse D - North,49,268
Thermometer Digital #03344,Health & Beauty,131.62,179.61,1,Warehouse B - West,74,734
Stuffed Animal Bear #03345,Toys & Games,197.1,365.03,202,Warehouse A - East,75,483
Science Kit #03346,Toys & Games,41.48,83.92,112,Warehouse A - East,31,639
Cooler Box 40L #03347,Sports & Outdoors,138.06,292.3,387,Warehouse D - North,45,369
Plant Pots Set #03348,Home & Garden,74.55,137.7,50,Warehouse A - East,66,397
Lawn Fertilizer #03349,Home & Garden,47.08,91.66,336,Warehouse A - East,21,580
Ballpoint Pens 12pk #03350,Office Supplies,118.25,215.91,150,Warehouse C - Central,28,590
Sleeping Bag #03351,Sports & Outdoors,79.48,158.23,303,Warehouse B - West,12,630
Protein Bars 12pk #03352,Food & Beverage,116.12,156.18,334,Warehouse D - North,70,321
Chess Set Wooden #03353,Toys & Games,236.57,280.67,77,Warehouse D - North,31,433
Board Game Classic #03354,Toys & Games,10.91,24.51,390,Warehouse C - Central,64,523
Label Maker #03355,Office Supplies,160.17,196.22,454,Warehouse D - North,80,487
Headlight Bulb Pair #03356,Automotive Parts,82.09,123.16,321,Warehouse D - North,66,630
Camping Chair #03357,Sports & Outdoors,52.23,97.07,419,Warehouse A - East,79,753
Coolant 4L #03358,Automotive Parts,54.11,99.79,180,Warehouse D - North,18,528
Board Game Classic #03359,Toys & Games,140.34,218.7,261,Warehouse D - North,59,371
Binder Clips Assorted #03360,Office Supplies,127.37,241.13,226,Warehouse A - East,62,410
Polo Shirt #03361,Clothing,171.94,290.25,77,Warehouse D - North,40,807
Bookshelf 5-Tier #03362,Furniture,30.4,60.88,341,Warehouse C - Central,13,847
Computer Desk #03363,Furniture,219.87,415.16,79,Warehouse D - North,79,735
Computer Desk #03364,Furniture,192.22,432.67,13,Warehouse D - North,72,207
Hedge Trimmer #03365,Home & Garden,190.59,467.66,18,Warehouse D - North,25,248
Puzzle 1000pc #03366,Toys & Games,56.42,124.24,301,Warehouse B - West,28,596
Dried Fruit Mix #03367,Food & Beverage,226.51,416.86,476,Warehouse C - Central,65,877
Art Supplies Box #03368,Toys & Games,230.49,340.55,161,Warehouse D - North,15,630
Hiking Backpack #03369,Sports & Outdoors,128.74,219.96,265,Warehouse C - Central,38,395
Cooler Box 40L #03370,Sports & Outdoors,112.63,251.22,226,Warehouse A - East,40,957
Cargo Shorts #03371,Clothing,224.9,324.83,165,Warehouse A - East,52,548
Hiking Backpack #03372,Sports & Outdoors,169.68,202.63,65,Warehouse D - North,21,737
Drone Mini #03373,Toys & Games,169.52,364.1,264,Warehouse C - Central,45,927
Hand Sanitizer 500ml #03374,Health & Beauty,79.17,195.99,275,Warehouse A - East,36,307
First Aid Kit #03375,Health & Beauty,78.53,141.56,26,Warehouse B - West,23,970
Dark Chocolate Box #03376,Food & Beverage,198.73,456.81,101,Warehouse D - North,61,748
Desk Lamp LED #03377,Furniture,157.69,265.12,478,Warehouse A - East,78,816
Smart Watch #03378,Electronics,160.44,374.75,230,Warehouse A - East,67,750
Work Boots #03379,Clothing,160.42,250.01,398,Warehouse D - North,44,565
Whiteboard Markers 6pk #03380,Office Supplies,67.32,166.15,294,Warehouse B - West,47,225
Hedge Trimmer #03381,Home & Garden,214.34,522.48,416,Warehouse D - North,12,267
Protein Bars 12pk #03382,Food & Beverage,154.06,276.95,388,Warehouse B - West,73,718
Desk Lamp LED #03383,Furniture,146.41,266.85,231,Warehouse B - West,30,815
Wiper Blades Pair #03384,Automotive Parts,27.91,46.92,286,Warehouse A - East,36,927
Thermal Underwear #03385,Clothing,207.81,331.96,188,Warehouse B - West,48,857
Mixed Nuts 500g #03386,Food & Beverage,45.41,57.77,437,Warehouse C - Central,57,270
Aloe Vera Gel #03387,Health & Beauty,63.36,109.89,199,Warehouse B - West,13,677
Lip Balm Pack #03388,Health & Beauty,199.09,456.48,363,Warehouse B - West,42,598
Desk Lamp LED #03389,Furniture,186.27,358.12,278,Warehouse A - East,46,865
Car Battery #03390,Automotive Parts,185.7,445.03,312,Warehouse A - East,24,634
Motor Oil 5W-30 #03391,Automotive Parts,85.49,207.76,459,Warehouse A - East,31,278
Outdoor Solar Lights #03392,Home & Garden,138.85,280.68,482,Warehouse B - West,46,301
Lip Balm Pack #03393,Health & Beauty,167.58,280.18,455,Warehouse C - Central,17,922
Binder Clips Assorted #03394,Office Supplies,174.11,390.82,147,Warehouse B - West,13,953
Rubik's Cube #03395,Toys & Games,215.14,403.09,147,Warehouse A - East,40,406
Fleece Hoodie #03396,Clothing,240.51,482.57,496,Warehouse D - North,13,788
Cargo Pants #03397,Clothing,140.34,197.12,193,Warehouse A - East,67,670
Rubik's Cube #03398,Toys & Games,95.63,163.61,222,Warehouse B - West,19,201
Cooler Box 40L #03399,Sports & Outdoors,99.75,147.1,89,Warehouse B - West,14,337
Cargo Shorts #03400,Clothing,175.34,253.76,314,Warehouse A - East,79,240
Granola Bags #03401,Food & Beverage,110.55,190.32,113,Warehouse C - Central,63,699
Rubik's Cube #03402,Toys & Games,6.0,10.74,231,Warehouse B - West,19,535
Lip Balm Pack #03403,Health & Beauty,203.93,267.64,150,Warehouse B - West,13,831
Mixed Nuts 500g #03404,Food & Beverage,194.66,315.96,234,Warehouse C - Central,48,604
Paint Roller Set #03405,Home & Garden,36.75,82.4,416,Warehouse D - North,16,312
Instant Oatmeal Pack #03406,Food & Beverage,188.4,313.21,34,Warehouse D - North,55,952
LEGO Technic Set #03407,Toys & Games,85.04,164.69,80,Warehouse D - North,33,697
Paint Roller Set #03408,Home & Garden,203.35,315.83,23,Warehouse C - Central,13,421
Mechanical Keyboard #03409,Electronics,186.25,298.3,32,Warehouse C - Central,36,1000
Thermometer Digital #03410,Health & Beauty,65.44,123.79,246,Warehouse B - West,28,384
Board Game Classic #03411,Toys & Games,76.57,166.1,489,Warehouse C - Central,39,267
Foam Roller #03412,Sports & Outdoors,95.74,205.61,42,Warehouse D - North,57,903
Insect Repellent #03413,Health & Beauty,207.71,280.6,47,Warehouse D - North,24,466
Scissors 3pk #03414,Office Supplies,117.71,266.29,109,Warehouse A - East,18,337
Hand Sanitizer 500ml #03415,Health & Beauty,146.62,225.11,225,Warehouse D - North,73,866
Garden Hose 30m #03416,Home & Garden,129.43,157.89,270,Warehouse A - East,57,714
USB-C Hub #03417,Electronics,181.33,339.72,494,Warehouse C - Central,41,287
Olive Oil 500ml #03418,Food & Beverage,22.91,29.19,33,Warehouse D - North,42,434
Car Charger Dual USB #03419,Automotive Parts,104.31,208.86,483,Warehouse A - East,11,697
Stapler Heavy Duty #03420,Office Supplies,26.13,51.75,207,Warehouse D - North,77,527
Sunscreen SPF50 #03421,Health & Beauty,84.01,148.12,27,Warehouse A - East,62,857
Fleece Hoodie #03422,Clothing,205.85,419.18,125,Warehouse C - Central,19,581
Windbreaker #03423,Clothing,186.28,217.3,17,Warehouse B - West,16,389
Mechanical Keyboard #03424,Electronics,239.82,415.57,171,Warehouse A - East,52,912
Water Bottle 1L #03425,Sports & Outdoors,43.71,93.99,49,Warehouse A - East,47,357
Lawn Fertilizer #03426,Home & Garden,121.14,156.17,38,Warehouse B - West,42,527
USB-C Hub #03427,Electronics,245.81,416.01,457,Warehouse B - West,41,410
Safety Vest Hi-Vis #03428,Clothing,213.51,325.63,16,Warehouse B - West,50,437
Cargo Shorts #03429,Clothing,45.67,75.48,71,Warehouse A - East,13,297
Standing Desk #03430,Furniture,190.02,284.2,157,Warehouse A - East,36,428
Mixed Nuts 500g #03431,Food & Beverage,161.15,264.43,264,Warehouse B - West,58,319
Work Boots #03432,Clothing,183.77,274.39,426,Warehouse C - Central,62,895
Water Bottle 1L #03433,Sports & Outdoors,55.71,78.03,204,Warehouse C - Central,48,991
Art Supplies Box #03434,Toys & Games,108.19,125.15,135,Warehouse D - North,75,640
Dried Fruit Mix #03435,Food & Beverage,45.12,55.21,414,Warehouse D - North,55,453
Spark Plugs 4pk #03436,Automotive Parts,168.17,335.31,443,Warehouse C - Central,41,483
Thermal Underwear #03437,Clothing,119.03,174.17,207,Warehouse B - West,21,542
Lawn Fertilizer #03438,Home & Garden,93.99,150.28,433,Warehouse D - North,18,473
Power Strip 6-Outlet #03439,Home & Garden,93.69,138.89,327,Warehouse D - North,75,262
Paint Roller Set #03440,Home & Garden,28.1,50.25,189,Warehouse D - North,38,455
Rubik's Cube #03441,Toys & Games,93.98,144.69,226,Warehouse D - North,44,983
Hedge Trimmer #03442,Home & Garden,80.81,118.39,106,Warehouse C - Central,62,330
Protein Bars 12pk #03443,Food & Beverage,73.83,172.36,362,Warehouse B - West,59,705
First Aid Kit #03444,Health & Beauty,86.01,108.41,328,Warehouse D - North,68,860
Granola Bags #03445,Food & Beverage,157.07,378.09,165,Warehouse C - Central,44,417
Sprinkler System #03446,Home & Garden,83.47,180.4,126,Warehouse A - East,13,622
Hedge Trimmer #03447,Home & Garden,135.52,210.01,240,Warehouse A - East,40,830
Garden Hose 30m #03448,Home & Garden,89.91,130.66,484,Warehouse A - East,74,285
Sprinkler System #03449,Home & Garden,164.63,343.71,45,Warehouse A - East,13,450
Wiper Blades Pair #03450,Automotive Parts,119.55,198.74,241,Warehouse A - East,31,993
Conference Table #03451,Furniture,135.0,232.45,246,Warehouse A - East,80,928
Sticky Notes 8pk #03452,Office Supplies,97.88,148.91,106,Warehouse A - East,25,334
Bandages Assorted #03453,Health & Beauty,196.37,382.81,152,Warehouse B - West,66,606
Tent 4-Person #03454,Sports & Outdoors,70.94,95.39,296,Warehouse C - Central,31,597
Headlamp LED #03455,Sports & Outdoors,52.87,119.04,306,Warehouse B - West,23,671
Drone Mini #03456,Toys & Games,158.39,246.42,110,Warehouse C - Central,60,786
Label Maker #03457,Office Supplies,21.82,44.76,92,Warehouse D - North,62,919
Insect Repellent #03458,Health & Beauty,116.12,230.8,231,Warehouse B - West,13,621
Energy Drinks 24pk #03459,Food & Beverage,56.73,73.74,53,Warehouse B - West,59,310
Sleeping Bag #03460,Sports & Outdoors,8.83,14.94,367,Warehouse C - Central,41,781
Board Game Classic #03461,Toys & Games,190.83,240.4,115,Warehouse C - Central,39,478
Instant Oatmeal Pack #03462,Food & Beverage,229.58,393.96,246,Warehouse C - Central,36,902
Ballpoint Pens 12pk #03463,Office Supplies,71.8,162.59,279,Warehouse A - East,43,290
Storage Ottoman #03464,Furniture,124.42,179.45,37,Warehouse A - East,42,757
Storage Ottoman #03465,Furniture,4.58,7.02,335,Warehouse A - East,20,990
USB Flash Drive 64GB #03466,Electronics,79.26,187.34,82,Warehouse D - North,14,354
Garden Hose 30m #03467,Home & Garden,102.24,192.7,16,Warehouse A - East,19,835
Dried Fruit Mix #03468,Food & Beverage,37.81,92.22,394,Warehouse C - Central,35,464
Aloe Vera Gel #03469,Health & Beauty,66.76,90.83,30,Warehouse B - West,36,526
Storage Ottoman #03470,Furniture,17.22,30.92,343,Warehouse A - East,22,697
Honey Jar #03471,Food & Beverage,96.78,121.73,403,Warehouse A - East,71,301
Brake Pads Set #03472,Automotive Parts,52.41,69.84,361,Warehouse C - Central,22,796
Mechanical Keyboard #03473,Electronics,77.26,137.24,444,Warehouse A - East,10,365
First Aid Kit #03474,Health & Beauty,31.57,72.12,235,Warehouse B - West,48,524
Coolant 4L #03475,Automotive Parts,20.62,49.59,109,Warehouse C - Central,65,687
Jump Starter #03476,Automotive Parts,75.05,129.74,309,Warehouse A - East,19,444
Monitor Light Bar #03477,Electronics,160.01,249.18,496,Warehouse D - North,24,873
Drafting Chair #03478,Furniture,249.69,344.22,328,Warehouse C - Central,29,321
Hand Sanitizer 500ml #03479,Health & Beauty,20.88,30.71,471,Warehouse C - Central,52,423
HDMI Cable 2m #03480,Electronics,150.01,260.27,338,Warehouse A - East,33,597
Sprinkler System #03481,Home & Garden,64.81,104.66,85,Warehouse D - North,51,379
First Aid Kit #03482,Health & Beauty,2.5,5.01,144,Warehouse A - East,72,937
Headlight Bulb Pair #03483,Automotive Parts,136.62,287.1,141,Warehouse C - Central,76,738
Lawn Fertilizer #03484,Home & Garden,151.92,278.62,486,Warehouse A - East,38,259
Resistance Bands Set #03485,Sports & Outdoors,148.53,296.87,374,Warehouse D - North,53,643
Tent 4-Person #03486,Sports & Outdoors,229.42,328.32,186,Warehouse B - West,74,503
Cotton T-Shirt Pack #03487,Clothing,160.26,203.0,79,Warehouse B - West,59,613
Headlamp LED #03488,Sports & Outdoors,93.01,139.48,447,Warehouse A - East,11,687
USB-C Hub #03489,Electronics,74.93,187.22,471,Warehouse B - West,45,313
USB Flash Drive 64GB #03490,Electronics,95.76,193.93,492,Warehouse C - Central,63,384
Wireless Charger #03491,Electronics,175.71,307.64,413,Warehouse A - East,23,205
Lawn Fertilizer #03492,Home & Garden,136.29,167.59,139,Warehouse B - West,22,697
Sticky Notes 8pk #03493,Office Supplies,3.91,6.65,98,Warehouse A - East,74,937
Desk Lamp LED #03494,Furniture,217.81,444.43,71,Warehouse B - West,39,346
Safety Vest Hi-Vis #03495,Clothing,139.9,214.51,274,Warehouse C - Central,45,682
Rain Poncho #03496,Clothing,49.77,124.42,302,Warehouse A - East,48,232
First Aid Kit #03497,Health & Beauty,11.68,25.28,137,Warehouse A - East,67,819
Energy Drinks 24pk #03498,Food & Beverage,222.7,286.7,59,Warehouse A - East,41,555
Jump Rope #03499,Sports & Outdoors,81.03,178.48,226,Warehouse B - West,28,368
Wireless Charger #03500,Electronics,232.51,358.18,327,Warehouse A - East,56,701
Art Supplies Box #03501,Toys & Games,132.0,157.01,474,Warehouse A - East,79,217
Monitor Light Bar #03502,Electronics,76.43,152.08,465,Warehouse C - Central,52,448
Drafting Chair #03503,Furniture,84.56,183.89,402,Warehouse A - East,75,979
Lip Balm Pack #03504,Health & Beauty,118.44,201.76,232,Warehouse B - West,46,950
Printer Paper A4 #03505,Office Supplies,45.47,91.67,345,Warehouse D - North,38,223
Energy Drinks 24pk #03506,Food & Beverage,125.44,298.82,328,Warehouse B - West,13,889
Car Charger Dual USB #03507,Automotive Parts,147.13,192.12,74,Warehouse D - North,22,427
Moisturizer Pump #03508,Health & Beauty,205.86,348.6,294,Warehouse C - Central,11,526
File Folders 20pk #03509,Office Supplies,239.54,571.35,401,Warehouse C - Central,57,806
Noise Cancelling Headphones #03510,Electronics,190.37,266.87,458,Warehouse D - North,10,629
LEGO Technic Set #03511,Toys & Games,14.11,21.9,457,Warehouse D - North,29,732
HDMI Cable 2m #03512,Electronics,18.54,22.53,169,Warehouse B - West,63,670
Instant Oatmeal Pack #03513,Food & Beverage,189.52,312.93,457,Warehouse D - North,15,284
Water Bottle 1L #03514,Sports & Outdoors,112.15,143.09,114,Warehouse A - East,63,879
Insect Repellent #03515,Health & Beauty,224.93,276.46,183,Warehouse A - East,38,850
Whiteboard Markers 6pk #03516,Office Supplies,50.22,106.76,315,Warehouse D - North,30,855
Lip Balm Pack #03517,Health & Beauty,76.72,168.38,255,Warehouse A - East,33,530
Whiteboard Markers 6pk #03518,Office Supplies,169.48,249.9,72,Warehouse B - West,42,378
Aloe Vera Gel #03519,Health & Beauty,3.18,3.79,40,Warehouse B - West,68,926
First Aid Kit #03520,Health & Beauty,180.6,291.07,482,Warehouse A - East,60,814
Binoculars #03521,Sports & Outdoors,85.83,151.84,433,Warehouse B - West,13,593
Headlight Bulb Pair #03522,Automotive Parts,202.63,237.11,142,Warehouse D - North,31,577
Webcam HD #03523,Electronics,249.19,358.19,336,Warehouse C - Central,28,835
Card Game Set #03524,Toys & Games,90.99,218.99,434,Warehouse B - West,20,529
Tape Dispenser #03525,Office Supplies,58.14,88.8,466,Warehouse D - North,27,819
Power Strip 6-Outlet #03526,Home & Garden,226.4,471.3,307,Warehouse B - West,21,653
Floating Shelf Set #03527,Furniture,75.28,102.52,71,Warehouse C - Central,26,227
Storage Ottoman #03528,Furniture,117.07,281.23,90,Warehouse B - West,25,567
Puzzle 1000pc #03529,Toys & Games,225.16,375.19,107,Warehouse D - North,70,205
Protein Bars 12pk #03530,Food & Beverage,205.21,444.19,497,Warehouse B - West,37,324
Puzzle 1000pc #03531,Toys & Games,126.03,196.33,399,Warehouse B - West,55,207
Polo Shirt #03532,Clothing,105.66,217.28,24,Warehouse B - West,23,790
Mixed Nuts 500g #03533,Food & Beverage,94.67,137.72,309,Warehouse A - East,72,286
Wireless Mouse #03534,Electronics,162.24,226.83,297,Warehouse A - East,53,640
Power Strip 6-Outlet #03535,Home & Garden,47.68,76.75,366,Warehouse D - North,45,916
Computer Desk #03536,Furniture,185.51,301.97,307,Warehouse D - North,49,202
Drone Mini #03537,Toys & Games,203.35,273.01,0,Warehouse C - Central,46,998
Protein Bars 12pk #03538,Food & Beverage,186.24,235.0,197,Warehouse A - East,69,676
Vitamin C Tablets #03539,Health & Beauty,95.46,166.62,147,Warehouse A - East,41,654
Drafting Chair #03540,Furniture,75.34,163.63,100,Warehouse D - North,23,282
Jump Starter #03541,Automotive Parts,242.36,511.51,174,Warehouse B - West,17,552
Spark Plugs 4pk #03542,Automotive Parts,224.29,384.53,64,Warehouse B - West,13,789
Ballpoint Pens 12pk #03543,Office Supplies,205.7,416.5,244,Warehouse D - North,80,256
Cable Management Tray #03544,Furniture,156.99,213.58,125,Warehouse A - East,18,891
Plant Pots Set #03545,Home & Garden,157.26,325.16,226,Warehouse D - North,13,595
Tool Kit 50pc #03546,Home & Garden,85.15,113.5,101,Warehouse C - Central,72,326
Puzzle 1000pc #03547,Toys & Games,19.76,26.41,419,Warehouse C - Central,76,937
File Folders 20pk #03548,Office Supplies,104.69,249.23,42,Warehouse B - West,20,492
Card Game Set #03549,Toys & Games,49.76,59.91,480,Warehouse C - Central,41,664
Olive Oil 500ml #03550,Food & Beverage,188.58,360.6,356,Warehouse A - East,29,449
Protein Bars 12pk #03551,Food & Beverage,66.39,107.23,337,Warehouse D - North,74,589
Remote Control Car #03552,Toys & Games,33.45,60.09,493,Warehouse C - Central,78,930
Floating Shelf Set #03553,Furniture,165.46,235.33,349,Warehouse C - Central,73,622
Building Blocks 500pc #03554,Toys & Games,220.83,355.56,107,Warehouse A - East,77,342
Standing Desk #03555,Furniture,195.18,400.29,15,Warehouse B - West,59,561
Lawn Fertilizer #03556,Home & Garden,74.62,129.24,443,Warehouse A - East,38,577
Cotton T-Shirt Pack #03557,Clothing,47.4,72.4,482,Warehouse B - West,54,425
Tire Pressure Gauge #03558,Automotive Parts,168.82,265.71,384,Warehouse D - North,59,828
Paint Roller Set #03559,Home & Garden,133.18,245.09,301,Warehouse B - West,64,363
Insect Repellent #03560,Health & Beauty,73.42,120.87,61,Warehouse D - North,12,514
Cap Branded #03561,Clothing,3.44,5.88,66,Warehouse D - North,63,534
File Folders 20pk #03562,Office Supplies,214.97,288.71,344,Warehouse B - West,16,631
Jump Starter #03563,Automotive Parts,178.32,248.24,483,Warehouse C - Central,39,957
Smart Watch #03564,Electronics,111.33,244.9,131,Warehouse A - East,44,341
Thermal Underwear #03565,Clothing,29.34,51.05,400,Warehouse B - West,57,204
Work Boots #03566,Clothing,74.59,135.46,281,Warehouse C - Central,10,493
Coolant 4L #03567,Automotive Parts,142.67,329.32,70,Warehouse C - Central,57,319
SSD 1TB External #03568,Electronics,8.01,11.7,312,Warehouse A - East,77,337
Eye Drops #03569,Health & Beauty,139.76,319.38,483,Warehouse B - West,28,992
Instant Oatmeal Pack #03570,Food & Beverage,161.99,378.91,355,Warehouse C - Central,17,781
Resistance Bands Set #03571,Sports & Outdoors,180.01,302.93,204,Warehouse D - North,66,212
Bottled Water Case #03572,Food & Beverage,158.27,325.36,434,Warehouse B - West,76,636
USB-C Hub #03573,Electronics,18.71,25.01,406,Warehouse A - East,29,227
Whiteboard Markers 6pk #03574,Office Supplies,126.84,191.83,198,Warehouse B - West,42,991
Mixed Nuts 500g #03575,Food & Beverage,106.87,188.02,295,Warehouse B - West,58,223
Envelopes 100pk #03576,Office Supplies,102.56,218.16,326,Warehouse B - West,20,914
LED Bulb 4pk #03577,Home & Garden,213.25,429.52,129,Warehouse B - West,46,645
Noise Cancelling Headphones #03578,Electronics,246.37,588.39,143,Warehouse B - West,16,316
Winter Jacket #03579,Clothing,156.16,340.56,47,Warehouse A - East,37,583
USB-C Hub #03580,Electronics,28.85,46.1,200,Warehouse C - Central,24,686
Desk Organizer #03581,Office Supplies,173.35,365.15,30,Warehouse B - West,79,249
Desk Organizer #03582,Office Supplies,128.37,258.35,372,Warehouse C - Central,14,492
Ergonomic Office Chair #03583,Furniture,71.9,109.08,32,Warehouse D - North,54,615
File Folders 20pk #03584,Office Supplies,20.81,29.93,169,Warehouse A - East,34,734
Aloe Vera Gel #03585,Health & Beauty,162.14,290.94,234,Warehouse A - East,50,560
Coffee Beans 1kg #03586,Food & Beverage,156.87,182.95,472,Warehouse C - Central,61,728
Paint Roller Set #03587,Home & Garden,112.95,204.16,417,Warehouse C - Central,67,762
USB-C Hub #03588,Electronics,240.59,474.22,79,Warehouse A - East,69,872
Outdoor Solar Lights #03589,Home & Garden,132.72,252.74,360,Warehouse A - East,36,695
Garden Hose 30m #03590,Home & Garden,28.46,52.55,199,Warehouse D - North,64,729
Standing Desk #03591,Furniture,143.05,255.28,425,Warehouse C - Central,59,649
Rubik's Cube #03592,Toys & Games,178.78,254.34,101,Warehouse A - East,30,623
Motor Oil 5W-30 #03593,Automotive Parts,180.42,418.13,170,Warehouse C - Central,78,412
Dried Fruit Mix #03594,Food & Beverage,90.42,169.79,301,Warehouse C - Central,54,632
Coolant 4L #03595,Automotive Parts,39.19,64.62,186,Warehouse B - West,40,453
Sunscreen SPF50 #03596,Health & Beauty,98.2,200.35,48,Warehouse D - North,69,995
Binoculars #03597,Sports & Outdoors,12.74,26.37,276,Warehouse D - North,44,635
Stapler Heavy Duty #03598,Office Supplies,151.98,217.46,417,Warehouse B - West,35,206
File Folders 20pk #03599,Office Supplies,52.72,124.75,236,Warehouse D - North,32,690
Outdoor Solar Lights #03600,Home & Garden,140.92,285.21,130,Warehouse C - Central,50,271
Mechanical Keyboard #03601,Electronics,81.34,189.6,189,Warehouse A - East,48,636
Coffee Beans 1kg #03602,Food & Beverage,201.34,358.51,97,Warehouse D - North,10,748
Windbreaker #03603,Clothing,210.91,424.46,391,Warehouse B - West,38,768
Floor Mats Set #03604,Automotive Parts,118.35,283.07,486,Warehouse C - Central,24,323
Cap Branded #03605,Clothing,33.81,72.31,334,Warehouse B - West,74,599
Wireless Charger #03606,Electronics,151.43,175.91,464,Warehouse A - East,20,349
USB Flash Drive 64GB #03607,Electronics,37.11,85.64,72,Warehouse C - Central,34,502
Wiper Blades Pair #03608,Automotive Parts,222.34,545.14,178,Warehouse D - North,71,908
Brake Pads Set #03609,Automotive Parts,189.83,432.09,401,Warehouse D - North,64,323
Storage Ottoman #03610,Furniture,92.46,182.46,179,Warehouse D - North,61,612
Paint Roller Set #03611,Home & Garden,12.09,23.85,348,Warehouse B - West,58,736
Dried Fruit Mix #03612,Food & Beverage,195.19,228.71,314,Warehouse B - West,56,355
Sunscreen SPF50 #03613,Health & Beauty,246.63,410.1,364,Warehouse D - North,56,400
Remote Control Car #03614,Toys & Games,239.38,334.2,428,Warehouse A - East,21,793
Moisturizer Pump #03615,Health & Beauty,246.05,516.61,234,Warehouse C - Central,12,570
Spark Plugs 4pk #03616,Automotive Parts,62.33,75.89,58,Warehouse A - East,52,704
Desk Lamp LED #03617,Furniture,11.21,23.52,22,Warehouse B - West,18,606
LED Bulb 4pk #03618,Home & Garden,9.62,11.49,205,Warehouse B - West,54,773
Eye Drops #03619,Health & Beauty,227.61,445.46,442,Warehouse C - Central,36,425
Aloe Vera Gel #03620,Health & Beauty,126.1,180.26,251,Warehouse B - West,21,814
Conference Table #03621,Furniture,143.47,256.41,46,Warehouse B - West,42,593
Tape Dispenser #03622,Office Supplies,246.27,411.99,145,Warehouse A - East,40,359
Green Tea Box #03623,Food & Beverage,235.72,573.3,354,Warehouse D - North,27,873
Extension Cord 10m #03624,Home & Garden,38.27,70.8,158,Warehouse C - Central,60,751
Insect Repellent #03625,Health & Beauty,225.61,560.52,255,Warehouse A - East,26,497
Wireless Charger #03626,Electronics,10.53,24.63,345,Warehouse D - North,28,221
USB-C Hub #03627,Electronics,77.44,167.08,404,Warehouse A - East,12,527
Board Game Classic #03628,Toys & Games,140.75,226.07,106,Warehouse A - East,28,707
Pressure Washer #03629,Home & Garden,52.32,64.2,330,Warehouse C - Central,35,440
Pressure Washer #03630,Home & Garden,227.57,378.88,364,Warehouse A - East,35,213
Wireless Mouse #03631,Electronics,181.15,352.45,269,Warehouse D - North,40,267
Ballpoint Pens 12pk #03632,Office Supplies,182.33,408.94,158,Warehouse B - West,78,245
Label Maker #03633,Office Supplies,245.63,358.96,357,Warehouse C - Central,45,266
Envelopes 100pk #03634,Office Supplies,189.49,377.79,25,Warehouse C - Central,39,250
Dark Chocolate Box #03635,Food & Beverage,111.98,192.98,124,Warehouse B - West,63,603
Label Maker #03636,Office Supplies,8.13,18.01,42,Warehouse D - North,27,340
Ballpoint Pens 12pk #03637,Office Supplies,88.5,219.36,389,Warehouse D - North,48,998
Eye Drops #03638,Health & Beauty,212.01,493.34,466,Warehouse A - East,38,275
Power Bank 20000mAh #03639,Electronics,170.86,414.9,345,Warehouse D - North,41,208
Wiper Blades Pair #03640,Automotive Parts,151.96,301.68,148,Warehouse A - East,27,296
Sunscreen SPF50 #03641,Health & Beauty,167.48,329.71,242,Warehouse C - Central,62,951
Wireless Charger #03642,Electronics,182.66,310.06,248,Warehouse A - East,64,690
Stapler Heavy Duty #03643,Office Supplies,120.72,280.57,64,Warehouse B - West,77,755
Tool Kit 50pc #03644,Home & Garden,109.25,203.21,340,Warehouse A - East,55,225
Pressure Washer #03645,Home & Garden,42.04,100.8,88,Warehouse D - North,30,388
Lawn Fertilizer #03646,Home & Garden,112.08,254.6,263,Warehouse B - West,11,783
Spark Plugs 4pk #03647,Automotive Parts,100.48,244.36,418,Warehouse B - West,51,373
Label Maker #03648,Office Supplies,151.35,356.31,275,Warehouse C - Central,10,674
Drone Mini #03649,Toys & Games,61.98,97.88,274,Warehouse C - Central,23,338
Sleeping Bag #03650,Sports & Outdoors,120.2,213.66,222,Warehouse D - North,51,817
Paint Roller Set #03651,Home & Garden,8.18,18.67,467,Warehouse A - East,57,959
Yoga Mat #03652,Sports & Outdoors,231.22,552.6,481,Warehouse D - North,47,327
Storage Ottoman #03653,Furniture,83.76,158.68,96,Warehouse C - Central,18,342
Extension Cord 10m #03654,Home & Garden,200.76,375.71,225,Warehouse A - East,20,863
Aloe Vera Gel #03655,Health & Beauty,108.28,132.72,333,Warehouse A - East,56,992
Laptop Cooling Pad #03656,Electronics,151.66,228.03,304,Warehouse D - North,33,735
Stapler Heavy Duty #03657,Office Supplies,88.7,157.45,25,Warehouse A - East,39,857
Thermal Underwear #03658,Clothing,50.65,66.69,374,Warehouse A - East,29,548
Monitor Arm #03659,Furniture,127.78,291.09,18,Warehouse B - West,73,481
Board Game Classic #03660,Toys & Games,101.57,204.99,176,Warehouse B - West,29,385
Mixed Nuts 500g #03661,Food & Beverage,103.2,148.05,60,Warehouse B - West,12,593
Wireless Mouse #03662,Electronics,196.05,357.39,100,Warehouse C - Central,12,339
Fleece Hoodie #03663,Clothing,163.5,281.5,132,Warehouse B - West,67,572
Coolant 4L #03664,Automotive Parts,159.49,397.46,357,Warehouse A - East,51,706
Lip Balm Pack #03665,Health & Beauty,98.98,202.47,305,Warehouse D - North,57,617
Hand Sanitizer 500ml #03666,Health & Beauty,180.65,340.11,252,Warehouse C - Central,36,570
Vitamin C Tablets #03667,Health & Beauty,56.28,89.82,33,Warehouse D - North,45,589
Scissors 3pk #03668,Office Supplies,166.34,285.34,474,Warehouse C - Central,75,403
Binder Clips Assorted #03669,Office Supplies,197.06,376.01,438,Warehouse C - Central,39,877
Tape Dispenser #03670,Office Supplies,158.24,364.56,426,Warehouse D - North,73,421
Paint Roller Set #03671,Home & Garden,130.36,192.21,15,Warehouse C - Central,68,684
Stapler Heavy Duty #03672,Office Supplies,3.13,5.75,311,Warehouse B - West,47,449
Outdoor Solar Lights #03673,Home & Garden,141.09,287.37,332,Warehouse B - West,42,507
Outdoor Solar Lights #03674,Home & Garden,173.25,401.91,16,Warehouse C - Central,55,224
Yoga Mat #03675,Sports & Outdoors,91.57,194.4,305,Warehouse C - Central,32,744
Plant Pots Set #03676,Home & Garden,42.97,97.14,26,Warehouse C - Central,68,401
Thermal Underwear #03677,Clothing,190.1,364.16,356,Warehouse B - West,69,657
Air Filter #03678,Automotive Parts,211.45,411.67,138,Warehouse A - East,54,882
Honey Jar #03679,Food & Beverage,231.49,286.04,70,Warehouse C - Central,52,772
Desk Lamp LED #03680,Furniture,11.54,15.34,356,Warehouse C - Central,10,507
Tablet Stand #03681,Electronics,47.88,91.41,159,Warehouse B - West,36,551
Bookshelf 5-Tier #03682,Furniture,227.4,444.67,395,Warehouse D - North,39,429
Stuffed Animal Bear #03683,Toys & Games,48.65,108.32,371,Warehouse B - West,22,314
Dark Chocolate Box #03684,Food & Beverage,89.44,106.38,444,Warehouse C - Central,31,610
Cotton T-Shirt Pack #03685,Clothing,204.64,276.5,222,Warehouse C - Central,58,387
Cable Management Tray #03686,Furniture,14.68,24.09,114,Warehouse C - Central,77,397
Foam Roller #03687,Sports & Outdoors,86.87,109.31,323,Warehouse A - East,65,241
Remote Control Car #03688,Toys & Games,82.4,103.48,340,Warehouse C - Central,48,552
Tent 4-Person #03689,Sports & Outdoors,56.54,99.66,16,Warehouse D - North,63,338
Rain Poncho #03690,Clothing,211.61,362.12,102,Warehouse C - Central,41,652
Garden Hose 30m #03691,Home & Garden,249.43,334.12,44,Warehouse C - Central,50,687
Hedge Trimmer #03692,Home & Garden,181.03,420.68,85,Warehouse A - East,64,463
Fleece Hoodie #03693,Clothing,9.13,13.67,60,Warehouse D - North,75,870
Power Strip 6-Outlet #03694,Home & Garden,5.5,10.94,30,Warehouse B - West,64,784
Drafting Chair #03695,Furniture,208.4,307.32,404,Warehouse C - Central,40,833
Storage Ottoman #03696,Furniture,186.69,451.86,159,Warehouse C - Central,52,233
Drone Mini #03697,Toys & Games,135.88,324.6,64,Warehouse B - West,63,651
Bookshelf 5-Tier #03698,Furniture,238.16,343.11,400,Warehouse A - East,39,994
Aloe Vera Gel #03699,Health & Beauty,87.35,210.8,336,Warehouse B - West,47,865
Mechanical Keyboard #03700,Electronics,93.59,210.72,205,Warehouse A - East,48,575
Rain Poncho #03701,Clothing,45.57,96.84,54,Warehouse B - West,41,461
Tire Pressure Gauge #03702,Automotive Parts,192.24,335.67,238,Warehouse A - East,33,820
Cable Management Tray #03703,Furniture,84.15,163.85,383,Warehouse C - Central,46,843
Green Tea Box #03704,Food & Beverage,131.29,276.34,331,Warehouse D - North,48,454
Stuffed Animal Bear #03705,Toys & Games,57.81,128.57,453,Warehouse B - West,14,902
Art Supplies Box #03706,Toys & Games,121.94,251.88,54,Warehouse D - North,51,216
Cargo Shorts #03707,Clothing,146.97,357.25,479,Warehouse B - West,69,819
Extension Cord 10m #03708,Home & Garden,202.61,481.83,109,Warehouse A - East,30,721
Power Strip 6-Outlet #03709,Home & Garden,171.96,217.11,27,Warehouse B - West,74,700
Puzzle 1000pc #03710,Toys & Games,40.87,79.76,126,Warehouse A - East,60,780
Hiking Backpack #03711,Sports & Outdoors,56.02,99.25,398,Warehouse A - East,71,316
Water Bottle 1L #03712,Sports & Outdoors,142.09,294.31,249,Warehouse C - Central,10,652
Sleeping Bag #03713,Sports & Outdoors,185.64,424.12,41,Warehouse A - East,57,401
Lip Balm Pack #03714,Health & Beauty,80.81,94.06,90,Warehouse D - North,10,334
Binder Clips Assorted #03715,Office Supplies,140.99,267.77,17,Warehouse C - Central,37,962
Yoga Mat #03716,Sports & Outdoors,44.19,69.68,204,Warehouse D - North,67,979
Webcam HD #03717,Electronics,162.85,197.73,4,Warehouse D - North,36,479
Spark Plugs 4pk #03718,Automotive Parts,88.3,176.1,274,Warehouse D - North,28,445
Scissors 3pk #03719,Office Supplies,25.87,32.39,124,Warehouse B - West,80,880
Air Filter #03720,Automotive Parts,19.77,45.99,160,Warehouse B - West,22,449
Bandages Assorted #03721,Health & Beauty,16.91,31.9,81,Warehouse A - East,29,202
Honey Jar #03722,Food & Beverage,165.07,227.5,407,Warehouse A - East,40,377
Desk Organizer #03723,Office Supplies,50.85,108.67,451,Warehouse A - East,59,735
Tool Kit 50pc #03724,Home & Garden,105.0,122.03,275,Warehouse D - North,21,864
Granola Bags #03725,Food & Beverage,96.33,112.42,383,Warehouse C - Central,75,806
Jump Starter #03726,Automotive Parts,121.57,147.38,11,Warehouse A - East,55,332
Face Masks 50pk #03727,Health & Beauty,179.88,396.41,494,Warehouse D - North,70,209
Storage Ottoman #03728,Furniture,61.88,118.0,446,Warehouse C - Central,13,869
Bookshelf 5-Tier #03729,Furniture,55.74,64.58,190,Warehouse A - East,20,983
Building Blocks 500pc #03730,Toys & Games,156.31,348.26,155,Warehouse C - Central,56,465
Outdoor Solar Lights #03731,Home & Garden,119.21,236.36,176,Warehouse A - East,53,598
Puzzle 1000pc #03732,Toys & Games,114.47,208.68,120,Warehouse A - East,66,656
Scissors 3pk #03733,Office Supplies,104.99,140.78,217,Warehouse C - Central,40,798
Garden Hose 30m #03734,Home & Garden,35.35,59.82,424,Warehouse D - North,58,994
Binder Clips Assorted #03735,Office Supplies,235.11,388.53,253,Warehouse A - East,36,669
Honey Jar #03736,Food & Beverage,211.82,393.65,382,Warehouse B - West,46,247
Work Boots #03737,Clothing,172.47,414.32,389,Warehouse D - North,46,883
Conference Table #03738,Furniture,75.69,126.99,195,Warehouse D - North,32,706
Granola Bags #03739,Food & Beverage,56.17,87.11,348,Warehouse D - North,24,273
Garden Hose 30m #03740,Home & Garden,171.68,237.79,343,Warehouse B - West,23,583
Aloe Vera Gel #03741,Health & Beauty,58.24,114.23,272,Warehouse D - North,63,412
Eye Drops #03742,Health & Beauty,8.75,13.02,160,Warehouse D - North,58,751
Chess Set Wooden #03743,Toys & Games,225.79,542.22,110,Warehouse B - West,58,764
Wireless Mouse #03744,Electronics,71.02,102.76,349,Warehouse B - West,39,611
Desk Lamp LED #03745,Furniture,145.01,202.22,487,Warehouse A - East,28,998
Cotton T-Shirt Pack #03746,Clothing,233.89,390.0,306,Warehouse A - East,38,486
Monitor Light Bar #03747,Electronics,67.53,112.04,479,Warehouse A - East,28,792
Computer Desk #03748,Furniture,114.01,150.86,80,Warehouse A - East,45,691
Binder Clips Assorted #03749,Office Supplies,7.06,13.23,228,Warehouse A - East,61,867
Tire Pressure Gauge #03750,Automotive Parts,169.93,316.05,373,Warehouse C - Central,76,871
Art Supplies Box #03751,Toys & Games,223.81,433.12,229,Warehouse B - West,17,523
Cargo Pants #03752,Clothing,123.6,160.56,279,Warehouse D - North,62,543
Binoculars #03753,Sports & Outdoors,184.97,350.78,273,Warehouse D - North,23,209
Floating Shelf Set #03754,Furniture,54.39,121.35,437,Warehouse B - West,50,616
Storage Ottoman #03755,Furniture,51.63,65.93,305,Warehouse C - Central,69,575
Air Filter #03756,Automotive Parts,186.72,404.61,52,Warehouse C - Central,63,811
Science Kit #03757,Toys & Games,56.04,133.58,259,Warehouse B - West,19,290
Desk Organizer #03758,Office Supplies,178.21,360.9,454,Warehouse B - West,16,601
USB-C Hub #03759,Electronics,191.38,386.21,6,Warehouse D - North,73,278
Tire Pressure Gauge #03760,Automotive Parts,48.75,101.03,87,Warehouse B - West,24,598
Bottled Water Case #03761,Food & Beverage,230.39,514.49,123,Warehouse C - Central,19,681
Insect Repellent #03762,Health & Beauty,11.08,25.42,158,Warehouse D - North,17,448
Thermal Underwear #03763,Clothing,90.6,140.38,264,Warehouse B - West,52,715
Cooler Box 40L #03764,Sports & Outdoors,106.43,261.43,444,Warehouse A - East,40,896
Cotton T-Shirt Pack #03765,Clothing,212.95,532.14,111,Warehouse C - Central,29,348
Resistance Bands Set #03766,Sports & Outdoors,110.61,167.87,426,Warehouse A - East,33,530
Eye Drops #03767,Health & Beauty,217.18,513.05,463,Warehouse B - West,23,920
Bottled Water Case #03768,Food & Beverage,203.15,266.95,277,Warehouse C - Central,60,438
Foam Roller #03769,Sports & Outdoors,26.22,37.51,395,Warehouse B - West,42,525
Desk Lamp LED #03770,Furniture,98.62,216.72,308,Warehouse D - North,41,208
Science Kit #03771,Toys & Games,131.29,281.59,396,Warehouse D - North,15,866
Vitamin C Tablets #03772,Health & Beauty,220.72,426.44,237,Warehouse C - Central,27,844
Noise Cancelling Headphones #03773,Electronics,246.35,486.6,443,Warehouse A - East,32,919
Floor Mats Set #03774,Automotive Parts,159.74,376.07,168,Warehouse D - North,21,628
Ballpoint Pens 12pk #03775,Office Supplies,18.5,26.42,493,Warehouse D - North,70,396
Motor Oil 5W-30 #03776,Automotive Parts,120.6,160.85,245,Warehouse C - Central,38,923
Laptop Cooling Pad #03777,Electronics,230.13,359.6,333,Warehouse B - West,31,861
First Aid Kit #03778,Health & Beauty,172.71,321.07,405,Warehouse D - North,39,262
Protein Bars 12pk #03779,Food & Beverage,183.91,319.22,157,Warehouse A - East,11,296
Lip Balm Pack #03780,Health & Beauty,68.58,106.32,497,Warehouse B - West,80,477
Mechanical Keyboard #03781,Electronics,173.9,257.42,428,Warehouse C - Central,57,207
Jump Starter #03782,Automotive Parts,89.06,209.96,46,Warehouse D - North,25,884
Desk Lamp LED #03783,Furniture,105.3,160.04,313,Warehouse C - Central,46,305
Tire Pressure Gauge #03784,Automotive Parts,49.72,93.37,361,Warehouse D - North,18,397
Power Bank 20000mAh #03785,Electronics,79.14,158.99,153,Warehouse A - East,51,295
Sticky Notes 8pk #03786,Office Supplies,97.61,122.28,461,Warehouse B - West,19,227
Headlamp LED #03787,Sports & Outdoors,81.24,122.73,383,Warehouse B - West,32,236
Instant Oatmeal Pack #03788,Food & Beverage,96.79,161.17,298,Warehouse B - West,64,814
Thermal Underwear #03789,Clothing,88.05,128.8,196,Warehouse C - Central,21,782
Standing Desk #03790,Furniture,157.03,295.43,386,Warehouse A - East,34,823
Remote Control Car #03791,Toys & Games,196.29,306.7,143,Warehouse A - East,29,501
Lawn Fertilizer #03792,Home & Garden,168.99,311.23,96,Warehouse B - West,44,619
Dried Fruit Mix #03793,Food & Beverage,169.29,317.82,117,Warehouse B - West,40,463
Tire Pressure Gauge #03794,Automotive Parts,27.43,66.99,269,Warehouse C - Central,58,646
Noise Cancelling Headphones #03795,Electronics,109.8,246.1,415,Warehouse C - Central,46,379
Granola Bags #03796,Food & Beverage,141.38,235.82,317,Warehouse C - Central,27,767
Yoga Mat #03797,Sports & Outdoors,113.54,161.87,420,Warehouse C - Central,12,791
Rain Poncho #03798,Clothing,159.13,384.06,413,Warehouse C - Central,57,823
Spark Plugs 4pk #03799,Automotive Parts,216.68,321.94,218,Warehouse C - Central,64,490
Energy Drinks 24pk #03800,Food & Beverage,151.03,344.85,240,Warehouse A - East,61,536
Eye Drops #03801,Health & Beauty,32.9,62.24,103,Warehouse C - Central,10,238
Sunscreen SPF50 #03802,Health & Beauty,138.52,336.86,108,Warehouse D - North,45,491
Sprinkler System #03803,Home & Garden,240.79,416.59,301,Warehouse C - Central,78,825
Motor Oil 5W-30 #03804,Automotive Parts,103.33,133.68,358,Warehouse A - East,12,643
Conference Table #03805,Furniture,156.06,370.81,41,Warehouse B - West,13,976
Whiteboard Markers 6pk #03806,Office Supplies,199.44,485.43,477,Warehouse C - Central,67,305
Plant Pots Set #03807,Home & Garden,207.66,356.22,372,Warehouse C - Central,51,200
Computer Desk #03808,Furniture,182.54,314.01,10,Warehouse D - North,22,593
Lip Balm Pack #03809,Health & Beauty,141.62,301.13,92,Warehouse B - West,36,490
Sleeping Bag #03810,Sports & Outdoors,222.12,550.32,294,Warehouse A - East,76,535
Vitamin C Tablets #03811,Health & Beauty,190.35,223.18,171,Warehouse B - West,62,618
Tire Pressure Gauge #03812,Automotive Parts,79.09,105.44,364,Warehouse D - North,43,382
Floating Shelf Set #03813,Furniture,208.2,390.38,85,Warehouse A - East,52,656
Hand Sanitizer 500ml #03814,Health & Beauty,211.43,337.46,441,Warehouse C - Central,40,751
Jump Starter #03815,Automotive Parts,186.65,405.03,447,Warehouse A - East,48,726
Tool Kit 50pc #03816,Home & Garden,130.29,200.41,125,Warehouse A - East,62,772
Tool Kit 50pc #03817,Home & Garden,82.12,133.33,9,Warehouse A - East,20,222
Cotton T-Shirt Pack #03818,Clothing,138.22,229.37,170,Warehouse B - West,20,825
Wireless Charger #03819,Electronics,74.9,179.23,440,Warehouse D - North,57,350
Tire Pressure Gauge #03820,Automotive Parts,132.0,287.05,24,Warehouse C - Central,37,596
Power Strip 6-Outlet #03821,Home & Garden,14.8,20.9,216,Warehouse C - Central,37,459
Moisturizer Pump #03822,Health & Beauty,157.96,236.71,260,Warehouse B - West,58,965
Green Tea Box #03823,Food & Beverage,135.23,278.61,77,Warehouse C - Central,35,427
Spark Plugs 4pk #03824,Automotive Parts,106.58,191.17,431,Warehouse B - West,16,659
Floating Shelf Set #03825,Furniture,76.76,178.05,236,Warehouse B - West,69,638
Power Strip 6-Outlet #03826,Home & Garden,98.25,238.09,227,Warehouse A - East,78,520
Envelopes 100pk #03827,Office Supplies,225.63,428.3,453,Warehouse C - Central,72,707
Tire Pressure Gauge #03828,Automotive Parts,154.09,319.52,332,Warehouse C - Central,40,492
Thermal Underwear #03829,Clothing,89.83,126.38,383,Warehouse A - East,68,459
Instant Oatmeal Pack #03830,Food & Beverage,98.54,169.18,243,Warehouse C - Central,46,225
Polo Shirt #03831,Clothing,239.66,430.91,239,Warehouse C - Central,55,282
Art Supplies Box #03832,Toys & Games,88.98,138.13,38,Warehouse D - North,50,972
Dark Chocolate Box #03833,Food & Beverage,194.69,239.5,301,Warehouse A - East,17,233
Card Game Set #03834,Toys & Games,185.14,411.94,190,Warehouse B - West,60,565
Granola Bags #03835,Food & Beverage,74.05,111.49,125,Warehouse D - North,77,541
Jump Rope #03836,Sports & Outdoors,86.81,120.96,102,Warehouse D - North,26,621
Tablet Stand #03837,Electronics,171.52,409.22,390,Warehouse C - Central,11,237
Motor Oil 5W-30 #03838,Automotive Parts,214.16,411.26,40,Warehouse B - West,18,261
Insect Repellent #03839,Health & Beauty,247.42,506.88,422,Warehouse A - East,63,279
Rubik's Cube #03840,Toys & Games,191.82,350.55,302,Warehouse A - East,61,521
Computer Desk #03841,Furniture,27.25,63.96,257,Warehouse D - North,37,966
Bandages Assorted #03842,Health & Beauty,107.74,169.28,156,Warehouse D - North,70,659
Computer Desk #03843,Furniture,161.42,326.82,261,Warehouse A - East,72,884
Face Masks 50pk #03844,Health & Beauty,116.47,225.69,204,Warehouse B - West,59,760
Board Game Classic #03845,Toys & Games,185.61,391.86,188,Warehouse C - Central,61,551
Noise Cancelling Headphones #03846,Electronics,161.19,200.12,367,Warehouse B - West,31,918
Coffee Beans 1kg #03847,Food & Beverage,183.04,352.4,95,Warehouse C - Central,73,632
Power Bank 20000mAh #03848,Electronics,71.0,127.77,123,Warehouse B - West,78,632
Cargo Pants #03849,Clothing,64.84,105.6,110,Warehouse D - North,21,744
LED Bulb 4pk #03850,Home & Garden,78.47,122.82,444,Warehouse A - East,41,418
Eye Drops #03851,Health & Beauty,183.84,335.59,85,Warehouse C - Central,43,666
Sunscreen SPF50 #03852,Health & Beauty,2.66,4.23,134,Warehouse A - East,46,305
Windbreaker #03853,Clothing,58.03,106.26,330,Warehouse A - East,38,565
Desk Organizer #03854,Office Supplies,171.13,371.17,208,Warehouse D - North,62,517
Car Battery #03855,Automotive Parts,25.69,32.67,104,Warehouse B - West,56,278
Mechanical Keyboard #03856,Electronics,90.12,149.13,136,Warehouse C - Central,63,990
Ballpoint Pens 12pk #03857,Office Supplies,88.62,215.67,479,Warehouse C - Central,77,994
Windbreaker #03858,Clothing,31.49,59.61,167,Warehouse A - East,53,837
Chess Set Wooden #03859,Toys & Games,77.29,181.35,406,Warehouse D - North,19,374
Camping Chair #03860,Sports & Outdoors,202.3,461.92,498,Warehouse D - North,24,585
Sleeping Bag #03861,Sports & Outdoors,46.1,86.5,482,Warehouse B - West,22,801
Aloe Vera Gel #03862,Health & Beauty,191.03,367.18,280,Warehouse A - East,15,949
Honey Jar #03863,Food & Beverage,18.13,27.17,197,Warehouse B - West,34,465
Puzzle 1000pc #03864,Toys & Games,79.32,108.03,352,Warehouse D - North,57,788
Coffee Beans 1kg #03865,Food & Beverage,210.42,450.92,52,Warehouse C - Central,32,264
Cotton T-Shirt Pack #03866,Clothing,226.34,350.49,44,Warehouse D - North,47,941
Filing Cabinet #03867,Furniture,63.87,102.11,328,Warehouse B - West,55,571
USB-C Hub #03868,Electronics,81.54,98.06,30,Warehouse A - East,49,503
Floor Mats Set #03869,Automotive Parts,134.14,275.9,51,Warehouse D - North,16,831
Sleeping Bag #03870,Sports & Outdoors,138.16,282.66,160,Warehouse D - North,50,667
Tool Kit 50pc #03871,Home & Garden,187.83,293.45,453,Warehouse B - West,48,322
Drone Mini #03872,Toys & Games,26.37,44.8,314,Warehouse B - West,44,549
HDMI Cable 2m #03873,Electronics,78.08,98.44,316,Warehouse D - North,23,223
Cable Management Tray #03874,Furniture,187.56,464.39,194,Warehouse A - East,21,217
Label Maker #03875,Office Supplies,34.84,71.3,68,Warehouse B - West,25,614
Sprinkler System #03876,Home & Garden,231.41,313.59,42,Warehouse D - North,73,564
Cargo Shorts #03877,Clothing,195.98,446.47,291,Warehouse A - East,58,349
Binder Clips Assorted #03878,Office Supplies,158.59,288.69,409,Warehouse A - East,21,963
Power Bank 20000mAh #03879,Electronics,143.04,191.37,409,Warehouse B - West,55,704
Rain Poncho #03880,Clothing,157.57,191.66,103,Warehouse A - East,30,349
Tablet Stand #03881,Electronics,165.93,395.31,136,Warehouse D - North,53,830
Winter Jacket #03882,Clothing,201.66,383.41,480,Warehouse C - Central,25,348
Conference Table #03883,Furniture,85.0,201.14,415,Warehouse A - East,15,539
Cargo Shorts #03884,Clothing,237.04,400.42,412,Warehouse C - Central,58,244
Printer Paper A4 #03885,Office Supplies,45.03,108.64,93,Warehouse D - North,43,213
Foam Roller #03886,Sports & Outdoors,221.83,334.01,488,Warehouse C - Central,61,909
Laptop Cooling Pad #03887,Electronics,145.73,218.19,42,Warehouse C - Central,74,946
Lawn Fertilizer #03888,Home & Garden,240.81,361.32,18,Warehouse C - Central,22,598
Headlamp LED #03889,Sports & Outdoors,201.7,292.01,286,Warehouse D - North,72,743
Extension Cord 10m #03890,Home & Garden,107.54,266.31,500,Warehouse B - West,40,275
Pressure Washer #03891,Home & Garden,239.83,410.72,65,Warehouse A - East,27,805
Standing Desk #03892,Furniture,200.24,464.95,284,Warehouse C - Central,58,209
Headlight Bulb Pair #03893,Automotive Parts,70.72,153.24,462,Warehouse A - East,20,971
Honey Jar #03894,Food & Beverage,6.14,9.79,389,Warehouse C - Central,42,733
Honey Jar #03895,Food & Beverage,43.79,92.82,148,Warehouse A - East,49,275
Eye Drops #03896,Health & Beauty,202.6,432.95,490,Warehouse C - Central,56,438
Air Filter #03897,Automotive Parts,141.08,274.33,451,Warehouse D - North,21,953
Wiper Blades Pair #03898,Automotive Parts,160.62,362.54,169,Warehouse D - North,38,329
Motor Oil 5W-30 #03899,Automotive Parts,202.34,302.58,261,Warehouse D - North,76,613
Headlamp LED #03900,Sports & Outdoors,172.81,233.55,456,Warehouse B - West,31,576
Rain Poncho #03901,Clothing,226.75,480.22,461,Warehouse A - East,10,978
Binder Clips Assorted #03902,Office Supplies,40.26,66.6,21,Warehouse C - Central,65,722
Sprinkler System #03903,Home & Garden,182.42,377.62,425,Warehouse D - North,64,696
Car Charger Dual USB #03904,Automotive Parts,6.58,16.0,142,Warehouse B - West,51,764
Car Battery #03905,Automotive Parts,184.05,354.41,425,Warehouse B - West,70,542
Filing Cabinet #03906,Furniture,90.64,128.79,480,Warehouse C - Central,71,530
Sleeping Bag #03907,Sports & Outdoors,157.87,378.43,358,Warehouse D - North,72,481
First Aid Kit #03908,Health & Beauty,241.81,299.09,325,Warehouse D - North,47,739
Fleece Hoodie #03909,Clothing,112.05,243.91,429,Warehouse D - North,25,831
Paint Roller Set #03910,Home & Garden,84.99,128.51,208,Warehouse A - East,55,525
Tent 4-Person #03911,Sports & Outdoors,110.09,258.39,313,Warehouse D - North,61,651
Granola Bags #03912,Food & Beverage,3.97,8.9,289,Warehouse B - West,36,559
USB Flash Drive 64GB #03913,Electronics,29.34,64.81,428,Warehouse C - Central,14,287
Art Supplies Box #03914,Toys & Games,163.75,222.63,472,Warehouse B - West,45,348
Whiteboard Markers 6pk #03915,Office Supplies,190.31,422.31,110,Warehouse B - West,49,990
Jump Starter #03916,Automotive Parts,103.73,126.13,321,Warehouse C - Central,76,984
Pressure Washer #03917,Home & Garden,174.15,424.78,411,Warehouse C - Central,74,234
Wireless Charger #03918,Electronics,52.59,125.08,283,Warehouse C - Central,10,273
Instant Oatmeal Pack #03919,Food & Beverage,187.44,310.38,451,Warehouse D - North,77,608
Brake Pads Set #03920,Automotive Parts,232.28,369.44,139,Warehouse C - Central,63,216
Olive Oil 500ml #03921,Food & Beverage,40.25,67.64,314,Warehouse C - Central,65,696
Pressure Washer #03922,Home & Garden,175.73,319.7,24,Warehouse B - West,52,967
Hedge Trimmer #03923,Home & Garden,213.44,331.59,293,Warehouse B - West,18,309
File Folders 20pk #03924,Office Supplies,103.37,221.99,473,Warehouse C - Central,29,713
Mechanical Keyboard #03925,Electronics,245.32,573.39,486,Warehouse B - West,55,528
Binder Clips Assorted #03926,Office Supplies,215.5,443.79,232,Warehouse B - West,53,527
Bookshelf 5-Tier #03927,Furniture,97.8,167.5,111,Warehouse D - North,57,607
Whiteboard Markers 6pk #03928,Office Supplies,73.57,123.88,228,Warehouse C - Central,12,692
Monitor Arm #03929,Furniture,195.76,373.8,291,Warehouse A - East,22,821
Floor Mats Set #03930,Automotive Parts,94.91,117.93,293,Warehouse A - East,45,506
Insect Repellent #03931,Health & Beauty,195.63,314.52,344,Warehouse C - Central,22,639
Chess Set Wooden #03932,Toys & Games,46.11,100.29,389,Warehouse C - Central,41,729
Art Supplies Box #03933,Toys & Games,69.48,121.64,179,Warehouse C - Central,58,998
Board Game Classic #03934,Toys & Games,121.39,198.86,155,Warehouse B - West,43,864
Moisturizer Pump #03935,Health & Beauty,246.03,426.39,241,Warehouse C - Central,73,304
Outdoor Solar Lights #03936,Home & Garden,45.33,60.75,1,Warehouse A - East,44,986
Jump Starter #03937,Automotive Parts,236.76,494.07,152,Warehouse B - West,24,554
Sleeping Bag #03938,Sports & Outdoors,117.03,154.33,26,Warehouse A - East,16,312
Tent 4-Person #03939,Sports & Outdoors,64.56,113.89,117,Warehouse C - Central,46,829
Dark Chocolate Box #03940,Food & Beverage,19.8,46.68,134,Warehouse B - West,78,695
Cap Branded #03941,Clothing,235.76,420.17,256,Warehouse C - Central,53,610
Filing Cabinet #03942,Furniture,86.97,176.12,374,Warehouse A - East,72,516
Sprinkler System #03943,Home & Garden,83.54,169.23,239,Warehouse C - Central,37,834
Work Boots #03944,Clothing,215.45,403.79,494,Warehouse A - East,57,557
Stuffed Animal Bear #03945,Toys & Games,122.52,239.78,426,Warehouse A - East,72,570
Lawn Fertilizer #03946,Home & Garden,12.99,28.75,465,Warehouse C - Central,77,991
Filing Cabinet #03947,Furniture,103.82,152.8,379,Warehouse A - East,48,654
Hand Sanitizer 500ml #03948,Health & Beauty,117.32,174.77,413,Warehouse A - East,66,848
Face Masks 50pk #03949,Health & Beauty,244.81,502.78,250,Warehouse A - East,41,497
File Folders 20pk #03950,Office Supplies,178.98,344.01,21,Warehouse B - West,76,929
Car Battery #03951,Automotive Parts,94.47,206.41,18,Warehouse A - East,25,672
Olive Oil 500ml #03952,Food & Beverage,206.51,265.58,39,Warehouse A - East,68,556
Wireless Charger #03953,Electronics,28.01,60.56,481,Warehouse C - Central,59,671
Board Game Classic #03954,Toys & Games,123.24,213.68,305,Warehouse C - Central,32,741
Tent 4-Person #03955,Sports & Outdoors,26.27,62.27,79,Warehouse C - Central,24,967
Remote Control Car #03956,Toys & Games,166.82,365.4,472,Warehouse D - North,64,655
Energy Drinks 24pk #03957,Food & Beverage,249.56,553.35,249,Warehouse C - Central,40,576
Envelopes 100pk #03958,Office Supplies,103.06,186.56,232,Warehouse B - West,26,336
First Aid Kit #03959,Health & Beauty,241.83,353.35,176,Warehouse B - West,23,971
Board Game Classic #03960,Toys & Games,20.45,28.75,309,Warehouse B - West,69,517
Spark Plugs 4pk #03961,Automotive Parts,78.82,156.03,221,Warehouse B - West,61,888
Hiking Backpack #03962,Sports & Outdoors,178.64,380.81,211,Warehouse A - East,66,987
Aloe Vera Gel #03963,Health & Beauty,240.89,340.77,393,Warehouse A - East,11,880
Spark Plugs 4pk #03964,Automotive Parts,180.79,404.28,396,Warehouse B - West,65,573
LED Bulb 4pk #03965,Home & Garden,129.39,318.99,175,Warehouse D - North,33,885
Granola Bags #03966,Food & Beverage,118.78,231.41,135,Warehouse D - North,18,344
Outdoor Solar Lights #03967,Home & Garden,27.71,62.18,344,Warehouse B - West,26,400
Conference Table #03968,Furniture,157.4,216.37,443,Warehouse A - East,30,586
Drafting Chair #03969,Furniture,123.33,248.7,290,Warehouse C - Central,28,541
Extension Cord 10m #03970,Home & Garden,113.97,171.7,322,Warehouse C - Central,44,586
Protein Bars 12pk #03971,Food & Beverage,94.95,214.17,143,Warehouse A - East,46,278
Ballpoint Pens 12pk #03972,Office Supplies,199.73,415.07,340,Warehouse B - West,53,287
Plant Pots Set #03973,Home & Garden,48.52,119.1,351,Warehouse A - East,53,347
Honey Jar #03974,Food & Beverage,206.73,417.32,51,Warehouse D - North,37,655
Whiteboard Markers 6pk #03975,Office Supplies,195.52,366.61,459,Warehouse A - East,45,708
Bandages Assorted #03976,Health & Beauty,168.35,231.29,484,Warehouse B - West,19,467
Mixed Nuts 500g #03977,Food & Beverage,82.26,202.85,460,Warehouse B - West,22,313
Air Filter #03978,Automotive Parts,136.34,324.55,5,Warehouse D - North,35,201
Paint Roller Set #03979,Home & Garden,118.24,213.06,374,Warehouse D - North,11,631
Garden Hose 30m #03980,Home & Garden,242.89,357.11,238,Warehouse C - Central,58,347
SSD 1TB External #03981,Electronics,106.42,191.74,429,Warehouse D - North,18,851
Cargo Pants #03982,Clothing,125.75,151.71,279,Warehouse D - North,77,728
Printer Paper A4 #03983,Office Supplies,164.88,212.53,199,Warehouse B - West,38,245
Fleece Hoodie #03984,Clothing,211.55,430.16,407,Warehouse D - North,61,462
Car Battery #03985,Automotive Parts,29.08,57.5,205,Warehouse B - West,14,530
LEGO Technic Set #03986,Toys & Games,7.07,15.62,128,Warehouse D - North,14,778
Webcam HD #03987,Electronics,76.0,121.9,338,Warehouse D - North,24,922
USB-C Hub #03988,Electronics,138.97,298.16,191,Warehouse D - North,22,392
Sticky Notes 8pk #03989,Office Supplies,145.74,259.0,5,Warehouse B - West,69,483
Desk Lamp LED #03990,Furniture,230.72,286.19,127,Warehouse B - West,60,946
Water Bottle 1L #03991,Sports & Outdoors,101.58,117.29,89,Warehouse A - East,24,633
Desk Organizer #03992,Office Supplies,128.49,211.4,141,Warehouse B - West,75,210
Remote Control Car #03993,Toys & Games,51.35,127.94,279,Warehouse C - Central,39,974
Dark Chocolate Box #03994,Food & Beverage,210.12,422.84,2,Warehouse D - North,62,570
Energy Drinks 24pk #03995,Food & Beverage,213.12,383.19,173,Warehouse B - West,42,586
Resistance Bands Set #03996,Sports & Outdoors,8.45,11.58,41,Warehouse A - East,48,248
Rain Poncho #03997,Clothing,62.65,79.39,169,Warehouse D - North,57,725
Drone Mini #03998,Toys & Games,4.96,7.18,413,Warehouse D - North,68,302
Brake Pads Set #03999,Automotive Parts,214.54,449.25,98,Warehouse D - North,14,553
Stapler Heavy Duty #04000,Office Supplies,227.07,534.95,155,Warehouse C - Central,19,332
LED Bulb 4pk #04001,Home & Garden,83.83,205.41,129,Warehouse C - Central,79,437
Mixed Nuts 500g #04002,Food & Beverage,113.16,215.47,59,Warehouse D - North,68,982
Floor Mats Set #04003,Automotive Parts,216.69,376.62,31,Warehouse C - Central,11,597
Dried Fruit Mix #04004,Food & Beverage,82.5,201.15,431,Warehouse B - West,68,892
Monitor Arm #04005,Furniture,191.11,415.93,22,Warehouse B - West,39,431
Insect Repellent #04006,Health & Beauty,198.23,428.25,369,Warehouse D - North,67,541
Vitamin C Tablets #04007,Health & Beauty,30.84,35.48,277,Warehouse A - East,45,746
Card Game Set #04008,Toys & Games,175.83,435.59,371,Warehouse A - East,37,319
Headlamp LED #04009,Sports & Outdoors,6.84,11.01,148,Warehouse A - East,30,695
Headlight Bulb Pair #04010,Automotive Parts,195.3,378.48,480,Warehouse C - Central,56,793
Jump Starter #04011,Automotive Parts,208.32,269.15,26,Warehouse D - North,71,789
Paint Roller Set #04012,Home & Garden,220.52,361.38,344,Warehouse C - Central,54,628
Air Filter #04013,Automotive Parts,128.91,285.77,77,Warehouse B - West,31,596
Aloe Vera Gel #04014,Health & Beauty,85.79,207.91,348,Warehouse B - West,13,976
Board Game Classic #04015,Toys & Games,153.0,229.2,350,Warehouse C - Central,58,741
LED Bulb 4pk #04016,Home & Garden,211.03,350.65,302,Warehouse D - North,33,865
Filing Cabinet #04017,Furniture,130.81,314.93,400,Warehouse A - East,80,687
Art Supplies Box #04018,Toys & Games,221.02,519.84,224,Warehouse A - East,57,679
Olive Oil 500ml #04019,Food & Beverage,142.12,321.8,73,Warehouse D - North,58,428
Headlight Bulb Pair #04020,Automotive Parts,47.57,102.58,388,Warehouse A - East,66,271
SSD 1TB External #04021,Electronics,190.3,472.76,63,Warehouse D - North,26,767
Safety Vest Hi-Vis #04022,Clothing,165.85,198.0,276,Warehouse B - West,31,494
Work Boots #04023,Clothing,49.76,120.48,123,Warehouse B - West,16,346
Drone Mini #04024,Toys & Games,232.41,346.41,194,Warehouse A - East,12,610
Outdoor Solar Lights #04025,Home & Garden,246.26,369.17,116,Warehouse C - Central,10,608
Work Boots #04026,Clothing,86.57,162.39,200,Warehouse B - West,51,997
Card Game Set #04027,Toys & Games,24.41,44.74,124,Warehouse A - East,71,932
Wireless Charger #04028,Electronics,96.87,234.36,129,Warehouse C - Central,77,769
Aloe Vera Gel #04029,Health & Beauty,120.76,293.27,125,Warehouse A - East,23,319
Sunscreen SPF50 #04030,Health & Beauty,91.8,224.93,463,Warehouse A - East,28,742
Jump Rope #04031,Sports & Outdoors,243.66,415.14,154,Warehouse C - Central,26,573
SSD 1TB External #04032,Electronics,140.17,344.92,217,Warehouse D - North,80,742
Tape Dispenser #04033,Office Supplies,8.8,12.26,117,Warehouse A - East,26,372
Green Tea Box #04034,Food & Beverage,229.43,274.43,460,Warehouse C - Central,21,836
Tape Dispenser #04035,Office Supplies,241.19,577.74,487,Warehouse D - North,26,752
Chess Set Wooden #04036,Toys & Games,194.63,265.73,453,Warehouse B - West,76,708
Conference Table #04037,Furniture,200.76,449.2,290,Warehouse B - West,56,618
Building Blocks 500pc #04038,Toys & Games,119.52,244.99,200,Warehouse A - East,49,507
LED Bulb 4pk #04039,Home & Garden,60.14,130.88,277,Warehouse D - North,74,206
Wireless Mouse #04040,Electronics,82.4,172.8,91,Warehouse C - Central,77,699
Tent 4-Person #04041,Sports & Outdoors,21.66,52.37,75,Warehouse A - East,30,948
Cable Management Tray #04042,Furniture,222.09,363.59,187,Warehouse D - North,44,268
Aloe Vera Gel #04043,Health & Beauty,125.58,167.73,442,Warehouse C - Central,18,256
Lawn Fertilizer #04044,Home & Garden,34.64,61.65,332,Warehouse A - East,12,998
Water Bottle 1L #04045,Sports & Outdoors,102.63,212.31,229,Warehouse B - West,42,482
Webcam HD #04046,Electronics,217.19,366.54,246,Warehouse C - Central,78,985
Face Masks 50pk #04047,Health & Beauty,136.63,330.3,96,Warehouse C - Central,35,213
Stapler Heavy Duty #04048,Office Supplies,37.16,54.67,284,Warehouse A - East,37,607
LED Bulb 4pk #04049,Home & Garden,199.31,461.8,171,Warehouse B - West,67,808
Protein Bars 12pk #04050,Food & Beverage,101.53,127.1,379,Warehouse A - East,78,550
LEGO Technic Set #04051,Toys & Games,116.16,148.58,22,Warehouse D - North,23,779
Headlight Bulb Pair #04052,Automotive Parts,245.34,605.21,342,Warehouse B - West,26,228
Resistance Bands Set #04053,Sports & Outdoors,143.72,174.25,434,Warehouse C - Central,29,762
Work Boots #04054,Clothing,58.26,78.75,289,Warehouse C - Central,67,203
LEGO Technic Set #04055,Toys & Games,213.05,461.86,299,Warehouse B - West,53,717
Building Blocks 500pc #04056,Toys & Games,87.23,213.91,323,Warehouse A - East,57,530
Storage Ottoman #04057,Furniture,210.89,470.87,330,Warehouse C - Central,66,285
Puzzle 1000pc #04058,Toys & Games,243.45,577.09,238,Warehouse C - Central,52,670
Conference Table #04059,Furniture,228.86,355.58,415,Warehouse D - North,69,443
Fleece Hoodie #04060,Clothing,34.31,67.31,264,Warehouse A - East,79,443
Winter Jacket #04061,Clothing,163.98,399.43,495,Warehouse D - North,70,945
Dark Chocolate Box #04062,Food & Beverage,109.69,243.04,245,Warehouse C - Central,31,969
Moisturizer Pump #04063,Health & Beauty,159.57,226.06,452,Warehouse D - North,53,511
Stapler Heavy Duty #04064,Office Supplies,42.87,105.7,192,Warehouse A - East,56,687
Headlamp LED #04065,Sports & Outdoors,188.67,433.83,114,Warehouse A - East,76,892
Thermal Underwear #04066,Clothing,229.12,277.99,412,Warehouse A - East,38,476
Sunscreen SPF50 #04067,Health & Beauty,74.67,144.46,214,Warehouse A - East,16,841
Smart Watch #04068,Electronics,73.2,143.61,214,Warehouse B - West,55,694
Jump Starter #04069,Automotive Parts,33.61,78.53,207,Warehouse B - West,58,911
Cap Branded #04070,Clothing,66.9,90.82,16,Warehouse B - West,38,622
Smart Watch #04071,Electronics,190.6,403.9,137,Warehouse C - Central,17,302
Cotton T-Shirt Pack #04072,Clothing,61.95,150.21,58,Warehouse B - West,68,388
Paint Roller Set #04073,Home & Garden,228.04,341.86,491,Warehouse A - East,52,631
Tablet Stand #04074,Electronics,18.31,27.63,470,Warehouse C - Central,38,422
Chess Set Wooden #04075,Toys & Games,246.29,373.97,410,Warehouse B - West,49,367
Chess Set Wooden #04076,Toys & Games,160.07,364.32,492,Warehouse D - North,51,831
Hedge Trimmer #04077,Home & Garden,121.36,217.66,478,Warehouse B - West,20,561
Board Game Classic #04078,Toys & Games,197.83,271.88,393,Warehouse C - Central,30,959
Coolant 4L #04079,Automotive Parts,195.28,330.73,5,Warehouse B - West,15,936
Thermal Underwear #04080,Clothing,141.57,272.63,360,Warehouse C - Central,17,642
Jump Starter #04081,Automotive Parts,18.75,42.84,159,Warehouse D - North,48,349
Stapler Heavy Duty #04082,Office Supplies,63.86,137.02,166,Warehouse A - East,50,466
Sunscreen SPF50 #04083,Health & Beauty,161.04,212.36,317,Warehouse B - West,73,813
Laptop Cooling Pad #04084,Electronics,109.35,266.05,415,Warehouse B - West,44,784
Remote Control Car #04085,Toys & Games,77.83,113.8,294,Warehouse A - East,61,801
Vitamin C Tablets #04086,Health & Beauty,213.71,459.07,343,Warehouse C - Central,33,905
Rain Poncho #04087,Clothing,118.26,246.78,171,Warehouse B - West,68,402
Ballpoint Pens 12pk #04088,Office Supplies,223.2,330.89,478,Warehouse C - Central,71,438
Jump Rope #04089,Sports & Outdoors,158.01,360.52,106,Warehouse B - West,16,385
Paint Roller Set #04090,Home & Garden,27.16,37.79,150,Warehouse A - East,70,459
Chess Set Wooden #04091,Toys & Games,94.83,200.54,234,Warehouse B - West,30,256
Energy Drinks 24pk #04092,Food & Beverage,13.12,31.31,204,Warehouse B - West,16,328
Cap Branded #04093,Clothing,25.77,30.62,362,Warehouse C - Central,21,574
Binoculars #04094,Sports & Outdoors,215.08,263.06,300,Warehouse A - East,44,849
Sunscreen SPF50 #04095,Health & Beauty,39.77,80.51,351,Warehouse D - North,48,549
First Aid Kit #04096,Health & Beauty,21.52,42.78,190,Warehouse B - West,57,289
Jump Rope #04097,Sports & Outdoors,128.65,289.09,481,Warehouse A - East,72,989
Building Blocks 500pc #04098,Toys & Games,211.43,477.85,375,Warehouse C - Central,54,221
Granola Bags #04099,Food & Beverage,172.77,341.25,130,Warehouse D - North,18,831
Desk Lamp LED #04100,Furniture,173.62,400.84,160,Warehouse A - East,55,708
Lawn Fertilizer #04101,Home & Garden,199.79,276.6,263,Warehouse D - North,26,484
Coffee Beans 1kg #04102,Food & Beverage,210.29,364.07,381,Warehouse A - East,62,337
Label Maker #04103,Office Supplies,92.44,224.67,221,Warehouse B - West,40,523
USB Flash Drive 64GB #04104,Electronics,195.22,345.26,481,Warehouse A - East,19,520
Sunscreen SPF50 #04105,Health & Beauty,15.57,30.67,337,Warehouse C - Central,59,712
Outdoor Solar Lights #04106,Home & Garden,112.46,262.52,156,Warehouse B - West,34,902
LED Bulb 4pk #04107,Home & Garden,228.4,418.43,381,Warehouse A - East,14,311
Conference Table #04108,Furniture,191.79,328.68,49,Warehouse B - West,16,950
Puzzle 1000pc #04109,Toys & Games,122.43,225.66,256,Warehouse B - West,22,750
Bluetooth Speaker #04110,Electronics,200.21,472.37,336,Warehouse B - West,24,595
Scissors 3pk #04111,Office Supplies,30.24,74.25,242,Warehouse C - Central,78,951
Computer Desk #04112,Furniture,204.69,333.0,215,Warehouse A - East,15,558
Science Kit #04113,Toys & Games,84.85,143.43,285,Warehouse B - West,78,976
Plant Pots Set #04114,Home & Garden,45.67,54.63,245,Warehouse D - North,29,931
Polo Shirt #04115,Clothing,181.55,449.83,57,Warehouse B - West,47,658
Instant Oatmeal Pack #04116,Food & Beverage,54.27,93.18,9,Warehouse B - West,69,728
Noise Cancelling Headphones #04117,Electronics,57.04,124.78,309,Warehouse C - Central,66,732
Monitor Arm #04118,Furniture,65.32,161.27,311,Warehouse D - North,80,409
Brake Pads Set #04119,Automotive Parts,66.53,119.69,288,Warehouse D - North,14,645
Scissors 3pk #04120,Office Supplies,181.36,318.6,35,Warehouse D - North,53,981
Standing Desk #04121,Furniture,107.4,174.88,23,Warehouse C - Central,54,884
Tool Kit 50pc #04122,Home & Garden,249.23,370.37,384,Warehouse A - East,21,715
Wiper Blades Pair #04123,Automotive Parts,147.97,199.44,368,Warehouse C - Central,14,337
File Folders 20pk #04124,Office Supplies,108.27,235.36,109,Warehouse D - North,40,989
Floor Mats Set #04125,Automotive Parts,199.06,233.87,102,Warehouse D - North,22,587
Stapler Heavy Duty #04126,Office Supplies,28.85,63.66,429,Warehouse C - Central,63,310
Aloe Vera Gel #04127,Health & Beauty,121.16,164.47,436,Warehouse C - Central,23,347
Mechanical Keyboard #04128,Electronics,238.58,582.05,148,Warehouse A - East,53,528
Power Bank 20000mAh #04129,Electronics,75.36,187.64,259,Warehouse B - West,14,881
Art Supplies Box #04130,Toys & Games,101.56,179.62,266,Warehouse B - West,75,689
Bandages Assorted #04131,Health & Beauty,26.15,37.65,103,Warehouse B - West,46,454
Wireless Mouse #04132,Electronics,9.42,11.84,114,Warehouse C - Central,50,361
Remote Control Car #04133,Toys & Games,246.51,447.12,498,Warehouse D - North,45,308
Drone Mini #04134,Toys & Games,240.52,410.63,138,Warehouse D - North,62,972
Rain Poncho #04135,Clothing,155.56,324.47,183,Warehouse D - North,22,734
Safety Vest Hi-Vis #04136,Clothing,85.53,150.59,167,Warehouse A - East,61,257
Safety Vest Hi-Vis #04137,Clothing,63.95,84.73,459,Warehouse C - Central,46,239
Hedge Trimmer #04138,Home & Garden,118.09,271.81,499,Warehouse C - Central,23,388
Monitor Arm #04139,Furniture,93.5,178.7,22,Warehouse B - West,43,304
Printer Paper A4 #04140,Office Supplies,85.53,146.03,220,Warehouse A - East,15,926
Work Boots #04141,Clothing,145.62,263.36,283,Warehouse C - Central,47,989
Spark Plugs 4pk #04142,Automotive Parts,154.32,299.07,195,Warehouse A - East,34,626
Water Bottle 1L #04143,Sports & Outdoors,119.46,236.0,424,Warehouse C - Central,80,488
Sunscreen SPF50 #04144,Health & Beauty,5.67,7.75,500,Warehouse B - West,43,910
Aloe Vera Gel #04145,Health & Beauty,136.97,230.16,370,Warehouse D - North,19,450
Instant Oatmeal Pack #04146,Food & Beverage,21.05,34.64,115,Warehouse A - East,19,312
Fleece Hoodie #04147,Clothing,170.4,341.18,415,Warehouse A - East,25,469
Remote Control Car #04148,Toys & Games,168.04,285.98,196,Warehouse C - Central,20,225
Brake Pads Set #04149,Automotive Parts,218.59,418.95,381,Warehouse B - West,25,304
Headlamp LED #04150,Sports & Outdoors,239.19,493.53,73,Warehouse D - North,48,943
Sprinkler System #04151,Home & Garden,138.95,305.56,148,Warehouse B - West,18,246
First Aid Kit #04152,Health & Beauty,71.66,101.56,35,Warehouse A - East,76,306
Label Maker #04153,Office Supplies,27.69,32.21,175,Warehouse B - West,20,914
Cap Branded #04154,Clothing,159.77,279.7,300,Warehouse C - Central,10,517
Motor Oil 5W-30 #04155,Automotive Parts,126.58,216.32,293,Warehouse D - North,45,248
Brake Pads Set #04156,Automotive Parts,75.39,169.9,234,Warehouse A - East,77,417
Webcam HD #04157,Electronics,27.93,62.64,181,Warehouse C - Central,59,478
Air Filter #04158,Automotive Parts,236.7,320.92,167,Warehouse C - Central,70,814
SSD 1TB External #04159,Electronics,181.96,215.97,109,Warehouse C - Central,67,471
LEGO Technic Set #04160,Toys & Games,145.99,349.43,268,Warehouse B - West,67,203
Olive Oil 500ml #04161,Food & Beverage,28.42,41.46,382,Warehouse B - West,46,291
Paint Roller Set #04162,Home & Garden,19.56,44.5,8,Warehouse D - North,38,371
Tire Pressure Gauge #04163,Automotive Parts,59.97,74.26,330,Warehouse D - North,15,556
Tool Kit 50pc #04164,Home & Garden,23.72,54.06,41,Warehouse D - North,13,746
Foam Roller #04165,Sports & Outdoors,102.94,131.53,164,Warehouse A - East,38,605
Paint Roller Set #04166,Home & Garden,7.29,11.15,148,Warehouse D - North,76,609
Card Game Set #04167,Toys & Games,219.45,364.52,325,Warehouse C - Central,76,805
Whiteboard Markers 6pk #04168,Office Supplies,130.16,231.8,459,Warehouse A - East,41,615
Wireless Mouse #04169,Electronics,230.5,406.97,239,Warehouse A - East,10,971
Floor Mats Set #04170,Automotive Parts,237.52,518.52,113,Warehouse C - Central,71,520
Remote Control Car #04171,Toys & Games,202.62,456.18,478,Warehouse A - East,14,654
Standing Desk #04172,Furniture,111.7,214.97,388,Warehouse A - East,64,253
Insect Repellent #04173,Health & Beauty,7.86,18.82,137,Warehouse A - East,46,500
Camping Chair #04174,Sports & Outdoors,212.6,365.86,143,Warehouse B - West,39,437
Whiteboard Markers 6pk #04175,Office Supplies,166.57,355.8,359,Warehouse B - West,53,583
Olive Oil 500ml #04176,Food & Beverage,246.44,443.11,348,Warehouse B - West,13,416
Jump Rope #04177,Sports & Outdoors,226.9,529.4,387,Warehouse B - West,17,518
Pressure Washer #04178,Home & Garden,102.25,165.62,368,Warehouse A - East,59,934
Art Supplies Box #04179,Toys & Games,162.6,287.17,53,Warehouse C - Central,68,421
Hedge Trimmer #04180,Home & Garden,228.43,346.9,253,Warehouse C - Central,29,400
Tape Dispenser #04181,Office Supplies,214.74,528.08,124,Warehouse D - North,29,690
Stapler Heavy Duty #04182,Office Supplies,166.62,250.27,40,Warehouse B - West,40,480
Floating Shelf Set #04183,Furniture,229.52,384.95,479,Warehouse A - East,14,640
Camping Chair #04184,Sports & Outdoors,140.69,181.03,446,Warehouse D - North,39,527
Puzzle 1000pc #04185,Toys & Games,31.37,66.44,198,Warehouse A - East,27,547
Hedge Trimmer #04186,Home & Garden,203.24,386.63,96,Warehouse C - Central,57,968
Paint Roller Set #04187,Home & Garden,101.36,228.72,273,Warehouse A - East,67,215
Thermometer Digital #04188,Health & Beauty,244.34,494.04,184,Warehouse B - West,72,205
Rubik's Cube #04189,Toys & Games,60.86,124.33,243,Warehouse D - North,22,941
Hedge Trimmer #04190,Home & Garden,146.63,198.5,164,Warehouse A - East,26,818
Yoga Mat #04191,Sports & Outdoors,156.04,216.02,27,Warehouse A - East,10,249
Monitor Arm #04192,Furniture,193.14,236.55,418,Warehouse A - East,51,634
Garden Hose 30m #04193,Home & Garden,211.83,375.06,287,Warehouse A - East,43,458
Cargo Pants #04194,Clothing,214.14,246.61,344,Warehouse B - West,75,343
Whiteboard Markers 6pk #04195,Office Supplies,167.17,276.98,293,Warehouse D - North,16,982
Air Filter #04196,Automotive Parts,50.77,122.28,37,Warehouse C - Central,17,470
Ballpoint Pens 12pk #04197,Office Supplies,124.46,292.49,238,Warehouse D - North,41,843
Camping Chair #04198,Sports & Outdoors,181.71,226.19,70,Warehouse B - West,26,273
Polo Shirt #04199,Clothing,103.84,224.65,269,Warehouse A - East,60,494
Jump Starter #04200,Automotive Parts,17.66,35.32,499,Warehouse B - West,38,229
Bottled Water Case #04201,Food & Beverage,66.93,87.48,321,Warehouse B - West,65,822
Sprinkler System #04202,Home & Garden,48.94,116.61,312,Warehouse D - North,18,623
Paint Roller Set #04203,Home & Garden,5.71,8.45,115,Warehouse B - West,18,930
Cap Branded #04204,Clothing,36.7,86.78,76,Warehouse A - East,61,665
Fleece Hoodie #04205,Clothing,222.24,327.7,298,Warehouse C - Central,43,819
Safety Vest Hi-Vis #04206,Clothing,79.63,189.08,212,Warehouse C - Central,42,464
Whiteboard Markers 6pk #04207,Office Supplies,190.51,282.95,471,Warehouse D - North,64,985
Ballpoint Pens 12pk #04208,Office Supplies,218.28,511.46,38,Warehouse B - West,49,427
HDMI Cable 2m #04209,Electronics,65.86,129.53,266,Warehouse D - North,13,528
Brake Pads Set #04210,Automotive Parts,210.55,332.31,178,Warehouse D - North,17,989
Cotton T-Shirt Pack #04211,Clothing,133.6,321.21,26,Warehouse A - East,31,564
Polo Shirt #04212,Clothing,178.88,270.06,199,Warehouse B - West,40,679
Storage Ottoman #04213,Furniture,46.29,98.51,203,Warehouse A - East,60,942
Protein Bars 12pk #04214,Food & Beverage,49.18,90.33,37,Warehouse B - West,78,206
Stuffed Animal Bear #04215,Toys & Games,87.49,173.75,290,Warehouse B - West,72,679
Headlight Bulb Pair #04216,Automotive Parts,50.5,114.7,500,Warehouse C - Central,72,792
Resistance Bands Set #04217,Sports & Outdoors,141.95,286.56,74,Warehouse D - North,42,937
Thermometer Digital #04218,Health & Beauty,23.16,28.65,345,Warehouse D - North,37,600
Webcam HD #04219,Electronics,178.2,307.34,492,Warehouse D - North,55,602
Garden Hose 30m #04220,Home & Garden,27.65,45.41,284,Warehouse B - West,47,947
Mixed Nuts 500g #04221,Food & Beverage,9.6,11.23,21,Warehouse B - West,56,607
Laptop Cooling Pad #04222,Electronics,237.04,496.41,295,Warehouse C - Central,31,843
Sticky Notes 8pk #04223,Office Supplies,128.8,186.93,465,Warehouse A - East,31,313
Spark Plugs 4pk #04224,Automotive Parts,179.6,333.77,42,Warehouse D - North,31,851
Granola Bags #04225,Food & Beverage,107.84,175.43,470,Warehouse C - Central,47,757
Safety Vest Hi-Vis #04226,Clothing,2.66,3.54,32,Warehouse C - Central,67,223
Rain Poncho #04227,Clothing,118.55,269.1,35,Warehouse B - West,65,898
Headlight Bulb Pair #04228,Automotive Parts,175.15,381.61,107,Warehouse A - East,60,534
Thermal Underwear #04229,Clothing,183.38,291.9,169,Warehouse A - East,21,900
Power Bank 20000mAh #04230,Electronics,221.48,264.38,58,Warehouse C - Central,48,905
Safety Vest Hi-Vis #04231,Clothing,108.46,150.05,353,Warehouse B - West,16,213
LED Bulb 4pk #04232,Home & Garden,249.02,331.64,123,Warehouse B - West,51,239
Binder Clips Assorted #04233,Office Supplies,2.7,6.4,342,Warehouse B - West,44,899
Moisturizer Pump #04234,Health & Beauty,248.95,397.5,104,Warehouse B - West,24,645
Printer Paper A4 #04235,Office Supplies,216.39,281.52,212,Warehouse A - East,60,426
Lawn Fertilizer #04236,Home & Garden,153.83,350.55,241,Warehouse B - West,49,209
Coffee Beans 1kg #04237,Food & Beverage,65.05,99.26,129,Warehouse D - North,18,219
Storage Ottoman #04238,Furniture,98.96,191.33,2,Warehouse C - Central,13,902
Face Masks 50pk #04239,Health & Beauty,84.16,99.9,168,Warehouse D - North,22,701
Sunscreen SPF50 #04240,Health & Beauty,145.87,249.06,354,Warehouse A - East,31,728
Puzzle 1000pc #04241,Toys & Games,75.34,98.75,3,Warehouse D - North,50,218
Drone Mini #04242,Toys & Games,244.6,418.56,374,Warehouse C - Central,34,325
Windbreaker #04243,Clothing,84.19,114.98,125,Warehouse A - East,30,336
Binoculars #04244,Sports & Outdoors,209.69,295.81,233,Warehouse C - Central,66,851
Energy Drinks 24pk #04245,Food & Beverage,230.47,495.33,488,Warehouse D - North,49,708
Cap Branded #04246,Clothing,187.05,385.9,305,Warehouse A - East,56,247
Standing Desk #04247,Furniture,228.83,502.97,418,Warehouse D - North,51,527
Cotton T-Shirt Pack #04248,Clothing,112.44,211.78,275,Warehouse A - East,32,611
Green Tea Box #04249,Food & Beverage,245.83,374.42,300,Warehouse A - East,12,443
Vitamin C Tablets #04250,Health & Beauty,200.98,375.92,408,Warehouse D - North,74,207
Computer Desk #04251,Furniture,109.08,243.14,434,Warehouse B - West,49,334
Remote Control Car #04252,Toys & Games,93.26,195.7,491,Warehouse C - Central,47,876
Puzzle 1000pc #04253,Toys & Games,13.21,28.33,180,Warehouse C - Central,62,653
Floor Mats Set #04254,Automotive Parts,150.7,373.2,45,Warehouse B - West,23,896
Headlight Bulb Pair #04255,Automotive Parts,199.78,290.03,362,Warehouse C - Central,49,976
Jump Starter #04256,Automotive Parts,242.95,424.41,128,Warehouse A - East,51,985
Storage Ottoman #04257,Furniture,2.14,4.11,456,Warehouse D - North,55,743
Wireless Charger #04258,Electronics,189.62,442.87,337,Warehouse A - East,31,385
Mixed Nuts 500g #04259,Food & Beverage,95.97,177.96,397,Warehouse A - East,58,262
Binder Clips Assorted #04260,Office Supplies,69.53,120.57,383,Warehouse B - West,19,333
Tablet Stand #04261,Electronics,247.12,449.61,199,Warehouse A - East,23,958
Granola Bags #04262,Food & Beverage,209.6,412.03,327,Warehouse B - West,71,791
Brake Pads Set #04263,Automotive Parts,159.08,382.46,356,Warehouse B - West,60,249
Honey Jar #04264,Food & Beverage,169.84,366.86,451,Warehouse C - Central,76,892
Rain Poncho #04265,Clothing,92.64,186.92,483,Warehouse A - East,75,606
Whiteboard Markers 6pk #04266,Office Supplies,194.43,477.98,239,Warehouse B - West,60,913
Laptop Cooling Pad #04267,Electronics,227.52,436.26,330,Warehouse B - West,10,681
Headlight Bulb Pair #04268,Automotive Parts,72.57,140.51,313,Warehouse C - Central,48,1000
Hiking Backpack #04269,Sports & Outdoors,171.63,346.26,129,Warehouse A - East,49,483
SSD 1TB External #04270,Electronics,101.94,241.86,87,Warehouse D - North,64,338
Foam Roller #04271,Sports & Outdoors,164.24,254.89,231,Warehouse A - East,55,781
LED Bulb 4pk #04272,Home & Garden,234.3,501.49,127,Warehouse B - West,53,793
Chess Set Wooden #04273,Toys & Games,83.69,167.05,363,Warehouse D - North,16,673
Binoculars #04274,Sports & Outdoors,214.06,376.34,387,Warehouse D - North,38,888
Headlamp LED #04275,Sports & Outdoors,167.17,372.2,36,Warehouse C - Central,58,688
Dried Fruit Mix #04276,Food & Beverage,169.94,307.57,489,Warehouse D - North,36,258
Monitor Arm #04277,Furniture,210.37,374.18,198,Warehouse B - West,22,902
Tent 4-Person #04278,Sports & Outdoors,8.33,16.62,251,Warehouse B - West,75,747
Outdoor Solar Lights #04279,Home & Garden,40.87,57.52,366,Warehouse C - Central,74,529
Webcam HD #04280,Electronics,226.24,385.03,300,Warehouse C - Central,53,333
Laptop Cooling Pad #04281,Electronics,48.45,61.41,492,Warehouse D - North,27,899
Jump Rope #04282,Sports & Outdoors,41.34,60.82,355,Warehouse C - Central,52,321
Art Supplies Box #04283,Toys & Games,40.66,79.38,27,Warehouse B - West,34,343
Dried Fruit Mix #04284,Food & Beverage,121.55,152.06,217,Warehouse B - West,52,234
Camping Chair #04285,Sports & Outdoors,93.3,194.82,21,Warehouse A - East,29,237
Garden Hose 30m #04286,Home & Garden,118.63,148.22,214,Warehouse C - Central,49,471
Card Game Set #04287,Toys & Games,200.23,446.3,56,Warehouse B - West,30,310
Building Blocks 500pc #04288,Toys & Games,239.22,322.73,346,Warehouse C - Central,11,628
SSD 1TB External #04289,Electronics,184.27,237.62,78,Warehouse B - West,31,353
Power Bank 20000mAh #04290,Electronics,97.78,149.84,285,Warehouse A - East,55,454
Vitamin C Tablets #04291,Health & Beauty,93.69,210.36,174,Warehouse B - West,52,252
Tool Kit 50pc #04292,Home & Garden,177.01,306.01,255,Warehouse C - Central,73,698
Mixed Nuts 500g #04293,Food & Beverage,162.25,293.51,439,Warehouse A - East,34,790
Thermometer Digital #04294,Health & Beauty,206.22,247.0,266,Warehouse B - West,32,910
Outdoor Solar Lights #04295,Home & Garden,95.5,195.0,419,Warehouse A - East,28,634
Cargo Shorts #04296,Clothing,47.57,58.69,227,Warehouse A - East,57,545
Garden Hose 30m #04297,Home & Garden,115.56,227.35,221,Warehouse A - East,69,224
Tent 4-Person #04298,Sports & Outdoors,28.74,34.55,106,Warehouse C - Central,36,458
Board Game Classic #04299,Toys & Games,115.36,225.97,457,Warehouse D - North,30,317
Windbreaker #04300,Clothing,20.32,41.17,351,Warehouse B - West,40,973
Rubik's Cube #04301,Toys & Games,159.53,364.17,379,Warehouse D - North,30,791
Puzzle 1000pc #04302,Toys & Games,29.89,68.68,114,Warehouse A - East,13,691
Safety Vest Hi-Vis #04303,Clothing,230.07,277.66,28,Warehouse B - West,26,348
Floor Mats Set #04304,Automotive Parts,187.65,261.86,399,Warehouse C - Central,16,523
Chess Set Wooden #04305,Toys & Games,82.39,176.54,274,Warehouse B - West,66,370
HDMI Cable 2m #04306,Electronics,49.99,68.2,338,Warehouse A - East,76,910
Bookshelf 5-Tier #04307,Furniture,106.5,205.42,27,Warehouse D - North,47,464
Extension Cord 10m #04308,Home & Garden,126.81,201.31,379,Warehouse D - North,44,702
USB Flash Drive 64GB #04309,Electronics,142.83,322.07,420,Warehouse D - North,12,862
Eye Drops #04310,Health & Beauty,40.6,81.09,469,Warehouse C - Central,53,381
Wiper Blades Pair #04311,Automotive Parts,114.36,203.42,128,Warehouse C - Central,70,706
SSD 1TB External #04312,Electronics,2.89,6.04,310,Warehouse C - Central,44,626
Floor Mats Set #04313,Automotive Parts,115.62,268.37,222,Warehouse D - North,21,345
Rain Poncho #04314,Clothing,77.97,131.65,31,Warehouse B - West,27,724
Pressure Washer #04315,Home & Garden,180.45,379.86,387,Warehouse A - East,58,463
Motor Oil 5W-30 #04316,Automotive Parts,2.32,3.28,252,Warehouse D - North,19,860
Power Bank 20000mAh #04317,Electronics,98.02,207.63,277,Warehouse B - West,75,210
Cable Management Tray #04318,Furniture,210.15,423.6,193,Warehouse C - Central,49,683
Bookshelf 5-Tier #04319,Furniture,117.62,218.42,459,Warehouse C - Central,25,378
Rain Poncho #04320,Clothing,171.81,252.84,191,Warehouse D - North,44,285
USB-C Hub #04321,Electronics,145.05,183.57,315,Warehouse A - East,43,769
Stapler Heavy Duty #04322,Office Supplies,2.69,5.64,241,Warehouse D - North,10,908
Brake Pads Set #04323,Automotive Parts,93.02,111.92,239,Warehouse A - East,23,941
Car Battery #04324,Automotive Parts,16.44,23.92,217,Warehouse C - Central,80,792
Headlight Bulb Pair #04325,Automotive Parts,96.07,201.19,331,Warehouse A - East,47,622
Power Bank 20000mAh #04326,Electronics,243.66,310.34,474,Warehouse D - North,10,252
USB Flash Drive 64GB #04327,Electronics,28.32,53.8,185,Warehouse B - West,13,943
Power Bank 20000mAh #04328,Electronics,13.92,22.55,147,Warehouse B - West,70,367
Puzzle 1000pc #04329,Toys & Games,10.13,11.81,345,Warehouse D - North,32,834
Sleeping Bag #04330,Sports & Outdoors,198.06,354.34,331,Warehouse C - Central,68,890
Olive Oil 500ml #04331,Food & Beverage,106.72,208.45,383,Warehouse C - Central,67,966
Sunscreen SPF50 #04332,Health & Beauty,87.94,146.67,347,Warehouse B - West,43,885
Bluetooth Speaker #04333,Electronics,22.68,34.78,178,Warehouse C - Central,37,651
Wireless Charger #04334,Electronics,197.15,453.16,47,Warehouse D - North,34,444
Remote Control Car #04335,Toys & Games,217.36,481.61,407,Warehouse D - North,60,959
Sprinkler System #04336,Home & Garden,30.57,63.06,192,Warehouse C - Central,10,742
Hiking Backpack #04337,Sports & Outdoors,192.17,430.7,234,Warehouse A - East,48,813
Binoculars #04338,Sports & Outdoors,75.97,161.58,264,Warehouse C - Central,75,280
Insect Repellent #04339,Health & Beauty,153.84,283.98,108,Warehouse D - North,53,715
Winter Jacket #04340,Clothing,184.15,379.29,227,Warehouse C - Central,42,471
Smart Watch #04341,Electronics,155.07,295.11,107,Warehouse C - Central,33,464
Energy Drinks 24pk #04342,Food & Beverage,38.05,66.43,302,Warehouse A - East,23,299
Cable Management Tray #04343,Furniture,240.77,573.01,265,Warehouse A - East,57,909
Whiteboard Markers 6pk #04344,Office Supplies,103.77,178.77,261,Warehouse C - Central,80,884
Remote Control Car #04345,Toys & Games,204.99,256.87,182,Warehouse B - West,62,320
USB Flash Drive 64GB #04346,Electronics,165.45,351.8,101,Warehouse A - East,45,909
Monitor Light Bar #04347,Electronics,40.74,82.97,214,Warehouse C - Central,43,358
Art Supplies Box #04348,Toys & Games,166.35,221.45,171,Warehouse B - West,52,503
Chess Set Wooden #04349,Toys & Games,217.7,522.86,471,Warehouse B - West,80,304
Conference Table #04350,Furniture,118.68,245.93,311,Warehouse D - North,79,486
Bandages Assorted #04351,Health & Beauty,3.22,4.46,126,Warehouse D - North,68,306
Whiteboard Markers 6pk #04352,Office Supplies,171.18,424.87,450,Warehouse C - Central,33,282
Garden Hose 30m #04353,Home & Garden,115.59,210.8,274,Warehouse C - Central,16,477
Thermal Underwear #04354,Clothing,208.38,290.53,228,Warehouse D - North,64,834
Chess Set Wooden #04355,Toys & Games,132.13,319.75,169,Warehouse C - Central,47,485
Whiteboard Markers 6pk #04356,Office Supplies,221.1,480.66,494,Warehouse C - Central,18,441
USB-C Hub #04357,Electronics,229.68,551.32,69,Warehouse A - East,37,625
Sleeping Bag #04358,Sports & Outdoors,109.87,229.49,170,Warehouse B - West,18,915
Bandages Assorted #04359,Health & Beauty,224.16,413.91,13,Warehouse C - Central,24,356
Whiteboard Markers 6pk #04360,Office Supplies,197.33,354.4,124,Warehouse C - Central,64,936
Garden Hose 30m #04361,Home & Garden,230.44,286.75,184,Warehouse D - North,62,767
Windbreaker #04362,Clothing,34.81,83.34,444,Warehouse A - East,17,676
Extension Cord 10m #04363,Home & Garden,154.1,285.07,443,Warehouse A - East,50,437
LED Bulb 4pk #04364,Home & Garden,34.57,45.85,325,Warehouse B - West,48,447
Webcam HD #04365,Electronics,209.58,512.7,90,Warehouse D - North,72,269
Winter Jacket #04366,Clothing,75.97,176.82,180,Warehouse A - East,63,392
Bookshelf 5-Tier #04367,Furniture,157.13,225.18,357,Warehouse B - West,11,703
Stapler Heavy Duty #04368,Office Supplies,135.82,302.5,463,Warehouse A - East,60,626
Cooler Box 40L #04369,Sports & Outdoors,220.74,357.17,441,Warehouse D - North,75,539
Tool Kit 50pc #04370,Home & Garden,89.7,142.64,426,Warehouse A - East,47,281
Cargo Shorts #04371,Clothing,213.92,442.58,90,Warehouse A - East,53,342
Cargo Shorts #04372,Clothing,131.78,247.67,221,Warehouse C - Central,15,523
Outdoor Solar Lights #04373,Home & Garden,230.74,454.03,389,Warehouse B - West,49,379
Whiteboard Markers 6pk #04374,Office Supplies,113.35,135.86,78,Warehouse A - East,15,448
Dark Chocolate Box #04375,Food & Beverage,43.56,86.37,284,Warehouse B - West,68,293
Granola Bags #04376,Food & Beverage,41.52,48.69,444,Warehouse D - North,65,590
Sunscreen SPF50 #04377,Health & Beauty,197.34,474.56,383,Warehouse D - North,71,758
Fleece Hoodie #04378,Clothing,236.3,495.82,398,Warehouse D - North,53,390
Rain Poncho #04379,Clothing,116.77,193.99,14,Warehouse A - East,41,353
Stapler Heavy Duty #04380,Office Supplies,113.31,164.95,137,Warehouse A - East,66,281
Power Strip 6-Outlet #04381,Home & Garden,167.13,243.54,113,Warehouse C - Central,44,853
Hiking Backpack #04382,Sports & Outdoors,62.19,146.3,88,Warehouse B - West,34,865
Floor Mats Set #04383,Automotive Parts,161.79,353.61,28,Warehouse B - West,42,538
Binoculars #04384,Sports & Outdoors,90.4,175.23,111,Warehouse D - North,17,328
Granola Bags #04385,Food & Beverage,159.74,361.59,87,Warehouse D - North,80,552
Bluetooth Speaker #04386,Electronics,177.88,393.95,21,Warehouse C - Central,29,539
Foam Roller #04387,Sports & Outdoors,227.24,421.22,371,Warehouse D - North,38,792
Spark Plugs 4pk #04388,Automotive Parts,11.59,14.96,212,Warehouse A - East,71,771
Sleeping Bag #04389,Sports & Outdoors,106.49,235.22,146,Warehouse D - North,61,860
Honey Jar #04390,Food & Beverage,98.96,218.91,447,Warehouse A - East,53,589
Lip Balm Pack #04391,Health & Beauty,129.7,311.54,135,Warehouse B - West,65,711
Protein Bars 12pk #04392,Food & Beverage,178.5,355.55,36,Warehouse C - Central,30,490
Binoculars #04393,Sports & Outdoors,117.38,244.24,14,Warehouse D - North,11,875
Work Boots #04394,Clothing,169.99,255.56,160,Warehouse D - North,45,363
Hand Sanitizer 500ml #04395,Health & Beauty,123.07,145.52,284,Warehouse A - East,51,411
Bookshelf 5-Tier #04396,Furniture,236.13,286.6,440,Warehouse A - East,41,789
Filing Cabinet #04397,Furniture,180.89,331.24,46,Warehouse B - West,58,347
Energy Drinks 24pk #04398,Food & Beverage,107.23,213.73,164,Warehouse A - East,80,993
Noise Cancelling Headphones #04399,Electronics,169.07,410.5,187,Warehouse D - North,37,411
Moisturizer Pump #04400,Health & Beauty,82.87,146.58,66,Warehouse B - West,67,702
Stapler Heavy Duty #04401,Office Supplies,19.58,30.94,195,Warehouse D - North,56,822
Stuffed Animal Bear #04402,Toys & Games,116.74,278.69,341,Warehouse D - North,47,561
Sleeping Bag #04403,Sports & Outdoors,87.13,167.25,499,Warehouse C - Central,57,226
Tent 4-Person #04404,Sports & Outdoors,61.52,123.0,68,Warehouse A - East,20,653
Aloe Vera Gel #04405,Health & Beauty,92.41,217.31,429,Warehouse B - West,46,276
Stuffed Animal Bear #04406,Toys & Games,235.63,490.36,67,Warehouse A - East,56,346
Spark Plugs 4pk #04407,Automotive Parts,193.86,391.8,256,Warehouse A - East,30,993
Pressure Washer #04408,Home & Garden,79.71,185.68,312,Warehouse C - Central,33,294
Hiking Backpack #04409,Sports & Outdoors,75.26,116.61,76,Warehouse A - East,17,409
Cotton T-Shirt Pack #04410,Clothing,158.41,345.78,451,Warehouse B - West,43,674
Noise Cancelling Headphones #04411,Electronics,183.2,345.95,153,Warehouse C - Central,17,393
Protein Bars 12pk #04412,Food & Beverage,181.43,231.07,86,Warehouse A - East,46,492
Thermal Underwear #04413,Clothing,51.67,113.33,119,Warehouse A - East,47,859
Card Game Set #04414,Toys & Games,24.38,54.28,45,Warehouse C - Central,80,239
Cap Branded #04415,Clothing,120.59,190.28,290,Warehouse A - East,17,924
Eye Drops #04416,Health & Beauty,152.73,227.78,69,Warehouse C - Central,40,357
Bandages Assorted #04417,Health & Beauty,4.02,7.63,304,Warehouse A - East,21,1000
Dried Fruit Mix #04418,Food & Beverage,185.77,396.68,119,Warehouse C - Central,43,714
Brake Pads Set #04419,Automotive Parts,52.13,102.23,351,Warehouse B - West,65,908
Jump Starter #04420,Automotive Parts,137.62,174.46,252,Warehouse B - West,40,497
Standing Desk #04421,Furniture,39.38,86.4,317,Warehouse B - West,21,912
Ballpoint Pens 12pk #04422,Office Supplies,248.5,299.0,148,Warehouse A - East,49,773
Thermal Underwear #04423,Clothing,132.36,259.84,284,Warehouse A - East,79,860
Science Kit #04424,Toys & Games,170.0,264.81,184,Warehouse A - East,30,392
Building Blocks 500pc #04425,Toys & Games,169.67,394.14,18,Warehouse A - East,75,357
Mixed Nuts 500g #04426,Food & Beverage,81.59,200.03,372,Warehouse D - North,36,296
Work Boots #04427,Clothing,190.57,445.81,320,Warehouse A - East,61,700
Face Masks 50pk #04428,Health & Beauty,220.24,547.78,466,Warehouse A - East,71,287
Granola Bags #04429,Food & Beverage,137.87,263.37,316,Warehouse D - North,24,718
Hand Sanitizer 500ml #04430,Health & Beauty,81.62,189.37,57,Warehouse B - West,40,939
Polo Shirt #04431,Clothing,191.33,474.74,139,Warehouse C - Central,43,806
LED Bulb 4pk #04432,Home & Garden,239.62,300.35,457,Warehouse D - North,76,686
Yoga Mat #04433,Sports & Outdoors,206.94,376.53,177,Warehouse D - North,29,566
Work Boots #04434,Clothing,20.66,34.28,382,Warehouse D - North,36,320
USB Flash Drive 64GB #04435,Electronics,50.57,92.12,328,Warehouse A - East,74,945
Monitor Arm #04436,Furniture,243.16,500.18,500,Warehouse D - North,17,523
Webcam HD #04437,Electronics,190.4,366.33,194,Warehouse D - North,36,261
Plant Pots Set #04438,Home & Garden,7.63,12.33,311,Warehouse D - North,45,612
Pressure Washer #04439,Home & Garden,151.94,351.4,70,Warehouse D - North,41,423
Wireless Mouse #04440,Electronics,124.3,267.49,162,Warehouse A - East,76,209
Art Supplies Box #04441,Toys & Games,216.93,268.71,335,Warehouse D - North,16,772
Mixed Nuts 500g #04442,Food & Beverage,47.29,73.42,432,Warehouse D - North,13,970
Binoculars #04443,Sports & Outdoors,195.02,301.45,451,Warehouse B - West,79,910
LEGO Technic Set #04444,Toys & Games,44.43,79.17,307,Warehouse D - North,10,791
Safety Vest Hi-Vis #04445,Clothing,132.1,310.52,467,Warehouse B - West,79,909
Binoculars #04446,Sports & Outdoors,236.5,509.1,182,Warehouse B - West,50,315
Building Blocks 500pc #04447,Toys & Games,223.75,545.73,400,Warehouse C - Central,13,419
Sticky Notes 8pk #04448,Office Supplies,195.01,286.18,253,Warehouse B - West,79,774
Desk Organizer #04449,Office Supplies,123.28,207.74,288,Warehouse B - West,34,348
Printer Paper A4 #04450,Office Supplies,10.07,21.03,210,Warehouse C - Central,42,649
Whiteboard Markers 6pk #04451,Office Supplies,104.5,246.94,140,Warehouse D - North,76,641
First Aid Kit #04452,Health & Beauty,99.44,180.28,45,Warehouse D - North,26,239
Green Tea Box #04453,Food & Beverage,115.43,186.54,86,Warehouse D - North,66,692
USB-C Hub #04454,Electronics,66.52,122.6,2,Warehouse A - East,75,305
Lip Balm Pack #04455,Health & Beauty,200.21,330.21,91,Warehouse C - Central,79,315
Granola Bags #04456,Food & Beverage,96.05,119.33,212,Warehouse A - East,78,590
Conference Table #04457,Furniture,97.9,116.69,101,Warehouse A - East,58,277
Envelopes 100pk #04458,Office Supplies,43.26,93.46,11,Warehouse C - Central,52,549
Bandages Assorted #04459,Health & Beauty,242.89,577.64,89,Warehouse B - West,60,712
Sprinkler System #04460,Home & Garden,188.76,452.76,482,Warehouse D - North,39,711
Conference Table #04461,Furniture,202.12,286.58,449,Warehouse C - Central,44,847
Vitamin C Tablets #04462,Health & Beauty,212.2,345.49,210,Warehouse A - East,64,229
Coffee Beans 1kg #04463,Food & Beverage,213.1,271.74,489,Warehouse B - West,62,858
Cotton T-Shirt Pack #04464,Clothing,194.31,474.35,495,Warehouse D - North,76,585
Thermometer Digital #04465,Health & Beauty,33.18,42.59,438,Warehouse B - West,66,961
Sprinkler System #04466,Home & Garden,59.48,97.92,402,Warehouse C - Central,17,794
Motor Oil 5W-30 #04467,Automotive Parts,245.0,475.4,132,Warehouse A - East,13,999
Pressure Washer #04468,Home & Garden,229.84,376.24,278,Warehouse B - West,24,271
Hedge Trimmer #04469,Home & Garden,198.1,456.77,385,Warehouse C - Central,12,446
Label Maker #04470,Office Supplies,64.47,97.81,446,Warehouse A - East,70,674
Laptop Cooling Pad #04471,Electronics,106.15,238.22,475,Warehouse C - Central,52,929
Conference Table #04472,Furniture,203.2,396.6,181,Warehouse D - North,42,491
Outdoor Solar Lights #04473,Home & Garden,83.67,111.83,43,Warehouse C - Central,70,912
Power Strip 6-Outlet #04474,Home & Garden,119.71,164.91,3,Warehouse D - North,11,314
Monitor Arm #04475,Furniture,248.22,354.05,156,Warehouse C - Central,69,793
Sleeping Bag #04476,Sports & Outdoors,47.66,74.95,60,Warehouse B - West,62,928
Binder Clips Assorted #04477,Office Supplies,206.18,354.72,465,Warehouse D - North,75,820
Monitor Arm #04478,Furniture,238.98,549.78,27,Warehouse A - East,21,655
Car Charger Dual USB #04479,Automotive Parts,241.56,311.53,349,Warehouse C - Central,46,851
Jump Starter #04480,Automotive Parts,238.11,510.95,122,Warehouse C - Central,15,477
Whiteboard Markers 6pk #04481,Office Supplies,24.29,58.13,147,Warehouse B - West,32,840
Cooler Box 40L #04482,Sports & Outdoors,88.95,120.28,454,Warehouse B - West,79,406
Air Filter #04483,Automotive Parts,169.28,379.71,365,Warehouse D - North,55,615
Chess Set Wooden #04484,Toys & Games,32.92,47.11,470,Warehouse C - Central,27,624
Paint Roller Set #04485,Home & Garden,160.03,389.4,241,Warehouse C - Central,22,284
Scissors 3pk #04486,Office Supplies,34.21,73.0,33,Warehouse A - East,77,679
Envelopes 100pk #04487,Office Supplies,70.84,170.63,479,Warehouse A - East,10,699
Storage Ottoman #04488,Furniture,31.58,49.14,205,Warehouse D - North,42,460
Standing Desk #04489,Furniture,249.84,576.12,123,Warehouse D - North,17,976
Foam Roller #04490,Sports & Outdoors,44.77,97.87,447,Warehouse C - Central,72,417
Work Boots #04491,Clothing,125.27,266.1,247,Warehouse D - North,47,772
Motor Oil 5W-30 #04492,Automotive Parts,16.01,30.52,454,Warehouse B - West,25,847
Jump Rope #04493,Sports & Outdoors,44.8,107.85,80,Warehouse A - East,21,968
Sticky Notes 8pk #04494,Office Supplies,189.23,321.38,292,Warehouse D - North,17,829
Lawn Fertilizer #04495,Home & Garden,182.55,246.51,220,Warehouse B - West,56,936
Binder Clips Assorted #04496,Office Supplies,207.58,419.91,184,Warehouse D - North,68,264
Bandages Assorted #04497,Health & Beauty,189.98,389.96,68,Warehouse A - East,23,986
Webcam HD #04498,Electronics,171.35,369.39,4,Warehouse A - East,12,657
Instant Oatmeal Pack #04499,Food & Beverage,131.01,161.41,323,Warehouse D - North,75,969
Outdoor Solar Lights #04500,Home & Garden,57.75,69.26,409,Warehouse B - West,14,784
Aloe Vera Gel #04501,Health & Beauty,69.29,94.14,355,Warehouse C - Central,65,703
Stapler Heavy Duty #04502,Office Supplies,216.58,522.11,90,Warehouse A - East,62,555
Car Battery #04503,Automotive Parts,168.95,255.65,174,Warehouse D - North,60,524
Fleece Hoodie #04504,Clothing,118.78,194.4,141,Warehouse B - West,21,991
Ballpoint Pens 12pk #04505,Office Supplies,112.79,218.93,255,Warehouse C - Central,71,791
USB Flash Drive 64GB #04506,Electronics,230.02,277.06,157,Warehouse B - West,52,983
Polo Shirt #04507,Clothing,48.1,118.62,203,Warehouse B - West,38,259
Windbreaker #04508,Clothing,98.46,239.77,130,Warehouse C - Central,54,375
Wiper Blades Pair #04509,Automotive Parts,61.9,122.31,366,Warehouse C - Central,14,672
Laptop Cooling Pad #04510,Electronics,96.51,154.63,221,Warehouse B - West,75,551
Winter Jacket #04511,Clothing,117.32,252.85,188,Warehouse C - Central,25,328
Binder Clips Assorted #04512,Office Supplies,121.58,243.69,303,Warehouse C - Central,13,263
Bottled Water Case #04513,Food & Beverage,181.39,396.44,307,Warehouse B - West,36,398
Jump Starter #04514,Automotive Parts,59.18,147.38,66,Warehouse C - Central,29,745
Power Strip 6-Outlet #04515,Home & Garden,193.79,424.51,118,Warehouse B - West,69,343
Spark Plugs 4pk #04516,Automotive Parts,45.83,73.56,296,Warehouse A - East,36,304
Mixed Nuts 500g #04517,Food & Beverage,179.93,407.21,375,Warehouse C - Central,16,207
Cargo Shorts #04518,Clothing,53.49,129.07,17,Warehouse D - North,36,960
Bluetooth Speaker #04519,Electronics,50.98,74.68,389,Warehouse A - East,35,899
Scissors 3pk #04520,Office Supplies,54.21,82.9,204,Warehouse C - Central,20,330
Car Charger Dual USB #04521,Automotive Parts,157.23,183.5,237,Warehouse A - East,38,650
Chess Set Wooden #04522,Toys & Games,200.63,404.53,190,Warehouse D - North,24,688
LEGO Technic Set #04523,Toys & Games,97.64,114.47,500,Warehouse C - Central,59,502
Foam Roller #04524,Sports & Outdoors,77.01,175.06,73,Warehouse D - North,22,576
Binder Clips Assorted #04525,Office Supplies,116.96,240.09,222,Warehouse C - Central,47,230
Granola Bags #04526,Food & Beverage,38.08,86.15,101,Warehouse C - Central,64,734
Remote Control Car #04527,Toys & Games,67.24,164.61,269,Warehouse A - East,37,850
Olive Oil 500ml #04528,Food & Beverage,115.29,274.25,239,Warehouse B - West,76,422
Cable Management Tray #04529,Furniture,94.33,138.79,48,Warehouse D - North,75,583
Camping Chair #04530,Sports & Outdoors,195.29,404.11,372,Warehouse C - Central,13,330
HDMI Cable 2m #04531,Electronics,110.11,256.98,377,Warehouse A - East,77,614
Pressure Washer #04532,Home & Garden,115.52,287.31,253,Warehouse A - East,63,682
Insect Repellent #04533,Health & Beauty,145.1,271.05,126,Warehouse C - Central,28,772
Building Blocks 500pc #04534,Toys & Games,222.86,256.58,270,Warehouse C - Central,52,389
Cotton T-Shirt Pack #04535,Clothing,96.52,130.9,166,Warehouse D - North,55,779
Dark Chocolate Box #04536,Food & Beverage,111.56,159.3,346,Warehouse C - Central,63,433
Stuffed Animal Bear #04537,Toys & Games,229.4,353.32,102,Warehouse C - Central,54,528
Extension Cord 10m #04538,Home & Garden,110.0,224.88,188,Warehouse D - North,35,276
Noise Cancelling Headphones #04539,Electronics,123.67,147.45,76,Warehouse B - West,21,216
Wiper Blades Pair #04540,Automotive Parts,96.28,159.6,349,Warehouse D - North,31,559
Wiper Blades Pair #04541,Automotive Parts,180.51,409.08,87,Warehouse D - North,36,491
Insect Repellent #04542,Health & Beauty,55.03,136.07,218,Warehouse A - East,60,205
Building Blocks 500pc #04543,Toys & Games,10.28,11.97,280,Warehouse D - North,76,641
Laptop Cooling Pad #04544,Electronics,111.71,275.68,381,Warehouse C - Central,29,623
Eye Drops #04545,Health & Beauty,193.84,368.84,292,Warehouse D - North,35,880
File Folders 20pk #04546,Office Supplies,154.28,308.66,143,Warehouse D - North,21,695
Wireless Charger #04547,Electronics,204.39,420.17,306,Warehouse A - East,35,707
Paint Roller Set #04548,Home & Garden,228.99,501.73,336,Warehouse A - East,56,853
Bluetooth Speaker #04549,Electronics,88.82,161.0,126,Warehouse D - North,44,628
Card Game Set #04550,Toys & Games,65.23,118.5,109,Warehouse D - North,39,752
Printer Paper A4 #04551,Office Supplies,186.56,412.6,483,Warehouse A - East,51,333
Headlamp LED #04552,Sports & Outdoors,110.31,263.62,44,Warehouse D - North,80,395
Whiteboard Markers 6pk #04553,Office Supplies,185.56,324.25,303,Warehouse B - West,77,971
Car Battery #04554,Automotive Parts,62.89,94.74,22,Warehouse C - Central,61,720
Remote Control Car #04555,Toys & Games,126.83,213.5,382,Warehouse B - West,51,259
Coffee Beans 1kg #04556,Food & Beverage,128.85,247.44,302,Warehouse D - North,59,487
LEGO Technic Set #04557,Toys & Games,43.02,103.5,152,Warehouse C - Central,39,566
Tape Dispenser #04558,Office Supplies,149.53,207.65,57,Warehouse C - Central,33,304
LED Bulb 4pk #04559,Home & Garden,205.99,377.16,32,Warehouse A - East,10,733
Energy Drinks 24pk #04560,Food & Beverage,217.21,372.83,148,Warehouse A - East,58,637
Insect Repellent #04561,Health & Beauty,200.99,288.64,206,Warehouse C - Central,43,651
Jump Starter #04562,Automotive Parts,184.19,356.75,336,Warehouse A - East,20,636
Safety Vest Hi-Vis #04563,Clothing,30.72,49.35,386,Warehouse D - North,40,944
Camping Chair #04564,Sports & Outdoors,138.71,236.06,257,Warehouse A - East,18,853
Wireless Charger #04565,Electronics,207.48,272.95,266,Warehouse B - West,38,420
Water Bottle 1L #04566,Sports & Outdoors,211.58,362.14,366,Warehouse A - East,61,201
Honey Jar #04567,Food & Beverage,79.82,172.53,392,Warehouse C - Central,13,371
Wiper Blades Pair #04568,Automotive Parts,197.87,230.64,448,Warehouse B - West,13,270
Vitamin C Tablets #04569,Health & Beauty,214.33,273.87,277,Warehouse A - East,21,583
Hedge Trimmer #04570,Home & Garden,228.75,512.71,306,Warehouse A - East,47,822
Bottled Water Case #04571,Food & Beverage,157.12,334.26,18,Warehouse A - East,55,544
Building Blocks 500pc #04572,Toys & Games,168.62,362.29,303,Warehouse D - North,38,790
Stapler Heavy Duty #04573,Office Supplies,22.21,38.53,338,Warehouse D - North,73,278
Noise Cancelling Headphones #04574,Electronics,4.84,7.6,485,Warehouse B - West,28,811
Rain Poncho #04575,Clothing,226.98,553.42,433,Warehouse D - North,56,217
Drafting Chair #04576,Furniture,106.8,144.98,302,Warehouse B - West,38,412
Filing Cabinet #04577,Furniture,71.3,115.97,492,Warehouse C - Central,27,243
Tablet Stand #04578,Electronics,14.94,37.19,109,Warehouse A - East,71,892
Floor Mats Set #04579,Automotive Parts,92.08,174.97,197,Warehouse D - North,29,933
Aloe Vera Gel #04580,Health & Beauty,3.71,6.27,34,Warehouse B - West,33,624
Tablet Stand #04581,Electronics,58.93,72.51,198,Warehouse D - North,57,275
Hiking Backpack #04582,Sports & Outdoors,169.1,232.82,60,Warehouse A - East,80,641
Computer Desk #04583,Furniture,22.3,29.3,373,Warehouse B - West,26,884
Drone Mini #04584,Toys & Games,231.69,327.64,93,Warehouse D - North,51,565
Rubik's Cube #04585,Toys & Games,228.99,281.75,403,Warehouse A - East,29,426
Thermometer Digital #04586,Health & Beauty,86.53,149.8,336,Warehouse A - East,74,917
Monitor Light Bar #04587,Electronics,146.5,244.99,55,Warehouse A - East,61,760
Vitamin C Tablets #04588,Health & Beauty,9.65,13.22,33,Warehouse A - East,28,972
Bottled Water Case #04589,Food & Beverage,3.46,4.55,402,Warehouse A - East,45,994
Printer Paper A4 #04590,Office Supplies,64.79,139.86,413,Warehouse A - East,62,243
Art Supplies Box #04591,Toys & Games,226.95,339.63,411,Warehouse C - Central,80,441
Outdoor Solar Lights #04592,Home & Garden,82.77,126.53,448,Warehouse D - North,55,230
Smart Watch #04593,Electronics,170.67,392.03,170,Warehouse D - North,74,235
Windbreaker #04594,Clothing,236.28,355.38,203,Warehouse B - West,65,808
LEGO Technic Set #04595,Toys & Games,137.5,312.77,292,Warehouse C - Central,15,698
Thermal Underwear #04596,Clothing,245.73,308.52,73,Warehouse C - Central,12,497
Spark Plugs 4pk #04597,Automotive Parts,111.88,193.77,161,Warehouse C - Central,34,890
Jump Starter #04598,Automotive Parts,188.68,371.04,449,Warehouse A - East,54,399
Storage Ottoman #04599,Furniture,234.66,576.26,253,Warehouse D - North,27,737
Floating Shelf Set #04600,Furniture,247.33,508.91,192,Warehouse A - East,76,527
Cargo Shorts #04601,Clothing,98.08,193.4,228,Warehouse A - East,59,286
Lawn Fertilizer #04602,Home & Garden,36.0,76.35,204,Warehouse B - West,65,208
Insect Repellent #04603,Health & Beauty,131.48,199.14,481,Warehouse D - North,61,761
Spark Plugs 4pk #04604,Automotive Parts,13.4,22.57,193,Warehouse D - North,30,709
Hand Sanitizer 500ml #04605,Health & Beauty,41.22,97.31,420,Warehouse B - West,73,335
Cable Management Tray #04606,Furniture,234.58,371.83,140,Warehouse C - Central,32,407
Cap Branded #04607,Clothing,207.3,347.62,17,Warehouse C - Central,10,733
Envelopes 100pk #04608,Office Supplies,78.61,131.84,32,Warehouse A - East,67,384
Yoga Mat #04609,Sports & Outdoors,86.19,116.6,320,Warehouse B - West,56,949
Jump Rope #04610,Sports & Outdoors,192.35,270.13,60,Warehouse C - Central,75,478
LED Bulb 4pk #04611,Home & Garden,83.69,204.78,319,Warehouse B - West,39,495
Protein Bars 12pk #04612,Food & Beverage,33.47,70.93,63,Warehouse A - East,10,819
Thermal Underwear #04613,Clothing,69.18,103.67,381,Warehouse A - East,38,942
Face Masks 50pk #04614,Health & Beauty,160.89,201.34,441,Warehouse D - North,13,751
Binder Clips Assorted #04615,Office Supplies,67.78,160.93,439,Warehouse D - North,35,897
Headlight Bulb Pair #04616,Automotive Parts,190.99,258.61,447,Warehouse B - West,48,246
Standing Desk #04617,Furniture,107.92,201.46,116,Warehouse D - North,21,422
Drone Mini #04618,Toys & Games,216.64,512.7,264,Warehouse A - East,20,714
Wireless Mouse #04619,Electronics,201.4,385.73,77,Warehouse D - North,49,366
Hiking Backpack #04620,Sports & Outdoors,130.79,259.27,412,Warehouse C - Central,65,422
Binoculars #04621,Sports & Outdoors,119.42,294.1,397,Warehouse D - North,54,330
Granola Bags #04622,Food & Beverage,76.53,142.01,272,Warehouse D - North,28,400
Cap Branded #04623,Clothing,79.08,170.78,65,Warehouse C - Central,51,407
Standing Desk #04624,Furniture,224.96,553.29,347,Warehouse A - East,33,766
Yoga Mat #04625,Sports & Outdoors,246.26,366.9,187,Warehouse B - West,39,767
Stapler Heavy Duty #04626,Office Supplies,41.39,102.75,225,Warehouse D - North,60,684
Lawn Fertilizer #04627,Home & Garden,177.73,332.1,276,Warehouse C - Central,79,707
Cooler Box 40L #04628,Sports & Outdoors,174.68,318.92,40,Warehouse D - North,26,256
Jump Rope #04629,Sports & Outdoors,19.92,45.55,110,Warehouse C - Central,59,768
Remote Control Car #04630,Toys & Games,27.48,60.43,363,Warehouse B - West,27,605
Monitor Arm #04631,Furniture,164.4,295.76,151,Warehouse C - Central,20,463
Coffee Beans 1kg #04632,Food & Beverage,159.62,209.81,412,Warehouse C - Central,59,283
Vitamin C Tablets #04633,Health & Beauty,37.3,82.6,305,Warehouse C - Central,58,513
Car Battery #04634,Automotive Parts,69.26,98.79,35,Warehouse A - East,71,299
Jump Rope #04635,Sports & Outdoors,58.32,86.2,141,Warehouse D - North,67,368
Art Supplies Box #04636,Toys & Games,9.07,10.74,23,Warehouse C - Central,36,848
Dried Fruit Mix #04637,Food & Beverage,76.78,150.45,186,Warehouse C - Central,79,917
Desk Organizer #04638,Office Supplies,104.51,129.9,271,Warehouse A - East,77,718
Car Charger Dual USB #04639,Automotive Parts,102.06,247.99,476,Warehouse C - Central,26,318
Drone Mini #04640,Toys & Games,40.05,78.88,111,Warehouse B - West,68,647
Sticky Notes 8pk #04641,Office Supplies,123.78,190.55,444,Warehouse B - West,15,415
Bookshelf 5-Tier #04642,Furniture,43.51,63.49,308,Warehouse A - East,51,470
Motor Oil 5W-30 #04643,Automotive Parts,73.88,105.58,60,Warehouse B - West,49,949
Sprinkler System #04644,Home & Garden,116.9,207.0,370,Warehouse A - East,73,461
Motor Oil 5W-30 #04645,Automotive Parts,56.85,94.92,440,Warehouse A - East,55,611
Tablet Stand #04646,Electronics,241.81,401.35,367,Warehouse B - West,27,365
Bookshelf 5-Tier #04647,Furniture,197.29,398.68,65,Warehouse B - West,25,794
Tape Dispenser #04648,Office Supplies,216.57,406.11,246,Warehouse D - North,43,980
Fleece Hoodie #04649,Clothing,66.83,148.17,306,Warehouse A - East,36,402
Face Masks 50pk #04650,Health & Beauty,195.25,394.25,429,Warehouse B - West,65,783
Monitor Light Bar #04651,Electronics,101.77,207.73,203,Warehouse C - Central,14,479
Green Tea Box #04652,Food & Beverage,47.06,70.15,468,Warehouse C - Central,43,410
Desk Organizer #04653,Office Supplies,70.73,165.2,287,Warehouse C - Central,21,315
Extension Cord 10m #04654,Home & Garden,26.32,64.62,92,Warehouse D - North,25,229
Instant Oatmeal Pack #04655,Food & Beverage,140.22,177.98,387,Warehouse B - West,12,514
Paint Roller Set #04656,Home & Garden,157.23,293.11,42,Warehouse C - Central,62,944
Stuffed Animal Bear #04657,Toys & Games,231.58,497.08,419,Warehouse C - Central,80,840
Card Game Set #04658,Toys & Games,43.4,86.39,255,Warehouse B - West,35,306
Tool Kit 50pc #04659,Home & Garden,227.58,382.73,295,Warehouse D - North,73,381
Plant Pots Set #04660,Home & Garden,108.06,196.1,249,Warehouse B - West,56,781
Binoculars #04661,Sports & Outdoors,107.44,153.81,397,Warehouse D - North,49,291
Insect Repellent #04662,Health & Beauty,20.1,32.5,396,Warehouse C - Central,13,760
Fleece Hoodie #04663,Clothing,197.08,454.11,98,Warehouse A - East,35,822
Jump Starter #04664,Automotive Parts,30.52,70.77,16,Warehouse A - East,22,276
Olive Oil 500ml #04665,Food & Beverage,28.35,44.39,495,Warehouse C - Central,10,515
Windbreaker #04666,Clothing,51.3,126.3,255,Warehouse A - East,30,976
Insect Repellent #04667,Health & Beauty,151.72,192.3,442,Warehouse A - East,77,603
Paint Roller Set #04668,Home & Garden,206.73,434.23,9,Warehouse A - East,49,843
Hiking Backpack #04669,Sports & Outdoors,57.59,117.66,13,Warehouse D - North,58,665
Spark Plugs 4pk #04670,Automotive Parts,59.33,104.44,500,Warehouse D - North,14,798
Ergonomic Office Chair #04671,Furniture,200.64,437.05,234,Warehouse C - Central,33,642
Dark Chocolate Box #04672,Food & Beverage,45.02,73.89,408,Warehouse D - North,59,781
Winter Jacket #04673,Clothing,227.97,453.11,240,Warehouse C - Central,23,880
Tent 4-Person #04674,Sports & Outdoors,112.09,158.48,393,Warehouse A - East,72,678
Standing Desk #04675,Furniture,170.96,267.75,316,Warehouse D - North,22,677
Dark Chocolate Box #04676,Food & Beverage,202.48,432.44,435,Warehouse D - North,62,204
File Folders 20pk #04677,Office Supplies,102.76,194.73,274,Warehouse A - East,80,630
Monitor Light Bar #04678,Electronics,189.53,305.73,309,Warehouse C - Central,70,405
Tape Dispenser #04679,Office Supplies,246.6,443.0,424,Warehouse B - West,47,417
Paint Roller Set #04680,Home & Garden,69.34,126.19,86,Warehouse B - West,58,405
Jump Starter #04681,Automotive Parts,210.23,428.47,453,Warehouse D - North,54,808
Face Masks 50pk #04682,Health & Beauty,85.03,148.8,379,Warehouse C - Central,59,594
LEGO Technic Set #04683,Toys & Games,67.74,118.38,40,Warehouse B - West,54,562
Eye Drops #04684,Health & Beauty,226.97,525.61,331,Warehouse B - West,14,934
Hand Sanitizer 500ml #04685,Health & Beauty,194.11,286.47,253,Warehouse A - East,31,814
Desk Organizer #04686,Office Supplies,69.68,158.37,268,Warehouse B - West,60,522
Card Game Set #04687,Toys & Games,84.53,100.29,225,Warehouse A - East,54,486
Car Charger Dual USB #04688,Automotive Parts,3.81,5.56,110,Warehouse C - Central,35,946
Outdoor Solar Lights #04689,Home & Garden,48.75,103.55,61,Warehouse D - North,41,616
Face Masks 50pk #04690,Health & Beauty,132.17,276.29,141,Warehouse B - West,13,686
Wiper Blades Pair #04691,Automotive Parts,15.73,35.14,140,Warehouse A - East,21,560
Tool Kit 50pc #04692,Home & Garden,45.82,113.9,131,Warehouse A - East,13,521
Wireless Charger #04693,Electronics,185.05,248.07,184,Warehouse D - North,76,435
Science Kit #04694,Toys & Games,53.08,124.88,473,Warehouse C - Central,60,678
Paint Roller Set #04695,Home & Garden,173.53,433.31,488,Warehouse A - East,60,642
Mixed Nuts 500g #04696,Food & Beverage,212.99,518.57,462,Warehouse D - North,72,401
First Aid Kit #04697,Health & Beauty,85.25,114.91,27,Warehouse A - East,46,271
Ergonomic Office Chair #04698,Furniture,46.4,84.01,22,Warehouse A - East,71,746
Stuffed Animal Bear #04699,Toys & Games,30.52,47.42,265,Warehouse D - North,43,806
Headlight Bulb Pair #04700,Automotive Parts,159.19,226.52,100,Warehouse D - North,40,222
Conference Table #04701,Furniture,64.4,151.39,228,Warehouse D - North,57,476
Envelopes 100pk #04702,Office Supplies,54.17,87.26,484,Warehouse B - West,54,884
LED Bulb 4pk #04703,Home & Garden,48.06,85.59,371,Warehouse D - North,61,740
Headlamp LED #04704,Sports & Outdoors,189.54,233.44,43,Warehouse A - East,79,896
Thermal Underwear #04705,Clothing,47.22,110.59,204,Warehouse A - East,22,423
Work Boots #04706,Clothing,124.01,185.06,306,Warehouse A - East,76,504
Mixed Nuts 500g #04707,Food & Beverage,125.56,302.91,228,Warehouse A - East,11,542
Headlight Bulb Pair #04708,Automotive Parts,18.4,22.27,410,Warehouse C - Central,61,856
Ergonomic Office Chair #04709,Furniture,205.03,309.78,253,Warehouse B - West,14,665
Label Maker #04710,Office Supplies,162.08,282.97,374,Warehouse B - West,44,724
Webcam HD #04711,Electronics,65.07,148.75,179,Warehouse D - North,69,418
Tent 4-Person #04712,Sports & Outdoors,72.62,150.02,444,Warehouse B - West,47,468
Air Filter #04713,Automotive Parts,129.49,256.31,96,Warehouse B - West,25,662
Paint Roller Set #04714,Home & Garden,62.93,152.93,219,Warehouse C - Central,73,962
Chess Set Wooden #04715,Toys & Games,207.5,504.23,136,Warehouse C - Central,15,764
Remote Control Car #04716,Toys & Games,7.94,19.81,497,Warehouse C - Central,14,672
LED Bulb 4pk #04717,Home & Garden,211.5,478.74,79,Warehouse A - East,64,834
Cable Management Tray #04718,Furniture,91.68,131.02,466,Warehouse D - North,14,333
Tool Kit 50pc #04719,Home & Garden,56.3,137.66,421,Warehouse C - Central,31,451
Extension Cord 10m #04720,Home & Garden,67.65,78.09,125,Warehouse A - East,13,650
Foam Roller #04721,Sports & Outdoors,201.66,461.02,411,Warehouse D - North,33,899
Protein Bars 12pk #04722,Food & Beverage,8.39,11.3,499,Warehouse A - East,55,420
File Folders 20pk #04723,Office Supplies,3.09,4.77,102,Warehouse B - West,20,880
Wireless Charger #04724,Electronics,249.18,573.95,477,Warehouse A - East,76,329
Aloe Vera Gel #04725,Health & Beauty,218.87,482.69,16,Warehouse C - Central,40,257
Aloe Vera Gel #04726,Health & Beauty,73.4,128.83,468,Warehouse D - North,76,567
Headlight Bulb Pair #04727,Automotive Parts,112.87,160.97,415,Warehouse B - West,77,966
Face Masks 50pk #04728,Health & Beauty,83.72,173.12,121,Warehouse C - Central,77,307
Computer Desk #04729,Furniture,40.89,55.05,347,Warehouse B - West,34,983
Paint Roller Set #04730,Home & Garden,213.28,414.25,444,Warehouse C - Central,22,716
Cap Branded #04731,Clothing,92.55,164.79,214,Warehouse A - East,77,738
Camping Chair #04732,Sports & Outdoors,148.75,220.0,479,Warehouse D - North,75,326
Stuffed Animal Bear #04733,Toys & Games,211.55,318.05,256,Warehouse A - East,68,596
Yoga Mat #04734,Sports & Outdoors,206.49,449.94,262,Warehouse A - East,80,488
Cooler Box 40L #04735,Sports & Outdoors,9.55,18.36,335,Warehouse D - North,42,495
Hand Sanitizer 500ml #04736,Health & Beauty,60.86,97.3,227,Warehouse C - Central,62,809
Camping Chair #04737,Sports & Outdoors,151.13,337.0,478,Warehouse C - Central,36,577
Scissors 3pk #04738,Office Supplies,21.3,26.28,387,Warehouse B - West,27,879
Floor Mats Set #04739,Automotive Parts,194.44,302.36,393,Warehouse D - North,67,842
Car Battery #04740,Automotive Parts,94.28,219.65,189,Warehouse A - East,46,925
Work Boots #04741,Clothing,129.55,174.93,147,Warehouse D - North,41,694
Board Game Classic #04742,Toys & Games,6.22,7.67,145,Warehouse C - Central,52,572
Whiteboard Markers 6pk #04743,Office Supplies,143.16,307.11,236,Warehouse A - East,43,936
Lawn Fertilizer #04744,Home & Garden,34.88,72.03,174,Warehouse D - North,63,874
Bookshelf 5-Tier #04745,Furniture,83.81,162.7,175,Warehouse D - North,13,372
Plant Pots Set #04746,Home & Garden,67.35,144.21,10,Warehouse A - East,58,508
Safety Vest Hi-Vis #04747,Clothing,123.72,255.78,203,Warehouse A - East,56,402
Vitamin C Tablets #04748,Health & Beauty,237.21,494.85,103,Warehouse D - North,45,305
Wireless Mouse #04749,Electronics,86.07,210.57,172,Warehouse C - Central,40,496
Sleeping Bag #04750,Sports & Outdoors,240.93,565.81,186,Warehouse A - East,65,391
Sprinkler System #04751,Home & Garden,239.17,489.3,104,Warehouse D - North,57,873
Lawn Fertilizer #04752,Home & Garden,128.23,244.49,400,Warehouse A - East,55,976
Face Masks 50pk #04753,Health & Beauty,145.97,173.77,213,Warehouse B - West,16,500
Floating Shelf Set #04754,Furniture,24.02,57.15,348,Warehouse C - Central,70,772
Cargo Pants #04755,Clothing,157.19,303.65,298,Warehouse D - North,39,428
Tape Dispenser #04756,Office Supplies,222.02,488.64,315,Warehouse D - North,41,270
Noise Cancelling Headphones #04757,Electronics,144.79,354.84,265,Warehouse C - Central,74,759
USB-C Hub #04758,Electronics,10.29,17.0,390,Warehouse A - East,80,401
Standing Desk #04759,Furniture,93.62,133.52,22,Warehouse C - Central,30,615
Wireless Mouse #04760,Electronics,153.55,215.94,347,Warehouse B - West,40,924
Science Kit #04761,Toys & Games,62.26,120.97,94,Warehouse B - West,10,881
Scissors 3pk #04762,Office Supplies,159.8,295.68,483,Warehouse B - West,18,773
Whiteboard Markers 6pk #04763,Office Supplies,72.26,174.71,266,Warehouse D - North,22,970
Jump Starter #04764,Automotive Parts,102.24,220.78,139,Warehouse A - East,27,956
Binder Clips Assorted #04765,Office Supplies,76.15,159.47,95,Warehouse D - North,47,390
Paint Roller Set #04766,Home & Garden,121.22,163.77,417,Warehouse C - Central,62,514
Bluetooth Speaker #04767,Electronics,116.85,222.53,392,Warehouse D - North,31,979
Science Kit #04768,Toys & Games,102.8,179.61,401,Warehouse A - East,51,730
Stapler Heavy Duty #04769,Office Supplies,112.02,258.08,139,Warehouse D - North,31,518
Stapler Heavy Duty #04770,Office Supplies,166.61,260.42,486,Warehouse B - West,42,593
Drone Mini #04771,Toys & Games,176.38,262.2,414,Warehouse D - North,51,538
Paint Roller Set #04772,Home & Garden,164.09,232.12,142,Warehouse D - North,11,356
Board Game Classic #04773,Toys & Games,212.03,512.54,412,Warehouse D - North,58,474
Lawn Fertilizer #04774,Home & Garden,167.58,375.47,32,Warehouse B - West,25,877
Thermal Underwear #04775,Clothing,195.81,263.75,340,Warehouse D - North,27,472
Stapler Heavy Duty #04776,Office Supplies,36.07,85.47,115,Warehouse B - West,69,412
Coolant 4L #04777,Automotive Parts,140.38,212.58,198,Warehouse D - North,18,408
Car Battery #04778,Automotive Parts,177.3,440.7,493,Warehouse B - West,51,707
Monitor Light Bar #04779,Electronics,67.84,108.21,299,Warehouse C - Central,59,902
Spark Plugs 4pk #04780,Automotive Parts,101.05,227.99,469,Warehouse D - North,57,671
Label Maker #04781,Office Supplies,2.53,5.94,172,Warehouse B - West,18,952
Pressure Washer #04782,Home & Garden,187.66,380.9,133,Warehouse C - Central,42,816
Bottled Water Case #04783,Food & Beverage,229.04,314.6,18,Warehouse A - East,57,620
Bandages Assorted #04784,Health & Beauty,90.07,210.93,409,Warehouse A - East,42,381
Bluetooth Speaker #04785,Electronics,39.43,97.55,261,Warehouse C - Central,65,653
Coolant 4L #04786,Automotive Parts,26.74,44.06,25,Warehouse A - East,41,533
Building Blocks 500pc #04787,Toys & Games,143.77,267.75,343,Warehouse D - North,12,548
Tent 4-Person #04788,Sports & Outdoors,27.12,39.38,450,Warehouse A - East,80,527
Ballpoint Pens 12pk #04789,Office Supplies,157.23,390.72,467,Warehouse D - North,33,390
Lawn Fertilizer #04790,Home & Garden,178.13,254.1,437,Warehouse A - East,72,887
Sunscreen SPF50 #04791,Health & Beauty,53.39,100.89,0,Warehouse A - East,61,241
Motor Oil 5W-30 #04792,Automotive Parts,11.46,15.52,308,Warehouse C - Central,20,741
Hiking Backpack #04793,Sports & Outdoors,225.24,457.99,426,Warehouse D - North,47,794
Sleeping Bag #04794,Sports & Outdoors,150.45,240.81,67,Warehouse B - West,70,219
Sleeping Bag #04795,Sports & Outdoors,155.87,199.38,57,Warehouse C - Central,47,420
Binder Clips Assorted #04796,Office Supplies,13.1,31.73,3,Warehouse C - Central,71,690
Filing Cabinet #04797,Furniture,11.96,14.99,304,Warehouse A - East,29,343
Sprinkler System #04798,Home & Garden,147.74,227.24,411,Warehouse A - East,35,670
Eye Drops #04799,Health & Beauty,61.32,139.59,22,Warehouse A - East,46,451
Puzzle 1000pc #04800,Toys & Games,111.98,166.41,44,Warehouse D - North,32,623
Extension Cord 10m #04801,Home & Garden,100.74,121.73,113,Warehouse A - East,35,611
Extension Cord 10m #04802,Home & Garden,86.26,101.78,390,Warehouse D - North,28,456
Camping Chair #04803,Sports & Outdoors,85.92,147.64,481,Warehouse B - West,27,255
Pressure Washer #04804,Home & Garden,223.13,481.73,73,Warehouse C - Central,68,941
Ergonomic Office Chair #04805,Furniture,3.91,9.56,462,Warehouse D - North,65,763
HDMI Cable 2m #04806,Electronics,145.6,230.18,489,Warehouse A - East,19,991
Cargo Pants #04807,Clothing,175.06,222.9,196,Warehouse B - West,68,904
Work Boots #04808,Clothing,92.51,205.77,294,Warehouse B - West,39,978
Tablet Stand #04809,Electronics,216.53,328.71,144,Warehouse D - North,50,283
Hiking Backpack #04810,Sports & Outdoors,204.79,483.33,297,Warehouse B - West,47,392
Cable Management Tray #04811,Furniture,132.95,158.65,138,Warehouse C - Central,32,605
Hedge Trimmer #04812,Home & Garden,133.02,213.01,475,Warehouse A - East,52,956
Board Game Classic #04813,Toys & Games,37.39,44.74,35,Warehouse C - Central,18,530
Scissors 3pk #04814,Office Supplies,10.13,15.97,25,Warehouse C - Central,38,394
Extension Cord 10m #04815,Home & Garden,181.4,263.53,213,Warehouse B - West,35,982
Power Bank 20000mAh #04816,Electronics,121.53,266.46,358,Warehouse D - North,48,398
Wireless Mouse #04817,Electronics,145.25,272.98,144,Warehouse C - Central,25,615
Instant Oatmeal Pack #04818,Food & Beverage,232.41,277.63,331,Warehouse D - North,28,298
USB Flash Drive 64GB #04819,Electronics,241.73,365.95,31,Warehouse C - Central,24,388
Puzzle 1000pc #04820,Toys & Games,138.85,287.13,412,Warehouse D - North,38,417
Floating Shelf Set #04821,Furniture,161.2,369.67,191,Warehouse A - East,58,741
Jump Starter #04822,Automotive Parts,152.07,251.86,181,Warehouse B - West,22,705
Remote Control Car #04823,Toys & Games,9.57,20.07,29,Warehouse C - Central,54,938
Building Blocks 500pc #04824,Toys & Games,194.06,382.08,280,Warehouse A - East,34,453
Headlight Bulb Pair #04825,Automotive Parts,54.55,128.23,147,Warehouse C - Central,73,228
Hand Sanitizer 500ml #04826,Health & Beauty,97.66,205.15,410,Warehouse B - West,47,563
Sleeping Bag #04827,Sports & Outdoors,52.25,119.41,239,Warehouse D - North,12,879
Extension Cord 10m #04828,Home & Garden,3.66,5.5,92,Warehouse C - Central,11,680
Power Strip 6-Outlet #04829,Home & Garden,163.83,347.92,230,Warehouse B - West,24,794
LED Bulb 4pk #04830,Home & Garden,190.5,470.64,425,Warehouse A - East,59,957
Computer Desk #04831,Furniture,110.16,254.69,10,Warehouse B - West,25,227
LED Bulb 4pk #04832,Home & Garden,147.73,183.45,142,Warehouse A - East,10,769
Motor Oil 5W-30 #04833,Automotive Parts,14.15,20.02,69,Warehouse D - North,73,906
Rain Poncho #04834,Clothing,7.98,19.19,410,Warehouse D - North,77,672
Floor Mats Set #04835,Automotive Parts,196.65,248.61,343,Warehouse D - North,69,337
Sticky Notes 8pk #04836,Office Supplies,220.47,283.47,288,Warehouse D - North,52,637
Bandages Assorted #04837,Health & Beauty,8.99,16.3,103,Warehouse C - Central,50,808
Hedge Trimmer #04838,Home & Garden,199.94,415.05,303,Warehouse A - East,31,352
Resistance Bands Set #04839,Sports & Outdoors,242.79,399.96,122,Warehouse B - West,68,489
Yoga Mat #04840,Sports & Outdoors,14.08,22.98,217,Warehouse C - Central,69,964
Tape Dispenser #04841,Office Supplies,160.46,225.5,277,Warehouse B - West,25,764
Floating Shelf Set #04842,Furniture,182.28,274.13,230,Warehouse D - North,46,711
Remote Control Car #04843,Toys & Games,94.71,234.84,475,Warehouse C - Central,52,870
Honey Jar #04844,Food & Beverage,60.33,100.87,296,Warehouse A - East,70,969
Cap Branded #04845,Clothing,37.86,45.38,41,Warehouse D - North,35,263
Bandages Assorted #04846,Health & Beauty,160.82,211.67,195,Warehouse A - East,72,314
Science Kit #04847,Toys & Games,240.62,463.56,107,Warehouse A - East,57,444
Dark Chocolate Box #04848,Food & Beverage,20.92,45.65,244,Warehouse C - Central,37,240
Sprinkler System #04849,Home & Garden,34.89,77.7,370,Warehouse B - West,71,582
Energy Drinks 24pk #04850,Food & Beverage,211.09,293.46,353,Warehouse B - West,31,254
LEGO Technic Set #04851,Toys & Games,70.64,133.58,251,Warehouse A - East,42,691
Bookshelf 5-Tier #04852,Furniture,140.52,238.09,437,Warehouse C - Central,35,497
Floating Shelf Set #04853,Furniture,59.23,145.96,409,Warehouse B - West,26,340
Floating Shelf Set #04854,Furniture,161.91,297.82,171,Warehouse C - Central,11,450
Tire Pressure Gauge #04855,Automotive Parts,209.45,423.01,28,Warehouse D - North,50,533
Coolant 4L #04856,Automotive Parts,121.66,278.7,40,Warehouse B - West,68,507
Bookshelf 5-Tier #04857,Furniture,167.99,241.2,328,Warehouse C - Central,50,411
Honey Jar #04858,Food & Beverage,231.4,290.01,353,Warehouse C - Central,52,706
USB Flash Drive 64GB #04859,Electronics,147.73,349.37,235,Warehouse C - Central,30,251
Printer Paper A4 #04860,Office Supplies,183.8,258.04,302,Warehouse C - Central,57,661
Power Strip 6-Outlet #04861,Home & Garden,220.75,330.33,102,Warehouse D - North,22,616
Motor Oil 5W-30 #04862,Automotive Parts,202.03,378.83,166,Warehouse C - Central,12,609
Olive Oil 500ml #04863,Food & Beverage,161.52,245.19,410,Warehouse A - East,23,261
Bluetooth Speaker #04864,Electronics,38.18,69.0,383,Warehouse B - West,70,466
Foam Roller #04865,Sports & Outdoors,210.69,285.03,471,Warehouse A - East,10,309
Scissors 3pk #04866,Office Supplies,219.57,434.79,312,Warehouse B - West,24,419
Remote Control Car #04867,Toys & Games,93.69,230.57,164,Warehouse C - Central,36,741
Label Maker #04868,Office Supplies,21.24,26.98,366,Warehouse B - West,73,238
Eye Drops #04869,Health & Beauty,93.62,114.39,47,Warehouse B - West,62,493
Power Strip 6-Outlet #04870,Home & Garden,76.87,186.03,465,Warehouse D - North,51,490
Polo Shirt #04871,Clothing,228.18,558.59,425,Warehouse C - Central,39,549
Outdoor Solar Lights #04872,Home & Garden,177.88,245.29,339,Warehouse C - Central,41,783
SSD 1TB External #04873,Electronics,209.46,264.45,227,Warehouse C - Central,41,882
Dried Fruit Mix #04874,Food & Beverage,97.46,232.21,470,Warehouse D - North,53,465
Laptop Cooling Pad #04875,Electronics,166.17,284.67,407,Warehouse A - East,41,784
SSD 1TB External #04876,Electronics,145.37,319.03,55,Warehouse C - Central,60,394
Cargo Pants #04877,Clothing,66.42,144.76,43,Warehouse B - West,32,200
Winter Jacket #04878,Clothing,159.01,287.53,204,Warehouse A - East,18,592
Stuffed Animal Bear #04879,Toys & Games,110.16,225.5,43,Warehouse C - Central,77,949
First Aid Kit #04880,Health & Beauty,49.55,102.08,222,Warehouse A - East,60,568
Rain Poncho #04881,Clothing,86.45,209.17,409,Warehouse D - North,18,536
Binoculars #04882,Sports & Outdoors,30.91,62.54,50,Warehouse D - North,57,944
Sticky Notes 8pk #04883,Office Supplies,142.32,298.91,90,Warehouse B - West,48,806
Cargo Pants #04884,Clothing,203.98,472.17,329,Warehouse C - Central,23,866
Thermal Underwear #04885,Clothing,146.56,288.76,257,Warehouse A - East,24,497
Hand Sanitizer 500ml #04886,Health & Beauty,188.27,271.51,262,Warehouse D - North,56,910
Drone Mini #04887,Toys & Games,49.01,64.37,437,Warehouse C - Central,31,622
Polo Shirt #04888,Clothing,226.63,514.21,420,Warehouse D - North,13,310
Hand Sanitizer 500ml #04889,Health & Beauty,39.73,78.9,259,Warehouse C - Central,48,918
Outdoor Solar Lights #04890,Home & Garden,244.96,451.51,266,Warehouse C - Central,60,612
Card Game Set #04891,Toys & Games,136.85,285.04,75,Warehouse A - East,69,391
Dark Chocolate Box #04892,Food & Beverage,97.63,229.17,167,Warehouse C - Central,23,626
Face Masks 50pk #04893,Health & Beauty,160.54,211.44,465,Warehouse B - West,50,395
Computer Desk #04894,Furniture,164.35,387.01,50,Warehouse C - Central,34,263
Work Boots #04895,Clothing,27.38,46.37,449,Warehouse B - West,78,985
Dried Fruit Mix #04896,Food & Beverage,47.39,70.54,366,Warehouse B - West,11,944
Windbreaker #04897,Clothing,219.43,525.21,202,Warehouse D - North,32,602
Monitor Arm #04898,Furniture,62.19,137.03,5,Warehouse B - West,27,520
Sunscreen SPF50 #04899,Health & Beauty,61.95,106.7,409,Warehouse D - North,15,658
LED Bulb 4pk #04900,Home & Garden,79.11,105.35,470,Warehouse D - North,35,867
Hedge Trimmer #04901,Home & Garden,99.99,178.4,26,Warehouse D - North,79,917
Air Filter #04902,Automotive Parts,20.61,36.19,173,Warehouse A - East,32,499
Webcam HD #04903,Electronics,208.47,436.45,451,Warehouse A - East,57,274
Rubik's Cube #04904,Toys & Games,216.01,530.26,74,Warehouse B - West,46,673
Foam Roller #04905,Sports & Outdoors,47.35,76.59,453,Warehouse B - West,18,647
Puzzle 1000pc #04906,Toys & Games,122.38,280.18,385,Warehouse C - Central,39,794
Work Boots #04907,Clothing,139.78,180.26,282,Warehouse B - West,31,723
Pressure Washer #04908,Home & Garden,49.54,101.82,85,Warehouse D - North,68,762
Printer Paper A4 #04909,Office Supplies,120.57,298.79,470,Warehouse B - West,15,480
Energy Drinks 24pk #04910,Food & Beverage,226.14,399.46,333,Warehouse C - Central,39,280
Remote Control Car #04911,Toys & Games,19.55,24.61,218,Warehouse A - East,33,890
Energy Drinks 24pk #04912,Food & Beverage,63.86,134.4,368,Warehouse A - East,17,554
Spark Plugs 4pk #04913,Automotive Parts,2.82,5.07,3,Warehouse C - Central,80,992
Card Game Set #04914,Toys & Games,165.34,326.17,405,Warehouse C - Central,61,402
Jump Starter #04915,Automotive Parts,127.13,267.08,212,Warehouse A - East,26,987
Honey Jar #04916,Food & Beverage,233.72,524.94,466,Warehouse C - Central,55,274
Whiteboard Markers 6pk #04917,Office Supplies,185.48,282.89,87,Warehouse C - Central,30,579
Resistance Bands Set #04918,Sports & Outdoors,50.64,116.08,96,Warehouse C - Central,14,960
Building Blocks 500pc #04919,Toys & Games,89.05,113.98,211,Warehouse C - Central,36,875
Cable Management Tray #04920,Furniture,176.59,421.62,13,Warehouse C - Central,62,709
Resistance Bands Set #04921,Sports & Outdoors,168.79,416.81,413,Warehouse D - North,64,434
Cooler Box 40L #04922,Sports & Outdoors,152.14,368.6,171,Warehouse A - East,13,457
Wiper Blades Pair #04923,Automotive Parts,125.16,299.65,72,Warehouse C - Central,28,442
Fleece Hoodie #04924,Clothing,216.81,391.83,257,Warehouse B - West,69,240
Work Boots #04925,Clothing,159.06,299.95,71,Warehouse D - North,76,282
Computer Desk #04926,Furniture,204.37,415.42,291,Warehouse C - Central,39,561
Coolant 4L #04927,Automotive Parts,171.13,369.87,449,Warehouse A - East,27,322
Cotton T-Shirt Pack #04928,Clothing,187.8,456.31,216,Warehouse D - North,41,975
Green Tea Box #04929,Food & Beverage,23.74,46.73,488,Warehouse A - East,36,444
Noise Cancelling Headphones #04930,Electronics,126.96,173.77,123,Warehouse C - Central,16,642
Card Game Set #04931,Toys & Games,168.99,200.35,120,Warehouse A - East,78,297
Granola Bags #04932,Food & Beverage,105.54,199.33,190,Warehouse A - East,21,893
Mechanical Keyboard #04933,Electronics,18.8,25.5,38,Warehouse A - East,42,224
Motor Oil 5W-30 #04934,Automotive Parts,35.41,53.24,216,Warehouse D - North,18,634
Stapler Heavy Duty #04935,Office Supplies,161.1,322.79,94,Warehouse D - North,18,488
Webcam HD #04936,Electronics,166.86,408.74,143,Warehouse C - Central,34,859
Car Battery #04937,Automotive Parts,54.84,78.24,156,Warehouse A - East,26,306
Extension Cord 10m #04938,Home & Garden,18.45,22.34,10,Warehouse A - East,47,604
Ergonomic Office Chair #04939,Furniture,157.99,205.26,62,Warehouse C - Central,40,544
Cooler Box 40L #04940,Sports & Outdoors,114.89,179.19,24,Warehouse B - West,70,978
Cargo Shorts #04941,Clothing,59.54,145.64,216,Warehouse A - East,69,333
Jump Starter #04942,Automotive Parts,199.14,249.65,267,Warehouse D - North,80,708
Jump Starter #04943,Automotive Parts,120.08,209.09,189,Warehouse D - North,18,422
Spark Plugs 4pk #04944,Automotive Parts,20.96,46.45,310,Warehouse B - West,78,286
Art Supplies Box #04945,Toys & Games,161.52,360.16,21,Warehouse D - North,45,718
Coffee Beans 1kg #04946,Food & Beverage,70.18,91.78,129,Warehouse D - North,50,549
Ballpoint Pens 12pk #04947,Office Supplies,162.01,359.18,424,Warehouse A - East,38,487
Scissors 3pk #04948,Office Supplies,224.91,267.94,492,Warehouse C - Central,61,997
Webcam HD #04949,Electronics,157.34,349.88,178,Warehouse C - Central,72,526
Remote Control Car #04950,Toys & Games,226.98,293.52,276,Warehouse D - North,51,444
Polo Shirt #04951,Clothing,91.7,139.98,156,Warehouse B - West,34,985
Puzzle 1000pc #04952,Toys & Games,113.12,233.06,161,Warehouse D - North,42,231
Honey Jar #04953,Food & Beverage,79.88,137.21,233,Warehouse A - East,11,343
Spark Plugs 4pk #04954,Automotive Parts,20.53,33.45,234,Warehouse A - East,45,390
Camping Chair #04955,Sports & Outdoors,171.25,277.45,172,Warehouse C - Central,38,889
Lip Balm Pack #04956,Health & Beauty,234.37,538.28,230,Warehouse D - North,76,925
Floor Mats Set #04957,Automotive Parts,175.24,320.6,269,Warehouse B - West,78,801
Cargo Pants #04958,Clothing,191.05,227.78,19,Warehouse B - West,68,998
Monitor Light Bar #04959,Electronics,70.75,154.81,316,Warehouse A - East,49,706
Bookshelf 5-Tier #04960,Furniture,75.17,97.17,227,Warehouse D - North,56,884
Desk Organizer #04961,Office Supplies,5.87,14.23,48,Warehouse C - Central,12,910
Tape Dispenser #04962,Office Supplies,103.4,130.33,214,Warehouse B - West,42,479
Power Strip 6-Outlet #04963,Home & Garden,192.86,300.06,484,Warehouse C - Central,73,260
Chess Set Wooden #04964,Toys & Games,104.78,132.12,412,Warehouse D - North,12,320
Motor Oil 5W-30 #04965,Automotive Parts,59.27,80.73,237,Warehouse C - Central,16,909
Moisturizer Pump #04966,Health & Beauty,196.89,234.17,125,Warehouse D - North,27,515
Sprinkler System #04967,Home & Garden,142.44,281.79,247,Warehouse A - East,42,815
Dark Chocolate Box #04968,Food & Beverage,194.4,292.0,491,Warehouse A - East,39,725
Floor Mats Set #04969,Automotive Parts,156.83,366.32,256,Warehouse D - North,28,467
Puzzle 1000pc #04970,Toys & Games,72.34,85.37,437,Warehouse A - East,77,324
Coffee Beans 1kg #04971,Food & Beverage,25.12,43.33,500,Warehouse B - West,46,450
Green Tea Box #04972,Food & Beverage,203.89,488.35,352,Warehouse A - East,58,580
Ballpoint Pens 12pk #04973,Office Supplies,43.18,71.06,41,Warehouse A - East,70,258
Dried Fruit Mix #04974,Food & Beverage,62.02,134.87,138,Warehouse B - West,35,946
Headlamp LED #04975,Sports & Outdoors,201.9,360.02,14,Warehouse D - North,52,415
Cap Branded #04976,Clothing,24.67,50.0,79,Warehouse A - East,36,326
Foam Roller #04977,Sports & Outdoors,29.09,36.06,303,Warehouse B - West,13,855
HDMI Cable 2m #04978,Electronics,4.87,6.27,377,Warehouse B - West,61,865
Wireless Charger #04979,Electronics,10.2,23.73,90,Warehouse C - Central,19,891
Sunscreen SPF50 #04980,Health & Beauty,162.39,279.66,474,Warehouse B - West,66,869
Jump Rope #04981,Sports & Outdoors,141.01,289.66,161,Warehouse A - East,64,322
Garden Hose 30m #04982,Home & Garden,240.9,378.72,391,Warehouse B - West,49,476
Hedge Trimmer #04983,Home & Garden,23.15,35.22,423,Warehouse B - West,52,522
Tire Pressure Gauge #04984,Automotive Parts,134.76,183.03,271,Warehouse C - Central,26,937
Noise Cancelling Headphones #04985,Electronics,28.4,65.31,297,Warehouse B - West,49,232
Protein Bars 12pk #04986,Food & Beverage,50.32,95.58,303,Warehouse A - East,39,556
Dark Chocolate Box #04987,Food & Beverage,184.73,369.2,448,Warehouse A - East,31,720
Yoga Mat #04988,Sports & Outdoors,231.66,421.48,23,Warehouse A - East,73,933
LEGO Technic Set #04989,Toys & Games,220.86,441.97,230,Warehouse C - Central,37,569
Sunscreen SPF50 #04990,Health & Beauty,90.82,138.83,359,Warehouse D - North,70,704
Car Battery #04991,Automotive Parts,72.75,173.01,289,Warehouse B - West,59,470
Bluetooth Speaker #04992,Electronics,107.93,241.66,24,Warehouse D - North,65,208
Chess Set Wooden #04993,Toys & Games,218.7,524.29,199,Warehouse D - North,48,759
Windbreaker #04994,Clothing,168.56,276.71,186,Warehouse D - North,36,708
Remote Control Car #04995,Toys & Games,196.72,442.82,287,Warehouse C - Central,55,867
LED Bulb 4pk #04996,Home & Garden,146.54,196.16,11,Warehouse D - North,42,224
Cap Branded #04997,Clothing,64.81,160.08,374,Warehouse D - North,35,817
USB-C Hub #04998,Electronics,189.41,233.28,426,Warehouse C - Central,38,344
Motor Oil 5W-30 #04999,Automotive Parts,111.21,149.41,487,Warehouse A - East,27,569
Car Battery #05000,Automotive Parts,51.92,107.77,396,Warehouse B - West,17,422
Yoga Mat #05001,Sports & Outdoors,162.97,238.27,348,Warehouse C - Central,48,452
Sunscreen SPF50 #05002,Health & Beauty,116.06,223.28,79,Warehouse A - East,41,637
Headlight Bulb Pair #05003,Automotive Parts,227.76,437.16,371,Warehouse C - Central,43,544
Rubik's Cube #05004,Toys & Games,187.62,305.51,319,Warehouse A - East,55,667
Cotton T-Shirt Pack #05005,Clothing,181.83,387.23,252,Warehouse B - West,46,897
Coolant 4L #05006,Automotive Parts,28.4,41.42,435,Warehouse C - Central,28,899
Mechanical Keyboard #05007,Electronics,54.89,134.63,201,Warehouse D - North,26,687
Floating Shelf Set #05008,Furniture,103.35,232.66,363,Warehouse C - Central,13,984
Bluetooth Speaker #05009,Electronics,182.64,306.06,339,Warehouse A - East,56,301
Rain Poncho #05010,Clothing,95.69,175.23,489,Warehouse C - Central,25,216
Mechanical Keyboard #05011,Electronics,177.42,396.76,272,Warehouse D - North,30,238
Thermometer Digital #05012,Health & Beauty,159.83,310.6,86,Warehouse B - West,77,935
Jump Starter #05013,Automotive Parts,123.61,274.75,93,Warehouse B - West,36,839
Cooler Box 40L #05014,Sports & Outdoors,67.72,161.13,117,Warehouse B - West,68,398
Car Charger Dual USB #05015,Automotive Parts,240.92,474.78,394,Warehouse C - Central,33,281
Ergonomic Office Chair #05016,Furniture,4.96,8.24,250,Warehouse B - West,66,974
Conference Table #05017,Furniture,50.04,99.97,128,Warehouse D - North,76,594
Jump Rope #05018,Sports & Outdoors,218.9,271.91,462,Warehouse B - West,55,687
Ergonomic Office Chair #05019,Furniture,90.31,104.38,290,Warehouse D - North,34,267
Coffee Beans 1kg #05020,Food & Beverage,166.99,320.16,185,Warehouse B - West,16,687
Instant Oatmeal Pack #05021,Food & Beverage,113.42,257.46,116,Warehouse D - North,23,333
Dried Fruit Mix #05022,Food & Beverage,235.45,506.64,264,Warehouse B - West,53,252
Spark Plugs 4pk #05023,Automotive Parts,228.29,377.53,327,Warehouse B - West,13,738
Sprinkler System #05024,Home & Garden,179.61,206.61,30,Warehouse B - West,70,354
Noise Cancelling Headphones #05025,Electronics,164.49,295.22,446,Warehouse A - East,30,971
Envelopes 100pk #05026,Office Supplies,211.63,522.07,177,Warehouse C - Central,33,451
Science Kit #05027,Toys & Games,193.56,256.93,107,Warehouse D - North,19,535
Resistance Bands Set #05028,Sports & Outdoors,116.14,203.41,317,Warehouse B - West,13,402
Coffee Beans 1kg #05029,Food & Beverage,205.12,388.41,275,Warehouse A - East,17,644
Card Game Set #05030,Toys & Games,234.86,417.48,6,Warehouse C - Central,31,951
Filing Cabinet #05031,Furniture,233.32,283.15,262,Warehouse D - North,79,633
Binoculars #05032,Sports & Outdoors,175.77,317.12,174,Warehouse A - East,79,546
Stuffed Animal Bear #05033,Toys & Games,144.61,185.23,171,Warehouse D - North,15,503
Work Boots #05034,Clothing,98.92,196.82,346,Warehouse D - North,60,331
Rain Poncho #05035,Clothing,108.45,174.37,276,Warehouse B - West,25,494
Bluetooth Speaker #05036,Electronics,198.72,475.03,333,Warehouse C - Central,80,476
Tablet Stand #05037,Electronics,238.7,358.05,205,Warehouse D - North,28,308
Paint Roller Set #05038,Home & Garden,166.27,399.75,309,Warehouse C - Central,35,787
Storage Ottoman #05039,Furniture,196.46,470.32,366,Warehouse C - Central,58,659
SSD 1TB External #05040,Electronics,139.87,289.02,344,Warehouse C - Central,63,777
File Folders 20pk #05041,Office Supplies,112.74,224.1,490,Warehouse D - North,21,255
Plant Pots Set #05042,Home & Garden,160.99,397.77,148,Warehouse D - North,21,716
Remote Control Car #05043,Toys & Games,163.97,288.18,312,Warehouse D - North,50,421
Motor Oil 5W-30 #05044,Automotive Parts,19.97,27.28,294,Warehouse D - North,37,312
Vitamin C Tablets #05045,Health & Beauty,169.6,331.87,75,Warehouse D - North,43,452
Printer Paper A4 #05046,Office Supplies,69.06,79.67,20,Warehouse B - West,71,843
Extension Cord 10m #05047,Home & Garden,18.93,34.78,228,Warehouse B - West,57,603
Hedge Trimmer #05048,Home & Garden,225.89,302.33,25,Warehouse B - West,38,884
Wiper Blades Pair #05049,Automotive Parts,241.05,529.83,60,Warehouse D - North,28,572
Air Filter #05050,Automotive Parts,247.27,335.87,127,Warehouse C - Central,10,227
Spark Plugs 4pk #05051,Automotive Parts,127.47,245.73,403,Warehouse B - West,24,576
Windbreaker #05052,Clothing,77.62,124.93,198,Warehouse A - East,58,220
Chess Set Wooden #05053,Toys & Games,196.55,452.65,448,Warehouse B - West,52,702
Pressure Washer #05054,Home & Garden,152.23,318.47,105,Warehouse C - Central,13,407
Filing Cabinet #05055,Furniture,205.81,349.39,334,Warehouse C - Central,34,328
Hedge Trimmer #05056,Home & Garden,234.18,353.71,455,Warehouse D - North,66,937
Laptop Cooling Pad #05057,Electronics,125.59,151.81,22,Warehouse C - Central,13,710
Garden Hose 30m #05058,Home & Garden,208.23,460.75,126,Warehouse A - East,66,232
Face Masks 50pk #05059,Health & Beauty,148.63,317.31,338,Warehouse C - Central,72,516
Bottled Water Case #05060,Food & Beverage,140.84,177.64,372,Warehouse D - North,58,444
Power Strip 6-Outlet #05061,Home & Garden,219.0,519.87,456,Warehouse D - North,71,924
Hand Sanitizer 500ml #05062,Health & Beauty,185.29,276.86,191,Warehouse D - North,74,647
Computer Desk #05063,Furniture,39.01,84.9,370,Warehouse A - East,73,514
Sunscreen SPF50 #05064,Health & Beauty,123.28,201.94,119,Warehouse A - East,18,456
Chess Set Wooden #05065,Toys & Games,126.14,174.54,106,Warehouse B - West,43,902
Monitor Arm #05066,Furniture,41.94,59.84,112,Warehouse A - East,77,363
Sleeping Bag #05067,Sports & Outdoors,196.8,230.12,357,Warehouse B - West,25,416
Bluetooth Speaker #05068,Electronics,180.16,437.77,132,Warehouse D - North,54,629
Brake Pads Set #05069,Automotive Parts,92.12,208.86,136,Warehouse D - North,24,951
Lawn Fertilizer #05070,Home & Garden,3.75,5.91,280,Warehouse A - East,39,790
Storage Ottoman #05071,Furniture,172.03,369.36,189,Warehouse D - North,66,868
Spark Plugs 4pk #05072,Automotive Parts,236.64,512.32,204,Warehouse D - North,57,685
Lawn Fertilizer #05073,Home & Garden,215.61,387.86,201,Warehouse C - Central,15,775
Polo Shirt #05074,Clothing,126.03,270.39,175,Warehouse D - North,27,800
Vitamin C Tablets #05075,Health & Beauty,220.36,529.06,36,Warehouse A - East,72,572
Insect Repellent #05076,Health & Beauty,156.55,289.81,270,Warehouse D - North,27,807
Cotton T-Shirt Pack #05077,Clothing,91.43,196.53,72,Warehouse D - North,31,205
Monitor Arm #05078,Furniture,175.56,287.65,20,Warehouse B - West,63,821
Chess Set Wooden #05079,Toys & Games,117.92,243.77,330,Warehouse C - Central,77,642
Wireless Mouse #05080,Electronics,96.22,172.87,156,Warehouse B - West,63,642
Board Game Classic #05081,Toys & Games,62.95,140.39,44,Warehouse A - East,42,453
Green Tea Box #05082,Food & Beverage,136.91,192.55,290,Warehouse A - East,40,447
Standing Desk #05083,Furniture,230.6,514.54,260,Warehouse A - East,43,884
Extension Cord 10m #05084,Home & Garden,64.39,120.27,175,Warehouse C - Central,76,710
Water Bottle 1L #05085,Sports & Outdoors,174.74,284.81,291,Warehouse C - Central,60,306
Conference Table #05086,Furniture,49.83,98.25,479,Warehouse D - North,42,554
Binder Clips Assorted #05087,Office Supplies,80.71,194.96,490,Warehouse D - North,79,404
Monitor Arm #05088,Furniture,61.9,100.36,203,Warehouse D - North,64,832
Dark Chocolate Box #05089,Food & Beverage,246.78,552.95,277,Warehouse D - North,55,927
First Aid Kit #05090,Health & Beauty,117.07,219.01,72,Warehouse D - North,51,898
Laptop Cooling Pad #05091,Electronics,32.42,64.19,298,Warehouse D - North,24,993
Winter Jacket #05092,Clothing,215.46,519.53,156,Warehouse B - West,70,631
Remote Control Car #05093,Toys & Games,99.55,233.46,479,Warehouse B - West,78,490
Sprinkler System #05094,Home & Garden,215.28,490.69,248,Warehouse D - North,68,395
Headlight Bulb Pair #05095,Automotive Parts,182.27,358.78,24,Warehouse B - West,21,204
Brake Pads Set #05096,Automotive Parts,152.47,187.31,402,Warehouse B - West,50,937
Webcam HD #05097,Electronics,135.93,277.51,81,Warehouse A - East,22,331
Tent 4-Person #05098,Sports & Outdoors,20.66,24.92,140,Warehouse D - North,55,948
Winter Jacket #05099,Clothing,204.25,434.28,213,Warehouse A - East,33,354
Storage Ottoman #05100,Furniture,85.47,145.37,323,Warehouse B - West,40,816
Yoga Mat #05101,Sports & Outdoors,131.44,202.25,374,Warehouse B - West,26,592
Jump Rope #05102,Sports & Outdoors,169.05,215.25,141,Warehouse A - East,11,440
Tire Pressure Gauge #05103,Automotive Parts,79.72,183.71,387,Warehouse A - East,77,490
Sunscreen SPF50 #05104,Health & Beauty,17.2,40.31,270,Warehouse C - Central,48,394
SSD 1TB External #05105,Electronics,71.44,83.55,488,Warehouse B - West,37,955
Rain Poncho #05106,Clothing,15.42,29.9,481,Warehouse B - West,69,225
Lip Balm Pack #05107,Health & Beauty,2.97,7.14,103,Warehouse A - East,21,224
Floor Mats Set #05108,Automotive Parts,25.86,49.19,120,Warehouse B - West,52,919
Cotton T-Shirt Pack #05109,Clothing,119.73,241.63,250,Warehouse C - Central,65,563
Eye Drops #05110,Health & Beauty,100.66,175.22,227,Warehouse B - West,55,687
Camping Chair #05111,Sports & Outdoors,78.88,189.4,147,Warehouse B - West,69,299
Lawn Fertilizer #05112,Home & Garden,108.14,173.94,349,Warehouse B - West,41,794
Rubik's Cube #05113,Toys & Games,217.75,428.91,91,Warehouse A - East,69,924
Cargo Pants #05114,Clothing,87.74,211.5,50,Warehouse B - West,36,460
Olive Oil 500ml #05115,Food & Beverage,14.53,19.8,316,Warehouse C - Central,79,827
Sticky Notes 8pk #05116,Office Supplies,223.13,501.3,242,Warehouse A - East,34,420
Thermal Underwear #05117,Clothing,216.49,501.64,113,Warehouse A - East,67,314
Cotton T-Shirt Pack #05118,Clothing,87.97,129.96,356,Warehouse D - North,56,522
Conference Table #05119,Furniture,200.91,253.9,378,Warehouse B - West,21,631
Polo Shirt #05120,Clothing,208.64,438.85,438,Warehouse A - East,51,812
Wireless Mouse #05121,Electronics,179.85,409.36,97,Warehouse B - West,60,457
Paint Roller Set #05122,Home & Garden,73.95,106.03,82,Warehouse A - East,63,802
Sunscreen SPF50 #05123,Health & Beauty,40.76,88.7,472,Warehouse A - East,10,846
Spark Plugs 4pk #05124,Automotive Parts,39.26,93.9,490,Warehouse B - West,66,607
Water Bottle 1L #05125,Sports & Outdoors,116.53,141.4,321,Warehouse C - Central,74,656
Brake Pads Set #05126,Automotive Parts,15.98,38.14,96,Warehouse C - Central,79,968
Coffee Beans 1kg #05127,Food & Beverage,5.54,10.77,460,Warehouse D - North,17,881
Dark Chocolate Box #05128,Food & Beverage,243.92,393.16,374,Warehouse D - North,64,860
Tire Pressure Gauge #05129,Automotive Parts,72.35,119.31,211,Warehouse B - West,25,690
Label Maker #05130,Office Supplies,78.65,139.56,14,Warehouse C - Central,40,496
Pressure Washer #05131,Home & Garden,55.72,77.9,146,Warehouse D - North,58,562
Whiteboard Markers 6pk #05132,Office Supplies,234.69,514.24,171,Warehouse D - North,47,966
Energy Drinks 24pk #05133,Food & Beverage,32.03,50.35,104,Warehouse A - East,50,974
File Folders 20pk #05134,Office Supplies,28.84,61.55,255,Warehouse D - North,60,782
Cooler Box 40L #05135,Sports & Outdoors,204.62,335.02,296,Warehouse D - North,62,535
Wireless Mouse #05136,Electronics,196.84,396.59,393,Warehouse B - West,39,922
Coolant 4L #05137,Automotive Parts,80.06,111.78,431,Warehouse C - Central,60,954
Whiteboard Markers 6pk #05138,Office Supplies,160.08,203.17,288,Warehouse B - West,30,388
Resistance Bands Set #05139,Sports & Outdoors,183.62,295.08,245,Warehouse B - West,57,937
Spark Plugs 4pk #05140,Automotive Parts,34.35,61.98,211,Warehouse A - East,15,479
Sunscreen SPF50 #05141,Health & Beauty,234.06,366.14,29,Warehouse D - North,33,833
Noise Cancelling Headphones #05142,Electronics,21.21,47.01,79,Warehouse B - West,32,804
Ergonomic Office Chair #05143,Furniture,155.74,221.22,326,Warehouse B - West,29,518
Puzzle 1000pc #05144,Toys & Games,43.22,86.93,16,Warehouse C - Central,21,933
Science Kit #05145,Toys & Games,224.65,427.27,13,Warehouse C - Central,68,642
Olive Oil 500ml #05146,Food & Beverage,15.5,29.25,275,Warehouse C - Central,37,875
Jump Starter #05147,Automotive Parts,115.56,230.2,25,Warehouse B - West,66,717
Lip Balm Pack #05148,Health & Beauty,101.01,249.87,193,Warehouse B - West,49,904
Pressure Washer #05149,Home & Garden,205.26,424.48,289,Warehouse D - North,49,415
Sticky Notes 8pk #05150,Office Supplies,219.94,473.66,463,Warehouse C - Central,12,742
Sleeping Bag #05151,Sports & Outdoors,46.83,103.62,218,Warehouse D - North,31,784
Fleece Hoodie #05152,Clothing,96.32,208.39,74,Warehouse B - West,36,996
Hiking Backpack #05153,Sports & Outdoors,184.13,251.23,125,Warehouse D - North,48,935
Desk Organizer #05154,Office Supplies,152.22,209.09,492,Warehouse C - Central,17,945
Air Filter #05155,Automotive Parts,49.72,102.28,123,Warehouse C - Central,42,853
Lawn Fertilizer #05156,Home & Garden,100.64,121.98,51,Warehouse D - North,48,813
Computer Desk #05157,Furniture,13.95,23.17,262,Warehouse D - North,60,372
Desk Organizer #05158,Office Supplies,131.4,234.64,315,Warehouse C - Central,31,478
Card Game Set #05159,Toys & Games,222.59,482.53,348,Warehouse D - North,56,285
Rubik's Cube #05160,Toys & Games,82.35,183.64,117,Warehouse A - East,48,479
Scissors 3pk #05161,Office Supplies,58.51,119.09,444,Warehouse B - West,22,757
Printer Paper A4 #05162,Office Supplies,32.08,61.98,97,Warehouse D - North,44,680
Building Blocks 500pc #05163,Toys & Games,201.52,407.33,404,Warehouse D - North,36,705
Remote Control Car #05164,Toys & Games,158.65,313.08,413,Warehouse B - West,10,293
Polo Shirt #05165,Clothing,21.04,30.3,256,Warehouse A - East,56,384
Tablet Stand #05166,Electronics,40.02,77.36,186,Warehouse A - East,29,421
Mixed Nuts 500g #05167,Food & Beverage,203.79,343.02,389,Warehouse A - East,37,895
Hand Sanitizer 500ml #05168,Health & Beauty,149.22,207.35,85,Warehouse B - West,72,246
Green Tea Box #05169,Food & Beverage,138.22,329.72,247,Warehouse A - East,33,235
Thermal Underwear #05170,Clothing,88.23,103.63,434,Warehouse D - North,41,300
Spark Plugs 4pk #05171,Automotive Parts,81.41,192.98,357,Warehouse A - East,11,207
Monitor Arm #05172,Furniture,146.29,365.27,383,Warehouse D - North,20,674
Jump Rope #05173,Sports & Outdoors,205.57,284.74,150,Warehouse B - West,49,742
Moisturizer Pump #05174,Health & Beauty,196.47,361.29,398,Warehouse C - Central,71,316
Desk Lamp LED #05175,Furniture,72.6,131.79,222,Warehouse D - North,24,316
Monitor Light Bar #05176,Electronics,179.45,340.2,5,Warehouse B - West,27,694
Sticky Notes 8pk #05177,Office Supplies,226.72,518.98,27,Warehouse B - West,15,838
Printer Paper A4 #05178,Office Supplies,215.54,406.55,372,Warehouse A - East,35,489
Work Boots #05179,Clothing,43.6,72.53,348,Warehouse C - Central,11,225
Rubik's Cube #05180,Toys & Games,55.24,83.31,38,Warehouse B - West,79,439
Water Bottle 1L #05181,Sports & Outdoors,178.43,297.78,184,Warehouse A - East,28,871
Cargo Pants #05182,Clothing,56.62,72.66,239,Warehouse C - Central,54,942
Rain Poncho #05183,Clothing,238.73,514.68,85,Warehouse A - East,59,705
Cable Management Tray #05184,Furniture,189.85,321.07,258,Warehouse D - North,24,315
Coolant 4L #05185,Automotive Parts,135.18,289.93,487,Warehouse C - Central,10,383
Desk Lamp LED #05186,Furniture,48.82,82.31,131,Warehouse D - North,31,642
Coffee Beans 1kg #05187,Food & Beverage,44.32,53.41,293,Warehouse D - North,48,285
Jump Rope #05188,Sports & Outdoors,160.9,190.06,484,Warehouse B - West,11,569
Drafting Chair #05189,Furniture,131.43,289.42,31,Warehouse D - North,53,228
Camping Chair #05190,Sports & Outdoors,2.65,3.98,163,Warehouse C - Central,30,760
Plant Pots Set #05191,Home & Garden,112.75,165.08,254,Warehouse D - North,74,456
Headlight Bulb Pair #05192,Automotive Parts,124.05,265.55,286,Warehouse D - North,39,224
Paint Roller Set #05193,Home & Garden,165.65,376.28,173,Warehouse C - Central,75,437
Cooler Box 40L #05194,Sports & Outdoors,224.16,283.27,462,Warehouse B - West,30,652
Spark Plugs 4pk #05195,Automotive Parts,149.55,261.36,476,Warehouse B - West,27,761
Board Game Classic #05196,Toys & Games,31.22,64.97,464,Warehouse A - East,40,333
Resistance Bands Set #05197,Sports & Outdoors,24.32,33.14,423,Warehouse A - East,34,461
Tool Kit 50pc #05198,Home & Garden,212.76,398.1,37,Warehouse A - East,15,572
Winter Jacket #05199,Clothing,12.28,19.34,33,Warehouse C - Central,70,853
Brake Pads Set #05200,Automotive Parts,180.32,319.56,342,Warehouse C - Central,60,478
Headlight Bulb Pair #05201,Automotive Parts,110.04,202.34,207,Warehouse A - East,34,845
Winter Jacket #05202,Clothing,207.71,364.44,338,Warehouse C - Central,13,515
Label Maker #05203,Office Supplies,21.9,32.47,336,Warehouse A - East,76,323
Standing Desk #05204,Furniture,249.21,605.81,140,Warehouse D - North,52,915
Coolant 4L #05205,Automotive Parts,101.73,177.28,461,Warehouse C - Central,19,798
Winter Jacket #05206,Clothing,141.99,304.71,49,Warehouse B - West,71,239
Floating Shelf Set #05207,Furniture,106.7,170.4,477,Warehouse A - East,71,677
Safety Vest Hi-Vis #05208,Clothing,167.04,317.28,128,Warehouse C - Central,54,435
Car Charger Dual USB #05209,Automotive Parts,218.75,381.63,336,Warehouse B - West,27,530
Polo Shirt #05210,Clothing,155.08,252.31,301,Warehouse C - Central,33,744
Envelopes 100pk #05211,Office Supplies,139.8,308.7,184,Warehouse B - West,74,710
Air Filter #05212,Automotive Parts,155.61,363.06,97,Warehouse C - Central,37,843
Spark Plugs 4pk #05213,Automotive Parts,157.5,215.87,461,Warehouse B - West,42,230
Chess Set Wooden #05214,Toys & Games,101.42,174.64,365,Warehouse D - North,77,515
Aloe Vera Gel #05215,Health & Beauty,72.93,97.19,232,Warehouse B - West,41,799
Cooler Box 40L #05216,Sports & Outdoors,190.18,423.09,177,Warehouse B - West,26,927
Building Blocks 500pc #05217,Toys & Games,139.16,263.9,338,Warehouse B - West,68,614
Cotton T-Shirt Pack #05218,Clothing,63.73,157.03,443,Warehouse C - Central,38,440
HDMI Cable 2m #05219,Electronics,158.43,194.28,53,Warehouse B - West,62,634
Dried Fruit Mix #05220,Food & Beverage,195.33,255.4,353,Warehouse C - Central,27,294
Hedge Trimmer #05221,Home & Garden,50.67,118.62,175,Warehouse B - West,32,625
Power Strip 6-Outlet #05222,Home & Garden,200.33,373.22,214,Warehouse B - West,33,422
Hiking Backpack #05223,Sports & Outdoors,9.97,15.18,186,Warehouse A - East,56,933
Moisturizer Pump #05224,Health & Beauty,69.18,106.69,75,Warehouse A - East,20,279
Tire Pressure Gauge #05225,Automotive Parts,67.75,130.58,150,Warehouse C - Central,52,689
Cargo Pants #05226,Clothing,158.68,296.33,153,Warehouse C - Central,32,840
Tool Kit 50pc #05227,Home & Garden,127.41,301.19,38,Warehouse A - East,30,839
Storage Ottoman #05228,Furniture,69.73,126.42,312,Warehouse D - North,32,457
Sunscreen SPF50 #05229,Health & Beauty,147.49,344.52,226,Warehouse D - North,32,459
Energy Drinks 24pk #05230,Food & Beverage,55.17,131.03,316,Warehouse C - Central,77,707
Building Blocks 500pc #05231,Toys & Games,91.31,210.29,31,Warehouse A - East,69,523
Vitamin C Tablets #05232,Health & Beauty,245.43,497.91,408,Warehouse C - Central,77,425
Headlight Bulb Pair #05233,Automotive Parts,46.0,95.59,120,Warehouse D - North,16,547
Sticky Notes 8pk #05234,Office Supplies,66.5,142.92,39,Warehouse A - East,13,941
Winter Jacket #05235,Clothing,102.32,159.09,486,Warehouse D - North,40,960
Label Maker #05236,Office Supplies,170.78,421.99,481,Warehouse B - West,31,515
USB Flash Drive 64GB #05237,Electronics,159.65,382.08,323,Warehouse D - North,63,213
Hedge Trimmer #05238,Home & Garden,186.37,312.26,371,Warehouse D - North,13,586
Granola Bags #05239,Food & Beverage,112.58,176.51,52,Warehouse D - North,28,265
Rubik's Cube #05240,Toys & Games,157.95,263.9,4,Warehouse C - Central,64,279
Brake Pads Set #05241,Automotive Parts,88.8,103.2,55,Warehouse A - East,31,526
Windbreaker #05242,Clothing,247.75,312.14,22,Warehouse A - East,10,460
Cotton T-Shirt Pack #05243,Clothing,42.93,103.17,317,Warehouse B - West,79,625
Cargo Pants #05244,Clothing,231.52,285.03,200,Warehouse C - Central,20,470
Cap Branded #05245,Clothing,11.1,19.69,202,Warehouse D - North,58,832
Whiteboard Markers 6pk #05246,Office Supplies,42.65,102.68,331,Warehouse A - East,18,492
Lip Balm Pack #05247,Health & Beauty,35.83,60.18,328,Warehouse D - North,70,428
Work Boots #05248,Clothing,176.98,330.94,216,Warehouse C - Central,18,935
Stuffed Animal Bear #05249,Toys & Games,44.07,92.6,431,Warehouse C - Central,51,957
Tire Pressure Gauge #05250,Automotive Parts,165.61,346.4,109,Warehouse B - West,72,919
Remote Control Car #05251,Toys & Games,9.12,14.36,244,Warehouse B - West,70,875
Plant Pots Set #05252,Home & Garden,109.77,195.74,368,Warehouse C - Central,22,241
Remote Control Car #05253,Toys & Games,152.1,324.76,274,Warehouse A - East,23,524
Moisturizer Pump #05254,Health & Beauty,143.31,353.48,174,Warehouse A - East,65,959
Rain Poncho #05255,Clothing,90.18,170.85,209,Warehouse A - East,59,635
Science Kit #05256,Toys & Games,54.45,85.2,239,Warehouse D - North,60,217
Resistance Bands Set #05257,Sports & Outdoors,199.71,253.14,45,Warehouse B - West,74,497
Power Strip 6-Outlet #05258,Home & Garden,166.49,276.8,429,Warehouse A - East,46,306
Winter Jacket #05259,Clothing,87.62,135.47,256,Warehouse B - West,54,821
Headlamp LED #05260,Sports & Outdoors,94.63,151.8,410,Warehouse B - West,45,856
Floor Mats Set #05261,Automotive Parts,191.42,464.39,169,Warehouse D - North,14,657
Camping Chair #05262,Sports & Outdoors,115.77,168.07,448,Warehouse C - Central,42,773
Cap Branded #05263,Clothing,20.86,28.79,169,Warehouse D - North,80,497
Headlight Bulb Pair #05264,Automotive Parts,211.73,258.18,337,Warehouse B - West,72,532
Cotton T-Shirt Pack #05265,Clothing,148.07,297.12,89,Warehouse D - North,45,776
Water Bottle 1L #05266,Sports & Outdoors,53.84,107.28,254,Warehouse A - East,42,894
Polo Shirt #05267,Clothing,205.34,420.42,173,Warehouse D - North,44,238
Wireless Mouse #05268,Electronics,140.95,306.63,175,Warehouse C - Central,20,331
Fleece Hoodie #05269,Clothing,141.93,224.51,455,Warehouse C - Central,50,426
Cable Management Tray #05270,Furniture,248.31,512.07,311,Warehouse B - West,71,584
Water Bottle 1L #05271,Sports & Outdoors,154.53,264.75,159,Warehouse D - North,26,940
Polo Shirt #05272,Clothing,69.24,127.4,72,Warehouse B - West,12,607
Dried Fruit Mix #05273,Food & Beverage,221.52,277.54,269,Warehouse D - North,73,738
Instant Oatmeal Pack #05274,Food & Beverage,37.69,52.48,195,Warehouse B - West,54,817
Granola Bags #05275,Food & Beverage,127.88,196.58,364,Warehouse A - East,18,692
LED Bulb 4pk #05276,Home & Garden,248.11,353.1,424,Warehouse C - Central,39,262
Lip Balm Pack #05277,Health & Beauty,23.54,47.73,127,Warehouse D - North,63,868
Tablet Stand #05278,Electronics,46.82,54.85,309,Warehouse B - West,35,289
Car Charger Dual USB #05279,Automotive Parts,135.99,290.62,350,Warehouse B - West,18,232
Plant Pots Set #05280,Home & Garden,181.77,386.5,211,Warehouse D - North,73,668
Wiper Blades Pair #05281,Automotive Parts,213.62,344.31,488,Warehouse C - Central,68,586
Camping Chair #05282,Sports & Outdoors,76.1,150.95,29,Warehouse A - East,36,456
Stuffed Animal Bear #05283,Toys & Games,201.87,421.78,103,Warehouse A - East,55,990
Ergonomic Office Chair #05284,Furniture,36.65,73.03,293,Warehouse B - West,50,580
Coffee Beans 1kg #05285,Food & Beverage,135.26,289.14,69,Warehouse B - West,34,907
Dark Chocolate Box #05286,Food & Beverage,236.66,298.44,186,Warehouse C - Central,18,518
Cooler Box 40L #05287,Sports & Outdoors,196.8,349.73,73,Warehouse A - East,58,456
Power Strip 6-Outlet #05288,Home & Garden,200.47,344.91,197,Warehouse A - East,66,488
Tent 4-Person #05289,Sports & Outdoors,249.77,538.9,152,Warehouse D - North,49,719
Power Strip 6-Outlet #05290,Home & Garden,28.63,69.11,215,Warehouse B - West,46,775
Thermometer Digital #05291,Health & Beauty,35.68,74.62,427,Warehouse A - East,68,455
Thermal Underwear #05292,Clothing,71.9,125.08,167,Warehouse C - Central,71,372
Cargo Shorts #05293,Clothing,10.33,15.07,408,Warehouse B - West,56,719
Floor Mats Set #05294,Automotive Parts,192.57,263.26,279,Warehouse C - Central,33,749
Scissors 3pk #05295,Office Supplies,151.44,191.46,342,Warehouse C - Central,48,817
Storage Ottoman #05296,Furniture,170.32,272.62,298,Warehouse C - Central,18,967
Headlamp LED #05297,Sports & Outdoors,164.89,254.89,152,Warehouse C - Central,65,457
Work Boots #05298,Clothing,206.52,239.14,132,Warehouse B - West,19,579
Sunscreen SPF50 #05299,Health & Beauty,244.62,571.54,377,Warehouse D - North,77,584
File Folders 20pk #05300,Office Supplies,83.9,152.41,4,Warehouse D - North,18,714
Headlight Bulb Pair #05301,Automotive Parts,172.5,376.41,63,Warehouse D - North,48,584
Laptop Cooling Pad #05302,Electronics,233.46,482.5,116,Warehouse B - West,64,701
Yoga Mat #05303,Sports & Outdoors,186.24,442.37,357,Warehouse C - Central,13,258
Floating Shelf Set #05304,Furniture,121.92,257.25,424,Warehouse C - Central,73,447
LED Bulb 4pk #05305,Home & Garden,168.88,218.34,50,Warehouse C - Central,38,879
Laptop Cooling Pad #05306,Electronics,122.86,243.8,410,Warehouse C - Central,21,594
Hiking Backpack #05307,Sports & Outdoors,82.26,114.31,176,Warehouse B - West,46,863
Desk Organizer #05308,Office Supplies,230.55,537.15,445,Warehouse D - North,26,978
Spark Plugs 4pk #05309,Automotive Parts,224.98,361.52,46,Warehouse A - East,55,896
Lawn Fertilizer #05310,Home & Garden,131.23,240.93,177,Warehouse D - North,55,960
Cable Management Tray #05311,Furniture,82.63,188.26,346,Warehouse D - North,63,282
Sprinkler System #05312,Home & Garden,246.47,580.07,22,Warehouse B - West,40,630
Paint Roller Set #05313,Home & Garden,103.02,120.44,291,Warehouse A - East,57,521
Garden Hose 30m #05314,Home & Garden,216.18,269.55,106,Warehouse B - West,52,625
Safety Vest Hi-Vis #05315,Clothing,66.68,110.12,38,Warehouse C - Central,75,352
Outdoor Solar Lights #05316,Home & Garden,102.21,199.43,41,Warehouse D - North,28,856
Art Supplies Box #05317,Toys & Games,211.72,498.43,285,Warehouse D - North,59,793
Whiteboard Markers 6pk #05318,Office Supplies,132.35,254.24,423,Warehouse D - North,74,842
Green Tea Box #05319,Food & Beverage,143.77,345.78,29,Warehouse D - North,54,365
Bluetooth Speaker #05320,Electronics,177.74,297.66,448,Warehouse C - Central,33,384
Rubik's Cube #05321,Toys & Games,21.49,31.98,120,Warehouse B - West,10,323
Car Battery #05322,Automotive Parts,102.53,244.8,392,Warehouse D - North,11,313
Tool Kit 50pc #05323,Home & Garden,243.31,527.19,46,Warehouse B - West,74,635
Spark Plugs 4pk #05324,Automotive Parts,163.59,372.94,185,Warehouse D - North,54,431
HDMI Cable 2m #05325,Electronics,197.45,273.39,6,Warehouse C - Central,62,393
Plant Pots Set #05326,Home & Garden,53.11,113.91,251,Warehouse D - North,68,582
Rubik's Cube #05327,Toys & Games,73.75,161.11,266,Warehouse A - East,49,266
Hand Sanitizer 500ml #05328,Health & Beauty,209.85,442.45,111,Warehouse B - West,30,680
Webcam HD #05329,Electronics,188.59,295.43,268,Warehouse D - North,32,926
Face Masks 50pk #05330,Health & Beauty,246.77,352.75,406,Warehouse B - West,51,330
Headlamp LED #05331,Sports & Outdoors,22.05,41.93,353,Warehouse B - West,29,213
Printer Paper A4 #05332,Office Supplies,172.31,298.01,422,Warehouse D - North,52,717
Cargo Shorts #05333,Clothing,18.64,29.86,470,Warehouse A - East,18,927
Monitor Arm #05334,Furniture,232.67,425.41,40,Warehouse A - East,69,696
Dark Chocolate Box #05335,Food & Beverage,99.04,165.36,117,Warehouse C - Central,60,866
Air Filter #05336,Automotive Parts,127.77,259.06,81,Warehouse C - Central,63,534
Yoga Mat #05337,Sports & Outdoors,49.74,122.82,251,Warehouse B - West,16,934
Card Game Set #05338,Toys & Games,247.0,294.34,115,Warehouse B - West,72,569
Tent 4-Person #05339,Sports & Outdoors,172.75,354.05,55,Warehouse C - Central,35,359
Water Bottle 1L #05340,Sports & Outdoors,211.67,371.5,352,Warehouse D - North,52,624
Drafting Chair #05341,Furniture,158.58,192.52,412,Warehouse C - Central,41,255
Sprinkler System #05342,Home & Garden,114.78,141.54,404,Warehouse D - North,18,328
Water Bottle 1L #05343,Sports & Outdoors,72.44,166.85,149,Warehouse A - East,79,818
File Folders 20pk #05344,Office Supplies,41.67,88.61,489,Warehouse B - West,74,443
Monitor Light Bar #05345,Electronics,178.83,284.84,141,Warehouse D - North,69,652
Paint Roller Set #05346,Home & Garden,144.44,214.09,371,Warehouse C - Central,20,618
Jump Starter #05347,Automotive Parts,210.11,280.68,461,Warehouse D - North,31,337
Drafting Chair #05348,Furniture,164.57,335.12,362,Warehouse C - Central,13,334
Whiteboard Markers 6pk #05349,Office Supplies,145.94,226.25,343,Warehouse C - Central,42,958
Floor Mats Set #05350,Automotive Parts,208.75,518.14,442,Warehouse B - West,60,278
Scissors 3pk #05351,Office Supplies,211.37,341.02,174,Warehouse A - East,12,995
Building Blocks 500pc #05352,Toys & Games,174.97,341.6,368,Warehouse D - North,61,962
Binder Clips Assorted #05353,Office Supplies,37.13,53.14,356,Warehouse B - West,56,974
LED Bulb 4pk #05354,Home & Garden,231.07,446.4,145,Warehouse D - North,21,357
HDMI Cable 2m #05355,Electronics,96.95,185.04,167,Warehouse A - East,39,619
Stapler Heavy Duty #05356,Office Supplies,134.66,335.79,224,Warehouse B - West,27,200
Monitor Light Bar #05357,Electronics,214.76,311.77,324,Warehouse A - East,37,763
Bookshelf 5-Tier #05358,Furniture,4.83,11.51,316,Warehouse D - North,64,605
Tool Kit 50pc #05359,Home & Garden,111.83,271.16,102,Warehouse C - Central,66,428
Aloe Vera Gel #05360,Health & Beauty,57.5,135.66,185,Warehouse A - East,63,694
Spark Plugs 4pk #05361,Automotive Parts,26.96,53.89,1,Warehouse C - Central,54,615
Car Battery #05362,Automotive Parts,210.07,481.65,301,Warehouse D - North,62,700
Power Bank 20000mAh #05363,Electronics,66.64,150.29,103,Warehouse D - North,41,277
Face Masks 50pk #05364,Health & Beauty,150.05,292.14,380,Warehouse D - North,53,477
Label Maker #05365,Office Supplies,134.1,289.31,123,Warehouse C - Central,16,973
Scissors 3pk #05366,Office Supplies,108.33,142.79,435,Warehouse B - West,30,538
Bookshelf 5-Tier #05367,Furniture,241.97,539.86,216,Warehouse C - Central,63,330
Eye Drops #05368,Health & Beauty,194.78,459.23,351,Warehouse C - Central,14,777
Printer Paper A4 #05369,Office Supplies,77.85,178.8,399,Warehouse A - East,47,595
Sleeping Bag #05370,Sports & Outdoors,197.29,431.58,6,Warehouse A - East,15,226
LEGO Technic Set #05371,Toys & Games,15.79,37.11,17,Warehouse C - Central,67,414
Bandages Assorted #05372,Health & Beauty,111.37,242.08,118,Warehouse D - North,49,945
Moisturizer Pump #05373,Health & Beauty,211.45,458.18,118,Warehouse C - Central,14,767
Filing Cabinet #05374,Furniture,28.61,53.42,484,Warehouse A - East,58,709
Binder Clips Assorted #05375,Office Supplies,37.58,53.42,6,Warehouse B - West,54,500
Label Maker #05376,Office Supplies,64.77,143.82,89,Warehouse A - East,55,845
Standing Desk #05377,Furniture,241.69,468.14,21,Warehouse C - Central,35,973
Card Game Set #05378,Toys & Games,215.24,251.71,150,Warehouse C - Central,31,877
Bookshelf 5-Tier #05379,Furniture,79.75,140.0,319,Warehouse B - West,14,946
Work Boots #05380,Clothing,140.34,295.85,347,Warehouse D - North,63,679
LED Bulb 4pk #05381,Home & Garden,248.45,415.6,84,Warehouse C - Central,77,791
Filing Cabinet #05382,Furniture,195.71,444.74,8,Warehouse D - North,37,777
Binder Clips Assorted #05383,Office Supplies,134.37,206.55,342,Warehouse A - East,34,221
Binder Clips Assorted #05384,Office Supplies,103.05,140.92,387,Warehouse D - North,36,848
Mechanical Keyboard #05385,Electronics,97.44,162.29,261,Warehouse D - North,31,204
Desk Lamp LED #05386,Furniture,233.48,444.77,282,Warehouse B - West,51,320
Green Tea Box #05387,Food & Beverage,21.26,37.94,212,Warehouse D - North,17,549
Jump Starter #05388,Automotive Parts,210.87,382.93,303,Warehouse B - West,27,921
USB Flash Drive 64GB #05389,Electronics,58.46,139.98,271,Warehouse D - North,66,527
Hand Sanitizer 500ml #05390,Health & Beauty,90.67,180.68,464,Warehouse A - East,33,443
Bottled Water Case #05391,Food & Beverage,5.21,9.07,271,Warehouse B - West,71,313
Insect Repellent #05392,Health & Beauty,119.09,286.28,193,Warehouse D - North,51,549
Filing Cabinet #05393,Furniture,231.01,353.55,430,Warehouse C - Central,63,688
Resistance Bands Set #05394,Sports & Outdoors,174.21,273.05,117,Warehouse B - West,67,564
Hiking Backpack #05395,Sports & Outdoors,180.36,444.22,152,Warehouse B - West,76,744
Water Bottle 1L #05396,Sports & Outdoors,180.63,367.37,485,Warehouse A - East,16,924
File Folders 20pk #05397,Office Supplies,237.17,516.69,52,Warehouse D - North,24,522
Wiper Blades Pair #05398,Automotive Parts,197.26,371.57,176,Warehouse D - North,19,527
Paint Roller Set #05399,Home & Garden,184.54,335.4,18,Warehouse D - North,57,261
Printer Paper A4 #05400,Office Supplies,242.7,457.54,258,Warehouse B - West,36,269
Bandages Assorted #05401,Health & Beauty,82.26,101.32,388,Warehouse D - North,72,527
Webcam HD #05402,Electronics,230.59,358.32,381,Warehouse B - West,54,585
Mixed Nuts 500g #05403,Food & Beverage,194.8,376.04,125,Warehouse C - Central,48,838
Winter Jacket #05404,Clothing,192.79,339.37,173,Warehouse C - Central,19,524
Car Charger Dual USB #05405,Automotive Parts,234.76,472.16,206,Warehouse A - East,34,748
Protein Bars 12pk #05406,Food & Beverage,240.46,599.65,378,Warehouse A - East,28,675
Garden Hose 30m #05407,Home & Garden,166.94,360.43,199,Warehouse D - North,30,932
Art Supplies Box #05408,Toys & Games,239.73,356.9,213,Warehouse D - North,33,420
Webcam HD #05409,Electronics,171.76,277.42,142,Warehouse D - North,70,773
Fleece Hoodie #05410,Clothing,132.6,254.67,444,Warehouse B - West,34,325
Windbreaker #05411,Clothing,143.83,219.87,395,Warehouse B - West,32,918
Rain Poncho #05412,Clothing,188.91,217.5,480,Warehouse C - Central,60,389
Dark Chocolate Box #05413,Food & Beverage,145.78,338.38,48,Warehouse C - Central,74,569
Camping Chair #05414,Sports & Outdoors,70.99,162.46,313,Warehouse B - West,31,525
Conference Table #05415,Furniture,191.92,233.96,118,Warehouse B - West,54,611
Webcam HD #05416,Electronics,226.34,308.73,77,Warehouse B - West,65,686
Tent 4-Person #05417,Sports & Outdoors,77.09,152.38,157,Warehouse D - North,67,793
Hiking Backpack #05418,Sports & Outdoors,26.86,60.92,257,Warehouse B - West,65,869
Filing Cabinet #05419,Furniture,38.64,82.99,187,Warehouse D - North,17,737
Rain Poncho #05420,Clothing,103.13,193.26,197,Warehouse B - West,47,840
Eye Drops #05421,Health & Beauty,97.88,203.11,268,Warehouse B - West,78,379
Smart Watch #05422,Electronics,44.16,72.34,224,Warehouse C - Central,32,733
Plant Pots Set #05423,Home & Garden,233.36,477.67,201,Warehouse D - North,36,279
Mixed Nuts 500g #05424,Food & Beverage,6.08,11.54,198,Warehouse D - North,15,305
Windbreaker #05425,Clothing,99.74,234.83,263,Warehouse B - West,11,441
Paint Roller Set #05426,Home & Garden,152.95,282.35,414,Warehouse D - North,46,883
Insect Repellent #05427,Health & Beauty,22.02,28.01,413,Warehouse B - West,40,460
Webcam HD #05428,Electronics,235.81,290.62,486,Warehouse D - North,22,597
Bottled Water Case #05429,Food & Beverage,109.02,270.3,497,Warehouse C - Central,28,736
Camping Chair #05430,Sports & Outdoors,77.89,120.08,1,Warehouse C - Central,78,850
Headlight Bulb Pair #05431,Automotive Parts,228.62,526.35,193,Warehouse C - Central,29,366
Standing Desk #05432,Furniture,159.2,293.0,269,Warehouse A - East,64,281
Hedge Trimmer #05433,Home & Garden,245.64,419.96,22,Warehouse D - North,17,387
Bluetooth Speaker #05434,Electronics,105.87,124.26,53,Warehouse C - Central,66,468
Honey Jar #05435,Food & Beverage,207.67,413.83,465,Warehouse C - Central,58,337
First Aid Kit #05436,Health & Beauty,241.17,412.92,320,Warehouse C - Central,72,758
Hiking Backpack #05437,Sports & Outdoors,218.66,316.65,423,Warehouse D - North,28,277
Yoga Mat #05438,Sports & Outdoors,218.96,521.14,140,Warehouse B - West,29,416
Foam Roller #05439,Sports & Outdoors,186.15,426.96,7,Warehouse A - East,68,278
Tablet Stand #05440,Electronics,117.09,161.77,264,Warehouse B - West,57,224
Dark Chocolate Box #05441,Food & Beverage,165.38,411.32,327,Warehouse D - North,13,635
Brake Pads Set #05442,Automotive Parts,64.64,103.99,476,Warehouse B - West,38,872
Floating Shelf Set #05443,Furniture,191.46,286.02,294,Warehouse C - Central,50,565
Bookshelf 5-Tier #05444,Furniture,141.6,315.7,282,Warehouse B - West,31,499
Polo Shirt #05445,Clothing,205.53,286.28,490,Warehouse C - Central,80,273
Polo Shirt #05446,Clothing,128.23,296.26,348,Warehouse A - East,55,342
Jump Starter #05447,Automotive Parts,137.79,180.82,417,Warehouse D - North,30,627
Cap Branded #05448,Clothing,241.29,554.7,388,Warehouse B - West,17,688
Winter Jacket #05449,Clothing,187.96,368.44,118,Warehouse A - East,47,444
Granola Bags #05450,Food & Beverage,188.1,309.1,379,Warehouse C - Central,31,698
Science Kit #05451,Toys & Games,203.89,451.46,122,Warehouse C - Central,39,717
Hand Sanitizer 500ml #05452,Health & Beauty,190.15,457.82,498,Warehouse D - North,39,693
Foam Roller #05453,Sports & Outdoors,54.2,105.06,136,Warehouse C - Central,29,948
Printer Paper A4 #05454,Office Supplies,49.39,122.5,267,Warehouse C - Central,62,855
Conference Table #05455,Furniture,140.04,284.94,424,Warehouse A - East,26,804
File Folders 20pk #05456,Office Supplies,203.41,325.28,29,Warehouse D - North,44,887
Desk Lamp LED #05457,Furniture,146.97,334.94,60,Warehouse D - North,26,416
Air Filter #05458,Automotive Parts,27.98,55.38,247,Warehouse C - Central,42,495
Headlight Bulb Pair #05459,Automotive Parts,173.34,332.26,354,Warehouse A - East,19,682
Car Battery #05460,Automotive Parts,213.82,248.75,102,Warehouse D - North,42,565
Label Maker #05461,Office Supplies,222.64,462.77,468,Warehouse C - Central,77,605
Wiper Blades Pair #05462,Automotive Parts,120.76,266.15,306,Warehouse D - North,58,614
SSD 1TB External #05463,Electronics,35.5,59.7,373,Warehouse C - Central,17,985
Car Battery #05464,Automotive Parts,27.68,32.08,54,Warehouse B - West,79,201
Sprinkler System #05465,Home & Garden,149.36,272.8,78,Warehouse C - Central,55,335
Bluetooth Speaker #05466,Electronics,55.55,82.41,186,Warehouse A - East,24,611
Fleece Hoodie #05467,Clothing,152.71,321.69,247,Warehouse B - West,66,582
Lawn Fertilizer #05468,Home & Garden,141.04,342.54,478,Warehouse A - East,16,422
Tool Kit 50pc #05469,Home & Garden,101.29,188.03,235,Warehouse C - Central,50,353
Ballpoint Pens 12pk #05470,Office Supplies,63.63,94.14,197,Warehouse B - West,44,360
Remote Control Car #05471,Toys & Games,4.83,11.79,390,Warehouse C - Central,55,446
Windbreaker #05472,Clothing,175.15,402.23,21,Warehouse C - Central,76,869
Protein Bars 12pk #05473,Food & Beverage,150.82,287.23,239,Warehouse A - East,40,497
Standing Desk #05474,Furniture,64.98,145.75,250,Warehouse C - Central,48,666
Face Masks 50pk #05475,Health & Beauty,123.38,253.81,334,Warehouse A - East,67,674
Insect Repellent #05476,Health & Beauty,238.29,286.85,213,Warehouse A - East,68,746
Card Game Set #05477,Toys & Games,92.42,205.08,500,Warehouse D - North,53,788
Wiper Blades Pair #05478,Automotive Parts,153.18,195.61,475,Warehouse B - West,14,879
Hand Sanitizer 500ml #05479,Health & Beauty,87.09,124.33,459,Warehouse A - East,61,754
Noise Cancelling Headphones #05480,Electronics,216.58,254.97,414,Warehouse D - North,24,922
Headlamp LED #05481,Sports & Outdoors,156.98,239.42,109,Warehouse B - West,14,685
Monitor Arm #05482,Furniture,126.71,281.36,233,Warehouse D - North,68,269
Drone Mini #05483,Toys & Games,27.02,42.76,236,Warehouse D - North,33,437
Dried Fruit Mix #05484,Food & Beverage,191.27,250.61,135,Warehouse D - North,78,539
Desk Organizer #05485,Office Supplies,106.06,255.56,56,Warehouse C - Central,28,594
Coolant 4L #05486,Automotive Parts,41.63,94.63,283,Warehouse A - East,28,988
Cotton T-Shirt Pack #05487,Clothing,190.02,378.54,434,Warehouse C - Central,78,721
Winter Jacket #05488,Clothing,145.21,299.07,32,Warehouse C - Central,61,226
Cable Management Tray #05489,Furniture,174.53,360.31,286,Warehouse B - West,52,576
Coolant 4L #05490,Automotive Parts,58.27,122.56,142,Warehouse D - North,37,666
Green Tea Box #05491,Food & Beverage,133.34,219.66,206,Warehouse D - North,73,222
Storage Ottoman #05492,Furniture,188.34,428.8,130,Warehouse A - East,80,927
Face Masks 50pk #05493,Health & Beauty,77.75,89.91,382,Warehouse D - North,44,237
Headlamp LED #05494,Sports & Outdoors,13.19,19.41,441,Warehouse D - North,25,252
Hand Sanitizer 500ml #05495,Health & Beauty,112.24,279.37,248,Warehouse D - North,30,798
Desk Organizer #05496,Office Supplies,42.01,89.88,257,Warehouse C - Central,52,967
Cotton T-Shirt Pack #05497,Clothing,231.13,497.52,132,Warehouse B - West,72,789
Resistance Bands Set #05498,Sports & Outdoors,199.65,402.65,305,Warehouse B - West,71,906
Lawn Fertilizer #05499,Home & Garden,158.51,369.96,141,Warehouse C - Central,67,950
Stapler Heavy Duty #05500,Office Supplies,209.41,439.35,481,Warehouse D - North,41,882
Ergonomic Office Chair #05501,Furniture,210.2,333.28,498,Warehouse A - East,28,563
Hedge Trimmer #05502,Home & Garden,202.03,357.68,285,Warehouse D - North,51,399
Wireless Charger #05503,Electronics,159.52,285.84,475,Warehouse A - East,38,917
Hand Sanitizer 500ml #05504,Health & Beauty,240.83,328.26,193,Warehouse C - Central,17,247
Filing Cabinet #05505,Furniture,225.29,383.48,203,Warehouse C - Central,73,676
Cotton T-Shirt Pack #05506,Clothing,194.55,223.89,56,Warehouse D - North,29,658
Floating Shelf Set #05507,Furniture,108.63,233.63,166,Warehouse C - Central,11,620
Windbreaker #05508,Clothing,115.71,222.02,311,Warehouse C - Central,13,904
Honey Jar #05509,Food & Beverage,137.84,177.25,465,Warehouse D - North,62,672
Safety Vest Hi-Vis #05510,Clothing,212.35,369.88,73,Warehouse B - West,54,519
Storage Ottoman #05511,Furniture,160.81,400.14,294,Warehouse C - Central,18,526
Paint Roller Set #05512,Home & Garden,221.68,292.67,214,Warehouse D - North,16,489
Car Charger Dual USB #05513,Automotive Parts,41.08,83.48,349,Warehouse A - East,36,646
Hedge Trimmer #05514,Home & Garden,227.2,359.51,407,Warehouse B - West,54,233
Garden Hose 30m #05515,Home & Garden,60.91,72.47,319,Warehouse A - East,70,431
Safety Vest Hi-Vis #05516,Clothing,198.65,408.67,417,Warehouse D - North,65,593
Lawn Fertilizer #05517,Home & Garden,242.59,372.8,2,Warehouse B - West,51,439
Sunscreen SPF50 #05518,Health & Beauty,157.55,319.84,354,Warehouse C - Central,62,778
Energy Drinks 24pk #05519,Food & Beverage,57.47,79.02,494,Warehouse D - North,74,963
Floating Shelf Set #05520,Furniture,138.44,161.45,283,Warehouse A - East,18,445
Hiking Backpack #05521,Sports & Outdoors,57.64,75.29,193,Warehouse D - North,66,771
Vitamin C Tablets #05522,Health & Beauty,84.4,139.48,209,Warehouse A - East,24,522
SSD 1TB External #05523,Electronics,4.76,10.2,340,Warehouse A - East,56,709
Water Bottle 1L #05524,Sports & Outdoors,156.48,258.85,287,Warehouse D - North,61,744
Lip Balm Pack #05525,Health & Beauty,24.97,54.75,175,Warehouse D - North,79,803
Cap Branded #05526,Clothing,141.21,276.14,447,Warehouse C - Central,61,452
LED Bulb 4pk #05527,Home & Garden,10.68,21.63,171,Warehouse C - Central,54,264
Floating Shelf Set #05528,Furniture,200.48,488.07,446,Warehouse C - Central,67,911
Drafting Chair #05529,Furniture,51.79,120.91,128,Warehouse A - East,52,423
Cotton T-Shirt Pack #05530,Clothing,201.05,303.71,444,Warehouse A - East,42,542
Drafting Chair #05531,Furniture,248.41,427.56,81,Warehouse C - Central,24,402
Garden Hose 30m #05532,Home & Garden,100.38,208.03,39,Warehouse D - North,50,352
Jump Rope #05533,Sports & Outdoors,39.49,52.94,433,Warehouse D - North,43,992
Laptop Cooling Pad #05534,Electronics,169.77,216.96,1,Warehouse A - East,23,476
Thermal Underwear #05535,Clothing,180.69,225.43,285,Warehouse A - East,78,479
Envelopes 100pk #05536,Office Supplies,220.17,448.86,126,Warehouse C - Central,67,986
Label Maker #05537,Office Supplies,191.55,443.84,372,Warehouse D - North,25,339
Ballpoint Pens 12pk #05538,Office Supplies,122.91,294.99,127,Warehouse A - East,11,945
Printer Paper A4 #05539,Office Supplies,82.26,154.77,303,Warehouse A - East,11,537
Ballpoint Pens 12pk #05540,Office Supplies,68.41,96.46,144,Warehouse A - East,13,548
Desk Organizer #05541,Office Supplies,29.85,63.41,24,Warehouse B - West,53,585
Tent 4-Person #05542,Sports & Outdoors,130.52,295.22,221,Warehouse B - West,14,849
Filing Cabinet #05543,Furniture,249.91,320.19,359,Warehouse C - Central,63,782
LED Bulb 4pk #05544,Home & Garden,222.65,544.84,38,Warehouse D - North,30,497
Jump Starter #05545,Automotive Parts,194.39,261.39,58,Warehouse C - Central,29,922
Chess Set Wooden #05546,Toys & Games,216.26,364.47,81,Warehouse C - Central,16,668
Chess Set Wooden #05547,Toys & Games,206.25,455.32,134,Warehouse A - East,51,813
Fleece Hoodie #05548,Clothing,3.12,6.03,0,Warehouse A - East,41,429
Face Masks 50pk #05549,Health & Beauty,109.32,187.3,351,Warehouse A - East,55,707
Lawn Fertilizer #05550,Home & Garden,89.9,206.62,470,Warehouse A - East,75,846
Coffee Beans 1kg #05551,Food & Beverage,72.78,140.16,176,Warehouse B - West,17,510
Envelopes 100pk #05552,Office Supplies,169.5,285.56,332,Warehouse C - Central,22,607
Yoga Mat #05553,Sports & Outdoors,133.03,178.88,370,Warehouse B - West,51,394
Work Boots #05554,Clothing,7.7,19.21,138,Warehouse D - North,80,700
First Aid Kit #05555,Health & Beauty,229.38,391.75,457,Warehouse C - Central,37,885
Hiking Backpack #05556,Sports & Outdoors,64.32,121.21,60,Warehouse A - East,74,963
Binoculars #05557,Sports & Outdoors,51.62,76.46,452,Warehouse B - West,14,730
Foam Roller #05558,Sports & Outdoors,159.11,381.77,430,Warehouse D - North,28,891
Scissors 3pk #05559,Office Supplies,89.51,168.88,261,Warehouse B - West,25,803
HDMI Cable 2m #05560,Electronics,153.75,254.21,313,Warehouse C - Central,35,382
Science Kit #05561,Toys & Games,202.94,494.16,223,Warehouse B - West,30,342
Sprinkler System #05562,Home & Garden,60.52,135.47,240,Warehouse C - Central,53,436
Computer Desk #05563,Furniture,53.05,113.97,360,Warehouse D - North,54,547
Desk Organizer #05564,Office Supplies,195.21,233.11,463,Warehouse A - East,27,726
Floating Shelf Set #05565,Furniture,125.29,258.75,13,Warehouse C - Central,63,333
Yoga Mat #05566,Sports & Outdoors,35.11,58.7,388,Warehouse D - North,46,473
Energy Drinks 24pk #05567,Food & Beverage,167.4,255.24,450,Warehouse B - West,46,913
Building Blocks 500pc #05568,Toys & Games,9.6,13.85,486,Warehouse A - East,40,953
Tape Dispenser #05569,Office Supplies,209.82,453.29,494,Warehouse A - East,69,786
Lawn Fertilizer #05570,Home & Garden,160.65,392.89,131,Warehouse B - West,70,693
Laptop Cooling Pad #05571,Electronics,231.83,291.48,446,Warehouse A - East,17,502
Binder Clips Assorted #05572,Office Supplies,128.31,190.32,239,Warehouse A - East,32,603
Monitor Arm #05573,Furniture,137.47,245.09,243,Warehouse B - West,54,859
Granola Bags #05574,Food & Beverage,233.24,313.09,166,Warehouse B - West,37,805
Puzzle 1000pc #05575,Toys & Games,35.22,46.6,453,Warehouse D - North,73,688
Cotton T-Shirt Pack #05576,Clothing,115.13,188.68,345,Warehouse B - West,53,249
Monitor Arm #05577,Furniture,201.52,374.72,176,Warehouse A - East,33,295
Aloe Vera Gel #05578,Health & Beauty,78.63,196.07,116,Warehouse B - West,58,394
Science Kit #05579,Toys & Games,178.45,333.92,277,Warehouse B - West,74,504
Wireless Charger #05580,Electronics,187.52,384.54,236,Warehouse B - West,52,904
Tent 4-Person #05581,Sports & Outdoors,126.74,247.39,228,Warehouse D - North,70,257
Rubik's Cube #05582,Toys & Games,238.14,540.5,349,Warehouse C - Central,32,738
Protein Bars 12pk #05583,Food & Beverage,162.01,198.25,498,Warehouse D - North,50,517
Storage Ottoman #05584,Furniture,178.75,375.47,242,Warehouse D - North,47,621
Car Charger Dual USB #05585,Automotive Parts,166.8,207.19,389,Warehouse B - West,76,644
Hedge Trimmer #05586,Home & Garden,230.04,535.69,445,Warehouse C - Central,51,833
Sleeping Bag #05587,Sports & Outdoors,35.5,87.43,58,Warehouse D - North,52,966
Work Boots #05588,Clothing,238.31,380.93,322,Warehouse C - Central,16,289
Wiper Blades Pair #05589,Automotive Parts,124.59,239.31,70,Warehouse B - West,61,890
Envelopes 100pk #05590,Office Supplies,96.01,218.07,149,Warehouse D - North,73,895
Building Blocks 500pc #05591,Toys & Games,177.58,337.02,323,Warehouse A - East,29,338
Noise Cancelling Headphones #05592,Electronics,180.09,237.09,403,Warehouse C - Central,13,299
Rain Poncho #05593,Clothing,204.62,419.79,305,Warehouse B - West,17,604
Resistance Bands Set #05594,Sports & Outdoors,81.81,129.79,174,Warehouse A - East,23,459
Rubik's Cube #05595,Toys & Games,100.59,129.01,357,Warehouse A - East,11,879
Laptop Cooling Pad #05596,Electronics,67.76,163.92,263,Warehouse C - Central,71,387
Cargo Shorts #05597,Clothing,45.27,104.49,460,Warehouse D - North,47,937
Extension Cord 10m #05598,Home & Garden,176.54,233.65,152,Warehouse A - East,76,403
Resistance Bands Set #05599,Sports & Outdoors,115.25,223.76,79,Warehouse B - West,52,265
Dried Fruit Mix #05600,Food & Beverage,53.01,128.45,167,Warehouse D - North,39,642
Tent 4-Person #05601,Sports & Outdoors,112.98,203.76,227,Warehouse B - West,37,456
Extension Cord 10m #05602,Home & Garden,133.94,241.21,24,Warehouse A - East,36,881
Bluetooth Speaker #05603,Electronics,177.8,346.16,306,Warehouse A - East,21,462
Floor Mats Set #05604,Automotive Parts,20.6,48.59,321,Warehouse A - East,33,722
Garden Hose 30m #05605,Home & Garden,235.21,585.26,305,Warehouse C - Central,14,692
Lawn Fertilizer #05606,Home & Garden,222.07,548.98,309,Warehouse C - Central,73,884
Air Filter #05607,Automotive Parts,198.83,469.68,383,Warehouse A - East,21,670
Winter Jacket #05608,Clothing,192.48,317.04,216,Warehouse B - West,74,872
Webcam HD #05609,Electronics,40.1,87.1,198,Warehouse B - West,57,932
Camping Chair #05610,Sports & Outdoors,133.94,285.6,455,Warehouse B - West,58,701
Cooler Box 40L #05611,Sports & Outdoors,4.61,11.34,388,Warehouse A - East,21,964
Air Filter #05612,Automotive Parts,131.6,191.14,304,Warehouse D - North,48,672
Face Masks 50pk #05613,Health & Beauty,104.97,216.86,481,Warehouse D - North,19,387
Conference Table #05614,Furniture,153.13,308.2,311,Warehouse D - North,36,872
Green Tea Box #05615,Food & Beverage,193.19,325.15,440,Warehouse D - North,66,541
Lip Balm Pack #05616,Health & Beauty,57.3,133.0,19,Warehouse C - Central,50,265
Lawn Fertilizer #05617,Home & Garden,55.99,65.64,333,Warehouse D - North,60,405
Windbreaker #05618,Clothing,231.54,514.0,27,Warehouse A - East,55,895
Paint Roller Set #05619,Home & Garden,16.01,29.44,445,Warehouse A - East,17,507
Filing Cabinet #05620,Furniture,185.74,304.86,442,Warehouse D - North,35,904
Olive Oil 500ml #05621,Food & Beverage,105.07,252.89,247,Warehouse C - Central,30,983
Rubik's Cube #05622,Toys & Games,136.94,238.95,240,Warehouse C - Central,17,542
Aloe Vera Gel #05623,Health & Beauty,149.0,315.02,18,Warehouse B - West,70,291
Drone Mini #05624,Toys & Games,97.28,212.41,476,Warehouse C - Central,22,533
Sticky Notes 8pk #05625,Office Supplies,243.54,589.38,4,Warehouse B - West,16,872
Remote Control Car #05626,Toys & Games,55.79,116.53,53,Warehouse D - North,37,331
Envelopes 100pk #05627,Office Supplies,50.37,113.37,215,Warehouse A - East,12,360
Bottled Water Case #05628,Food & Beverage,189.95,434.95,147,Warehouse D - North,19,568
Brake Pads Set #05629,Automotive Parts,173.91,374.17,34,Warehouse B - West,77,472
Resistance Bands Set #05630,Sports & Outdoors,181.16,294.71,211,Warehouse D - North,20,684
Camping Chair #05631,Sports & Outdoors,140.38,191.1,112,Warehouse B - West,57,570
File Folders 20pk #05632,Office Supplies,139.98,287.25,445,Warehouse A - East,65,399
Safety Vest Hi-Vis #05633,Clothing,137.64,319.9,90,Warehouse C - Central,38,441
Rain Poncho #05634,Clothing,213.76,397.95,254,Warehouse B - West,23,583
Sleeping Bag #05635,Sports & Outdoors,162.93,253.43,482,Warehouse C - Central,30,620
Car Battery #05636,Automotive Parts,104.27,215.05,164,Warehouse B - West,14,665
Binder Clips Assorted #05637,Office Supplies,27.47,31.95,494,Warehouse C - Central,25,763
Noise Cancelling Headphones #05638,Electronics,137.49,331.59,245,Warehouse C - Central,50,612
Yoga Mat #05639,Sports & Outdoors,187.3,300.97,56,Warehouse A - East,11,527
Ergonomic Office Chair #05640,Furniture,141.38,285.07,455,Warehouse D - North,63,698
Lip Balm Pack #05641,Health & Beauty,125.89,158.26,108,Warehouse D - North,67,744
Tool Kit 50pc #05642,Home & Garden,207.86,459.54,151,Warehouse C - Central,59,981
Mixed Nuts 500g #05643,Food & Beverage,60.02,135.24,226,Warehouse D - North,45,961
Mixed Nuts 500g #05644,Food & Beverage,238.26,459.64,440,Warehouse D - North,28,359
Rain Poncho #05645,Clothing,30.38,72.87,176,Warehouse B - West,10,385
Car Battery #05646,Automotive Parts,53.27,124.98,255,Warehouse C - Central,41,495
Power Bank 20000mAh #05647,Electronics,240.98,314.64,148,Warehouse A - East,11,527
Eye Drops #05648,Health & Beauty,34.38,58.88,319,Warehouse D - North,71,856
Thermal Underwear #05649,Clothing,20.86,34.0,300,Warehouse B - West,72,661
Lawn Fertilizer #05650,Home & Garden,5.99,11.2,379,Warehouse A - East,50,794
Chess Set Wooden #05651,Toys & Games,25.1,54.33,248,Warehouse D - North,39,598
Jump Rope #05652,Sports & Outdoors,154.27,311.85,269,Warehouse D - North,54,736
Aloe Vera Gel #05653,Health & Beauty,187.38,388.27,177,Warehouse A - East,56,663
Green Tea Box #05654,Food & Beverage,200.35,395.95,129,Warehouse D - North,43,470
Storage Ottoman #05655,Furniture,62.3,119.12,92,Warehouse C - Central,53,690
Floor Mats Set #05656,Automotive Parts,121.88,179.16,327,Warehouse B - West,30,281
Honey Jar #05657,Food & Beverage,69.99,123.49,189,Warehouse A - East,59,274
Envelopes 100pk #05658,Office Supplies,208.49,371.79,191,Warehouse B - West,73,806
Windbreaker #05659,Clothing,48.47,94.65,327,Warehouse C - Central,13,261
Board Game Classic #05660,Toys & Games,81.28,131.95,58,Warehouse D - North,66,435
Binoculars #05661,Sports & Outdoors,92.35,110.24,373,Warehouse B - West,18,785
Lip Balm Pack #05662,Health & Beauty,231.54,357.06,64,Warehouse B - West,70,305
Olive Oil 500ml #05663,Food & Beverage,60.1,145.2,466,Warehouse D - North,17,993
Jump Rope #05664,Sports & Outdoors,52.14,121.71,99,Warehouse D - North,57,827
Sleeping Bag #05665,Sports & Outdoors,168.3,198.12,202,Warehouse B - West,30,715
Drafting Chair #05666,Furniture,102.03,117.35,250,Warehouse C - Central,72,982
Car Charger Dual USB #05667,Automotive Parts,163.61,310.08,398,Warehouse D - North,70,394
Tool Kit 50pc #05668,Home & Garden,13.76,33.14,233,Warehouse B - West,38,794
Lawn Fertilizer #05669,Home & Garden,104.15,199.81,336,Warehouse C - Central,73,715
Yoga Mat #05670,Sports & Outdoors,198.16,429.61,351,Warehouse C - Central,47,484
SSD 1TB External #05671,Electronics,176.66,346.4,80,Warehouse A - East,13,902
Monitor Light Bar #05672,Electronics,111.48,163.02,93,Warehouse C - Central,28,614
Cotton T-Shirt Pack #05673,Clothing,130.16,210.42,197,Warehouse C - Central,40,216
Card Game Set #05674,Toys & Games,168.34,361.27,217,Warehouse A - East,73,323
Floor Mats Set #05675,Automotive Parts,81.23,157.46,430,Warehouse C - Central,66,368
Binoculars #05676,Sports & Outdoors,24.46,57.16,402,Warehouse A - East,80,671
Label Maker #05677,Office Supplies,126.2,146.35,168,Warehouse B - West,50,983
Printer Paper A4 #05678,Office Supplies,92.41,198.8,173,Warehouse D - North,71,345
Binder Clips Assorted #05679,Office Supplies,217.87,528.66,17,Warehouse A - East,68,958
Resistance Bands Set #05680,Sports & Outdoors,199.78,459.55,209,Warehouse B - West,63,659
Bookshelf 5-Tier #05681,Furniture,134.61,212.51,280,Warehouse D - North,41,766
USB Flash Drive 64GB #05682,Electronics,232.95,419.95,483,Warehouse B - West,76,541
Headlight Bulb Pair #05683,Automotive Parts,219.6,417.59,79,Warehouse B - West,24,495
First Aid Kit #05684,Health & Beauty,57.23,73.81,123,Warehouse B - West,10,636
Board Game Classic #05685,Toys & Games,207.56,386.97,271,Warehouse D - North,37,234
Whiteboard Markers 6pk #05686,Office Supplies,171.5,313.42,500,Warehouse A - East,64,997
Plant Pots Set #05687,Home & Garden,42.15,78.96,217,Warehouse D - North,53,882
Monitor Light Bar #05688,Electronics,100.97,181.65,478,Warehouse C - Central,54,777
Wiper Blades Pair #05689,Automotive Parts,184.28,399.35,167,Warehouse A - East,47,302
Cooler Box 40L #05690,Sports & Outdoors,189.79,389.69,226,Warehouse B - West,71,874
Yoga Mat #05691,Sports & Outdoors,74.83,104.12,352,Warehouse A - East,78,866
Tablet Stand #05692,Electronics,136.06,215.28,166,Warehouse B - West,77,658
Energy Drinks 24pk #05693,Food & Beverage,122.14,188.6,184,Warehouse B - West,70,844
Noise Cancelling Headphones #05694,Electronics,7.28,11.2,58,Warehouse A - East,12,493
Yoga Mat #05695,Sports & Outdoors,197.72,423.6,479,Warehouse B - West,48,793
Storage Ottoman #05696,Furniture,95.99,178.16,60,Warehouse A - East,64,984
Desk Lamp LED #05697,Furniture,159.53,319.07,496,Warehouse B - West,65,291
Hand Sanitizer 500ml #05698,Health & Beauty,176.75,308.36,335,Warehouse A - East,55,246
USB Flash Drive 64GB #05699,Electronics,207.66,332.92,154,Warehouse B - West,14,856
Cargo Shorts #05700,Clothing,120.43,204.52,456,Warehouse D - North,14,866
Insect Repellent #05701,Health & Beauty,197.83,394.11,170,Warehouse C - Central,65,864
Printer Paper A4 #05702,Office Supplies,230.24,334.79,335,Warehouse B - West,60,416
Paint Roller Set #05703,Home & Garden,122.84,285.68,155,Warehouse A - East,56,533
Motor Oil 5W-30 #05704,Automotive Parts,131.95,191.1,178,Warehouse C - Central,18,981
Winter Jacket #05705,Clothing,69.49,139.58,401,Warehouse B - West,62,611
Board Game Classic #05706,Toys & Games,193.06,412.18,133,Warehouse A - East,55,416
Face Masks 50pk #05707,Health & Beauty,243.28,576.08,281,Warehouse D - North,79,954
Spark Plugs 4pk #05708,Automotive Parts,43.1,67.96,154,Warehouse D - North,11,903
Cable Management Tray #05709,Furniture,110.51,211.32,257,Warehouse A - East,67,415
Motor Oil 5W-30 #05710,Automotive Parts,238.2,435.06,59,Warehouse A - East,60,616
Coffee Beans 1kg #05711,Food & Beverage,59.0,117.77,150,Warehouse A - East,58,817
Rain Poncho #05712,Clothing,25.79,31.56,195,Warehouse C - Central,42,533
Lawn Fertilizer #05713,Home & Garden,248.84,410.36,118,Warehouse C - Central,24,358
Bottled Water Case #05714,Food & Beverage,28.79,50.26,303,Warehouse D - North,74,663
Safety Vest Hi-Vis #05715,Clothing,197.08,477.83,299,Warehouse C - Central,55,710
Car Battery #05716,Automotive Parts,92.24,175.23,323,Warehouse D - North,74,831
Floating Shelf Set #05717,Furniture,226.13,459.1,45,Warehouse D - North,53,992
Storage Ottoman #05718,Furniture,11.13,16.97,195,Warehouse C - Central,20,471
Brake Pads Set #05719,Automotive Parts,224.37,358.88,434,Warehouse A - East,43,468
Water Bottle 1L #05720,Sports & Outdoors,108.67,166.62,176,Warehouse B - West,74,957
Science Kit #05721,Toys & Games,185.16,284.38,188,Warehouse A - East,42,288
Granola Bags #05722,Food & Beverage,204.81,389.73,130,Warehouse D - North,74,696
Polo Shirt #05723,Clothing,151.53,340.08,413,Warehouse B - West,34,654
Science Kit #05724,Toys & Games,232.87,499.16,159,Warehouse D - North,32,686
Laptop Cooling Pad #05725,Electronics,200.81,307.19,346,Warehouse D - North,25,518
Lip Balm Pack #05726,Health & Beauty,2.84,3.92,355,Warehouse C - Central,25,394
Dried Fruit Mix #05727,Food & Beverage,40.42,65.76,197,Warehouse B - West,21,770
Fleece Hoodie #05728,Clothing,180.53,410.17,106,Warehouse A - East,78,461
Camping Chair #05729,Sports & Outdoors,19.95,23.18,341,Warehouse B - West,55,479
Water Bottle 1L #05730,Sports & Outdoors,216.84,348.68,188,Warehouse A - East,61,754
Whiteboard Markers 6pk #05731,Office Supplies,162.51,302.2,88,Warehouse B - West,11,649
Brake Pads Set #05732,Automotive Parts,39.52,55.49,157,Warehouse B - West,14,908
Remote Control Car #05733,Toys & Games,123.2,297.41,375,Warehouse D - North,41,355
Air Filter #05734,Automotive Parts,113.92,168.51,449,Warehouse D - North,62,328
Coolant 4L #05735,Automotive Parts,108.53,167.51,451,Warehouse A - East,52,718
LEGO Technic Set #05736,Toys & Games,211.44,460.75,275,Warehouse D - North,67,855
Insect Repellent #05737,Health & Beauty,172.13,424.66,148,Warehouse B - West,44,821
Filing Cabinet #05738,Furniture,105.44,170.59,453,Warehouse D - North,73,360
Sprinkler System #05739,Home & Garden,66.64,149.96,493,Warehouse C - Central,10,903
Bottled Water Case #05740,Food & Beverage,162.99,384.94,330,Warehouse B - West,74,414
Webcam HD #05741,Electronics,20.76,27.33,365,Warehouse D - North,36,309
Headlight Bulb Pair #05742,Automotive Parts,5.67,8.38,21,Warehouse B - West,36,767
Mixed Nuts 500g #05743,Food & Beverage,27.25,43.07,498,Warehouse A - East,22,724
Storage Ottoman #05744,Furniture,101.9,191.55,5,Warehouse D - North,30,455
Rain Poncho #05745,Clothing,16.46,21.58,305,Warehouse C - Central,38,712
Green Tea Box #05746,Food & Beverage,29.37,44.72,453,Warehouse D - North,40,776
Ballpoint Pens 12pk #05747,Office Supplies,91.15,135.1,414,Warehouse A - East,21,525
Tablet Stand #05748,Electronics,95.64,165.03,256,Warehouse B - West,63,387
Extension Cord 10m #05749,Home & Garden,16.78,28.29,486,Warehouse B - West,28,620
Winter Jacket #05750,Clothing,215.98,392.55,327,Warehouse C - Central,26,348
Monitor Arm #05751,Furniture,195.89,487.91,74,Warehouse A - East,64,856
Energy Drinks 24pk #05752,Food & Beverage,12.69,21.72,33,Warehouse C - Central,17,742
USB-C Hub #05753,Electronics,82.12,147.66,314,Warehouse A - East,73,867
Power Strip 6-Outlet #05754,Home & Garden,177.86,416.86,32,Warehouse D - North,14,777
Water Bottle 1L #05755,Sports & Outdoors,217.08,373.5,202,Warehouse A - East,63,583
Binder Clips Assorted #05756,Office Supplies,105.85,135.01,200,Warehouse C - Central,30,316
SSD 1TB External #05757,Electronics,238.55,426.03,100,Warehouse D - North,16,738
Conference Table #05758,Furniture,189.1,365.16,99,Warehouse B - West,11,817
Monitor Light Bar #05759,Electronics,14.91,34.17,378,Warehouse D - North,60,381
SSD 1TB External #05760,Electronics,3.8,5.28,333,Warehouse C - Central,46,704
File Folders 20pk #05761,Office Supplies,223.42,392.32,267,Warehouse B - West,78,742
Filing Cabinet #05762,Furniture,43.72,63.76,60,Warehouse B - West,52,378
Remote Control Car #05763,Toys & Games,44.88,86.44,343,Warehouse C - Central,32,989
Hand Sanitizer 500ml #05764,Health & Beauty,29.81,58.13,436,Warehouse C - Central,41,763
Tire Pressure Gauge #05765,Automotive Parts,74.33,149.79,259,Warehouse C - Central,78,611
Sleeping Bag #05766,Sports & Outdoors,68.53,129.33,29,Warehouse B - West,70,844
Bandages Assorted #05767,Health & Beauty,55.74,95.04,306,Warehouse D - North,76,447
Camping Chair #05768,Sports & Outdoors,244.56,495.7,331,Warehouse C - Central,12,486
Binder Clips Assorted #05769,Office Supplies,135.84,222.39,6,Warehouse D - North,73,965
Smart Watch #05770,Electronics,146.1,312.34,59,Warehouse A - East,66,348
Filing Cabinet #05771,Furniture,191.94,477.62,361,Warehouse C - Central,74,202
Mixed Nuts 500g #05772,Food & Beverage,60.65,135.76,191,Warehouse D - North,63,794
Hand Sanitizer 500ml #05773,Health & Beauty,30.65,38.7,207,Warehouse B - West,13,292
Energy Drinks 24pk #05774,Food & Beverage,48.03,110.3,222,Warehouse D - North,31,378
Tablet Stand #05775,Electronics,142.63,178.9,198,Warehouse D - North,45,333
Tool Kit 50pc #05776,Home & Garden,59.31,98.56,149,Warehouse B - West,16,762
Green Tea Box #05777,Food & Beverage,3.93,7.04,353,Warehouse C - Central,67,323
Hiking Backpack #05778,Sports & Outdoors,230.47,342.84,171,Warehouse C - Central,24,818
Noise Cancelling Headphones #05779,Electronics,20.25,47.78,5,Warehouse C - Central,10,975
Plant Pots Set #05780,Home & Garden,199.89,292.68,183,Warehouse B - West,30,627
Sleeping Bag #05781,Sports & Outdoors,93.53,167.14,221,Warehouse B - West,40,570
First Aid Kit #05782,Health & Beauty,61.47,149.13,76,Warehouse D - North,33,739
Brake Pads Set #05783,Automotive Parts,15.47,26.44,380,Warehouse B - West,64,222
Insect Repellent #05784,Health & Beauty,43.57,61.47,452,Warehouse D - North,67,650
First Aid Kit #05785,Health & Beauty,166.74,322.3,188,Warehouse D - North,70,287
Jump Rope #05786,Sports & Outdoors,39.49,83.44,442,Warehouse C - Central,73,910
Fleece Hoodie #05787,Clothing,246.29,388.27,237,Warehouse A - East,76,839
Hedge Trimmer #05788,Home & Garden,139.35,207.15,244,Warehouse A - East,23,524
Standing Desk #05789,Furniture,66.0,140.35,59,Warehouse C - Central,30,499
Foam Roller #05790,Sports & Outdoors,241.61,421.24,38,Warehouse A - East,36,654
Coolant 4L #05791,Automotive Parts,67.4,129.68,472,Warehouse D - North,10,898
Outdoor Solar Lights #05792,Home & Garden,81.65,193.62,162,Warehouse C - Central,16,755
Coolant 4L #05793,Automotive Parts,203.97,287.45,3,Warehouse A - East,25,865
Jump Starter #05794,Automotive Parts,220.97,280.77,14,Warehouse B - West,59,306
USB-C Hub #05795,Electronics,27.68,36.53,109,Warehouse A - East,78,426
Label Maker #05796,Office Supplies,207.41,263.12,83,Warehouse C - Central,13,450
Headlight Bulb Pair #05797,Automotive Parts,96.41,235.17,216,Warehouse A - East,43,212
Drafting Chair #05798,Furniture,17.83,39.15,332,Warehouse B - West,50,497
Hedge Trimmer #05799,Home & Garden,16.2,38.19,224,Warehouse C - Central,80,352
Standing Desk #05800,Furniture,106.44,162.66,138,Warehouse A - East,32,510
Conference Table #05801,Furniture,219.88,393.27,449,Warehouse D - North,47,874
Power Strip 6-Outlet #05802,Home & Garden,70.14,151.95,74,Warehouse A - East,26,434
Paint Roller Set #05803,Home & Garden,33.32,41.61,40,Warehouse C - Central,64,723
LED Bulb 4pk #05804,Home & Garden,57.63,129.04,482,Warehouse C - Central,54,300
Puzzle 1000pc #05805,Toys & Games,61.04,145.95,216,Warehouse B - West,60,526
Floating Shelf Set #05806,Furniture,73.08,109.41,96,Warehouse D - North,39,300
Insect Repellent #05807,Health & Beauty,198.54,230.88,17,Warehouse C - Central,51,861
Standing Desk #05808,Furniture,173.38,249.29,475,Warehouse C - Central,23,429
Hedge Trimmer #05809,Home & Garden,221.43,327.02,53,Warehouse A - East,11,708
Car Charger Dual USB #05810,Automotive Parts,108.2,246.49,383,Warehouse D - North,51,663
USB-C Hub #05811,Electronics,140.24,306.29,116,Warehouse A - East,11,480
Tent 4-Person #05812,Sports & Outdoors,214.95,327.95,145,Warehouse D - North,72,513
Mixed Nuts 500g #05813,Food & Beverage,68.33,99.14,335,Warehouse D - North,70,454
Art Supplies Box #05814,Toys & Games,10.54,21.58,257,Warehouse C - Central,56,359
Green Tea Box #05815,Food & Beverage,167.11,382.07,247,Warehouse C - Central,50,249
Wireless Charger #05816,Electronics,141.75,253.67,42,Warehouse C - Central,24,730
Science Kit #05817,Toys & Games,140.14,292.94,137,Warehouse C - Central,12,955
Thermal Underwear #05818,Clothing,7.27,15.47,336,Warehouse C - Central,55,233
Headlight Bulb Pair #05819,Automotive Parts,39.98,49.62,136,Warehouse B - West,67,947
Lawn Fertilizer #05820,Home & Garden,127.32,214.61,105,Warehouse A - East,32,494
Pressure Washer #05821,Home & Garden,25.52,49.91,441,Warehouse D - North,44,236
Windbreaker #05822,Clothing,123.02,248.77,456,Warehouse A - East,13,722
Sprinkler System #05823,Home & Garden,200.17,254.25,62,Warehouse A - East,29,883
Headlight Bulb Pair #05824,Automotive Parts,84.39,112.95,283,Warehouse B - West,29,997
Mixed Nuts 500g #05825,Food & Beverage,238.98,334.63,199,Warehouse B - West,72,710
Yoga Mat #05826,Sports & Outdoors,206.49,434.95,109,Warehouse D - North,76,552
Storage Ottoman #05827,Furniture,45.37,80.38,59,Warehouse B - West,43,294
Sunscreen SPF50 #05828,Health & Beauty,125.21,263.73,96,Warehouse C - Central,28,406
Wiper Blades Pair #05829,Automotive Parts,175.49,406.25,92,Warehouse C - Central,22,892
Polo Shirt #05830,Clothing,153.08,214.3,224,Warehouse C - Central,40,692
Desk Lamp LED #05831,Furniture,163.07,287.77,316,Warehouse C - Central,46,346
USB Flash Drive 64GB #05832,Electronics,166.3,414.94,69,Warehouse A - East,52,431
Stuffed Animal Bear #05833,Toys & Games,91.01,208.9,350,Warehouse D - North,80,703
Rubik's Cube #05834,Toys & Games,152.51,256.79,343,Warehouse B - West,33,700
Headlight Bulb Pair #05835,Automotive Parts,88.36,119.38,266,Warehouse A - East,22,632
Thermal Underwear #05836,Clothing,38.85,57.23,53,Warehouse A - East,23,875
Dark Chocolate Box #05837,Food & Beverage,53.45,69.18,243,Warehouse C - Central,52,392
Mechanical Keyboard #05838,Electronics,217.38,368.84,295,Warehouse C - Central,45,737
Bookshelf 5-Tier #05839,Furniture,54.36,122.89,64,Warehouse B - West,33,433
Noise Cancelling Headphones #05840,Electronics,122.06,181.44,385,Warehouse D - North,51,920
Wireless Charger #05841,Electronics,189.71,402.45,155,Warehouse A - East,36,798
Instant Oatmeal Pack #05842,Food & Beverage,4.96,9.23,180,Warehouse B - West,66,731
Headlight Bulb Pair #05843,Automotive Parts,44.03,64.02,57,Warehouse B - West,64,958
Fleece Hoodie #05844,Clothing,163.08,301.11,316,Warehouse A - East,36,657
Resistance Bands Set #05845,Sports & Outdoors,156.9,196.22,229,Warehouse C - Central,79,508
Chess Set Wooden #05846,Toys & Games,140.66,308.47,126,Warehouse B - West,79,203
Spark Plugs 4pk #05847,Automotive Parts,71.02,144.0,454,Warehouse A - East,39,756
Filing Cabinet #05848,Furniture,198.66,347.91,343,Warehouse C - Central,42,788
Power Strip 6-Outlet #05849,Home & Garden,77.94,128.17,157,Warehouse D - North,13,650
Wireless Mouse #05850,Electronics,81.58,119.44,182,Warehouse B - West,51,865
Dried Fruit Mix #05851,Food & Beverage,138.84,178.62,63,Warehouse B - West,75,228
LEGO Technic Set #05852,Toys & Games,187.02,345.72,164,Warehouse C - Central,17,339
Floor Mats Set #05853,Automotive Parts,148.71,282.1,84,Warehouse D - North,53,727
Jump Rope #05854,Sports & Outdoors,117.2,291.75,218,Warehouse C - Central,47,302
Mixed Nuts 500g #05855,Food & Beverage,186.39,326.64,8,Warehouse D - North,58,620
Motor Oil 5W-30 #05856,Automotive Parts,161.87,330.92,205,Warehouse B - West,37,983
Standing Desk #05857,Furniture,144.12,357.75,367,Warehouse A - East,65,913
Drafting Chair #05858,Furniture,84.43,181.85,13,Warehouse B - West,41,701
Filing Cabinet #05859,Furniture,65.4,80.25,249,Warehouse A - East,73,837
Motor Oil 5W-30 #05860,Automotive Parts,193.94,279.3,292,Warehouse D - North,37,228
Computer Desk #05861,Furniture,146.02,341.22,458,Warehouse C - Central,11,493
Sticky Notes 8pk #05862,Office Supplies,13.18,17.72,49,Warehouse C - Central,60,386
Coolant 4L #05863,Automotive Parts,76.05,118.11,286,Warehouse B - West,44,689
Cap Branded #05864,Clothing,220.01,526.56,31,Warehouse B - West,64,536
LEGO Technic Set #05865,Toys & Games,152.26,244.02,456,Warehouse D - North,38,593
LEGO Technic Set #05866,Toys & Games,31.67,37.46,230,Warehouse A - East,30,965
Stuffed Animal Bear #05867,Toys & Games,120.22,270.15,496,Warehouse C - Central,12,439
Yoga Mat #05868,Sports & Outdoors,230.26,431.76,291,Warehouse C - Central,63,752
Vitamin C Tablets #05869,Health & Beauty,109.99,267.77,228,Warehouse A - East,78,998
Car Battery #05870,Automotive Parts,75.02,105.05,496,Warehouse A - East,50,466
Resistance Bands Set #05871,Sports & Outdoors,243.49,582.83,472,Warehouse D - North,51,629
Hand Sanitizer 500ml #05872,Health & Beauty,141.87,196.53,59,Warehouse D - North,60,861
Sleeping Bag #05873,Sports & Outdoors,184.61,381.66,18,Warehouse B - West,13,273
Thermometer Digital #05874,Health & Beauty,21.45,49.95,178,Warehouse D - North,78,253
Motor Oil 5W-30 #05875,Automotive Parts,143.59,328.52,401,Warehouse C - Central,44,643
Aloe Vera Gel #05876,Health & Beauty,65.83,162.47,6,Warehouse A - East,15,500
Bluetooth Speaker #05877,Electronics,178.88,267.26,183,Warehouse D - North,42,838
Sprinkler System #05878,Home & Garden,198.4,307.36,495,Warehouse C - Central,78,651
Cap Branded #05879,Clothing,102.76,157.3,458,Warehouse B - West,80,794
Bandages Assorted #05880,Health & Beauty,107.4,169.36,216,Warehouse B - West,17,285
Printer Paper A4 #05881,Office Supplies,174.78,343.14,378,Warehouse A - East,20,291
Cargo Shorts #05882,Clothing,223.33,495.8,196,Warehouse C - Central,55,381
Noise Cancelling Headphones #05883,Electronics,169.41,279.02,168,Warehouse B - West,12,515
Desk Lamp LED #05884,Furniture,235.14,409.83,429,Warehouse D - North,19,994
First Aid Kit #05885,Health & Beauty,158.72,329.04,246,Warehouse D - North,71,984
Green Tea Box #05886,Food & Beverage,157.21,327.4,457,Warehouse B - West,39,995
Green Tea Box #05887,Food & Beverage,146.82,248.52,29,Warehouse C - Central,30,570
Garden Hose 30m #05888,Home & Garden,104.5,156.01,149,Warehouse D - North,45,588
Vitamin C Tablets #05889,Health & Beauty,190.75,385.11,310,Warehouse C - Central,33,457
Monitor Arm #05890,Furniture,136.48,191.08,458,Warehouse B - West,18,290
Spark Plugs 4pk #05891,Automotive Parts,33.49,81.09,349,Warehouse D - North,45,985
Rubik's Cube #05892,Toys & Games,40.97,79.1,383,Warehouse A - East,51,788
Lip Balm Pack #05893,Health & Beauty,242.91,577.59,294,Warehouse A - East,49,220
LEGO Technic Set #05894,Toys & Games,78.76,126.7,389,Warehouse D - North,79,461
Olive Oil 500ml #05895,Food & Beverage,40.36,87.21,286,Warehouse A - East,74,706
Wiper Blades Pair #05896,Automotive Parts,120.65,247.24,344,Warehouse C - Central,71,628
Art Supplies Box #05897,Toys & Games,231.46,407.65,23,Warehouse C - Central,51,454
Cap Branded #05898,Clothing,29.66,38.1,275,Warehouse D - North,68,325
Rain Poncho #05899,Clothing,143.77,224.85,222,Warehouse D - North,68,642
LED Bulb 4pk #05900,Home & Garden,173.63,218.8,61,Warehouse B - West,34,573
Paint Roller Set #05901,Home & Garden,33.29,64.21,332,Warehouse D - North,36,315
Outdoor Solar Lights #05902,Home & Garden,125.06,300.55,7,Warehouse D - North,77,563
Tire Pressure Gauge #05903,Automotive Parts,144.64,171.44,191,Warehouse B - West,65,951
LEGO Technic Set #05904,Toys & Games,168.39,416.49,248,Warehouse C - Central,15,877
Eye Drops #05905,Health & Beauty,120.41,216.71,422,Warehouse A - East,24,478
Hiking Backpack #05906,Sports & Outdoors,211.78,377.37,473,Warehouse C - Central,17,338
Laptop Cooling Pad #05907,Electronics,23.22,38.26,144,Warehouse C - Central,42,832
Tablet Stand #05908,Electronics,208.02,413.59,318,Warehouse D - North,78,528
Water Bottle 1L #05909,Sports & Outdoors,93.81,233.68,110,Warehouse C - Central,72,464
Whiteboard Markers 6pk #05910,Office Supplies,90.52,193.62,363,Warehouse D - North,70,599
Mixed Nuts 500g #05911,Food & Beverage,207.36,431.58,497,Warehouse C - Central,33,203
Smart Watch #05912,Electronics,224.83,547.51,399,Warehouse D - North,11,902
Cotton T-Shirt Pack #05913,Clothing,232.28,414.55,270,Warehouse D - North,28,686
Stuffed Animal Bear #05914,Toys & Games,168.72,394.63,254,Warehouse C - Central,17,934
Windbreaker #05915,Clothing,220.59,546.27,418,Warehouse B - West,61,223
Lawn Fertilizer #05916,Home & Garden,203.12,381.75,403,Warehouse D - North,33,996
Pressure Washer #05917,Home & Garden,219.03,330.01,88,Warehouse C - Central,46,401
Wireless Mouse #05918,Electronics,240.21,471.84,203,Warehouse C - Central,23,642
Instant Oatmeal Pack #05919,Food & Beverage,124.94,275.4,348,Warehouse B - West,77,462
Eye Drops #05920,Health & Beauty,28.33,70.59,288,Warehouse A - East,18,800
Tool Kit 50pc #05921,Home & Garden,236.32,408.42,170,Warehouse D - North,12,903
Cap Branded #05922,Clothing,152.63,246.46,50,Warehouse A - East,59,820
Headlamp LED #05923,Sports & Outdoors,154.04,287.4,245,Warehouse B - West,75,345
SSD 1TB External #05924,Electronics,168.13,198.15,32,Warehouse C - Central,35,420
Board Game Classic #05925,Toys & Games,37.07,90.02,245,Warehouse B - West,48,437
Outdoor Solar Lights #05926,Home & Garden,215.39,298.76,399,Warehouse C - Central,45,838
Computer Desk #05927,Furniture,2.94,6.15,344,Warehouse A - East,55,825
Monitor Arm #05928,Furniture,174.18,334.89,153,Warehouse A - East,63,469
Green Tea Box #05929,Food & Beverage,247.75,466.32,283,Warehouse A - East,69,813
Bandages Assorted #05930,Health & Beauty,228.88,445.55,49,Warehouse B - West,20,869
Wireless Charger #05931,Electronics,48.76,71.25,416,Warehouse D - North,17,576
Pressure Washer #05932,Home & Garden,109.31,211.25,78,Warehouse C - Central,37,787
Honey Jar #05933,Food & Beverage,169.56,360.04,182,Warehouse C - Central,46,362
Tool Kit 50pc #05934,Home & Garden,119.56,214.86,156,Warehouse C - Central,80,845
Laptop Cooling Pad #05935,Electronics,62.42,140.57,374,Warehouse D - North,32,659
Cargo Shorts #05936,Clothing,198.64,495.38,294,Warehouse D - North,36,276
Cap Branded #05937,Clothing,13.55,30.97,180,Warehouse D - North,35,361
Headlight Bulb Pair #05938,Automotive Parts,152.37,232.39,431,Warehouse B - West,49,891
Air Filter #05939,Automotive Parts,99.85,190.09,236,Warehouse B - West,72,803
Label Maker #05940,Office Supplies,132.57,301.38,440,Warehouse D - North,20,375
Air Filter #05941,Automotive Parts,127.59,229.43,254,Warehouse A - East,78,592
Bluetooth Speaker #05942,Electronics,6.47,10.75,446,Warehouse D - North,31,811
Science Kit #05943,Toys & Games,79.75,181.59,144,Warehouse C - Central,22,961
Wiper Blades Pair #05944,Automotive Parts,20.43,37.67,72,Warehouse A - East,12,492
First Aid Kit #05945,Health & Beauty,176.68,205.08,412,Warehouse A - East,23,780
Thermal Underwear #05946,Clothing,194.35,296.92,402,Warehouse A - East,41,667
Fleece Hoodie #05947,Clothing,92.37,172.21,51,Warehouse D - North,47,835
Energy Drinks 24pk #05948,Food & Beverage,80.83,101.57,107,Warehouse A - East,57,414
Ergonomic Office Chair #05949,Furniture,220.8,468.32,261,Warehouse D - North,48,578
Wiper Blades Pair #05950,Automotive Parts,238.69,304.02,112,Warehouse A - East,71,258
Monitor Arm #05951,Furniture,173.88,264.57,97,Warehouse C - Central,21,661
LED Bulb 4pk #05952,Home & Garden,200.87,501.88,3,Warehouse D - North,33,306
Instant Oatmeal Pack #05953,Food & Beverage,54.84,124.8,246,Warehouse A - East,15,285
Monitor Arm #05954,Furniture,220.52,339.76,87,Warehouse A - East,62,360
Envelopes 100pk #05955,Office Supplies,213.5,510.5,81,Warehouse A - East,43,215
Garden Hose 30m #05956,Home & Garden,53.76,89.49,138,Warehouse A - East,64,612
Cargo Shorts #05957,Clothing,79.65,100.74,486,Warehouse C - Central,44,455
Desk Organizer #05958,Office Supplies,12.27,18.69,241,Warehouse A - East,20,265
Bluetooth Speaker #05959,Electronics,86.06,108.6,161,Warehouse A - East,41,271
Stuffed Animal Bear #05960,Toys & Games,153.59,365.59,492,Warehouse B - West,62,259
Jump Starter #05961,Automotive Parts,150.91,212.37,455,Warehouse D - North,45,974
Headlight Bulb Pair #05962,Automotive Parts,110.38,134.34,167,Warehouse C - Central,42,714
Power Strip 6-Outlet #05963,Home & Garden,80.57,130.72,428,Warehouse B - West,44,373
Bandages Assorted #05964,Health & Beauty,216.5,470.26,198,Warehouse D - North,43,878
Cable Management Tray #05965,Furniture,190.5,305.87,132,Warehouse B - West,23,956
Floor Mats Set #05966,Automotive Parts,29.12,38.04,287,Warehouse A - East,22,591
Binoculars #05967,Sports & Outdoors,7.22,9.04,255,Warehouse D - North,52,562
Noise Cancelling Headphones #05968,Electronics,44.26,80.29,280,Warehouse A - East,58,533
Lip Balm Pack #05969,Health & Beauty,184.06,234.38,153,Warehouse B - West,45,964
Card Game Set #05970,Toys & Games,191.91,414.67,252,Warehouse A - East,12,742
Yoga Mat #05971,Sports & Outdoors,18.07,40.76,116,Warehouse D - North,66,885
Fleece Hoodie #05972,Clothing,128.44,299.91,485,Warehouse C - Central,66,244
Winter Jacket #05973,Clothing,17.57,37.42,340,Warehouse C - Central,74,319
Polo Shirt #05974,Clothing,112.43,187.3,275,Warehouse A - East,20,649
HDMI Cable 2m #05975,Electronics,134.65,318.75,112,Warehouse D - North,64,568
Cargo Shorts #05976,Clothing,233.11,455.63,333,Warehouse D - North,69,600
Monitor Arm #05977,Furniture,13.75,20.48,443,Warehouse C - Central,68,285
Wireless Mouse #05978,Electronics,199.54,345.96,41,Warehouse A - East,68,556
Printer Paper A4 #05979,Office Supplies,3.35,5.88,242,Warehouse B - West,80,456
Whiteboard Markers 6pk #05980,Office Supplies,243.53,399.27,223,Warehouse D - North,23,742
Floor Mats Set #05981,Automotive Parts,200.19,347.37,249,Warehouse A - East,26,904
Rubik's Cube #05982,Toys & Games,41.51,94.11,283,Warehouse A - East,39,506
Moisturizer Pump #05983,Health & Beauty,4.65,9.33,407,Warehouse C - Central,29,313
Cotton T-Shirt Pack #05984,Clothing,238.11,513.41,318,Warehouse B - West,72,747
Bottled Water Case #05985,Food & Beverage,238.53,423.68,498,Warehouse A - East,45,904
Label Maker #05986,Office Supplies,144.91,200.02,394,Warehouse C - Central,15,553
Face Masks 50pk #05987,Health & Beauty,117.4,274.2,200,Warehouse A - East,78,752
Bookshelf 5-Tier #05988,Furniture,168.45,231.28,386,Warehouse A - East,61,332
Binder Clips Assorted #05989,Office Supplies,104.91,225.87,440,Warehouse B - West,79,239
Hiking Backpack #05990,Sports & Outdoors,206.3,247.96,35,Warehouse B - West,61,864
Laptop Cooling Pad #05991,Electronics,164.14,347.92,234,Warehouse C - Central,17,431
Sleeping Bag #05992,Sports & Outdoors,89.23,208.97,54,Warehouse D - North,50,326
Jump Starter #05993,Automotive Parts,188.81,328.16,211,Warehouse D - North,29,786
Binoculars #05994,Sports & Outdoors,215.19,515.81,382,Warehouse A - East,34,595
Cap Branded #05995,Clothing,62.38,144.31,262,Warehouse B - West,72,392
Smart Watch #05996,Electronics,38.75,61.63,141,Warehouse A - East,56,247
Outdoor Solar Lights #05997,Home & Garden,68.52,135.46,286,Warehouse D - North,69,409
Computer Desk #05998,Furniture,228.86,459.69,147,Warehouse A - East,25,972
Tablet Stand #05999,Electronics,3.11,5.21,276,Warehouse C - Central,47,727
Granola Bags #06000,Food & Beverage,189.3,419.6,118,Warehouse A - East,13,974
Bandages Assorted #06001,Health & Beauty,17.37,36.43,160,Warehouse D - North,63,201
HDMI Cable 2m #06002,Electronics,70.43,162.97,349,Warehouse C - Central,41,681
Board Game Classic #06003,Toys & Games,72.59,129.29,312,Warehouse C - Central,16,850
Binder Clips Assorted #06004,Office Supplies,16.31,29.1,64,Warehouse A - East,72,870
Cotton T-Shirt Pack #06005,Clothing,107.51,177.1,96,Warehouse A - East,10,902
Tent 4-Person #06006,Sports & Outdoors,199.18,470.28,60,Warehouse D - North,79,535
Foam Roller #06007,Sports & Outdoors,121.58,288.01,260,Warehouse C - Central,10,754
Cotton T-Shirt Pack #06008,Clothing,78.25,130.43,261,Warehouse C - Central,31,713
SSD 1TB External #06009,Electronics,42.62,67.12,94,Warehouse B - West,11,579
File Folders 20pk #06010,Office Supplies,20.1,45.97,459,Warehouse B - West,17,319
Water Bottle 1L #06011,Sports & Outdoors,64.72,81.47,410,Warehouse D - North,66,766
Yoga Mat #06012,Sports & Outdoors,180.45,237.26,443,Warehouse C - Central,25,743
Computer Desk #06013,Furniture,8.08,17.46,420,Warehouse B - West,47,304
Laptop Cooling Pad #06014,Electronics,234.21,270.37,132,Warehouse C - Central,15,481
Desk Lamp LED #06015,Furniture,108.1,212.42,428,Warehouse B - West,37,421
Jump Starter #06016,Automotive Parts,175.64,236.46,396,Warehouse C - Central,58,775
Wiper Blades Pair #06017,Automotive Parts,128.71,293.52,103,Warehouse B - West,15,780
Water Bottle 1L #06018,Sports & Outdoors,212.99,418.25,192,Warehouse D - North,16,575
Bottled Water Case #06019,Food & Beverage,203.18,354.05,76,Warehouse B - West,48,326
Wiper Blades Pair #06020,Automotive Parts,153.22,237.65,44,Warehouse C - Central,27,860
Ballpoint Pens 12pk #06021,Office Supplies,142.74,336.34,199,Warehouse D - North,46,394
Moisturizer Pump #06022,Health & Beauty,242.04,392.69,354,Warehouse C - Central,34,286
Cooler Box 40L #06023,Sports & Outdoors,242.32,597.61,143,Warehouse A - East,57,630
Yoga Mat #06024,Sports & Outdoors,189.03,366.33,55,Warehouse B - West,47,590
Computer Desk #06025,Furniture,113.04,214.02,245,Warehouse B - West,62,999
Dark Chocolate Box #06026,Food & Beverage,190.39,252.03,4,Warehouse B - West,45,359
Mixed Nuts 500g #06027,Food & Beverage,173.49,322.51,388,Warehouse D - North,40,306
Wireless Charger #06028,Electronics,38.0,45.09,371,Warehouse A - East,29,707
Hand Sanitizer 500ml #06029,Health & Beauty,8.01,12.57,396,Warehouse D - North,79,645
Sprinkler System #06030,Home & Garden,77.2,92.96,255,Warehouse A - East,29,598
Cotton T-Shirt Pack #06031,Clothing,79.99,171.22,310,Warehouse B - West,63,636
Sprinkler System #06032,Home & Garden,9.18,13.1,248,Warehouse A - East,34,742
Scissors 3pk #06033,Office Supplies,244.07,329.19,97,Warehouse D - North,15,777
USB-C Hub #06034,Electronics,152.96,380.99,277,Warehouse D - North,31,501
Motor Oil 5W-30 #06035,Automotive Parts,158.46,282.07,50,Warehouse D - North,77,909
Cargo Pants #06036,Clothing,2.79,5.12,320,Warehouse D - North,62,392
Car Charger Dual USB #06037,Automotive Parts,233.76,485.18,258,Warehouse D - North,18,633
Wireless Mouse #06038,Electronics,95.84,224.62,204,Warehouse A - East,74,897
Cotton T-Shirt Pack #06039,Clothing,147.82,232.17,443,Warehouse B - West,30,578
Label Maker #06040,Office Supplies,68.03,107.86,475,Warehouse A - East,12,632
Headlight Bulb Pair #06041,Automotive Parts,35.27,70.62,51,Warehouse D - North,68,819
Webcam HD #06042,Electronics,32.58,61.99,271,Warehouse A - East,37,470
Chess Set Wooden #06043,Toys & Games,228.7,369.75,371,Warehouse D - North,43,463
Envelopes 100pk #06044,Office Supplies,13.04,29.43,484,Warehouse B - West,44,746
Dried Fruit Mix #06045,Food & Beverage,105.29,234.22,276,Warehouse D - North,58,908
Fleece Hoodie #06046,Clothing,16.85,21.65,35,Warehouse A - East,74,904
Hedge Trimmer #06047,Home & Garden,106.78,227.61,152,Warehouse D - North,17,527
Moisturizer Pump #06048,Health & Beauty,160.81,300.25,371,Warehouse B - West,11,919
Car Charger Dual USB #06049,Automotive Parts,44.9,110.77,397,Warehouse B - West,52,922
Brake Pads Set #06050,Automotive Parts,33.43,71.61,447,Warehouse D - North,77,740
Bluetooth Speaker #06051,Electronics,248.25,312.4,402,Warehouse A - East,50,698
Dark Chocolate Box #06052,Food & Beverage,184.03,261.39,39,Warehouse A - East,46,371
Spark Plugs 4pk #06053,Automotive Parts,85.88,212.63,138,Warehouse C - Central,71,808
Moisturizer Pump #06054,Health & Beauty,50.71,65.93,499,Warehouse D - North,79,362
Granola Bags #06055,Food & Beverage,202.19,328.56,442,Warehouse D - North,71,618
Polo Shirt #06056,Clothing,132.91,300.86,471,Warehouse C - Central,66,733
Paint Roller Set #06057,Home & Garden,224.43,489.56,170,Warehouse C - Central,66,659
Lawn Fertilizer #06058,Home & Garden,36.45,71.44,357,Warehouse C - Central,72,723
Extension Cord 10m #06059,Home & Garden,158.52,249.94,175,Warehouse C - Central,48,353
Binoculars #06060,Sports & Outdoors,197.49,334.26,89,Warehouse A - East,32,786
Air Filter #06061,Automotive Parts,35.55,75.37,241,Warehouse D - North,44,244
USB-C Hub #06062,Electronics,79.98,175.5,53,Warehouse B - West,39,729
Coolant 4L #06063,Automotive Parts,231.19,338.71,208,Warehouse B - West,78,738
Olive Oil 500ml #06064,Food & Beverage,35.47,50.51,274,Warehouse B - West,77,599
Cap Branded #06065,Clothing,162.43,242.25,332,Warehouse D - North,74,957
Thermal Underwear #06066,Clothing,104.25,180.51,44,Warehouse C - Central,17,432
Extension Cord 10m #06067,Home & Garden,125.31,252.62,26,Warehouse D - North,49,405
Cable Management Tray #06068,Furniture,77.74,170.42,82,Warehouse D - North,62,349
Dark Chocolate Box #06069,Food & Beverage,92.68,187.6,16,Warehouse A - East,16,947
Fleece Hoodie #06070,Clothing,104.32,160.16,199,Warehouse D - North,14,799
Conference Table #06071,Furniture,152.01,182.25,464,Warehouse A - East,20,206
Building Blocks 500pc #06072,Toys & Games,108.56,176.96,340,Warehouse C - Central,51,516
Face Masks 50pk #06073,Health & Beauty,63.66,77.91,242,Warehouse D - North,76,475
Cargo Shorts #06074,Clothing,184.33,334.14,152,Warehouse C - Central,30,204
Windbreaker #06075,Clothing,34.37,70.39,281,Warehouse B - West,74,668
SSD 1TB External #06076,Electronics,193.88,274.86,55,Warehouse C - Central,62,606
Outdoor Solar Lights #06077,Home & Garden,221.88,268.9,229,Warehouse D - North,17,842
Standing Desk #06078,Furniture,203.81,260.03,342,Warehouse B - West,42,200
Yoga Mat #06079,Sports & Outdoors,237.72,404.04,90,Warehouse D - North,28,669
Moisturizer Pump #06080,Health & Beauty,78.91,152.03,156,Warehouse B - West,62,546
Pressure Washer #06081,Home & Garden,172.08,280.62,433,Warehouse C - Central,50,397
Floor Mats Set #06082,Automotive Parts,168.63,253.88,41,Warehouse B - West,62,215
File Folders 20pk #06083,Office Supplies,175.88,410.55,98,Warehouse D - North,80,750
Camping Chair #06084,Sports & Outdoors,150.68,356.41,252,Warehouse B - West,50,777
Bluetooth Speaker #06085,Electronics,181.46,373.57,451,Warehouse B - West,51,367
Coffee Beans 1kg #06086,Food & Beverage,201.84,259.08,472,Warehouse B - West,45,946
Monitor Light Bar #06087,Electronics,165.4,330.25,68,Warehouse C - Central,73,668
Thermometer Digital #06088,Health & Beauty,194.09,282.75,397,Warehouse C - Central,28,807
Tent 4-Person #06089,Sports & Outdoors,115.22,199.17,470,Warehouse C - Central,73,909
Bluetooth Speaker #06090,Electronics,249.28,588.89,482,Warehouse C - Central,68,332
Hedge Trimmer #06091,Home & Garden,69.94,139.0,76,Warehouse C - Central,75,416
Drafting Chair #06092,Furniture,199.18,339.32,321,Warehouse A - East,19,222
Drone Mini #06093,Toys & Games,111.69,172.41,88,Warehouse B - West,75,369
Storage Ottoman #06094,Furniture,159.74,211.98,65,Warehouse D - North,74,329
Binoculars #06095,Sports & Outdoors,88.47,173.93,496,Warehouse B - West,16,984
Aloe Vera Gel #06096,Health & Beauty,148.85,171.53,329,Warehouse A - East,56,680
Binoculars #06097,Sports & Outdoors,186.36,271.83,347,Warehouse C - Central,54,587
Monitor Arm #06098,Furniture,38.55,84.44,146,Warehouse C - Central,36,471
Laptop Cooling Pad #06099,Electronics,217.55,453.35,263,Warehouse B - West,12,624
Cable Management Tray #06100,Furniture,61.36,97.8,332,Warehouse C - Central,47,444
Car Charger Dual USB #06101,Automotive Parts,187.88,382.4,137,Warehouse A - East,51,834
Wiper Blades Pair #06102,Automotive Parts,249.21,531.59,63,Warehouse B - West,29,735
Monitor Arm #06103,Furniture,26.99,33.64,201,Warehouse B - West,49,852
Monitor Arm #06104,Furniture,128.69,203.47,134,Warehouse B - West,73,766
Spark Plugs 4pk #06105,Automotive Parts,242.95,296.4,29,Warehouse D - North,57,228
Smart Watch #06106,Electronics,94.01,190.01,10,Warehouse D - North,61,333
Protein Bars 12pk #06107,Food & Beverage,112.06,155.99,130,Warehouse D - North,35,333
Hiking Backpack #06108,Sports & Outdoors,39.92,97.52,253,Warehouse C - Central,77,253
Motor Oil 5W-30 #06109,Automotive Parts,121.35,241.37,405,Warehouse D - North,40,651
Spark Plugs 4pk #06110,Automotive Parts,83.55,175.08,333,Warehouse D - North,34,835
Bottled Water Case #06111,Food & Beverage,142.3,184.55,265,Warehouse C - Central,48,570
First Aid Kit #06112,Health & Beauty,216.86,485.5,279,Warehouse C - Central,38,719
Coolant 4L #06113,Automotive Parts,222.79,302.41,84,Warehouse A - East,61,350
Storage Ottoman #06114,Furniture,201.21,326.98,161,Warehouse D - North,50,369
Eye Drops #06115,Health & Beauty,213.36,401.88,379,Warehouse C - Central,73,301
Cooler Box 40L #06116,Sports & Outdoors,57.52,140.79,36,Warehouse B - West,67,787
Monitor Arm #06117,Furniture,54.86,85.22,253,Warehouse A - East,52,592
Science Kit #06118,Toys & Games,187.86,433.98,194,Warehouse A - East,56,845
Cargo Pants #06119,Clothing,201.05,448.82,402,Warehouse D - North,15,375
Tape Dispenser #06120,Office Supplies,78.31,154.63,288,Warehouse D - North,55,734
Wireless Charger #06121,Electronics,3.24,4.25,64,Warehouse A - East,51,432
Tool Kit 50pc #06122,Home & Garden,25.7,53.85,169,Warehouse D - North,37,707
Remote Control Car #06123,Toys & Games,44.31,84.23,324,Warehouse D - North,31,925
Thermometer Digital #06124,Health & Beauty,210.95,352.18,95,Warehouse D - North,32,604
Jump Rope #06125,Sports & Outdoors,24.03,51.86,178,Warehouse C - Central,30,884
Honey Jar #06126,Food & Beverage,124.02,286.48,13,Warehouse D - North,66,532
Remote Control Car #06127,Toys & Games,183.76,288.35,333,Warehouse C - Central,48,457
Drafting Chair #06128,Furniture,177.21,293.65,138,Warehouse D - North,50,894
Cargo Shorts #06129,Clothing,67.15,95.58,142,Warehouse B - West,10,788
Floor Mats Set #06130,Automotive Parts,235.43,294.41,181,Warehouse D - North,67,434
File Folders 20pk #06131,Office Supplies,3.37,5.9,164,Warehouse B - West,24,754
Resistance Bands Set #06132,Sports & Outdoors,162.29,212.61,15,Warehouse D - North,34,291
Air Filter #06133,Automotive Parts,249.31,447.2,296,Warehouse C - Central,23,480
Headlamp LED #06134,Sports & Outdoors,108.55,258.45,317,Warehouse D - North,62,612
LED Bulb 4pk #06135,Home & Garden,242.22,513.96,27,Warehouse C - Central,44,440
Wireless Charger #06136,Electronics,22.13,54.94,200,Warehouse D - North,57,550
Hedge Trimmer #06137,Home & Garden,77.42,127.72,432,Warehouse D - North,60,571
Granola Bags #06138,Food & Beverage,36.54,73.73,245,Warehouse A - East,48,285
Yoga Mat #06139,Sports & Outdoors,109.44,173.79,10,Warehouse B - West,29,447
Smart Watch #06140,Electronics,196.29,461.89,218,Warehouse C - Central,33,320
Spark Plugs 4pk #06141,Automotive Parts,7.81,13.39,50,Warehouse B - West,58,542
Wiper Blades Pair #06142,Automotive Parts,209.42,464.33,164,Warehouse C - Central,36,994
Rain Poncho #06143,Clothing,149.91,364.85,363,Warehouse D - North,77,271
Thermal Underwear #06144,Clothing,52.19,125.86,411,Warehouse C - Central,58,314
SSD 1TB External #06145,Electronics,29.67,67.86,221,Warehouse D - North,60,324
Board Game Classic #06146,Toys & Games,56.62,129.88,235,Warehouse A - East,17,539
First Aid Kit #06147,Health & Beauty,31.67,64.51,293,Warehouse D - North,70,653
Green Tea Box #06148,Food & Beverage,149.42,369.26,211,Warehouse D - North,66,233
Noise Cancelling Headphones #06149,Electronics,116.37,230.58,423,Warehouse B - West,18,352
Chess Set Wooden #06150,Toys & Games,56.31,103.76,384,Warehouse C - Central,72,754
Floor Mats Set #06151,Automotive Parts,212.68,399.38,464,Warehouse C - Central,74,356
Instant Oatmeal Pack #06152,Food & Beverage,88.36,149.72,271,Warehouse D - North,60,750
Cotton T-Shirt Pack #06153,Clothing,246.66,590.21,95,Warehouse A - East,39,212
Rubik's Cube #06154,Toys & Games,111.19,262.87,131,Warehouse C - Central,72,540
USB-C Hub #06155,Electronics,203.48,287.4,389,Warehouse D - North,37,593
Windbreaker #06156,Clothing,165.15,204.56,167,Warehouse A - East,58,656
Hand Sanitizer 500ml #06157,Health & Beauty,134.85,320.07,93,Warehouse D - North,47,970
Insect Repellent #06158,Health & Beauty,161.36,366.92,415,Warehouse B - West,25,856
Brake Pads Set #06159,Automotive Parts,106.19,168.86,290,Warehouse B - West,45,886
Dark Chocolate Box #06160,Food & Beverage,28.25,67.05,209,Warehouse A - East,40,680
Green Tea Box #06161,Food & Beverage,220.73,501.07,32,Warehouse A - East,56,308
Bottled Water Case #06162,Food & Beverage,202.17,451.75,13,Warehouse A - East,45,650
Bandages Assorted #06163,Health & Beauty,183.95,281.43,134,Warehouse C - Central,17,988
Ballpoint Pens 12pk #06164,Office Supplies,83.5,164.21,114,Warehouse D - North,42,359
Envelopes 100pk #06165,Office Supplies,221.89,554.62,360,Warehouse B - West,19,837
Sprinkler System #06166,Home & Garden,149.94,176.7,256,Warehouse A - East,64,894
Sprinkler System #06167,Home & Garden,20.01,48.98,149,Warehouse D - North,49,282
Hedge Trimmer #06168,Home & Garden,98.41,126.83,388,Warehouse B - West,69,901
Card Game Set #06169,Toys & Games,42.47,48.95,454,Warehouse A - East,70,251
Cooler Box 40L #06170,Sports & Outdoors,130.68,322.93,283,Warehouse A - East,29,486
Insect Repellent #06171,Health & Beauty,162.59,293.33,350,Warehouse D - North,51,918
Winter Jacket #06172,Clothing,249.62,298.35,30,Warehouse C - Central,35,285
Cable Management Tray #06173,Furniture,197.02,456.6,47,Warehouse D - North,67,555
Safety Vest Hi-Vis #06174,Clothing,172.19,340.0,324,Warehouse C - Central,69,629
Drafting Chair #06175,Furniture,69.08,169.46,177,Warehouse B - West,74,416
Resistance Bands Set #06176,Sports & Outdoors,150.57,180.86,5,Warehouse B - West,27,613
Dried Fruit Mix #06177,Food & Beverage,233.2,531.07,74,Warehouse D - North,66,969
Motor Oil 5W-30 #06178,Automotive Parts,133.81,258.16,435,Warehouse B - West,31,632
Olive Oil 500ml #06179,Food & Beverage,165.36,270.62,189,Warehouse C - Central,43,403
Aloe Vera Gel #06180,Health & Beauty,197.38,251.34,267,Warehouse A - East,10,320
Tent 4-Person #06181,Sports & Outdoors,214.71,385.26,308,Warehouse A - East,45,997
Resistance Bands Set #06182,Sports & Outdoors,54.26,102.37,457,Warehouse B - West,56,577
Work Boots #06183,Clothing,118.7,138.74,388,Warehouse D - North,37,824
Green Tea Box #06184,Food & Beverage,116.79,275.77,417,Warehouse B - West,50,353
Winter Jacket #06185,Clothing,60.21,126.03,49,Warehouse C - Central,36,782
Headlight Bulb Pair #06186,Automotive Parts,221.69,352.48,223,Warehouse A - East,31,764
Wiper Blades Pair #06187,Automotive Parts,221.85,367.08,6,Warehouse C - Central,63,926
Camping Chair #06188,Sports & Outdoors,180.67,218.58,457,Warehouse B - West,49,1000
Card Game Set #06189,Toys & Games,12.33,28.46,277,Warehouse D - North,30,731
Cap Branded #06190,Clothing,184.2,341.53,383,Warehouse B - West,33,790
Motor Oil 5W-30 #06191,Automotive Parts,192.01,448.05,80,Warehouse D - North,56,718
Bottled Water Case #06192,Food & Beverage,6.83,8.41,180,Warehouse B - West,78,336
Power Strip 6-Outlet #06193,Home & Garden,189.42,457.46,340,Warehouse D - North,20,618
Yoga Mat #06194,Sports & Outdoors,17.75,29.28,435,Warehouse D - North,27,851
Wireless Charger #06195,Electronics,55.33,86.09,48,Warehouse D - North,46,654
Headlamp LED #06196,Sports & Outdoors,213.09,401.78,356,Warehouse D - North,63,416
Filing Cabinet #06197,Furniture,246.84,612.97,300,Warehouse A - East,78,683
Printer Paper A4 #06198,Office Supplies,215.71,449.09,434,Warehouse B - West,52,454
Envelopes 100pk #06199,Office Supplies,138.59,345.78,408,Warehouse B - West,32,921
Dark Chocolate Box #06200,Food & Beverage,217.48,364.71,423,Warehouse C - Central,52,663
Dark Chocolate Box #06201,Food & Beverage,122.71,266.96,138,Warehouse A - East,46,540
Cargo Shorts #06202,Clothing,83.27,138.87,480,Warehouse A - East,31,356
Label Maker #06203,Office Supplies,52.97,80.98,208,Warehouse C - Central,42,892
Thermal Underwear #06204,Clothing,142.31,304.63,62,Warehouse A - East,36,730
Brake Pads Set #06205,Automotive Parts,140.63,329.25,192,Warehouse D - North,15,946
Drone Mini #06206,Toys & Games,199.77,284.33,306,Warehouse A - East,43,548
HDMI Cable 2m #06207,Electronics,165.19,308.0,265,Warehouse B - West,29,831
Storage Ottoman #06208,Furniture,38.13,73.82,374,Warehouse C - Central,58,215
Cotton T-Shirt Pack #06209,Clothing,127.7,267.72,407,Warehouse A - East,23,968
Bottled Water Case #06210,Food & Beverage,163.43,327.82,184,Warehouse C - Central,58,812
Power Strip 6-Outlet #06211,Home & Garden,80.36,96.16,297,Warehouse C - Central,59,828
Bookshelf 5-Tier #06212,Furniture,55.14,75.93,270,Warehouse A - East,79,829
Scissors 3pk #06213,Office Supplies,190.4,352.36,196,Warehouse A - East,13,737
Ergonomic Office Chair #06214,Furniture,116.18,177.89,381,Warehouse D - North,32,409
Webcam HD #06215,Electronics,195.43,333.97,15,Warehouse C - Central,74,865
Label Maker #06216,Office Supplies,127.39,191.4,394,Warehouse D - North,44,414
Cargo Pants #06217,Clothing,210.42,291.35,439,Warehouse D - North,73,707
Honey Jar #06218,Food & Beverage,195.77,284.24,482,Warehouse A - East,19,932
Printer Paper A4 #06219,Office Supplies,200.66,293.86,456,Warehouse B - West,48,915
Wireless Charger #06220,Electronics,148.64,265.04,495,Warehouse D - North,72,537
Desk Organizer #06221,Office Supplies,197.2,273.79,284,Warehouse A - East,25,769
Computer Desk #06222,Furniture,212.36,379.68,236,Warehouse A - East,31,812
Green Tea Box #06223,Food & Beverage,32.51,79.72,182,Warehouse D - North,66,516
Webcam HD #06224,Electronics,16.2,33.63,54,Warehouse D - North,27,273
Ballpoint Pens 12pk #06225,Office Supplies,113.05,244.65,157,Warehouse B - West,32,920
Cotton T-Shirt Pack #06226,Clothing,214.29,398.57,282,Warehouse C - Central,21,281
Puzzle 1000pc #06227,Toys & Games,8.0,11.56,438,Warehouse D - North,43,319
Water Bottle 1L #06228,Sports & Outdoors,216.64,298.11,202,Warehouse A - East,21,766
Smart Watch #06229,Electronics,87.34,111.86,21,Warehouse D - North,12,271
LEGO Technic Set #06230,Toys & Games,210.05,456.43,32,Warehouse B - West,38,606
Work Boots #06231,Clothing,136.72,160.55,110,Warehouse B - West,67,232
USB Flash Drive 64GB #06232,Electronics,142.29,334.08,454,Warehouse C - Central,21,811
USB-C Hub #06233,Electronics,216.66,470.16,198,Warehouse B - West,59,284
LED Bulb 4pk #06234,Home & Garden,234.05,425.67,457,Warehouse A - East,72,360
Vitamin C Tablets #06235,Health & Beauty,14.04,29.66,489,Warehouse D - North,80,207
Granola Bags #06236,Food & Beverage,171.93,403.14,117,Warehouse C - Central,40,411
USB-C Hub #06237,Electronics,238.77,503.53,215,Warehouse A - East,26,533
Bluetooth Speaker #06238,Electronics,211.08,406.93,193,Warehouse B - West,25,696
Monitor Light Bar #06239,Electronics,223.8,458.45,414,Warehouse B - West,53,302
Dark Chocolate Box #06240,Food & Beverage,33.14,64.58,226,Warehouse B - West,35,256
Hand Sanitizer 500ml #06241,Health & Beauty,120.48,153.74,431,Warehouse D - North,35,546
Extension Cord 10m #06242,Home & Garden,61.24,117.01,113,Warehouse C - Central,59,430
Car Battery #06243,Automotive Parts,51.75,101.78,301,Warehouse A - East,50,716
Wireless Mouse #06244,Electronics,199.26,309.43,200,Warehouse D - North,28,898
Tire Pressure Gauge #06245,Automotive Parts,12.86,27.17,220,Warehouse A - East,76,446
Bandages Assorted #06246,Health & Beauty,91.96,225.57,400,Warehouse C - Central,12,430
Camping Chair #06247,Sports & Outdoors,128.7,265.37,367,Warehouse C - Central,47,597
Polo Shirt #06248,Clothing,26.22,33.89,330,Warehouse B - West,12,343
Polo Shirt #06249,Clothing,25.54,63.08,53,Warehouse A - East,76,760
Hedge Trimmer #06250,Home & Garden,5.92,11.55,436,Warehouse C - Central,72,984
SSD 1TB External #06251,Electronics,242.32,317.92,380,Warehouse D - North,30,599
Spark Plugs 4pk #06252,Automotive Parts,89.87,105.89,205,Warehouse B - West,22,600
Cargo Shorts #06253,Clothing,160.07,295.41,484,Warehouse D - North,46,400
Headlamp LED #06254,Sports & Outdoors,135.41,291.63,325,Warehouse A - East,73,368
Polo Shirt #06255,Clothing,65.76,161.72,284,Warehouse A - East,72,282
Bottled Water Case #06256,Food & Beverage,196.18,315.48,145,Warehouse C - Central,72,585
Conference Table #06257,Furniture,74.28,99.73,493,Warehouse D - North,70,317
Vitamin C Tablets #06258,Health & Beauty,56.03,129.76,186,Warehouse A - East,57,563
Printer Paper A4 #06259,Office Supplies,14.34,28.65,459,Warehouse C - Central,12,636
Eye Drops #06260,Health & Beauty,50.56,79.65,466,Warehouse D - North,42,338
Thermal Underwear #06261,Clothing,65.04,111.04,47,Warehouse A - East,14,824
Chess Set Wooden #06262,Toys & Games,235.22,353.41,29,Warehouse C - Central,76,319
Pressure Washer #06263,Home & Garden,75.69,91.25,428,Warehouse A - East,35,628
Car Battery #06264,Automotive Parts,29.86,36.73,219,Warehouse B - West,11,371
Water Bottle 1L #06265,Sports & Outdoors,85.24,202.52,103,Warehouse C - Central,20,392
Floating Shelf Set #06266,Furniture,106.47,265.31,279,Warehouse C - Central,13,789
First Aid Kit #06267,Health & Beauty,123.96,187.05,16,Warehouse B - West,22,597
Headlight Bulb Pair #06268,Automotive Parts,10.97,24.04,137,Warehouse A - East,80,368
Wiper Blades Pair #06269,Automotive Parts,154.16,221.26,434,Warehouse A - East,61,833
Wireless Charger #06270,Electronics,229.45,500.29,487,Warehouse D - North,79,367
Headlamp LED #06271,Sports & Outdoors,238.15,317.8,31,Warehouse D - North,58,491
Face Masks 50pk #06272,Health & Beauty,103.38,250.42,245,Warehouse D - North,58,465
File Folders 20pk #06273,Office Supplies,96.84,154.63,24,Warehouse A - East,43,561
Monitor Arm #06274,Furniture,217.0,509.02,156,Warehouse B - West,41,787
Hiking Backpack #06275,Sports & Outdoors,220.93,516.72,296,Warehouse D - North,31,726
Ergonomic Office Chair #06276,Furniture,37.78,61.01,171,Warehouse B - West,23,456
Label Maker #06277,Office Supplies,214.86,340.59,170,Warehouse B - West,28,211
Cargo Shorts #06278,Clothing,217.52,409.16,209,Warehouse A - East,53,777
Ballpoint Pens 12pk #06279,Office Supplies,215.55,411.65,437,Warehouse C - Central,77,236
Rain Poncho #06280,Clothing,214.35,480.7,394,Warehouse B - West,15,546
HDMI Cable 2m #06281,Electronics,123.27,289.8,375,Warehouse A - East,79,430
Honey Jar #06282,Food & Beverage,225.51,347.47,53,Warehouse D - North,65,852
Jump Starter #06283,Automotive Parts,148.93,311.21,445,Warehouse A - East,18,795
Power Bank 20000mAh #06284,Electronics,5.15,9.33,51,Warehouse C - Central,68,235
Car Battery #06285,Automotive Parts,242.95,528.5,178,Warehouse D - North,45,225
Building Blocks 500pc #06286,Toys & Games,222.63,330.33,232,Warehouse B - West,65,682
Label Maker #06287,Office Supplies,77.69,101.56,354,Warehouse C - Central,50,962
Plant Pots Set #06288,Home & Garden,107.3,168.95,468,Warehouse B - West,69,839
Science Kit #06289,Toys & Games,46.65,79.4,84,Warehouse B - West,70,423
Moisturizer Pump #06290,Health & Beauty,123.28,148.91,346,Warehouse A - East,20,784
Headlamp LED #06291,Sports & Outdoors,102.56,162.41,412,Warehouse A - East,23,471
Dried Fruit Mix #06292,Food & Beverage,49.42,116.4,203,Warehouse B - West,76,867
Thermal Underwear #06293,Clothing,195.48,341.96,415,Warehouse D - North,80,287
Monitor Light Bar #06294,Electronics,89.85,190.78,44,Warehouse A - East,23,682
Cargo Shorts #06295,Clothing,68.47,158.76,219,Warehouse C - Central,40,652
Instant Oatmeal Pack #06296,Food & Beverage,63.85,77.33,111,Warehouse C - Central,19,738
Dried Fruit Mix #06297,Food & Beverage,20.62,33.3,345,Warehouse A - East,71,932
Hedge Trimmer #06298,Home & Garden,141.26,241.41,33,Warehouse C - Central,23,958
Jump Starter #06299,Automotive Parts,231.45,319.47,227,Warehouse D - North,36,461
Stapler Heavy Duty #06300,Office Supplies,221.68,479.42,375,Warehouse A - East,54,519
Vitamin C Tablets #06301,Health & Beauty,233.07,517.7,213,Warehouse B - West,49,662
Monitor Arm #06302,Furniture,26.23,44.2,273,Warehouse B - West,51,806
Lawn Fertilizer #06303,Home & Garden,59.39,119.38,9,Warehouse C - Central,11,758
Honey Jar #06304,Food & Beverage,50.2,66.17,280,Warehouse A - East,56,685
Extension Cord 10m #06305,Home & Garden,225.69,262.52,271,Warehouse C - Central,16,894
Computer Desk #06306,Furniture,171.58,206.06,486,Warehouse C - Central,26,488
Hedge Trimmer #06307,Home & Garden,47.78,88.93,87,Warehouse D - North,65,267
Dried Fruit Mix #06308,Food & Beverage,173.74,207.77,480,Warehouse B - West,79,668
Tool Kit 50pc #06309,Home & Garden,21.39,40.88,353,Warehouse A - East,21,728
Instant Oatmeal Pack #06310,Food & Beverage,227.9,496.87,301,Warehouse A - East,35,732
Vitamin C Tablets #06311,Health & Beauty,3.68,5.37,397,Warehouse B - West,77,956
Insect Repellent #06312,Health & Beauty,29.76,37.47,146,Warehouse C - Central,72,622
Puzzle 1000pc #06313,Toys & Games,181.89,257.69,353,Warehouse A - East,62,768
Mixed Nuts 500g #06314,Food & Beverage,231.61,414.89,67,Warehouse D - North,30,850
Ballpoint Pens 12pk #06315,Office Supplies,140.45,230.49,459,Warehouse B - West,36,874
Cooler Box 40L #06316,Sports & Outdoors,126.96,188.69,477,Warehouse B - West,32,290
Plant Pots Set #06317,Home & Garden,17.74,21.63,122,Warehouse C - Central,41,715
Cable Management Tray #06318,Furniture,119.44,221.38,206,Warehouse D - North,11,358
Insect Repellent #06319,Health & Beauty,248.54,444.22,211,Warehouse A - East,42,743
Power Bank 20000mAh #06320,Electronics,174.32,258.87,45,Warehouse A - East,63,692
Rain Poncho #06321,Clothing,128.66,190.23,312,Warehouse C - Central,38,816
Remote Control Car #06322,Toys & Games,235.56,587.48,397,Warehouse D - North,29,388
Ballpoint Pens 12pk #06323,Office Supplies,69.93,134.44,127,Warehouse D - North,50,450
Chess Set Wooden #06324,Toys & Games,182.82,270.21,494,Warehouse D - North,32,243
Cargo Shorts #06325,Clothing,76.53,140.87,50,Warehouse D - North,20,548
Work Boots #06326,Clothing,248.36,559.74,199,Warehouse A - East,73,765
Monitor Arm #06327,Furniture,144.85,242.0,19,Warehouse A - East,20,483
Rain Poncho #06328,Clothing,222.07,255.64,150,Warehouse B - West,66,307
Noise Cancelling Headphones #06329,Electronics,51.98,89.24,145,Warehouse C - Central,80,657
File Folders 20pk #06330,Office Supplies,101.87,146.59,229,Warehouse D - North,79,862
Floating Shelf Set #06331,Furniture,231.81,517.87,66,Warehouse D - North,67,670
Laptop Cooling Pad #06332,Electronics,105.17,228.58,312,Warehouse A - East,52,855
Bottled Water Case #06333,Food & Beverage,140.22,324.01,25,Warehouse D - North,64,568
First Aid Kit #06334,Health & Beauty,175.11,341.72,128,Warehouse D - North,38,625
Dark Chocolate Box #06335,Food & Beverage,63.15,135.82,426,Warehouse A - East,57,626
Whiteboard Markers 6pk #06336,Office Supplies,89.68,144.62,231,Warehouse D - North,71,931
File Folders 20pk #06337,Office Supplies,141.59,294.34,141,Warehouse B - West,53,717
Garden Hose 30m #06338,Home & Garden,134.86,279.1,411,Warehouse B - West,75,914
Car Battery #06339,Automotive Parts,79.39,185.2,462,Warehouse D - North,31,394
Bluetooth Speaker #06340,Electronics,34.37,51.91,2,Warehouse D - North,33,559
Spark Plugs 4pk #06341,Automotive Parts,17.44,22.89,245,Warehouse C - Central,76,377
Chess Set Wooden #06342,Toys & Games,137.55,171.48,203,Warehouse A - East,23,940
Instant Oatmeal Pack #06343,Food & Beverage,180.75,258.7,82,Warehouse B - West,47,202
Desk Organizer #06344,Office Supplies,239.31,373.43,251,Warehouse B - West,42,292
Outdoor Solar Lights #06345,Home & Garden,223.2,422.08,4,Warehouse D - North,75,948
Camping Chair #06346,Sports & Outdoors,214.93,251.57,211,Warehouse D - North,23,829
USB Flash Drive 64GB #06347,Electronics,125.01,266.18,257,Warehouse B - West,36,839
Filing Cabinet #06348,Furniture,33.72,52.62,85,Warehouse C - Central,70,575
Cap Branded #06349,Clothing,225.64,279.58,481,Warehouse D - North,61,582
Camping Chair #06350,Sports & Outdoors,81.2,126.41,193,Warehouse B - West,37,849
Ballpoint Pens 12pk #06351,Office Supplies,243.19,504.72,341,Warehouse A - East,73,885
Headlamp LED #06352,Sports & Outdoors,16.71,39.27,161,Warehouse C - Central,71,415
Ergonomic Office Chair #06353,Furniture,143.92,166.8,14,Warehouse A - East,65,588
Pressure Washer #06354,Home & Garden,215.65,440.14,99,Warehouse D - North,20,651
LED Bulb 4pk #06355,Home & Garden,201.52,276.51,149,Warehouse D - North,57,585
Building Blocks 500pc #06356,Toys & Games,128.55,198.74,117,Warehouse D - North,59,834
Hiking Backpack #06357,Sports & Outdoors,84.44,187.4,134,Warehouse D - North,60,217
Binder Clips Assorted #06358,Office Supplies,68.54,171.31,213,Warehouse B - West,12,581
Honey Jar #06359,Food & Beverage,137.54,309.1,158,Warehouse D - North,65,802
Hedge Trimmer #06360,Home & Garden,14.44,30.33,437,Warehouse D - North,24,726
Binoculars #06361,Sports & Outdoors,139.88,215.33,148,Warehouse D - North,12,397
Dried Fruit Mix #06362,Food & Beverage,132.56,198.99,53,Warehouse D - North,27,960
Drafting Chair #06363,Furniture,220.2,510.84,313,Warehouse B - West,17,368
Remote Control Car #06364,Toys & Games,220.04,431.47,352,Warehouse B - West,47,501
Monitor Arm #06365,Furniture,42.5,94.26,140,Warehouse D - North,51,538
Drone Mini #06366,Toys & Games,149.95,358.62,243,Warehouse D - North,33,550
Sprinkler System #06367,Home & Garden,122.31,295.63,29,Warehouse B - West,58,856
Extension Cord 10m #06368,Home & Garden,112.79,209.93,101,Warehouse A - East,66,914
Resistance Bands Set #06369,Sports & Outdoors,241.3,294.63,50,Warehouse D - North,40,608
Floor Mats Set #06370,Automotive Parts,238.69,595.68,310,Warehouse B - West,56,793
Windbreaker #06371,Clothing,238.14,361.08,307,Warehouse B - West,59,690
Brake Pads Set #06372,Automotive Parts,148.16,264.72,168,Warehouse A - East,67,796
Polo Shirt #06373,Clothing,209.7,327.71,135,Warehouse C - Central,13,367
Moisturizer Pump #06374,Health & Beauty,140.83,302.03,70,Warehouse D - North,58,802
Outdoor Solar Lights #06375,Home & Garden,71.15,93.45,345,Warehouse D - North,59,596
Aloe Vera Gel #06376,Health & Beauty,131.18,299.82,309,Warehouse A - East,60,816
Stapler Heavy Duty #06377,Office Supplies,130.52,190.97,467,Warehouse A - East,20,504
Desk Organizer #06378,Office Supplies,61.36,118.95,381,Warehouse A - East,46,824
Lip Balm Pack #06379,Health & Beauty,66.58,101.63,234,Warehouse B - West,16,663
Foam Roller #06380,Sports & Outdoors,69.63,148.35,245,Warehouse A - East,62,265
Stuffed Animal Bear #06381,Toys & Games,64.63,146.5,83,Warehouse C - Central,80,686
SSD 1TB External #06382,Electronics,80.77,102.74,314,Warehouse A - East,41,825
Bandages Assorted #06383,Health & Beauty,199.87,294.4,279,Warehouse A - East,31,772
Energy Drinks 24pk #06384,Food & Beverage,104.65,254.51,311,Warehouse A - East,24,892
Label Maker #06385,Office Supplies,162.39,304.02,245,Warehouse D - North,68,200
Yoga Mat #06386,Sports & Outdoors,28.37,54.68,344,Warehouse B - West,37,815
Headlamp LED #06387,Sports & Outdoors,242.17,426.22,313,Warehouse C - Central,71,908
Tool Kit 50pc #06388,Home & Garden,24.81,61.44,398,Warehouse D - North,71,268
Fleece Hoodie #06389,Clothing,102.78,179.2,391,Warehouse A - East,77,621
Tool Kit 50pc #06390,Home & Garden,199.29,435.16,200,Warehouse A - East,36,746
Coffee Beans 1kg #06391,Food & Beverage,234.74,315.08,409,Warehouse C - Central,62,332
Chess Set Wooden #06392,Toys & Games,106.5,126.39,129,Warehouse C - Central,61,606
Insect Repellent #06393,Health & Beauty,122.65,146.07,160,Warehouse C - Central,38,603
Moisturizer Pump #06394,Health & Beauty,204.65,502.18,332,Warehouse A - East,53,494
Cargo Pants #06395,Clothing,163.88,272.6,24,Warehouse A - East,79,867
Cable Management Tray #06396,Furniture,45.81,85.52,127,Warehouse B - West,42,719
Printer Paper A4 #06397,Office Supplies,229.45,508.53,301,Warehouse C - Central,30,219
Bottled Water Case #06398,Food & Beverage,81.69,125.8,181,Warehouse D - North,61,737
Science Kit #06399,Toys & Games,150.47,180.83,40,Warehouse B - West,31,423
Desk Lamp LED #06400,Furniture,34.99,54.43,486,Warehouse C - Central,44,325
Tire Pressure Gauge #06401,Automotive Parts,129.48,195.55,410,Warehouse D - North,28,673
Tape Dispenser #06402,Office Supplies,244.06,311.38,415,Warehouse D - North,32,691
Rubik's Cube #06403,Toys & Games,212.81,475.81,115,Warehouse D - North,40,536
Card Game Set #06404,Toys & Games,226.32,266.36,282,Warehouse C - Central,44,462
Jump Starter #06405,Automotive Parts,240.86,304.29,444,Warehouse C - Central,32,789
Laptop Cooling Pad #06406,Electronics,104.78,129.74,109,Warehouse C - Central,19,747
Monitor Arm #06407,Furniture,163.35,381.51,249,Warehouse B - West,41,884
Extension Cord 10m #06408,Home & Garden,206.94,297.19,324,Warehouse C - Central,64,578
Bandages Assorted #06409,Health & Beauty,187.45,247.83,337,Warehouse C - Central,17,425
Plant Pots Set #06410,Home & Garden,169.5,294.6,154,Warehouse B - West,16,277
Envelopes 100pk #06411,Office Supplies,30.4,47.28,107,Warehouse C - Central,52,417
Sunscreen SPF50 #06412,Health & Beauty,87.03,184.1,419,Warehouse D - North,65,328
SSD 1TB External #06413,Electronics,174.0,320.18,427,Warehouse C - Central,41,1000
Tire Pressure Gauge #06414,Automotive Parts,212.01,313.89,391,Warehouse A - East,42,993
Spark Plugs 4pk #06415,Automotive Parts,69.76,88.53,445,Warehouse C - Central,50,218
Sticky Notes 8pk #06416,Office Supplies,168.13,205.1,177,Warehouse C - Central,50,987
Hedge Trimmer #06417,Home & Garden,89.13,118.28,205,Warehouse D - North,12,877
Standing Desk #06418,Furniture,156.81,345.93,178,Warehouse D - North,68,423
Cap Branded #06419,Clothing,61.12,70.38,60,Warehouse C - Central,50,747
Paint Roller Set #06420,Home & Garden,58.52,127.64,400,Warehouse B - West,42,477
Printer Paper A4 #06421,Office Supplies,172.61,257.73,8,Warehouse B - West,17,798
Green Tea Box #06422,Food & Beverage,144.6,348.63,24,Warehouse D - North,70,773
Coffee Beans 1kg #06423,Food & Beverage,220.37,355.25,96,Warehouse B - West,13,238
Thermometer Digital #06424,Health & Beauty,183.32,367.34,484,Warehouse B - West,33,963
Power Strip 6-Outlet #06425,Home & Garden,8.23,13.14,186,Warehouse C - Central,57,923
Power Strip 6-Outlet #06426,Home & Garden,222.25,346.06,254,Warehouse C - Central,57,593
Car Charger Dual USB #06427,Automotive Parts,173.48,394.89,414,Warehouse B - West,39,808
Drone Mini #06428,Toys & Games,193.67,276.98,15,Warehouse C - Central,54,281
Car Charger Dual USB #06429,Automotive Parts,111.09,265.9,402,Warehouse C - Central,77,215
Air Filter #06430,Automotive Parts,182.06,413.46,124,Warehouse B - West,67,730
Tablet Stand #06431,Electronics,213.78,407.71,287,Warehouse C - Central,65,570
Pressure Washer #06432,Home & Garden,173.57,203.76,230,Warehouse D - North,47,549
Cargo Shorts #06433,Clothing,81.21,175.23,327,Warehouse B - West,69,203
Cotton T-Shirt Pack #06434,Clothing,26.65,49.87,327,Warehouse C - Central,74,657
Stapler Heavy Duty #06435,Office Supplies,205.99,251.75,296,Warehouse B - West,80,232
SSD 1TB External #06436,Electronics,86.67,214.51,464,Warehouse C - Central,26,246
Outdoor Solar Lights #06437,Home & Garden,227.98,535.07,147,Warehouse A - East,36,794
Paint Roller Set #06438,Home & Garden,230.06,342.65,253,Warehouse B - West,34,828
Mechanical Keyboard #06439,Electronics,75.87,168.62,422,Warehouse D - North,44,213
Dark Chocolate Box #06440,Food & Beverage,27.11,48.88,465,Warehouse A - East,79,868
Standing Desk #06441,Furniture,46.86,101.8,387,Warehouse B - West,60,700
LEGO Technic Set #06442,Toys & Games,242.66,302.65,202,Warehouse D - North,42,328
Monitor Arm #06443,Furniture,194.6,326.85,339,Warehouse D - North,63,481
Ergonomic Office Chair #06444,Furniture,123.2,237.0,177,Warehouse C - Central,33,653
Extension Cord 10m #06445,Home & Garden,35.52,74.46,12,Warehouse A - East,79,453
Coffee Beans 1kg #06446,Food & Beverage,163.55,204.69,197,Warehouse B - West,20,850
Cargo Pants #06447,Clothing,83.97,208.7,478,Warehouse D - North,15,260
First Aid Kit #06448,Health & Beauty,202.22,337.16,193,Warehouse A - East,44,415
Tape Dispenser #06449,Office Supplies,8.0,12.41,284,Warehouse D - North,40,298
Air Filter #06450,Automotive Parts,54.64,125.63,153,Warehouse C - Central,58,957
Eye Drops #06451,Health & Beauty,30.69,51.07,404,Warehouse D - North,60,262
Spark Plugs 4pk #06452,Automotive Parts,60.75,144.32,270,Warehouse B - West,78,833
Conference Table #06453,Furniture,32.32,42.31,30,Warehouse A - East,68,364
Label Maker #06454,Office Supplies,65.79,130.78,483,Warehouse A - East,78,937
Monitor Arm #06455,Furniture,25.57,31.51,176,Warehouse D - North,60,477
Hedge Trimmer #06456,Home & Garden,84.1,168.22,232,Warehouse A - East,56,660
Granola Bags #06457,Food & Beverage,57.78,115.47,445,Warehouse C - Central,50,848
Headlight Bulb Pair #06458,Automotive Parts,244.34,555.91,10,Warehouse D - North,37,960
Whiteboard Markers 6pk #06459,Office Supplies,135.9,312.8,161,Warehouse A - East,30,422
Printer Paper A4 #06460,Office Supplies,73.68,168.23,99,Warehouse A - East,43,417
Insect Repellent #06461,Health & Beauty,204.82,283.68,403,Warehouse A - East,69,233
Mechanical Keyboard #06462,Electronics,99.38,217.49,178,Warehouse D - North,53,468
Jump Rope #06463,Sports & Outdoors,203.48,447.12,222,Warehouse A - East,47,928
Tool Kit 50pc #06464,Home & Garden,133.19,214.57,53,Warehouse B - West,70,344
Webcam HD #06465,Electronics,210.99,342.03,83,Warehouse B - West,21,686
Tool Kit 50pc #06466,Home & Garden,171.92,398.6,278,Warehouse C - Central,16,966
Label Maker #06467,Office Supplies,247.28,288.72,455,Warehouse D - North,75,930
Standing Desk #06468,Furniture,43.23,71.15,10,Warehouse B - West,48,511
HDMI Cable 2m #06469,Electronics,245.43,508.02,398,Warehouse B - West,69,695
Standing Desk #06470,Furniture,35.12,45.46,207,Warehouse A - East,76,308
Chess Set Wooden #06471,Toys & Games,225.2,552.22,435,Warehouse D - North,68,625
Energy Drinks 24pk #06472,Food & Beverage,33.92,54.29,477,Warehouse B - West,63,695
Brake Pads Set #06473,Automotive Parts,20.03,35.26,3,Warehouse D - North,60,746
Label Maker #06474,Office Supplies,109.42,187.75,377,Warehouse C - Central,49,303
Wiper Blades Pair #06475,Automotive Parts,88.78,174.83,159,Warehouse C - Central,64,762
Dark Chocolate Box #06476,Food & Beverage,117.72,290.65,175,Warehouse D - North,32,525
Jump Starter #06477,Automotive Parts,135.52,308.54,327,Warehouse D - North,72,934
Dark Chocolate Box #06478,Food & Beverage,207.75,343.79,198,Warehouse B - West,59,234
Cargo Shorts #06479,Clothing,163.4,332.75,378,Warehouse C - Central,13,302
Monitor Light Bar #06480,Electronics,154.53,326.34,494,Warehouse D - North,17,895
Desk Lamp LED #06481,Furniture,161.75,353.63,317,Warehouse B - West,58,945
Work Boots #06482,Clothing,16.37,25.61,466,Warehouse C - Central,72,354
Science Kit #06483,Toys & Games,20.67,26.32,326,Warehouse B - West,54,903
Honey Jar #06484,Food & Beverage,193.84,246.89,64,Warehouse B - West,12,644
Desk Organizer #06485,Office Supplies,191.46,242.69,368,Warehouse A - East,62,607
Coffee Beans 1kg #06486,Food & Beverage,242.65,467.63,29,Warehouse B - West,54,285
Moisturizer Pump #06487,Health & Beauty,69.98,134.08,208,Warehouse D - North,41,529
Printer Paper A4 #06488,Office Supplies,173.71,418.52,255,Warehouse B - West,66,830
Eye Drops #06489,Health & Beauty,37.95,89.86,133,Warehouse D - North,22,920
Jump Starter #06490,Automotive Parts,37.77,84.26,251,Warehouse A - East,47,447
Science Kit #06491,Toys & Games,72.94,113.56,308,Warehouse D - North,35,343
Binder Clips Assorted #06492,Office Supplies,182.88,339.31,12,Warehouse C - Central,32,797
Storage Ottoman #06493,Furniture,168.66,321.5,301,Warehouse C - Central,15,769
Foam Roller #06494,Sports & Outdoors,132.5,179.99,71,Warehouse B - West,66,688
Green Tea Box #06495,Food & Beverage,215.66,302.52,266,Warehouse D - North,22,333
Lawn Fertilizer #06496,Home & Garden,57.29,66.43,408,Warehouse D - North,23,837
Lip Balm Pack #06497,Health & Beauty,230.17,410.0,174,Warehouse B - West,33,987
Bandages Assorted #06498,Health & Beauty,211.51,357.77,408,Warehouse A - East,52,980
Outdoor Solar Lights #06499,Home & Garden,46.14,82.75,36,Warehouse B - West,69,306
Cooler Box 40L #06500,Sports & Outdoors,164.95,329.76,152,Warehouse D - North,51,466
Laptop Cooling Pad #06501,Electronics,157.29,250.34,320,Warehouse D - North,12,562
Thermometer Digital #06502,Health & Beauty,84.47,157.18,22,Warehouse D - North,72,625
Aloe Vera Gel #06503,Health & Beauty,115.99,180.07,115,Warehouse B - West,79,882
Bookshelf 5-Tier #06504,Furniture,115.12,139.61,274,Warehouse C - Central,40,401
Card Game Set #06505,Toys & Games,136.08,273.55,447,Warehouse C - Central,26,462
Winter Jacket #06506,Clothing,206.88,462.31,277,Warehouse D - North,78,321
Tablet Stand #06507,Electronics,48.87,80.25,127,Warehouse D - North,49,310
Hedge Trimmer #06508,Home & Garden,207.77,326.28,54,Warehouse A - East,43,301
LEGO Technic Set #06509,Toys & Games,29.08,59.12,149,Warehouse A - East,69,427
Thermal Underwear #06510,Clothing,127.6,259.1,481,Warehouse C - Central,50,732
Aloe Vera Gel #06511,Health & Beauty,245.85,518.38,345,Warehouse D - North,22,337
Brake Pads Set #06512,Automotive Parts,35.59,62.19,250,Warehouse D - North,23,529
File Folders 20pk #06513,Office Supplies,50.27,114.4,2,Warehouse D - North,22,897
Lip Balm Pack #06514,Health & Beauty,122.89,292.3,129,Warehouse A - East,11,738
Coffee Beans 1kg #06515,Food & Beverage,198.75,489.04,387,Warehouse B - West,78,809
Thermal Underwear #06516,Clothing,159.53,369.15,133,Warehouse D - North,22,819
Binoculars #06517,Sports & Outdoors,187.71,224.21,355,Warehouse D - North,41,675
Vitamin C Tablets #06518,Health & Beauty,33.43,57.22,163,Warehouse A - East,67,332
Work Boots #06519,Clothing,138.43,231.11,214,Warehouse A - East,32,623
Noise Cancelling Headphones #06520,Electronics,4.02,7.77,13,Warehouse A - East,25,738
Laptop Cooling Pad #06521,Electronics,63.36,72.9,475,Warehouse B - West,34,667
Tape Dispenser #06522,Office Supplies,216.59,464.33,322,Warehouse B - West,30,941
Monitor Light Bar #06523,Electronics,189.43,266.6,232,Warehouse A - East,19,262
Outdoor Solar Lights #06524,Home & Garden,185.01,447.42,104,Warehouse D - North,69,587
Cargo Pants #06525,Clothing,92.84,115.43,435,Warehouse A - East,18,792
Motor Oil 5W-30 #06526,Automotive Parts,209.92,433.82,64,Warehouse B - West,68,951
LEGO Technic Set #06527,Toys & Games,43.33,97.88,304,Warehouse D - North,49,358
Energy Drinks 24pk #06528,Food & Beverage,135.41,311.47,156,Warehouse D - North,31,920
Honey Jar #06529,Food & Beverage,146.49,345.59,419,Warehouse C - Central,79,699
Stuffed Animal Bear #06530,Toys & Games,89.08,113.08,312,Warehouse B - West,28,989
Energy Drinks 24pk #06531,Food & Beverage,92.08,171.09,178,Warehouse B - West,68,352
Bandages Assorted #06532,Health & Beauty,164.39,332.78,417,Warehouse A - East,22,645
Board Game Classic #06533,Toys & Games,88.84,217.31,284,Warehouse B - West,72,574
Laptop Cooling Pad #06534,Electronics,159.79,310.39,44,Warehouse A - East,44,936
Card Game Set #06535,Toys & Games,17.99,32.05,167,Warehouse A - East,30,867
Cotton T-Shirt Pack #06536,Clothing,149.76,357.51,314,Warehouse C - Central,22,481
Aloe Vera Gel #06537,Health & Beauty,22.06,27.48,487,Warehouse B - West,25,684
Whiteboard Markers 6pk #06538,Office Supplies,85.62,158.12,274,Warehouse C - Central,71,476
USB Flash Drive 64GB #06539,Electronics,12.94,30.06,215,Warehouse D - North,33,765
Cooler Box 40L #06540,Sports & Outdoors,135.94,160.39,453,Warehouse B - West,73,872
USB Flash Drive 64GB #06541,Electronics,15.84,31.85,11,Warehouse A - East,55,667
Drafting Chair #06542,Furniture,226.05,347.0,107,Warehouse C - Central,51,657
Cargo Shorts #06543,Clothing,227.09,300.65,176,Warehouse D - North,57,851
Printer Paper A4 #06544,Office Supplies,176.15,332.71,217,Warehouse A - East,11,201
Cooler Box 40L #06545,Sports & Outdoors,164.02,213.25,399,Warehouse B - West,37,589
Face Masks 50pk #06546,Health & Beauty,48.43,96.27,349,Warehouse A - East,46,695
Mechanical Keyboard #06547,Electronics,243.33,393.15,292,Warehouse D - North,15,602
Winter Jacket #06548,Clothing,174.21,384.04,25,Warehouse D - North,56,684
Winter Jacket #06549,Clothing,134.1,241.91,234,Warehouse A - East,59,448
Binder Clips Assorted #06550,Office Supplies,84.66,112.45,274,Warehouse A - East,13,832
Wireless Mouse #06551,Electronics,179.6,407.67,127,Warehouse D - North,44,856
Thermometer Digital #06552,Health & Beauty,193.04,242.98,7,Warehouse B - West,43,993
Tablet Stand #06553,Electronics,40.19,56.79,161,Warehouse D - North,71,552
Mixed Nuts 500g #06554,Food & Beverage,246.05,557.37,284,Warehouse D - North,33,713
Extension Cord 10m #06555,Home & Garden,239.47,391.75,182,Warehouse C - Central,54,342
Tape Dispenser #06556,Office Supplies,140.25,339.4,448,Warehouse A - East,79,568
Lawn Fertilizer #06557,Home & Garden,68.31,167.8,244,Warehouse D - North,77,371
Aloe Vera Gel #06558,Health & Beauty,119.3,173.3,26,Warehouse C - Central,16,379
Foam Roller #06559,Sports & Outdoors,102.49,154.53,434,Warehouse C - Central,41,444
Headlight Bulb Pair #06560,Automotive Parts,128.41,171.29,135,Warehouse C - Central,75,493
Motor Oil 5W-30 #06561,Automotive Parts,73.09,95.72,357,Warehouse A - East,49,580
Tent 4-Person #06562,Sports & Outdoors,186.81,268.3,100,Warehouse D - North,71,241
Stuffed Animal Bear #06563,Toys & Games,162.89,374.84,267,Warehouse D - North,23,804
Filing Cabinet #06564,Furniture,134.63,234.95,447,Warehouse C - Central,56,870
Sleeping Bag #06565,Sports & Outdoors,71.29,99.13,268,Warehouse B - West,23,881
Dark Chocolate Box #06566,Food & Beverage,39.64,49.68,341,Warehouse A - East,68,673
Computer Desk #06567,Furniture,3.44,4.46,355,Warehouse D - North,58,652
Moisturizer Pump #06568,Health & Beauty,96.0,217.94,279,Warehouse C - Central,10,807
Puzzle 1000pc #06569,Toys & Games,110.75,276.09,114,Warehouse C - Central,63,787
Car Battery #06570,Automotive Parts,249.71,356.44,325,Warehouse D - North,49,994
Hedge Trimmer #06571,Home & Garden,237.23,443.58,108,Warehouse A - East,74,627
Pressure Washer #06572,Home & Garden,184.85,387.41,269,Warehouse D - North,71,670
Face Masks 50pk #06573,Health & Beauty,80.46,165.73,276,Warehouse A - East,47,393
Science Kit #06574,Toys & Games,159.35,218.22,34,Warehouse A - East,67,777
USB Flash Drive 64GB #06575,Electronics,81.68,167.07,68,Warehouse C - Central,63,220
Cooler Box 40L #06576,Sports & Outdoors,211.78,329.09,71,Warehouse C - Central,78,970
Sleeping Bag #06577,Sports & Outdoors,93.1,202.9,482,Warehouse C - Central,66,633
Sleeping Bag #06578,Sports & Outdoors,218.0,278.39,87,Warehouse A - East,63,728
Coffee Beans 1kg #06579,Food & Beverage,125.01,184.56,443,Warehouse B - West,36,311
Sleeping Bag #06580,Sports & Outdoors,229.85,298.19,377,Warehouse C - Central,40,983
Sleeping Bag #06581,Sports & Outdoors,179.77,255.72,415,Warehouse A - East,57,909
Winter Jacket #06582,Clothing,88.19,201.03,39,Warehouse D - North,23,984
Windbreaker #06583,Clothing,117.38,257.24,170,Warehouse B - West,23,489
Tape Dispenser #06584,Office Supplies,51.89,94.41,28,Warehouse A - East,29,410
Car Battery #06585,Automotive Parts,159.22,388.77,66,Warehouse A - East,77,961
HDMI Cable 2m #06586,Electronics,2.71,5.43,248,Warehouse C - Central,59,437
Moisturizer Pump #06587,Health & Beauty,53.49,110.6,1,Warehouse D - North,33,865
Mixed Nuts 500g #06588,Food & Beverage,181.69,306.59,37,Warehouse B - West,61,853
Chess Set Wooden #06589,Toys & Games,166.66,303.1,415,Warehouse B - West,31,538
Desk Lamp LED #06590,Furniture,180.83,421.77,137,Warehouse A - East,39,559
Air Filter #06591,Automotive Parts,163.11,334.79,472,Warehouse A - East,74,574
Face Masks 50pk #06592,Health & Beauty,186.62,380.67,274,Warehouse D - North,56,373
Tablet Stand #06593,Electronics,221.14,296.62,369,Warehouse C - Central,41,541
Air Filter #06594,Automotive Parts,219.56,328.51,456,Warehouse C - Central,50,941
Coffee Beans 1kg #06595,Food & Beverage,191.43,451.41,492,Warehouse A - East,24,431
Bluetooth Speaker #06596,Electronics,92.66,172.96,309,Warehouse C - Central,27,684
Work Boots #06597,Clothing,68.45,125.53,18,Warehouse B - West,57,628
Energy Drinks 24pk #06598,Food & Beverage,92.76,151.47,122,Warehouse A - East,75,579
Sticky Notes 8pk #06599,Office Supplies,140.02,327.93,313,Warehouse D - North,66,504
Chess Set Wooden #06600,Toys & Games,12.5,29.13,366,Warehouse B - West,56,700
Honey Jar #06601,Food & Beverage,2.82,5.62,376,Warehouse D - North,26,615
Smart Watch #06602,Electronics,169.1,196.76,128,Warehouse A - East,68,579
Floating Shelf Set #06603,Furniture,202.21,236.78,211,Warehouse C - Central,60,555
Envelopes 100pk #06604,Office Supplies,191.8,384.69,382,Warehouse D - North,14,861
Binoculars #06605,Sports & Outdoors,233.46,541.9,254,Warehouse B - West,27,367
Winter Jacket #06606,Clothing,47.06,70.13,9,Warehouse B - West,17,608
Drafting Chair #06607,Furniture,28.05,33.67,219,Warehouse B - West,70,303
Tool Kit 50pc #06608,Home & Garden,86.29,108.38,343,Warehouse B - West,21,508
USB Flash Drive 64GB #06609,Electronics,40.19,67.81,68,Warehouse B - West,28,421
Tape Dispenser #06610,Office Supplies,170.47,406.89,389,Warehouse A - East,25,476
Cargo Shorts #06611,Clothing,73.32,116.97,69,Warehouse B - West,28,467
Winter Jacket #06612,Clothing,61.48,83.04,353,Warehouse A - East,26,992
Wireless Mouse #06613,Electronics,25.93,34.35,269,Warehouse B - West,31,757
Thermometer Digital #06614,Health & Beauty,60.48,74.56,300,Warehouse A - East,72,780
Energy Drinks 24pk #06615,Food & Beverage,59.1,80.87,165,Warehouse D - North,58,319
Power Strip 6-Outlet #06616,Home & Garden,147.92,348.69,356,Warehouse D - North,76,481
Jump Starter #06617,Automotive Parts,72.9,172.37,275,Warehouse C - Central,68,669
Bottled Water Case #06618,Food & Beverage,19.14,29.12,282,Warehouse D - North,34,200
Smart Watch #06619,Electronics,15.33,22.72,476,Warehouse A - East,40,585
Cotton T-Shirt Pack #06620,Clothing,237.21,564.17,369,Warehouse D - North,52,633
Fleece Hoodie #06621,Clothing,19.08,41.15,468,Warehouse B - West,35,639
Puzzle 1000pc #06622,Toys & Games,74.29,166.84,342,Warehouse D - North,79,785
Floor Mats Set #06623,Automotive Parts,50.48,107.55,93,Warehouse B - West,48,398
Conference Table #06624,Furniture,109.18,213.11,84,Warehouse B - West,33,364
Honey Jar #06625,Food & Beverage,180.74,228.03,256,Warehouse B - West,51,380
Energy Drinks 24pk #06626,Food & Beverage,151.14,179.51,74,Warehouse A - East,72,897
Rubik's Cube #06627,Toys & Games,74.23,184.25,435,Warehouse A - East,15,936
Lip Balm Pack #06628,Health & Beauty,20.45,32.12,473,Warehouse B - West,30,389
Vitamin C Tablets #06629,Health & Beauty,98.19,202.44,267,Warehouse B - West,38,789
Yoga Mat #06630,Sports & Outdoors,71.33,169.55,355,Warehouse D - North,34,401
First Aid Kit #06631,Health & Beauty,89.4,126.56,175,Warehouse B - West,80,944
Granola Bags #06632,Food & Beverage,131.53,241.55,482,Warehouse A - East,56,839
Board Game Classic #06633,Toys & Games,86.41,188.31,296,Warehouse D - North,44,548
Sleeping Bag #06634,Sports & Outdoors,87.7,161.09,94,Warehouse B - West,54,688
Protein Bars 12pk #06635,Food & Beverage,185.78,384.42,7,Warehouse A - East,10,693
Tape Dispenser #06636,Office Supplies,218.75,272.25,223,Warehouse C - Central,48,715
Pressure Washer #06637,Home & Garden,115.18,204.98,322,Warehouse A - East,54,372
Aloe Vera Gel #06638,Health & Beauty,63.9,105.12,330,Warehouse A - East,58,571
Label Maker #06639,Office Supplies,193.23,371.26,340,Warehouse A - East,27,669
Cap Branded #06640,Clothing,205.05,423.35,188,Warehouse A - East,43,840
Cable Management Tray #06641,Furniture,167.65,394.72,447,Warehouse D - North,57,563
Cargo Shorts #06642,Clothing,77.21,96.27,216,Warehouse D - North,62,656
Printer Paper A4 #06643,Office Supplies,196.92,474.65,423,Warehouse C - Central,43,250
Science Kit #06644,Toys & Games,76.95,92.17,102,Warehouse B - West,64,473
Vitamin C Tablets #06645,Health & Beauty,190.41,470.48,79,Warehouse C - Central,13,640
Face Masks 50pk #06646,Health & Beauty,183.66,245.98,208,Warehouse B - West,18,502
Hand Sanitizer 500ml #06647,Health & Beauty,174.48,413.98,430,Warehouse A - East,36,689
Water Bottle 1L #06648,Sports & Outdoors,222.63,469.79,97,Warehouse A - East,25,244
Tent 4-Person #06649,Sports & Outdoors,211.14,360.04,126,Warehouse C - Central,13,833
Granola Bags #06650,Food & Beverage,242.08,303.89,95,Warehouse B - West,30,572
Paint Roller Set #06651,Home & Garden,147.44,225.63,281,Warehouse D - North,69,263
Spark Plugs 4pk #06652,Automotive Parts,157.27,261.82,144,Warehouse D - North,30,718
Coffee Beans 1kg #06653,Food & Beverage,117.74,240.16,15,Warehouse A - East,68,736
Laptop Cooling Pad #06654,Electronics,19.16,22.98,69,Warehouse A - East,47,496
Headlamp LED #06655,Sports & Outdoors,152.29,236.26,65,Warehouse D - North,23,315
Face Masks 50pk #06656,Health & Beauty,147.43,173.47,143,Warehouse A - East,42,798
Tablet Stand #06657,Electronics,242.3,515.17,224,Warehouse B - West,31,915
Cable Management Tray #06658,Furniture,210.31,325.17,291,Warehouse C - Central,32,231
Drone Mini #06659,Toys & Games,53.58,113.19,212,Warehouse C - Central,47,257
Bookshelf 5-Tier #06660,Furniture,20.2,35.73,343,Warehouse B - West,45,901
Ergonomic Office Chair #06661,Furniture,200.58,330.98,4,Warehouse C - Central,37,290
Scissors 3pk #06662,Office Supplies,115.02,181.42,198,Warehouse D - North,63,215
Tire Pressure Gauge #06663,Automotive Parts,162.58,245.63,135,Warehouse C - Central,76,433
Desk Lamp LED #06664,Furniture,101.98,195.31,61,Warehouse B - West,44,936
Floor Mats Set #06665,Automotive Parts,14.83,20.18,175,Warehouse D - North,39,752
Standing Desk #06666,Furniture,241.22,317.19,40,Warehouse D - North,65,378
Conference Table #06667,Furniture,53.54,88.3,98,Warehouse A - East,43,314
Garden Hose 30m #06668,Home & Garden,162.49,279.4,166,Warehouse C - Central,11,846
Air Filter #06669,Automotive Parts,236.87,383.61,62,Warehouse B - West,14,708
Brake Pads Set #06670,Automotive Parts,48.35,56.05,74,Warehouse A - East,51,951
Label Maker #06671,Office Supplies,247.14,391.27,370,Warehouse A - East,32,507
Scissors 3pk #06672,Office Supplies,110.37,244.81,378,Warehouse B - West,64,890
Jump Rope #06673,Sports & Outdoors,203.52,346.01,50,Warehouse B - West,11,796
Drafting Chair #06674,Furniture,245.81,595.91,361,Warehouse A - East,44,991
Wireless Charger #06675,Electronics,149.58,309.94,58,Warehouse D - North,31,936
Drafting Chair #06676,Furniture,35.66,74.75,405,Warehouse D - North,33,728
Face Masks 50pk #06677,Health & Beauty,21.06,44.4,442,Warehouse B - West,42,837
Foam Roller #06678,Sports & Outdoors,159.71,247.89,169,Warehouse D - North,15,352
Paint Roller Set #06679,Home & Garden,161.9,290.92,272,Warehouse D - North,65,840
Paint Roller Set #06680,Home & Garden,138.08,322.59,19,Warehouse B - West,52,271
LEGO Technic Set #06681,Toys & Games,182.94,382.97,239,Warehouse B - West,28,477
Laptop Cooling Pad #06682,Electronics,107.66,192.23,316,Warehouse D - North,76,439
Floor Mats Set #06683,Automotive Parts,127.88,149.06,1,Warehouse B - West,75,907
Hand Sanitizer 500ml #06684,Health & Beauty,126.82,281.5,324,Warehouse B - West,55,285
Granola Bags #06685,Food & Beverage,190.97,475.71,232,Warehouse B - West,32,256
Bottled Water Case #06686,Food & Beverage,97.57,221.35,198,Warehouse A - East,30,216
Air Filter #06687,Automotive Parts,148.23,364.0,375,Warehouse B - West,24,895
Pressure Washer #06688,Home & Garden,210.98,356.89,451,Warehouse D - North,63,800
Standing Desk #06689,Furniture,213.01,250.68,138,Warehouse B - West,10,889
Board Game Classic #06690,Toys & Games,186.09,259.36,335,Warehouse D - North,71,600
Bottled Water Case #06691,Food & Beverage,7.12,13.27,117,Warehouse C - Central,36,423
HDMI Cable 2m #06692,Electronics,98.98,167.86,252,Warehouse C - Central,64,208
Yoga Mat #06693,Sports & Outdoors,132.48,157.09,18,Warehouse A - East,53,249
Binder Clips Assorted #06694,Office Supplies,12.68,25.29,95,Warehouse A - East,56,249
Camping Chair #06695,Sports & Outdoors,223.0,535.86,159,Warehouse C - Central,19,799
Bookshelf 5-Tier #06696,Furniture,66.79,114.48,200,Warehouse A - East,16,580
Thermal Underwear #06697,Clothing,159.65,388.89,312,Warehouse D - North,15,650
Drafting Chair #06698,Furniture,31.18,62.39,56,Warehouse B - West,49,825
Plant Pots Set #06699,Home & Garden,131.43,259.36,121,Warehouse D - North,27,295
Car Battery #06700,Automotive Parts,141.75,345.89,47,Warehouse D - North,25,985
Plant Pots Set #06701,Home & Garden,84.54,99.88,354,Warehouse B - West,15,485
Tire Pressure Gauge #06702,Automotive Parts,161.14,228.62,447,Warehouse D - North,23,540
Tent 4-Person #06703,Sports & Outdoors,235.03,543.05,457,Warehouse C - Central,32,835
Laptop Cooling Pad #06704,Electronics,135.52,306.46,201,Warehouse A - East,14,402
Bottled Water Case #06705,Food & Beverage,124.93,237.31,226,Warehouse D - North,56,605
Jump Rope #06706,Sports & Outdoors,193.46,307.36,38,Warehouse C - Central,50,454
Car Battery #06707,Automotive Parts,52.08,125.57,254,Warehouse A - East,10,730
Polo Shirt #06708,Clothing,115.63,139.96,423,Warehouse D - North,13,412
Ballpoint Pens 12pk #06709,Office Supplies,214.35,279.98,127,Warehouse B - West,28,205
Dried Fruit Mix #06710,Food & Beverage,226.84,509.76,207,Warehouse A - East,11,811
Art Supplies Box #06711,Toys & Games,88.18,185.25,273,Warehouse D - North,55,316
Garden Hose 30m #06712,Home & Garden,141.5,257.99,202,Warehouse C - Central,43,519
Board Game Classic #06713,Toys & Games,71.61,158.15,147,Warehouse A - East,61,934
Pressure Washer #06714,Home & Garden,37.04,77.07,238,Warehouse D - North,66,335
Ergonomic Office Chair #06715,Furniture,86.44,190.49,405,Warehouse D - North,14,373
Laptop Cooling Pad #06716,Electronics,212.63,394.72,154,Warehouse C - Central,62,564
Puzzle 1000pc #06717,Toys & Games,225.9,475.48,300,Warehouse D - North,50,592
Insect Repellent #06718,Health & Beauty,144.88,209.1,98,Warehouse C - Central,67,481
Olive Oil 500ml #06719,Food & Beverage,240.92,450.17,90,Warehouse C - Central,39,754
Stapler Heavy Duty #06720,Office Supplies,103.83,229.42,155,Warehouse B - West,48,461
Dark Chocolate Box #06721,Food & Beverage,169.61,296.07,118,Warehouse A - East,58,989
Board Game Classic #06722,Toys & Games,129.0,224.69,114,Warehouse C - Central,69,817
Jump Starter #06723,Automotive Parts,188.93,243.97,366,Warehouse C - Central,37,869
Windbreaker #06724,Clothing,143.96,168.09,146,Warehouse D - North,31,857
File Folders 20pk #06725,Office Supplies,40.95,58.3,204,Warehouse A - East,20,524
Cargo Pants #06726,Clothing,189.36,326.79,206,Warehouse D - North,10,735
USB-C Hub #06727,Electronics,6.89,16.72,218,Warehouse D - North,50,717
Label Maker #06728,Office Supplies,41.7,65.43,376,Warehouse C - Central,57,631
Sticky Notes 8pk #06729,Office Supplies,189.35,273.61,418,Warehouse A - East,52,456
Face Masks 50pk #06730,Health & Beauty,75.06,120.44,352,Warehouse D - North,39,788
Honey Jar #06731,Food & Beverage,221.13,313.55,129,Warehouse A - East,58,599
Ballpoint Pens 12pk #06732,Office Supplies,249.74,386.39,271,Warehouse B - West,60,244
Rubik's Cube #06733,Toys & Games,102.3,163.32,115,Warehouse B - West,33,903
Desk Lamp LED #06734,Furniture,166.37,236.56,245,Warehouse A - East,12,677
Board Game Classic #06735,Toys & Games,199.39,419.19,356,Warehouse D - North,73,728
USB-C Hub #06736,Electronics,91.01,168.01,391,Warehouse C - Central,38,444
Resistance Bands Set #06737,Sports & Outdoors,46.48,86.57,308,Warehouse C - Central,42,555
Computer Desk #06738,Furniture,53.77,118.36,286,Warehouse C - Central,76,310
Coolant 4L #06739,Automotive Parts,78.28,183.39,12,Warehouse B - West,68,515
Sticky Notes 8pk #06740,Office Supplies,13.36,18.97,182,Warehouse A - East,17,865
Car Charger Dual USB #06741,Automotive Parts,108.1,189.47,170,Warehouse A - East,52,200
Jump Rope #06742,Sports & Outdoors,243.01,384.01,407,Warehouse A - East,59,930
Bottled Water Case #06743,Food & Beverage,214.94,307.82,199,Warehouse B - West,18,475
Eye Drops #06744,Health & Beauty,71.65,178.65,391,Warehouse B - West,21,644
Thermal Underwear #06745,Clothing,80.37,137.53,32,Warehouse B - West,45,720
Thermometer Digital #06746,Health & Beauty,62.04,96.62,175,Warehouse B - West,19,654
Spark Plugs 4pk #06747,Automotive Parts,91.7,166.79,103,Warehouse D - North,17,980
Conference Table #06748,Furniture,217.86,365.54,40,Warehouse C - Central,73,885
Drafting Chair #06749,Furniture,95.71,113.38,371,Warehouse B - West,17,262
Headlamp LED #06750,Sports & Outdoors,169.8,376.38,463,Warehouse D - North,52,814
Cotton T-Shirt Pack #06751,Clothing,131.03,261.4,493,Warehouse D - North,70,689
Extension Cord 10m #06752,Home & Garden,66.66,88.72,152,Warehouse A - East,70,980
Vitamin C Tablets #06753,Health & Beauty,30.39,42.88,139,Warehouse B - West,10,998
Label Maker #06754,Office Supplies,195.9,335.87,182,Warehouse B - West,65,550
Remote Control Car #06755,Toys & Games,228.45,378.81,185,Warehouse D - North,59,383
Foam Roller #06756,Sports & Outdoors,86.58,195.99,7,Warehouse C - Central,39,997
LEGO Technic Set #06757,Toys & Games,242.22,525.76,496,Warehouse D - North,41,819
Sleeping Bag #06758,Sports & Outdoors,90.79,133.44,336,Warehouse B - West,48,843
Cargo Shorts #06759,Clothing,14.18,27.38,224,Warehouse C - Central,14,539
Eye Drops #06760,Health & Beauty,216.67,353.9,448,Warehouse A - East,35,824
Computer Desk #06761,Furniture,182.68,325.62,395,Warehouse A - East,31,656
Moisturizer Pump #06762,Health & Beauty,128.84,205.77,370,Warehouse D - North,28,731
Desk Lamp LED #06763,Furniture,192.79,356.45,138,Warehouse A - East,44,430
Thermal Underwear #06764,Clothing,155.73,318.32,460,Warehouse C - Central,40,762
Lip Balm Pack #06765,Health & Beauty,218.47,303.37,143,Warehouse C - Central,17,359
Printer Paper A4 #06766,Office Supplies,76.78,132.28,268,Warehouse A - East,59,919
Desk Organizer #06767,Office Supplies,113.94,161.7,459,Warehouse B - West,42,872
Air Filter #06768,Automotive Parts,78.22,174.98,53,Warehouse D - North,24,559
Stapler Heavy Duty #06769,Office Supplies,50.0,110.29,274,Warehouse D - North,20,549
Storage Ottoman #06770,Furniture,40.9,87.92,108,Warehouse A - East,58,685
Granola Bags #06771,Food & Beverage,132.83,241.56,32,Warehouse B - West,47,220
Drafting Chair #06772,Furniture,173.33,226.79,217,Warehouse A - East,63,993
Power Strip 6-Outlet #06773,Home & Garden,79.06,162.89,203,Warehouse D - North,79,735
Jump Starter #06774,Automotive Parts,44.73,95.92,257,Warehouse C - Central,27,384
Headlight Bulb Pair #06775,Automotive Parts,243.47,487.06,64,Warehouse D - North,42,705
Tape Dispenser #06776,Office Supplies,111.11,275.81,233,Warehouse D - North,23,601
Monitor Arm #06777,Furniture,68.38,140.08,183,Warehouse B - West,68,824
Hiking Backpack #06778,Sports & Outdoors,135.12,281.59,98,Warehouse A - East,50,354
Wireless Charger #06779,Electronics,155.82,240.68,35,Warehouse D - North,38,995
Dried Fruit Mix #06780,Food & Beverage,86.6,114.62,146,Warehouse A - East,71,974
Desk Lamp LED #06781,Furniture,219.2,405.34,95,Warehouse A - East,33,267
Stuffed Animal Bear #06782,Toys & Games,22.89,29.17,309,Warehouse A - East,10,661
Plant Pots Set #06783,Home & Garden,119.09,205.67,341,Warehouse B - West,35,319
Storage Ottoman #06784,Furniture,225.63,350.17,124,Warehouse B - West,80,401
Paint Roller Set #06785,Home & Garden,42.02,66.61,4,Warehouse B - West,38,569
Granola Bags #06786,Food & Beverage,229.73,495.97,494,Warehouse A - East,32,950
USB-C Hub #06787,Electronics,41.8,101.56,357,Warehouse C - Central,61,661
Building Blocks 500pc #06788,Toys & Games,74.47,144.83,309,Warehouse D - North,55,784
Motor Oil 5W-30 #06789,Automotive Parts,59.65,125.2,245,Warehouse D - North,10,569
Label Maker #06790,Office Supplies,181.94,300.03,100,Warehouse A - East,33,242
Moisturizer Pump #06791,Health & Beauty,83.78,138.3,411,Warehouse D - North,34,605
Chess Set Wooden #06792,Toys & Games,129.87,290.23,498,Warehouse D - North,39,647
Bottled Water Case #06793,Food & Beverage,158.91,361.32,342,Warehouse C - Central,49,936
Chess Set Wooden #06794,Toys & Games,219.34,261.23,206,Warehouse B - West,34,969
Plant Pots Set #06795,Home & Garden,190.82,364.87,324,Warehouse A - East,13,586
Sunscreen SPF50 #06796,Health & Beauty,217.15,419.92,75,Warehouse A - East,27,974
Drafting Chair #06797,Furniture,207.72,313.57,134,Warehouse C - Central,37,857
HDMI Cable 2m #06798,Electronics,151.31,272.73,460,Warehouse B - West,31,261
Stapler Heavy Duty #06799,Office Supplies,35.33,46.29,70,Warehouse B - West,12,420
Drone Mini #06800,Toys & Games,127.31,247.38,420,Warehouse C - Central,15,307
Wireless Charger #06801,Electronics,167.29,368.61,499,Warehouse C - Central,57,836
Eye Drops #06802,Health & Beauty,246.1,309.14,286,Warehouse D - North,17,940
Printer Paper A4 #06803,Office Supplies,237.61,285.48,372,Warehouse C - Central,13,206
Bandages Assorted #06804,Health & Beauty,131.16,164.87,358,Warehouse C - Central,35,321
Mixed Nuts 500g #06805,Food & Beverage,105.24,251.13,252,Warehouse B - West,43,400
Cable Management Tray #06806,Furniture,220.83,289.64,176,Warehouse C - Central,44,788
LEGO Technic Set #06807,Toys & Games,185.31,374.87,66,Warehouse D - North,20,976
Rubik's Cube #06808,Toys & Games,242.25,473.6,431,Warehouse A - East,16,816
Bottled Water Case #06809,Food & Beverage,74.61,135.17,213,Warehouse B - West,50,916
Monitor Light Bar #06810,Electronics,210.55,346.91,293,Warehouse B - West,48,755
LED Bulb 4pk #06811,Home & Garden,225.46,560.63,455,Warehouse A - East,19,630
Standing Desk #06812,Furniture,86.4,213.92,338,Warehouse D - North,37,959
Smart Watch #06813,Electronics,97.48,139.77,153,Warehouse B - West,56,846
Insect Repellent #06814,Health & Beauty,124.24,164.03,1,Warehouse A - East,62,234
Jump Rope #06815,Sports & Outdoors,85.02,190.06,498,Warehouse B - West,13,567
Cap Branded #06816,Clothing,241.38,520.36,474,Warehouse A - East,49,893
Insect Repellent #06817,Health & Beauty,124.87,188.23,141,Warehouse C - Central,80,917
Camping Chair #06818,Sports & Outdoors,245.43,314.47,207,Warehouse C - Central,36,366
USB Flash Drive 64GB #06819,Electronics,84.59,184.61,457,Warehouse C - Central,67,974
Standing Desk #06820,Furniture,228.09,436.51,189,Warehouse A - East,35,780
Webcam HD #06821,Electronics,129.25,284.06,37,Warehouse D - North,60,987
Floor Mats Set #06822,Automotive Parts,172.43,343.66,347,Warehouse A - East,56,358
File Folders 20pk #06823,Office Supplies,169.76,390.14,193,Warehouse A - East,77,933
Face Masks 50pk #06824,Health & Beauty,248.89,489.88,73,Warehouse B - West,11,233
Binoculars #06825,Sports & Outdoors,207.45,329.43,263,Warehouse A - East,35,823
Instant Oatmeal Pack #06826,Food & Beverage,7.88,13.87,105,Warehouse A - East,20,357
Binoculars #06827,Sports & Outdoors,197.95,337.08,328,Warehouse C - Central,49,731
Granola Bags #06828,Food & Beverage,17.26,25.72,234,Warehouse B - West,80,279
Hand Sanitizer 500ml #06829,Health & Beauty,181.26,293.87,334,Warehouse A - East,25,480
Yoga Mat #06830,Sports & Outdoors,186.42,353.69,124,Warehouse D - North,59,276
Wireless Mouse #06831,Electronics,11.23,17.1,419,Warehouse A - East,55,511
Cargo Shorts #06832,Clothing,49.69,73.97,473,Warehouse C - Central,23,208
Water Bottle 1L #06833,Sports & Outdoors,80.94,189.68,358,Warehouse C - Central,59,349
Headlamp LED #06834,Sports & Outdoors,21.42,32.41,479,Warehouse D - North,29,879
USB-C Hub #06835,Electronics,228.03,280.26,97,Warehouse C - Central,26,324
Thermal Underwear #06836,Clothing,65.43,119.08,220,Warehouse A - East,24,313
Aloe Vera Gel #06837,Health & Beauty,242.44,330.37,384,Warehouse D - North,14,813
Water Bottle 1L #06838,Sports & Outdoors,232.99,397.32,39,Warehouse D - North,26,326
Hedge Trimmer #06839,Home & Garden,141.77,261.84,469,Warehouse A - East,17,201
Bookshelf 5-Tier #06840,Furniture,177.98,257.36,356,Warehouse D - North,12,325
Headlight Bulb Pair #06841,Automotive Parts,206.75,331.9,188,Warehouse D - North,59,866
Protein Bars 12pk #06842,Food & Beverage,56.91,121.3,408,Warehouse C - Central,34,597
Conference Table #06843,Furniture,61.73,94.45,456,Warehouse A - East,31,379
Car Battery #06844,Automotive Parts,166.29,335.62,160,Warehouse A - East,35,724
Cooler Box 40L #06845,Sports & Outdoors,154.21,178.88,390,Warehouse A - East,44,365
Sprinkler System #06846,Home & Garden,59.4,80.53,487,Warehouse B - West,67,703
Ergonomic Office Chair #06847,Furniture,175.64,318.28,239,Warehouse A - East,46,325
Sleeping Bag #06848,Sports & Outdoors,21.73,53.08,179,Warehouse A - East,68,786
Camping Chair #06849,Sports & Outdoors,85.37,161.77,303,Warehouse C - Central,55,935
Thermal Underwear #06850,Clothing,107.2,159.0,162,Warehouse A - East,27,341
Wiper Blades Pair #06851,Automotive Parts,33.8,52.81,135,Warehouse B - West,77,691
Chess Set Wooden #06852,Toys & Games,16.81,23.01,456,Warehouse A - East,29,832
Air Filter #06853,Automotive Parts,97.22,213.51,334,Warehouse C - Central,41,936
Polo Shirt #06854,Clothing,79.47,127.4,251,Warehouse A - East,76,971
Green Tea Box #06855,Food & Beverage,74.17,181.3,442,Warehouse C - Central,58,340
Coffee Beans 1kg #06856,Food & Beverage,56.23,131.75,143,Warehouse A - East,18,424
USB-C Hub #06857,Electronics,30.05,37.23,217,Warehouse B - West,48,514
Conference Table #06858,Furniture,63.59,128.26,257,Warehouse C - Central,13,580
Puzzle 1000pc #06859,Toys & Games,185.27,436.05,494,Warehouse B - West,70,224
LED Bulb 4pk #06860,Home & Garden,185.64,354.67,204,Warehouse D - North,70,827
Cap Branded #06861,Clothing,101.91,198.59,331,Warehouse A - East,49,279
Energy Drinks 24pk #06862,Food & Beverage,5.82,10.21,222,Warehouse D - North,47,832
Air Filter #06863,Automotive Parts,175.74,369.73,97,Warehouse D - North,37,778
Printer Paper A4 #06864,Office Supplies,236.5,413.38,466,Warehouse C - Central,23,830
Tire Pressure Gauge #06865,Automotive Parts,13.84,33.64,182,Warehouse A - East,33,331
Standing Desk #06866,Furniture,37.72,86.32,425,Warehouse C - Central,71,208
Safety Vest Hi-Vis #06867,Clothing,239.14,394.25,291,Warehouse B - West,38,441
Honey Jar #06868,Food & Beverage,23.26,36.31,108,Warehouse A - East,24,616
Lawn Fertilizer #06869,Home & Garden,185.18,368.32,340,Warehouse C - Central,70,514
Outdoor Solar Lights #06870,Home & Garden,122.67,221.84,57,Warehouse C - Central,77,934
Standing Desk #06871,Furniture,31.19,56.67,462,Warehouse B - West,68,331
Board Game Classic #06872,Toys & Games,228.55,415.47,164,Warehouse D - North,57,728
Mechanical Keyboard #06873,Electronics,101.78,134.94,206,Warehouse C - Central,32,941
Binoculars #06874,Sports & Outdoors,135.36,334.77,364,Warehouse B - West,58,958
Brake Pads Set #06875,Automotive Parts,203.49,360.84,282,Warehouse A - East,73,554
Label Maker #06876,Office Supplies,7.72,15.61,235,Warehouse D - North,18,269
Whiteboard Markers 6pk #06877,Office Supplies,158.77,242.41,30,Warehouse D - North,29,950
Aloe Vera Gel #06878,Health & Beauty,151.39,208.84,157,Warehouse B - West,39,652
Lawn Fertilizer #06879,Home & Garden,108.09,131.91,158,Warehouse D - North,78,973
Brake Pads Set #06880,Automotive Parts,31.64,58.77,208,Warehouse B - West,18,738
Coolant 4L #06881,Automotive Parts,111.25,161.02,421,Warehouse C - Central,67,674
Science Kit #06882,Toys & Games,110.66,204.63,149,Warehouse B - West,57,917
Wiper Blades Pair #06883,Automotive Parts,173.52,256.32,324,Warehouse A - East,23,855
Headlamp LED #06884,Sports & Outdoors,124.89,287.77,61,Warehouse C - Central,37,543
Camping Chair #06885,Sports & Outdoors,166.15,325.02,326,Warehouse D - North,13,941
Rubik's Cube #06886,Toys & Games,17.13,40.36,328,Warehouse C - Central,17,516
Jump Rope #06887,Sports & Outdoors,8.65,10.18,248,Warehouse C - Central,35,306
Bookshelf 5-Tier #06888,Furniture,118.75,290.71,300,Warehouse B - West,32,311
LEGO Technic Set #06889,Toys & Games,139.45,232.26,353,Warehouse A - East,26,464
Camping Chair #06890,Sports & Outdoors,86.8,175.49,320,Warehouse A - East,30,534
Floor Mats Set #06891,Automotive Parts,73.6,137.48,220,Warehouse D - North,51,359
Sunscreen SPF50 #06892,Health & Beauty,190.31,411.25,110,Warehouse B - West,66,515
Desk Organizer #06893,Office Supplies,35.54,48.26,94,Warehouse C - Central,26,252
Ergonomic Office Chair #06894,Furniture,105.76,250.77,207,Warehouse B - West,15,668
Extension Cord 10m #06895,Home & Garden,40.78,50.29,424,Warehouse C - Central,23,941
Stapler Heavy Duty #06896,Office Supplies,106.0,211.04,231,Warehouse B - West,39,649
Yoga Mat #06897,Sports & Outdoors,15.63,23.01,82,Warehouse C - Central,25,952
Hedge Trimmer #06898,Home & Garden,210.19,418.25,404,Warehouse C - Central,32,260
HDMI Cable 2m #06899,Electronics,182.62,220.29,457,Warehouse A - East,59,843
Binoculars #06900,Sports & Outdoors,130.92,198.73,179,Warehouse D - North,26,422
Insect Repellent #06901,Health & Beauty,226.93,283.09,463,Warehouse B - West,13,234
Noise Cancelling Headphones #06902,Electronics,143.29,259.89,382,Warehouse A - East,14,504
Power Strip 6-Outlet #06903,Home & Garden,62.75,87.96,428,Warehouse D - North,56,322
Resistance Bands Set #06904,Sports & Outdoors,151.37,270.69,405,Warehouse D - North,32,790
Power Bank 20000mAh #06905,Electronics,131.71,214.35,41,Warehouse B - West,44,895
Sunscreen SPF50 #06906,Health & Beauty,46.51,84.58,23,Warehouse A - East,46,422
Monitor Light Bar #06907,Electronics,114.95,158.32,73,Warehouse C - Central,69,459
Envelopes 100pk #06908,Office Supplies,49.73,84.06,477,Warehouse D - North,47,368
USB-C Hub #06909,Electronics,122.56,205.78,453,Warehouse D - North,70,883
Honey Jar #06910,Food & Beverage,191.22,353.09,60,Warehouse B - West,23,265
Tablet Stand #06911,Electronics,88.82,184.52,297,Warehouse B - West,29,412
Water Bottle 1L #06912,Sports & Outdoors,38.69,68.81,171,Warehouse C - Central,15,476
Printer Paper A4 #06913,Office Supplies,100.59,148.56,95,Warehouse D - North,43,485
Whiteboard Markers 6pk #06914,Office Supplies,103.62,158.16,56,Warehouse A - East,31,628
Hedge Trimmer #06915,Home & Garden,186.41,296.13,159,Warehouse B - West,26,678
Dark Chocolate Box #06916,Food & Beverage,147.82,263.55,67,Warehouse D - North,25,504
Cable Management Tray #06917,Furniture,97.61,221.53,388,Warehouse D - North,14,519
Garden Hose 30m #06918,Home & Garden,14.51,35.59,438,Warehouse C - Central,64,877
Lip Balm Pack #06919,Health & Beauty,22.47,48.54,387,Warehouse D - North,43,403
Motor Oil 5W-30 #06920,Automotive Parts,43.41,88.61,234,Warehouse A - East,14,538
Energy Drinks 24pk #06921,Food & Beverage,104.56,236.97,86,Warehouse B - West,40,661
Bandages Assorted #06922,Health & Beauty,167.55,367.22,413,Warehouse C - Central,60,209
File Folders 20pk #06923,Office Supplies,218.34,276.15,303,Warehouse C - Central,14,614
Hedge Trimmer #06924,Home & Garden,60.36,139.61,344,Warehouse A - East,61,696
Standing Desk #06925,Furniture,203.93,374.56,58,Warehouse B - West,33,555
Air Filter #06926,Automotive Parts,199.54,386.17,207,Warehouse B - West,47,342
Thermal Underwear #06927,Clothing,37.22,60.3,279,Warehouse D - North,42,272
Hiking Backpack #06928,Sports & Outdoors,241.73,405.35,250,Warehouse D - North,61,583
Safety Vest Hi-Vis #06929,Clothing,168.13,389.19,475,Warehouse B - West,56,733
Lawn Fertilizer #06930,Home & Garden,5.49,10.65,110,Warehouse C - Central,40,878
Noise Cancelling Headphones #06931,Electronics,51.85,116.58,99,Warehouse B - West,70,723
Pressure Washer #06932,Home & Garden,29.87,67.95,295,Warehouse D - North,33,598
Tape Dispenser #06933,Office Supplies,96.87,179.1,277,Warehouse C - Central,12,692
Extension Cord 10m #06934,Home & Garden,61.17,72.43,95,Warehouse C - Central,28,696
Smart Watch #06935,Electronics,52.02,88.56,416,Warehouse D - North,12,487
Smart Watch #06936,Electronics,40.54,48.57,458,Warehouse A - East,38,663
Sunscreen SPF50 #06937,Health & Beauty,171.19,246.77,241,Warehouse B - West,46,660
Headlight Bulb Pair #06938,Automotive Parts,58.46,81.07,73,Warehouse C - Central,62,941
Stuffed Animal Bear #06939,Toys & Games,66.49,121.23,213,Warehouse B - West,26,825
Bottled Water Case #06940,Food & Beverage,183.28,426.57,261,Warehouse C - Central,37,344
Tablet Stand #06941,Electronics,118.89,264.84,263,Warehouse C - Central,20,1000
Chess Set Wooden #06942,Toys & Games,27.99,66.57,213,Warehouse A - East,19,880
Chess Set Wooden #06943,Toys & Games,205.08,244.37,273,Warehouse A - East,17,469
Remote Control Car #06944,Toys & Games,59.32,126.13,224,Warehouse C - Central,28,475
Water Bottle 1L #06945,Sports & Outdoors,48.05,78.57,132,Warehouse D - North,27,599
Protein Bars 12pk #06946,Food & Beverage,173.0,364.97,247,Warehouse B - West,32,389
Desk Lamp LED #06947,Furniture,249.17,366.64,163,Warehouse A - East,16,995
Outdoor Solar Lights #06948,Home & Garden,216.54,303.86,447,Warehouse D - North,33,780
Vitamin C Tablets #06949,Health & Beauty,25.96,54.55,202,Warehouse A - East,53,919
LED Bulb 4pk #06950,Home & Garden,137.57,190.43,491,Warehouse C - Central,47,807
Filing Cabinet #06951,Furniture,51.43,88.67,416,Warehouse C - Central,10,953
Tire Pressure Gauge #06952,Automotive Parts,211.27,425.9,207,Warehouse C - Central,60,961
Brake Pads Set #06953,Automotive Parts,244.09,311.51,43,Warehouse A - East,37,337
Air Filter #06954,Automotive Parts,49.94,96.09,298,Warehouse C - Central,21,750
Extension Cord 10m #06955,Home & Garden,231.75,535.69,396,Warehouse D - North,62,422
Rubik's Cube #06956,Toys & Games,166.77,306.29,463,Warehouse D - North,18,587
Pressure Washer #06957,Home & Garden,218.75,356.46,316,Warehouse D - North,19,811
Outdoor Solar Lights #06958,Home & Garden,111.82,137.87,94,Warehouse D - North,27,402
Lip Balm Pack #06959,Health & Beauty,143.88,276.83,408,Warehouse A - East,54,902
Moisturizer Pump #06960,Health & Beauty,113.68,131.43,137,Warehouse C - Central,35,896
Winter Jacket #06961,Clothing,152.56,350.83,79,Warehouse A - East,65,402
Floor Mats Set #06962,Automotive Parts,118.41,179.58,461,Warehouse B - West,44,351
Cargo Pants #06963,Clothing,214.75,444.02,67,Warehouse D - North,23,933
Honey Jar #06964,Food & Beverage,24.98,53.43,410,Warehouse C - Central,13,438
Wiper Blades Pair #06965,Automotive Parts,27.78,44.2,16,Warehouse C - Central,32,805
Binder Clips Assorted #06966,Office Supplies,182.73,290.79,259,Warehouse B - West,36,440
Brake Pads Set #06967,Automotive Parts,8.05,12.67,376,Warehouse B - West,51,289
Tent 4-Person #06968,Sports & Outdoors,107.77,153.29,344,Warehouse A - East,47,430
Brake Pads Set #06969,Automotive Parts,152.15,372.91,494,Warehouse B - West,18,589
Energy Drinks 24pk #06970,Food & Beverage,66.78,133.43,359,Warehouse B - West,55,466
Dark Chocolate Box #06971,Food & Beverage,159.17,386.11,85,Warehouse A - East,51,509
Jump Starter #06972,Automotive Parts,137.04,335.92,352,Warehouse D - North,28,233
Sticky Notes 8pk #06973,Office Supplies,143.26,289.49,461,Warehouse A - East,42,549
Rain Poncho #06974,Clothing,232.94,376.87,60,Warehouse A - East,63,786
LEGO Technic Set #06975,Toys & Games,161.81,398.38,218,Warehouse C - Central,32,578
Drone Mini #06976,Toys & Games,50.48,120.77,164,Warehouse D - North,41,947
Resistance Bands Set #06977,Sports & Outdoors,51.68,123.66,494,Warehouse B - West,65,313
Plant Pots Set #06978,Home & Garden,173.7,398.77,41,Warehouse D - North,65,302
Power Bank 20000mAh #06979,Electronics,69.63,101.37,349,Warehouse B - West,12,695
Plant Pots Set #06980,Home & Garden,21.4,39.0,132,Warehouse D - North,71,204
Stuffed Animal Bear #06981,Toys & Games,240.89,538.68,89,Warehouse C - Central,23,664
Tablet Stand #06982,Electronics,172.49,343.16,230,Warehouse D - North,27,808
Air Filter #06983,Automotive Parts,213.8,324.62,283,Warehouse B - West,65,373
Drafting Chair #06984,Furniture,189.47,244.93,193,Warehouse D - North,66,765
Cooler Box 40L #06985,Sports & Outdoors,173.0,329.32,353,Warehouse C - Central,43,703
Monitor Light Bar #06986,Electronics,195.23,255.36,420,Warehouse C - Central,28,853
Jump Rope #06987,Sports & Outdoors,219.5,386.68,171,Warehouse C - Central,51,201
Garden Hose 30m #06988,Home & Garden,109.75,169.91,119,Warehouse C - Central,79,950
Webcam HD #06989,Electronics,151.55,269.63,432,Warehouse C - Central,58,688
Vitamin C Tablets #06990,Health & Beauty,111.12,250.58,323,Warehouse C - Central,17,795
Conference Table #06991,Furniture,34.12,82.25,385,Warehouse C - Central,17,831
Tool Kit 50pc #06992,Home & Garden,103.35,220.88,111,Warehouse C - Central,75,538
Rain Poncho #06993,Clothing,189.42,265.41,59,Warehouse D - North,36,352
Car Charger Dual USB #06994,Automotive Parts,55.61,125.74,158,Warehouse C - Central,35,567
Drone Mini #06995,Toys & Games,28.8,56.7,451,Warehouse B - West,69,619
File Folders 20pk #06996,Office Supplies,128.93,216.47,410,Warehouse C - Central,28,345
Moisturizer Pump #06997,Health & Beauty,122.96,208.96,215,Warehouse D - North,61,380
Standing Desk #06998,Furniture,116.44,152.12,413,Warehouse B - West,65,579
Sleeping Bag #06999,Sports & Outdoors,189.83,307.26,99,Warehouse A - East,44,578
Pressure Washer #07000,Home & Garden,142.89,283.02,257,Warehouse C - Central,26,821
Tape Dispenser #07001,Office Supplies,60.4,134.86,310,Warehouse B - West,69,920
File Folders 20pk #07002,Office Supplies,82.67,165.14,62,Warehouse B - West,67,794
Card Game Set #07003,Toys & Games,228.27,288.75,459,Warehouse B - West,25,469
Desk Lamp LED #07004,Furniture,64.6,137.27,447,Warehouse D - North,14,793
Jump Starter #07005,Automotive Parts,38.46,91.47,281,Warehouse C - Central,56,706
Bluetooth Speaker #07006,Electronics,7.6,16.72,81,Warehouse D - North,72,851
Webcam HD #07007,Electronics,93.31,223.31,220,Warehouse A - East,58,437
Spark Plugs 4pk #07008,Automotive Parts,220.62,423.58,311,Warehouse A - East,72,528
Smart Watch #07009,Electronics,8.98,18.86,181,Warehouse C - Central,22,836
SSD 1TB External #07010,Electronics,44.06,98.25,116,Warehouse A - East,45,617
Cooler Box 40L #07011,Sports & Outdoors,12.36,16.19,379,Warehouse A - East,18,711
Sticky Notes 8pk #07012,Office Supplies,141.77,189.67,300,Warehouse A - East,28,525
Olive Oil 500ml #07013,Food & Beverage,9.04,12.58,352,Warehouse A - East,55,245
Conference Table #07014,Furniture,111.42,263.94,424,Warehouse A - East,67,380
Camping Chair #07015,Sports & Outdoors,81.86,120.73,258,Warehouse A - East,34,910
Insect Repellent #07016,Health & Beauty,240.12,436.45,245,Warehouse D - North,47,520
Whiteboard Markers 6pk #07017,Office Supplies,72.32,163.68,118,Warehouse B - West,35,415
Scissors 3pk #07018,Office Supplies,223.12,522.95,443,Warehouse A - East,63,550
Board Game Classic #07019,Toys & Games,53.38,82.35,102,Warehouse B - West,16,772
First Aid Kit #07020,Health & Beauty,53.7,70.27,406,Warehouse C - Central,16,615
Insect Repellent #07021,Health & Beauty,12.17,20.01,381,Warehouse A - East,41,497
Spark Plugs 4pk #07022,Automotive Parts,122.04,286.01,99,Warehouse B - West,36,491
Wireless Charger #07023,Electronics,176.48,421.32,232,Warehouse B - West,24,760
Monitor Arm #07024,Furniture,212.96,290.79,410,Warehouse A - East,59,886
Pressure Washer #07025,Home & Garden,48.71,66.86,112,Warehouse D - North,18,740
Spark Plugs 4pk #07026,Automotive Parts,167.12,217.79,43,Warehouse A - East,13,757
Work Boots #07027,Clothing,229.76,437.03,454,Warehouse D - North,61,791
Wireless Charger #07028,Electronics,169.59,377.67,343,Warehouse C - Central,55,660
Energy Drinks 24pk #07029,Food & Beverage,106.93,162.01,32,Warehouse B - West,18,820
Foam Roller #07030,Sports & Outdoors,227.66,400.53,94,Warehouse B - West,76,600
Drone Mini #07031,Toys & Games,175.95,240.95,413,Warehouse B - West,12,879
Honey Jar #07032,Food & Beverage,176.19,432.83,73,Warehouse A - East,17,430
Spark Plugs 4pk #07033,Automotive Parts,87.56,109.6,164,Warehouse A - East,11,821
LEGO Technic Set #07034,Toys & Games,7.85,11.05,345,Warehouse D - North,56,985
Rain Poncho #07035,Clothing,223.96,443.71,314,Warehouse A - East,53,441
HDMI Cable 2m #07036,Electronics,212.84,382.92,112,Warehouse B - West,37,732
Jump Starter #07037,Automotive Parts,242.61,383.8,110,Warehouse A - East,47,753
Windbreaker #07038,Clothing,76.39,127.99,266,Warehouse C - Central,31,441
File Folders 20pk #07039,Office Supplies,181.69,390.23,13,Warehouse A - East,19,201
Tent 4-Person #07040,Sports & Outdoors,78.91,173.18,281,Warehouse B - West,49,703
SSD 1TB External #07041,Electronics,69.21,113.83,408,Warehouse A - East,80,677
Dark Chocolate Box #07042,Food & Beverage,35.4,45.62,333,Warehouse C - Central,67,667
Drone Mini #07043,Toys & Games,15.55,25.11,128,Warehouse A - East,77,446
Webcam HD #07044,Electronics,45.63,95.05,54,Warehouse D - North,16,435
Rain Poncho #07045,Clothing,190.96,233.73,76,Warehouse C - Central,68,376
Tire Pressure Gauge #07046,Automotive Parts,248.4,582.31,58,Warehouse B - West,29,641
Motor Oil 5W-30 #07047,Automotive Parts,161.61,293.6,310,Warehouse B - West,64,988
Granola Bags #07048,Food & Beverage,7.73,10.78,178,Warehouse D - North,23,678
Lawn Fertilizer #07049,Home & Garden,209.25,416.63,89,Warehouse D - North,25,368
Bandages Assorted #07050,Health & Beauty,41.77,96.15,109,Warehouse C - Central,48,573
Sticky Notes 8pk #07051,Office Supplies,160.47,389.69,492,Warehouse D - North,60,558
Cargo Pants #07052,Clothing,145.85,201.42,478,Warehouse A - East,51,812
Rubik's Cube #07053,Toys & Games,142.57,332.33,38,Warehouse C - Central,48,710
Instant Oatmeal Pack #07054,Food & Beverage,108.04,152.83,231,Warehouse D - North,32,557
Aloe Vera Gel #07055,Health & Beauty,89.77,155.15,159,Warehouse D - North,73,647
Stuffed Animal Bear #07056,Toys & Games,224.87,356.73,254,Warehouse A - East,72,940
Resistance Bands Set #07057,Sports & Outdoors,141.06,326.29,481,Warehouse D - North,16,605
Rubik's Cube #07058,Toys & Games,193.98,331.38,143,Warehouse A - East,53,268
Sleeping Bag #07059,Sports & Outdoors,161.01,253.2,70,Warehouse D - North,52,622
Bluetooth Speaker #07060,Electronics,218.4,376.39,193,Warehouse C - Central,73,832
USB Flash Drive 64GB #07061,Electronics,182.91,221.98,397,Warehouse D - North,48,905
LED Bulb 4pk #07062,Home & Garden,173.77,347.17,112,Warehouse B - West,74,921
File Folders 20pk #07063,Office Supplies,9.85,15.26,213,Warehouse D - North,28,981
Yoga Mat #07064,Sports & Outdoors,215.01,430.02,83,Warehouse B - West,13,854
Cap Branded #07065,Clothing,45.35,63.44,397,Warehouse A - East,38,774
Thermal Underwear #07066,Clothing,204.62,434.59,135,Warehouse D - North,58,337
Tool Kit 50pc #07067,Home & Garden,82.4,174.73,454,Warehouse D - North,47,723
Insect Repellent #07068,Health & Beauty,213.54,427.2,161,Warehouse C - Central,22,334
Vitamin C Tablets #07069,Health & Beauty,188.94,360.2,123,Warehouse B - West,79,520
Energy Drinks 24pk #07070,Food & Beverage,126.06,257.42,292,Warehouse C - Central,18,643
Energy Drinks 24pk #07071,Food & Beverage,230.72,466.27,307,Warehouse B - West,53,346
Desk Organizer #07072,Office Supplies,119.42,246.89,40,Warehouse A - East,26,207
Computer Desk #07073,Furniture,24.27,49.78,386,Warehouse A - East,68,455
Standing Desk #07074,Furniture,73.21,144.21,122,Warehouse A - East,36,633
Chess Set Wooden #07075,Toys & Games,153.32,196.25,445,Warehouse A - East,16,522
Thermometer Digital #07076,Health & Beauty,248.83,394.4,384,Warehouse A - East,59,850
LEGO Technic Set #07077,Toys & Games,114.17,231.3,137,Warehouse C - Central,17,228
Art Supplies Box #07078,Toys & Games,93.02,172.25,134,Warehouse C - Central,47,566
Cargo Pants #07079,Clothing,6.09,9.47,8,Warehouse A - East,75,501
Sticky Notes 8pk #07080,Office Supplies,137.25,329.45,208,Warehouse A - East,51,477
Car Charger Dual USB #07081,Automotive Parts,111.85,177.62,17,Warehouse A - East,57,518
Resistance Bands Set #07082,Sports & Outdoors,152.34,293.19,234,Warehouse D - North,57,658
USB Flash Drive 64GB #07083,Electronics,214.01,485.45,296,Warehouse A - East,58,873
Garden Hose 30m #07084,Home & Garden,227.23,391.31,141,Warehouse C - Central,24,416
Bookshelf 5-Tier #07085,Furniture,204.65,307.89,441,Warehouse C - Central,36,588
Sleeping Bag #07086,Sports & Outdoors,207.78,389.88,81,Warehouse A - East,72,674
Outdoor Solar Lights #07087,Home & Garden,155.61,206.56,69,Warehouse A - East,63,813
Headlamp LED #07088,Sports & Outdoors,141.71,291.41,128,Warehouse A - East,13,645
Label Maker #07089,Office Supplies,46.17,79.57,9,Warehouse B - West,11,373
Resistance Bands Set #07090,Sports & Outdoors,165.19,196.02,319,Warehouse D - North,43,574
Building Blocks 500pc #07091,Toys & Games,84.91,187.18,105,Warehouse C - Central,43,815
Honey Jar #07092,Food & Beverage,87.83,176.27,216,Warehouse D - North,35,409
Sleeping Bag #07093,Sports & Outdoors,216.91,452.96,137,Warehouse D - North,20,448
Stapler Heavy Duty #07094,Office Supplies,217.94,283.88,264,Warehouse A - East,21,844
Cable Management Tray #07095,Furniture,59.16,131.64,312,Warehouse B - West,51,884
Mixed Nuts 500g #07096,Food & Beverage,25.25,37.05,141,Warehouse D - North,20,844
Tablet Stand #07097,Electronics,117.4,255.22,50,Warehouse D - North,28,701
Science Kit #07098,Toys & Games,61.52,132.68,248,Warehouse A - East,15,724
Dark Chocolate Box #07099,Food & Beverage,236.98,327.77,25,Warehouse B - West,74,345
Bluetooth Speaker #07100,Electronics,71.92,111.23,416,Warehouse A - East,40,525
Art Supplies Box #07101,Toys & Games,129.7,302.67,287,Warehouse C - Central,22,625
Stuffed Animal Bear #07102,Toys & Games,120.0,268.11,17,Warehouse C - Central,47,344
Drone Mini #07103,Toys & Games,6.23,13.08,443,Warehouse C - Central,33,723
Safety Vest Hi-Vis #07104,Clothing,70.2,89.97,22,Warehouse B - West,25,752
Filing Cabinet #07105,Furniture,124.62,257.04,107,Warehouse B - West,42,235
USB Flash Drive 64GB #07106,Electronics,86.67,177.78,293,Warehouse A - East,31,540
Wiper Blades Pair #07107,Automotive Parts,57.3,137.2,266,Warehouse D - North,24,438
Sticky Notes 8pk #07108,Office Supplies,190.49,231.12,321,Warehouse D - North,52,359
Science Kit #07109,Toys & Games,139.15,347.74,206,Warehouse A - East,32,283
Plant Pots Set #07110,Home & Garden,4.16,5.08,84,Warehouse B - West,15,726
Bookshelf 5-Tier #07111,Furniture,68.42,120.9,396,Warehouse C - Central,58,643
Tent 4-Person #07112,Sports & Outdoors,204.66,342.8,424,Warehouse B - West,26,319
Yoga Mat #07113,Sports & Outdoors,158.98,204.38,122,Warehouse D - North,44,462
Desk Organizer #07114,Office Supplies,244.75,572.86,296,Warehouse B - West,51,227
Building Blocks 500pc #07115,Toys & Games,210.78,392.25,260,Warehouse C - Central,42,564
Card Game Set #07116,Toys & Games,184.35,321.3,180,Warehouse B - West,47,677
Bluetooth Speaker #07117,Electronics,123.39,272.97,156,Warehouse A - East,26,895
Tire Pressure Gauge #07118,Automotive Parts,104.16,199.8,300,Warehouse D - North,10,469
Resistance Bands Set #07119,Sports & Outdoors,218.5,340.08,156,Warehouse C - Central,63,910
Car Battery #07120,Automotive Parts,130.17,289.97,378,Warehouse C - Central,50,363
Windbreaker #07121,Clothing,222.07,482.09,273,Warehouse D - North,60,505
Yoga Mat #07122,Sports & Outdoors,221.43,437.1,458,Warehouse B - West,13,456
Floating Shelf Set #07123,Furniture,232.25,359.19,39,Warehouse A - East,40,810
Bottled Water Case #07124,Food & Beverage,176.32,349.74,255,Warehouse B - West,53,466
Remote Control Car #07125,Toys & Games,122.94,221.66,67,Warehouse A - East,66,955
Foam Roller #07126,Sports & Outdoors,209.29,286.8,59,Warehouse A - East,31,524
Honey Jar #07127,Food & Beverage,170.0,258.62,50,Warehouse D - North,33,494
Safety Vest Hi-Vis #07128,Clothing,58.94,136.6,233,Warehouse D - North,28,244
First Aid Kit #07129,Health & Beauty,150.6,243.44,421,Warehouse A - East,71,250
Tool Kit 50pc #07130,Home & Garden,41.98,82.04,473,Warehouse B - West,72,666
Energy Drinks 24pk #07131,Food & Beverage,41.51,103.34,271,Warehouse B - West,53,742
Tire Pressure Gauge #07132,Automotive Parts,90.38,217.27,456,Warehouse B - West,32,625
Cargo Pants #07133,Clothing,132.81,203.14,394,Warehouse A - East,57,302
Scissors 3pk #07134,Office Supplies,87.97,161.42,361,Warehouse A - East,76,927
Ballpoint Pens 12pk #07135,Office Supplies,228.16,508.49,308,Warehouse A - East,44,385
Coolant 4L #07136,Automotive Parts,140.95,216.38,399,Warehouse C - Central,10,621
Mixed Nuts 500g #07137,Food & Beverage,165.19,321.15,335,Warehouse B - West,50,547
Moisturizer Pump #07138,Health & Beauty,48.52,92.73,232,Warehouse D - North,22,987
Cargo Shorts #07139,Clothing,5.12,6.24,473,Warehouse C - Central,37,389
Winter Jacket #07140,Clothing,194.24,440.49,497,Warehouse A - East,14,225
Wiper Blades Pair #07141,Automotive Parts,29.67,41.84,68,Warehouse B - West,47,863
Tablet Stand #07142,Electronics,129.91,289.06,254,Warehouse C - Central,31,513
Car Charger Dual USB #07143,Automotive Parts,61.3,117.9,14,Warehouse B - West,72,321
Bookshelf 5-Tier #07144,Furniture,92.72,184.16,276,Warehouse A - East,65,814
Mechanical Keyboard #07145,Electronics,77.22,100.43,257,Warehouse B - West,32,682
Lip Balm Pack #07146,Health & Beauty,163.56,267.57,19,Warehouse A - East,66,593
Water Bottle 1L #07147,Sports & Outdoors,204.4,384.19,43,Warehouse D - North,21,992
Car Charger Dual USB #07148,Automotive Parts,144.91,187.53,207,Warehouse A - East,55,257
Printer Paper A4 #07149,Office Supplies,15.05,22.92,498,Warehouse B - West,12,969
Floor Mats Set #07150,Automotive Parts,98.68,129.09,443,Warehouse A - East,26,427
Power Strip 6-Outlet #07151,Home & Garden,86.2,153.98,47,Warehouse A - East,13,234
Bottled Water Case #07152,Food & Beverage,215.35,465.81,178,Warehouse B - West,70,519
Art Supplies Box #07153,Toys & Games,248.44,365.12,138,Warehouse A - East,67,854
Whiteboard Markers 6pk #07154,Office Supplies,200.88,330.29,38,Warehouse A - East,59,432
Cargo Pants #07155,Clothing,45.16,101.01,274,Warehouse D - North,30,396
Instant Oatmeal Pack #07156,Food & Beverage,243.09,387.92,57,Warehouse A - East,21,342
Granola Bags #07157,Food & Beverage,23.44,31.84,78,Warehouse A - East,39,651
Yoga Mat #07158,Sports & Outdoors,97.13,171.28,150,Warehouse C - Central,32,892
Safety Vest Hi-Vis #07159,Clothing,144.79,230.23,434,Warehouse C - Central,60,544
Jump Starter #07160,Automotive Parts,57.19,71.7,308,Warehouse C - Central,21,504
Sleeping Bag #07161,Sports & Outdoors,238.14,291.08,197,Warehouse C - Central,53,430
Sunscreen SPF50 #07162,Health & Beauty,208.59,297.33,81,Warehouse D - North,42,647
Jump Starter #07163,Automotive Parts,186.85,246.58,209,Warehouse A - East,71,599
Car Battery #07164,Automotive Parts,161.72,314.36,142,Warehouse C - Central,55,969
Safety Vest Hi-Vis #07165,Clothing,74.97,162.81,354,Warehouse D - North,15,568
Sunscreen SPF50 #07166,Health & Beauty,92.82,182.46,272,Warehouse C - Central,16,584
Instant Oatmeal Pack #07167,Food & Beverage,22.61,51.7,491,Warehouse B - West,60,240
Aloe Vera Gel #07168,Health & Beauty,156.35,372.41,113,Warehouse D - North,18,311
USB-C Hub #07169,Electronics,88.3,202.38,120,Warehouse A - East,57,389
Cable Management Tray #07170,Furniture,160.52,390.11,162,Warehouse C - Central,45,387
USB-C Hub #07171,Electronics,88.13,181.85,133,Warehouse D - North,37,854
Board Game Classic #07172,Toys & Games,176.53,302.12,280,Warehouse B - West,13,743
Binoculars #07173,Sports & Outdoors,180.13,296.94,180,Warehouse B - West,74,860
Paint Roller Set #07174,Home & Garden,81.53,163.5,229,Warehouse D - North,57,983
Drone Mini #07175,Toys & Games,193.44,408.21,133,Warehouse C - Central,27,557
Cargo Shorts #07176,Clothing,146.07,361.92,374,Warehouse D - North,48,418
Sticky Notes 8pk #07177,Office Supplies,199.72,317.74,263,Warehouse D - North,42,799
File Folders 20pk #07178,Office Supplies,17.31,36.1,471,Warehouse D - North,67,735
Air Filter #07179,Automotive Parts,191.21,279.93,388,Warehouse C - Central,75,309
Printer Paper A4 #07180,Office Supplies,136.75,231.86,224,Warehouse C - Central,76,890
Resistance Bands Set #07181,Sports & Outdoors,28.67,69.9,308,Warehouse B - West,38,895
Bandages Assorted #07182,Health & Beauty,121.62,245.88,328,Warehouse C - Central,29,675
Work Boots #07183,Clothing,110.9,143.33,449,Warehouse B - West,11,941
Stuffed Animal Bear #07184,Toys & Games,217.38,437.99,97,Warehouse D - North,50,275
Hiking Backpack #07185,Sports & Outdoors,15.79,22.51,92,Warehouse B - West,15,776
Garden Hose 30m #07186,Home & Garden,56.87,113.86,33,Warehouse D - North,46,519
First Aid Kit #07187,Health & Beauty,156.2,281.35,363,Warehouse A - East,46,272
Bottled Water Case #07188,Food & Beverage,124.28,231.94,7,Warehouse B - West,59,781
Windbreaker #07189,Clothing,183.04,401.55,268,Warehouse A - East,44,240
Floating Shelf Set #07190,Furniture,21.25,29.88,17,Warehouse D - North,41,923
Smart Watch #07191,Electronics,116.06,216.36,210,Warehouse A - East,68,805
Stapler Heavy Duty #07192,Office Supplies,120.07,251.23,243,Warehouse A - East,37,852
Outdoor Solar Lights #07193,Home & Garden,199.07,349.18,312,Warehouse C - Central,31,702
LED Bulb 4pk #07194,Home & Garden,22.92,26.86,204,Warehouse C - Central,66,681
Wireless Mouse #07195,Electronics,149.41,265.0,32,Warehouse B - West,75,420
Tent 4-Person #07196,Sports & Outdoors,169.55,374.09,195,Warehouse A - East,19,757
Garden Hose 30m #07197,Home & Garden,2.8,6.66,402,Warehouse A - East,41,664
SSD 1TB External #07198,Electronics,17.47,20.58,3,Warehouse B - West,29,968
Windbreaker #07199,Clothing,30.95,64.93,286,Warehouse A - East,37,828
Resistance Bands Set #07200,Sports & Outdoors,211.53,253.47,472,Warehouse A - East,19,979
Outdoor Solar Lights #07201,Home & Garden,50.59,76.52,301,Warehouse D - North,24,205
Jump Starter #07202,Automotive Parts,154.77,366.24,431,Warehouse A - East,18,240
Insect Repellent #07203,Health & Beauty,77.62,97.81,411,Warehouse B - West,64,434
Sticky Notes 8pk #07204,Office Supplies,186.43,305.7,290,Warehouse B - West,58,463
Stuffed Animal Bear #07205,Toys & Games,127.7,213.42,221,Warehouse A - East,67,349
Floating Shelf Set #07206,Furniture,6.9,15.23,416,Warehouse C - Central,51,459
Science Kit #07207,Toys & Games,80.4,96.37,80,Warehouse B - West,45,956
Computer Desk #07208,Furniture,166.52,369.71,468,Warehouse A - East,51,469
Cooler Box 40L #07209,Sports & Outdoors,117.72,190.25,428,Warehouse B - West,52,202
Sunscreen SPF50 #07210,Health & Beauty,242.16,491.26,70,Warehouse B - West,63,420
Water Bottle 1L #07211,Sports & Outdoors,58.33,119.01,322,Warehouse D - North,51,494
Brake Pads Set #07212,Automotive Parts,211.28,517.27,78,Warehouse A - East,10,358
Garden Hose 30m #07213,Home & Garden,173.17,343.06,326,Warehouse B - West,26,214
Computer Desk #07214,Furniture,105.0,181.04,374,Warehouse C - Central,69,486
Sticky Notes 8pk #07215,Office Supplies,46.12,99.46,283,Warehouse B - West,11,710
Board Game Classic #07216,Toys & Games,12.89,29.34,153,Warehouse A - East,65,435
Science Kit #07217,Toys & Games,105.52,244.85,387,Warehouse D - North,65,378
Tablet Stand #07218,Electronics,40.85,90.66,311,Warehouse C - Central,65,866
Drone Mini #07219,Toys & Games,19.38,47.95,21,Warehouse D - North,42,931
Storage Ottoman #07220,Furniture,75.86,189.41,167,Warehouse C - Central,42,528
Bandages Assorted #07221,Health & Beauty,87.35,154.91,484,Warehouse D - North,25,451
Desk Lamp LED #07222,Furniture,50.99,70.16,257,Warehouse B - West,37,850
Stapler Heavy Duty #07223,Office Supplies,192.9,259.86,400,Warehouse D - North,32,679
Extension Cord 10m #07224,Home & Garden,65.75,140.73,323,Warehouse D - North,47,331
Insect Repellent #07225,Health & Beauty,193.07,297.52,219,Warehouse C - Central,49,550
Webcam HD #07226,Electronics,223.27,265.82,14,Warehouse A - East,29,858
Moisturizer Pump #07227,Health & Beauty,97.42,154.95,435,Warehouse B - West,47,567
Scissors 3pk #07228,Office Supplies,44.71,110.48,69,Warehouse C - Central,41,512
Mixed Nuts 500g #07229,Food & Beverage,88.58,151.76,414,Warehouse D - North,30,335
Hiking Backpack #07230,Sports & Outdoors,168.37,262.56,461,Warehouse A - East,29,880
Granola Bags #07231,Food & Beverage,154.46,177.78,103,Warehouse D - North,39,850
Garden Hose 30m #07232,Home & Garden,198.5,249.17,187,Warehouse A - East,68,693
Conference Table #07233,Furniture,219.41,286.44,40,Warehouse A - East,55,966
Power Strip 6-Outlet #07234,Home & Garden,54.54,88.76,312,Warehouse A - East,44,364
Desk Lamp LED #07235,Furniture,137.25,320.02,470,Warehouse A - East,61,545
Building Blocks 500pc #07236,Toys & Games,95.34,225.27,229,Warehouse C - Central,56,223
Coolant 4L #07237,Automotive Parts,152.16,336.35,70,Warehouse A - East,25,579
Tablet Stand #07238,Electronics,234.76,446.39,47,Warehouse C - Central,17,231
Moisturizer Pump #07239,Health & Beauty,5.75,7.69,249,Warehouse A - East,38,341
Extension Cord 10m #07240,Home & Garden,100.45,154.72,228,Warehouse B - West,62,843
Printer Paper A4 #07241,Office Supplies,208.88,388.58,195,Warehouse D - North,35,368
Jump Starter #07242,Automotive Parts,184.67,385.63,51,Warehouse B - West,21,516
Cable Management Tray #07243,Furniture,17.23,27.72,440,Warehouse A - East,74,687
First Aid Kit #07244,Health & Beauty,68.0,167.87,95,Warehouse C - Central,65,938
Thermal Underwear #07245,Clothing,56.74,126.08,343,Warehouse D - North,42,948
Conference Table #07246,Furniture,235.24,431.29,103,Warehouse A - East,74,963
Plant Pots Set #07247,Home & Garden,76.52,162.81,353,Warehouse C - Central,79,943
Hand Sanitizer 500ml #07248,Health & Beauty,90.23,138.41,242,Warehouse C - Central,43,452
Tire Pressure Gauge #07249,Automotive Parts,35.13,64.51,301,Warehouse C - Central,71,365
Sleeping Bag #07250,Sports & Outdoors,115.65,221.04,482,Warehouse B - West,79,382
Vitamin C Tablets #07251,Health & Beauty,87.52,135.51,372,Warehouse A - East,45,355
Wireless Mouse #07252,Electronics,29.97,60.2,312,Warehouse A - East,61,321
Floor Mats Set #07253,Automotive Parts,132.63,295.8,190,Warehouse A - East,36,779
Hiking Backpack #07254,Sports & Outdoors,176.46,333.09,196,Warehouse D - North,26,961
Puzzle 1000pc #07255,Toys & Games,212.7,306.33,290,Warehouse A - East,53,447
Laptop Cooling Pad #07256,Electronics,168.58,397.5,335,Warehouse C - Central,54,955
Olive Oil 500ml #07257,Food & Beverage,85.0,173.34,443,Warehouse B - West,57,609
Floor Mats Set #07258,Automotive Parts,167.71,242.27,89,Warehouse C - Central,55,361
Binoculars #07259,Sports & Outdoors,180.41,326.69,16,Warehouse A - East,25,426
Standing Desk #07260,Furniture,112.34,147.68,121,Warehouse B - West,36,573
Power Strip 6-Outlet #07261,Home & Garden,223.12,507.29,323,Warehouse C - Central,32,327
Desk Lamp LED #07262,Furniture,108.33,169.77,112,Warehouse D - North,80,707
Floating Shelf Set #07263,Furniture,233.09,340.74,486,Warehouse A - East,37,556
Monitor Light Bar #07264,Electronics,88.75,200.42,275,Warehouse D - North,32,538
Windbreaker #07265,Clothing,227.34,326.79,217,Warehouse B - West,45,403
Storage Ottoman #07266,Furniture,22.45,30.49,329,Warehouse D - North,28,762
Label Maker #07267,Office Supplies,181.14,324.62,150,Warehouse D - North,29,882
Tire Pressure Gauge #07268,Automotive Parts,27.52,39.9,336,Warehouse A - East,66,340
Art Supplies Box #07269,Toys & Games,215.61,465.86,181,Warehouse D - North,14,593
Drone Mini #07270,Toys & Games,27.75,66.87,65,Warehouse D - North,79,521
File Folders 20pk #07271,Office Supplies,142.21,216.39,40,Warehouse B - West,63,492
Green Tea Box #07272,Food & Beverage,191.93,242.43,163,Warehouse C - Central,58,974
Hand Sanitizer 500ml #07273,Health & Beauty,44.2,95.49,64,Warehouse A - East,22,730
Hedge Trimmer #07274,Home & Garden,173.91,384.29,366,Warehouse D - North,41,968
Protein Bars 12pk #07275,Food & Beverage,59.26,97.7,62,Warehouse B - West,80,533
Thermal Underwear #07276,Clothing,165.48,285.81,181,Warehouse B - West,61,295
USB Flash Drive 64GB #07277,Electronics,111.17,249.68,409,Warehouse A - East,75,648
Aloe Vera Gel #07278,Health & Beauty,73.7,116.72,138,Warehouse A - East,49,403
SSD 1TB External #07279,Electronics,162.14,357.76,417,Warehouse D - North,67,955
Car Battery #07280,Automotive Parts,32.03,75.26,460,Warehouse C - Central,63,966
Computer Desk #07281,Furniture,54.07,91.48,102,Warehouse B - West,32,575
Granola Bags #07282,Food & Beverage,109.52,131.83,233,Warehouse D - North,55,674
LED Bulb 4pk #07283,Home & Garden,114.4,140.57,423,Warehouse D - North,53,223
Lawn Fertilizer #07284,Home & Garden,107.84,260.33,294,Warehouse C - Central,55,219
Fleece Hoodie #07285,Clothing,22.31,27.08,262,Warehouse C - Central,62,581
Protein Bars 12pk #07286,Food & Beverage,97.6,241.09,254,Warehouse C - Central,44,309
Bookshelf 5-Tier #07287,Furniture,168.78,197.29,385,Warehouse D - North,43,400
Whiteboard Markers 6pk #07288,Office Supplies,129.67,185.94,298,Warehouse A - East,59,251
Monitor Light Bar #07289,Electronics,18.68,38.13,79,Warehouse D - North,10,725
Storage Ottoman #07290,Furniture,158.78,296.45,282,Warehouse B - West,25,806
LEGO Technic Set #07291,Toys & Games,160.95,288.68,289,Warehouse B - West,22,718
Ballpoint Pens 12pk #07292,Office Supplies,238.49,446.28,448,Warehouse D - North,26,298
Yoga Mat #07293,Sports & Outdoors,26.14,48.58,37,Warehouse C - Central,69,954
Jump Starter #07294,Automotive Parts,186.63,240.46,16,Warehouse D - North,76,641
Cooler Box 40L #07295,Sports & Outdoors,33.03,56.33,156,Warehouse B - West,21,541
Envelopes 100pk #07296,Office Supplies,57.76,106.22,464,Warehouse C - Central,61,646
Floating Shelf Set #07297,Furniture,237.13,337.02,105,Warehouse D - North,20,829
Insect Repellent #07298,Health & Beauty,63.0,92.8,70,Warehouse D - North,72,892
Cap Branded #07299,Clothing,86.99,129.05,251,Warehouse C - Central,64,875
Standing Desk #07300,Furniture,215.62,503.58,164,Warehouse D - North,65,971
Resistance Bands Set #07301,Sports & Outdoors,97.08,189.77,233,Warehouse A - East,31,680
Foam Roller #07302,Sports & Outdoors,134.63,190.14,88,Warehouse B - West,78,295
First Aid Kit #07303,Health & Beauty,60.1,96.19,96,Warehouse D - North,35,490
Laptop Cooling Pad #07304,Electronics,119.4,297.17,212,Warehouse C - Central,74,651
Car Battery #07305,Automotive Parts,162.14,251.2,358,Warehouse C - Central,50,511
Sticky Notes 8pk #07306,Office Supplies,30.5,69.96,437,Warehouse B - West,72,422
Bookshelf 5-Tier #07307,Furniture,223.78,530.9,261,Warehouse D - North,79,701
Hand Sanitizer 500ml #07308,Health & Beauty,225.17,365.75,111,Warehouse A - East,18,548
Dried Fruit Mix #07309,Food & Beverage,191.51,318.29,27,Warehouse D - North,79,921
Cooler Box 40L #07310,Sports & Outdoors,105.69,201.82,219,Warehouse D - North,38,758
Lip Balm Pack #07311,Health & Beauty,120.87,219.28,116,Warehouse B - West,49,288
Cooler Box 40L #07312,Sports & Outdoors,61.11,136.41,427,Warehouse A - East,41,469
HDMI Cable 2m #07313,Electronics,93.42,165.29,459,Warehouse D - North,27,825
Lawn Fertilizer #07314,Home & Garden,92.94,202.79,486,Warehouse D - North,15,631
USB Flash Drive 64GB #07315,Electronics,60.61,119.36,109,Warehouse D - North,58,651
Car Battery #07316,Automotive Parts,79.23,101.27,441,Warehouse D - North,42,407
Cable Management Tray #07317,Furniture,193.47,251.74,95,Warehouse B - West,17,212
Hand Sanitizer 500ml #07318,Health & Beauty,156.32,231.58,377,Warehouse D - North,75,387
Floating Shelf Set #07319,Furniture,51.13,109.18,69,Warehouse A - East,16,416
HDMI Cable 2m #07320,Electronics,100.55,153.84,223,Warehouse C - Central,56,298
Car Charger Dual USB #07321,Automotive Parts,198.09,361.08,463,Warehouse C - Central,69,738
Binoculars #07322,Sports & Outdoors,157.18,334.67,317,Warehouse D - North,55,676
Standing Desk #07323,Furniture,74.48,145.86,234,Warehouse A - East,47,626
Board Game Classic #07324,Toys & Games,232.89,452.98,464,Warehouse C - Central,32,430
Ergonomic Office Chair #07325,Furniture,135.65,274.9,438,Warehouse D - North,36,336
Tape Dispenser #07326,Office Supplies,99.34,229.12,277,Warehouse B - West,77,508
Wireless Mouse #07327,Electronics,58.79,142.38,480,Warehouse B - West,52,261
Monitor Light Bar #07328,Electronics,80.58,107.88,48,Warehouse B - West,22,479
Laptop Cooling Pad #07329,Electronics,111.86,190.1,432,Warehouse B - West,22,428
Water Bottle 1L #07330,Sports & Outdoors,210.11,321.68,191,Warehouse A - East,70,647
Granola Bags #07331,Food & Beverage,247.4,536.05,213,Warehouse C - Central,19,231
Puzzle 1000pc #07332,Toys & Games,189.28,368.58,27,Warehouse C - Central,48,991
Honey Jar #07333,Food & Beverage,239.31,450.55,203,Warehouse D - North,18,346
Plant Pots Set #07334,Home & Garden,95.43,124.37,325,Warehouse C - Central,35,543
Headlamp LED #07335,Sports & Outdoors,188.15,468.6,369,Warehouse C - Central,39,323
Dark Chocolate Box #07336,Food & Beverage,229.2,457.57,350,Warehouse C - Central,48,771
Green Tea Box #07337,Food & Beverage,46.21,114.58,25,Warehouse C - Central,14,732
Board Game Classic #07338,Toys & Games,79.33,195.37,15,Warehouse A - East,32,486
Motor Oil 5W-30 #07339,Automotive Parts,55.3,117.08,93,Warehouse B - West,41,702
Green Tea Box #07340,Food & Beverage,52.73,118.82,76,Warehouse C - Central,49,264
Brake Pads Set #07341,Automotive Parts,200.87,386.21,246,Warehouse A - East,60,366
Floor Mats Set #07342,Automotive Parts,152.17,365.44,417,Warehouse B - West,47,945
Puzzle 1000pc #07343,Toys & Games,26.44,59.52,253,Warehouse C - Central,27,707
Sticky Notes 8pk #07344,Office Supplies,22.06,35.51,44,Warehouse C - Central,71,985
Laptop Cooling Pad #07345,Electronics,233.43,483.95,215,Warehouse B - West,40,282
Winter Jacket #07346,Clothing,172.48,352.6,372,Warehouse D - North,45,800
Drafting Chair #07347,Furniture,225.28,471.69,498,Warehouse D - North,50,294
Power Strip 6-Outlet #07348,Home & Garden,121.39,184.89,247,Warehouse C - Central,16,634
Desk Organizer #07349,Office Supplies,109.51,200.96,83,Warehouse C - Central,37,652
Floor Mats Set #07350,Automotive Parts,25.94,60.8,237,Warehouse A - East,25,382
Drone Mini #07351,Toys & Games,143.54,202.85,355,Warehouse D - North,21,704
Motor Oil 5W-30 #07352,Automotive Parts,167.13,361.89,250,Warehouse B - West,11,201
Cargo Shorts #07353,Clothing,110.76,256.24,396,Warehouse C - Central,30,954
Vitamin C Tablets #07354,Health & Beauty,47.39,86.86,434,Warehouse A - East,47,400
Webcam HD #07355,Electronics,152.4,277.51,326,Warehouse C - Central,15,630
Extension Cord 10m #07356,Home & Garden,208.71,326.66,305,Warehouse D - North,21,874
Label Maker #07357,Office Supplies,183.68,417.57,307,Warehouse C - Central,75,698
Rubik's Cube #07358,Toys & Games,49.97,69.5,107,Warehouse D - North,28,370
Tape Dispenser #07359,Office Supplies,126.3,149.62,350,Warehouse C - Central,36,681
Cooler Box 40L #07360,Sports & Outdoors,198.55,370.74,402,Warehouse D - North,46,535
Extension Cord 10m #07361,Home & Garden,55.16,106.62,133,Warehouse B - West,63,494
Monitor Light Bar #07362,Electronics,127.31,184.65,76,Warehouse D - North,32,554
Yoga Mat #07363,Sports & Outdoors,66.15,88.41,215,Warehouse B - West,60,513
Cooler Box 40L #07364,Sports & Outdoors,190.57,366.31,429,Warehouse D - North,50,578
Green Tea Box #07365,Food & Beverage,73.04,140.21,337,Warehouse B - West,64,632
Cargo Shorts #07366,Clothing,64.8,112.87,1,Warehouse B - West,35,768
Printer Paper A4 #07367,Office Supplies,121.36,151.08,25,Warehouse C - Central,28,461
Desk Organizer #07368,Office Supplies,132.99,289.01,139,Warehouse D - North,24,844
Remote Control Car #07369,Toys & Games,150.26,342.78,313,Warehouse B - West,71,817
Olive Oil 500ml #07370,Food & Beverage,191.92,284.39,100,Warehouse D - North,35,739
Sprinkler System #07371,Home & Garden,129.07,244.56,407,Warehouse B - West,61,734
Binoculars #07372,Sports & Outdoors,32.44,56.9,285,Warehouse A - East,65,751
Extension Cord 10m #07373,Home & Garden,46.77,62.75,170,Warehouse B - West,14,702
Car Charger Dual USB #07374,Automotive Parts,243.78,356.98,323,Warehouse A - East,56,336
Drone Mini #07375,Toys & Games,131.65,218.38,264,Warehouse D - North,42,811
Tablet Stand #07376,Electronics,50.85,72.8,148,Warehouse C - Central,32,808
Noise Cancelling Headphones #07377,Electronics,99.86,135.6,368,Warehouse D - North,29,618
Rain Poncho #07378,Clothing,23.87,29.27,206,Warehouse D - North,66,667
Tape Dispenser #07379,Office Supplies,240.53,494.39,117,Warehouse A - East,71,277
Board Game Classic #07380,Toys & Games,91.0,175.44,135,Warehouse B - West,65,713
Coffee Beans 1kg #07381,Food & Beverage,91.66,191.06,143,Warehouse D - North,15,884
Winter Jacket #07382,Clothing,36.79,48.14,363,Warehouse B - West,40,447
Aloe Vera Gel #07383,Health & Beauty,173.84,316.81,199,Warehouse C - Central,54,311
Building Blocks 500pc #07384,Toys & Games,154.3,349.05,386,Warehouse B - West,60,283
Thermal Underwear #07385,Clothing,76.68,129.61,483,Warehouse B - West,56,683
Eye Drops #07386,Health & Beauty,101.93,145.28,281,Warehouse B - West,54,687
Pressure Washer #07387,Home & Garden,175.51,278.32,5,Warehouse C - Central,69,343
Honey Jar #07388,Food & Beverage,162.79,339.85,268,Warehouse D - North,11,227
Pressure Washer #07389,Home & Garden,233.35,447.42,401,Warehouse C - Central,44,860
Monitor Light Bar #07390,Electronics,83.03,193.14,315,Warehouse D - North,13,517
Energy Drinks 24pk #07391,Food & Beverage,180.77,326.92,139,Warehouse C - Central,38,493
Bottled Water Case #07392,Food & Beverage,210.54,417.95,200,Warehouse A - East,22,932
Floor Mats Set #07393,Automotive Parts,180.96,348.3,325,Warehouse B - West,66,667
Safety Vest Hi-Vis #07394,Clothing,37.06,64.1,445,Warehouse A - East,58,947
Jump Rope #07395,Sports & Outdoors,60.76,72.67,75,Warehouse B - West,73,211
Tire Pressure Gauge #07396,Automotive Parts,186.05,428.97,243,Warehouse D - North,63,826
Hedge Trimmer #07397,Home & Garden,141.62,326.59,354,Warehouse A - East,14,526
Vitamin C Tablets #07398,Health & Beauty,61.6,116.92,332,Warehouse D - North,11,319
Ballpoint Pens 12pk #07399,Office Supplies,40.43,98.7,19,Warehouse A - East,73,550
Wireless Mouse #07400,Electronics,101.83,235.15,463,Warehouse C - Central,20,556
File Folders 20pk #07401,Office Supplies,232.13,335.59,299,Warehouse C - Central,30,347
Vitamin C Tablets #07402,Health & Beauty,90.27,156.96,93,Warehouse B - West,37,385
Conference Table #07403,Furniture,186.28,349.04,314,Warehouse A - East,49,486
Olive Oil 500ml #07404,Food & Beverage,200.82,385.96,191,Warehouse D - North,20,657
Drone Mini #07405,Toys & Games,51.37,124.11,122,Warehouse C - Central,80,281
Outdoor Solar Lights #07406,Home & Garden,83.13,197.97,246,Warehouse D - North,11,557
Stuffed Animal Bear #07407,Toys & Games,177.68,207.45,220,Warehouse A - East,36,621
Bookshelf 5-Tier #07408,Furniture,130.69,235.81,21,Warehouse A - East,74,863
Floating Shelf Set #07409,Furniture,207.21,512.85,351,Warehouse B - West,58,791
Sticky Notes 8pk #07410,Office Supplies,19.17,30.17,279,Warehouse D - North,66,731
Rain Poncho #07411,Clothing,144.92,350.4,3,Warehouse C - Central,33,765
Power Bank 20000mAh #07412,Electronics,37.84,69.18,24,Warehouse A - East,51,592
Binder Clips Assorted #07413,Office Supplies,186.52,358.27,76,Warehouse C - Central,62,254
File Folders 20pk #07414,Office Supplies,186.58,347.63,215,Warehouse A - East,51,469
Whiteboard Markers 6pk #07415,Office Supplies,69.54,81.42,447,Warehouse D - North,40,756
Foam Roller #07416,Sports & Outdoors,115.85,230.54,95,Warehouse A - East,73,856
Foam Roller #07417,Sports & Outdoors,128.57,200.98,241,Warehouse D - North,14,544
Power Strip 6-Outlet #07418,Home & Garden,57.81,133.44,474,Warehouse D - North,16,580
Smart Watch #07419,Electronics,162.88,255.2,320,Warehouse C - Central,60,310
USB Flash Drive 64GB #07420,Electronics,26.15,59.73,464,Warehouse A - East,38,542
Lawn Fertilizer #07421,Home & Garden,157.84,364.72,221,Warehouse A - East,17,568
Sleeping Bag #07422,Sports & Outdoors,7.16,13.18,184,Warehouse D - North,57,912
Extension Cord 10m #07423,Home & Garden,122.21,287.59,108,Warehouse B - West,70,786
Building Blocks 500pc #07424,Toys & Games,231.83,363.12,136,Warehouse B - West,38,672
Drone Mini #07425,Toys & Games,12.33,17.35,445,Warehouse D - North,29,284
Smart Watch #07426,Electronics,32.94,44.02,216,Warehouse A - East,44,709
Sunscreen SPF50 #07427,Health & Beauty,64.29,130.55,86,Warehouse A - East,20,303
Board Game Classic #07428,Toys & Games,34.43,69.72,390,Warehouse D - North,27,440
Wiper Blades Pair #07429,Automotive Parts,248.02,597.22,55,Warehouse A - East,38,455
Chess Set Wooden #07430,Toys & Games,62.35,155.6,189,Warehouse D - North,30,455
Printer Paper A4 #07431,Office Supplies,53.41,89.24,409,Warehouse B - West,35,955
Stapler Heavy Duty #07432,Office Supplies,67.54,91.66,186,Warehouse D - North,63,527
Tape Dispenser #07433,Office Supplies,104.66,195.45,382,Warehouse A - East,52,767
Wireless Mouse #07434,Electronics,179.45,426.2,294,Warehouse B - West,54,916
Ballpoint Pens 12pk #07435,Office Supplies,83.25,189.26,442,Warehouse C - Central,16,294
Moisturizer Pump #07436,Health & Beauty,171.78,426.55,382,Warehouse A - East,52,664
Label Maker #07437,Office Supplies,14.23,25.6,317,Warehouse A - East,45,834
Aloe Vera Gel #07438,Health & Beauty,245.01,569.96,58,Warehouse A - East,54,885
Lip Balm Pack #07439,Health & Beauty,108.07,137.8,305,Warehouse A - East,53,458
Brake Pads Set #07440,Automotive Parts,10.81,25.09,208,Warehouse B - West,56,624
Lawn Fertilizer #07441,Home & Garden,108.19,205.23,148,Warehouse C - Central,50,883
Dark Chocolate Box #07442,Food & Beverage,171.88,248.67,476,Warehouse D - North,73,635
Sleeping Bag #07443,Sports & Outdoors,155.94,253.47,306,Warehouse B - West,15,372
Lip Balm Pack #07444,Health & Beauty,230.84,514.0,119,Warehouse B - West,23,638
Fleece Hoodie #07445,Clothing,108.4,164.08,433,Warehouse A - East,49,828
Label Maker #07446,Office Supplies,99.24,155.93,453,Warehouse B - West,30,761
Tool Kit 50pc #07447,Home & Garden,178.66,335.1,30,Warehouse B - West,57,969
Green Tea Box #07448,Food & Beverage,165.25,208.35,102,Warehouse B - West,19,893
Headlamp LED #07449,Sports & Outdoors,30.19,39.17,227,Warehouse D - North,10,367
Whiteboard Markers 6pk #07450,Office Supplies,119.76,185.76,233,Warehouse B - West,34,656
Work Boots #07451,Clothing,192.91,453.34,382,Warehouse D - North,24,694
Drafting Chair #07452,Furniture,175.34,407.04,285,Warehouse C - Central,30,374
Scissors 3pk #07453,Office Supplies,86.6,210.3,485,Warehouse B - West,44,877
Filing Cabinet #07454,Furniture,159.38,344.93,356,Warehouse A - East,73,511
Stapler Heavy Duty #07455,Office Supplies,78.25,118.92,443,Warehouse D - North,67,399
Thermal Underwear #07456,Clothing,157.86,203.78,249,Warehouse C - Central,54,617
Floor Mats Set #07457,Automotive Parts,148.26,332.62,28,Warehouse B - West,59,327
Lip Balm Pack #07458,Health & Beauty,39.03,51.44,259,Warehouse C - Central,14,811
Vitamin C Tablets #07459,Health & Beauty,79.68,154.56,485,Warehouse A - East,26,496
Water Bottle 1L #07460,Sports & Outdoors,129.44,224.34,159,Warehouse A - East,80,457
Storage Ottoman #07461,Furniture,211.53,268.14,231,Warehouse D - North,16,865
Insect Repellent #07462,Health & Beauty,227.71,355.41,166,Warehouse D - North,37,451
Water Bottle 1L #07463,Sports & Outdoors,6.98,15.74,195,Warehouse D - North,22,482
Storage Ottoman #07464,Furniture,171.85,266.95,39,Warehouse B - West,54,685
Instant Oatmeal Pack #07465,Food & Beverage,107.51,264.68,138,Warehouse A - East,10,941
Dried Fruit Mix #07466,Food & Beverage,19.78,35.87,35,Warehouse A - East,11,833
Brake Pads Set #07467,Automotive Parts,144.31,259.84,52,Warehouse A - East,48,553
Insect Repellent #07468,Health & Beauty,90.89,138.85,438,Warehouse B - West,55,534
Stapler Heavy Duty #07469,Office Supplies,214.65,358.02,18,Warehouse D - North,69,379
Hedge Trimmer #07470,Home & Garden,21.32,49.53,25,Warehouse B - West,78,463
Scissors 3pk #07471,Office Supplies,221.46,369.07,276,Warehouse B - West,49,742
Coolant 4L #07472,Automotive Parts,44.14,62.4,453,Warehouse A - East,12,808
Motor Oil 5W-30 #07473,Automotive Parts,197.34,419.68,197,Warehouse C - Central,45,456
Webcam HD #07474,Electronics,7.43,8.61,343,Warehouse C - Central,10,467
Monitor Arm #07475,Furniture,153.33,186.18,42,Warehouse B - West,75,690
Coffee Beans 1kg #07476,Food & Beverage,9.07,16.47,421,Warehouse B - West,58,444
Air Filter #07477,Automotive Parts,43.25,95.41,113,Warehouse C - Central,64,827
Bluetooth Speaker #07478,Electronics,208.12,280.4,332,Warehouse C - Central,59,245
Board Game Classic #07479,Toys & Games,66.57,97.57,107,Warehouse B - West,51,344
Pressure Washer #07480,Home & Garden,227.9,342.13,105,Warehouse C - Central,16,979
Olive Oil 500ml #07481,Food & Beverage,118.12,166.11,156,Warehouse B - West,57,298
Sleeping Bag #07482,Sports & Outdoors,147.68,228.84,215,Warehouse D - North,17,848
Laptop Cooling Pad #07483,Electronics,8.32,15.88,361,Warehouse D - North,68,360
Hand Sanitizer 500ml #07484,Health & Beauty,175.76,223.41,335,Warehouse D - North,41,317
First Aid Kit #07485,Health & Beauty,198.2,390.62,437,Warehouse B - West,21,918
Extension Cord 10m #07486,Home & Garden,106.13,224.8,498,Warehouse C - Central,30,914
Sunscreen SPF50 #07487,Health & Beauty,108.15,130.53,65,Warehouse B - West,79,970
Work Boots #07488,Clothing,131.12,186.84,435,Warehouse B - West,69,823
Label Maker #07489,Office Supplies,150.03,359.64,153,Warehouse B - West,57,775
Cap Branded #07490,Clothing,17.82,32.1,444,Warehouse B - West,72,529
Card Game Set #07491,Toys & Games,156.42,276.69,203,Warehouse A - East,56,522
Rain Poncho #07492,Clothing,211.81,475.28,344,Warehouse B - West,52,646
Binder Clips Assorted #07493,Office Supplies,108.18,183.97,177,Warehouse B - West,68,259
Cable Management Tray #07494,Furniture,2.81,3.87,321,Warehouse B - West,19,451
Stapler Heavy Duty #07495,Office Supplies,90.4,129.61,397,Warehouse A - East,43,382
Lip Balm Pack #07496,Health & Beauty,184.8,266.03,405,Warehouse C - Central,52,495
Car Battery #07497,Automotive Parts,141.85,263.93,321,Warehouse D - North,39,833
Binder Clips Assorted #07498,Office Supplies,141.36,186.84,77,Warehouse B - West,57,493
Smart Watch #07499,Electronics,214.57,518.53,352,Warehouse C - Central,41,973
Cargo Pants #07500,Clothing,89.29,161.77,348,Warehouse D - North,46,588
Wireless Charger #07501,Electronics,109.27,204.22,293,Warehouse C - Central,29,966
Brake Pads Set #07502,Automotive Parts,240.7,431.42,164,Warehouse A - East,63,307
Printer Paper A4 #07503,Office Supplies,166.79,209.11,410,Warehouse B - West,37,220
Cargo Pants #07504,Clothing,179.5,257.23,173,Warehouse B - West,56,309
Storage Ottoman #07505,Furniture,149.89,217.79,97,Warehouse C - Central,29,768
First Aid Kit #07506,Health & Beauty,66.92,88.39,84,Warehouse B - West,62,436
Hedge Trimmer #07507,Home & Garden,249.79,330.29,151,Warehouse B - West,43,527
Brake Pads Set #07508,Automotive Parts,85.35,102.34,164,Warehouse D - North,25,832
Car Charger Dual USB #07509,Automotive Parts,215.74,391.9,256,Warehouse A - East,14,984
Monitor Arm #07510,Furniture,89.53,176.14,106,Warehouse C - Central,32,632
Work Boots #07511,Clothing,226.78,477.02,201,Warehouse C - Central,34,545
Bandages Assorted #07512,Health & Beauty,153.49,184.93,98,Warehouse B - West,59,953
Ergonomic Office Chair #07513,Furniture,219.34,504.75,227,Warehouse D - North,20,781
Protein Bars 12pk #07514,Food & Beverage,51.66,97.64,181,Warehouse C - Central,47,548
Cotton T-Shirt Pack #07515,Clothing,241.82,584.73,373,Warehouse B - West,70,647
LED Bulb 4pk #07516,Home & Garden,220.11,514.27,168,Warehouse A - East,64,491
Remote Control Car #07517,Toys & Games,5.61,11.09,315,Warehouse A - East,78,643
Rubik's Cube #07518,Toys & Games,94.52,170.16,287,Warehouse D - North,65,707
Drone Mini #07519,Toys & Games,152.46,220.06,268,Warehouse A - East,23,783
Card Game Set #07520,Toys & Games,141.37,318.7,349,Warehouse D - North,68,479
Bookshelf 5-Tier #07521,Furniture,60.15,122.72,306,Warehouse B - West,11,236
First Aid Kit #07522,Health & Beauty,91.85,119.65,434,Warehouse D - North,51,732
Instant Oatmeal Pack #07523,Food & Beverage,54.26,77.37,84,Warehouse B - West,70,235
Envelopes 100pk #07524,Office Supplies,151.92,258.47,222,Warehouse C - Central,74,643
Desk Organizer #07525,Office Supplies,68.61,85.35,197,Warehouse A - East,30,268
Extension Cord 10m #07526,Home & Garden,216.08,468.59,156,Warehouse B - West,42,672
Science Kit #07527,Toys & Games,184.05,381.71,148,Warehouse A - East,35,280
Camping Chair #07528,Sports & Outdoors,110.86,137.43,23,Warehouse A - East,36,896
Cotton T-Shirt Pack #07529,Clothing,83.97,143.54,285,Warehouse C - Central,79,792
Tape Dispenser #07530,Office Supplies,153.24,301.99,169,Warehouse B - West,76,506
Sunscreen SPF50 #07531,Health & Beauty,48.71,73.23,141,Warehouse A - East,52,371
Cap Branded #07532,Clothing,177.39,435.16,280,Warehouse D - North,65,246
Cargo Shorts #07533,Clothing,242.3,280.25,319,Warehouse A - East,75,310
Hand Sanitizer 500ml #07534,Health & Beauty,164.01,381.86,368,Warehouse A - East,24,524
Face Masks 50pk #07535,Health & Beauty,27.75,31.99,403,Warehouse C - Central,17,771
Tablet Stand #07536,Electronics,21.64,31.96,136,Warehouse C - Central,71,844
Thermal Underwear #07537,Clothing,172.64,410.36,401,Warehouse A - East,63,460
Safety Vest Hi-Vis #07538,Clothing,201.33,313.94,69,Warehouse C - Central,50,908
Granola Bags #07539,Food & Beverage,144.57,334.72,146,Warehouse D - North,53,416
USB Flash Drive 64GB #07540,Electronics,73.73,110.02,274,Warehouse C - Central,20,664
Sunscreen SPF50 #07541,Health & Beauty,93.12,136.92,292,Warehouse C - Central,61,740
Cotton T-Shirt Pack #07542,Clothing,198.79,482.77,221,Warehouse A - East,74,381
Building Blocks 500pc #07543,Toys & Games,137.92,260.81,84,Warehouse D - North,29,514
Garden Hose 30m #07544,Home & Garden,234.06,548.41,399,Warehouse D - North,78,240
Mechanical Keyboard #07545,Electronics,3.99,8.69,239,Warehouse D - North,11,821
Energy Drinks 24pk #07546,Food & Beverage,216.96,279.24,425,Warehouse A - East,50,837
Floating Shelf Set #07547,Furniture,86.71,124.68,60,Warehouse B - West,66,256
Jump Rope #07548,Sports & Outdoors,61.33,120.09,0,Warehouse A - East,78,598
Thermometer Digital #07549,Health & Beauty,60.45,131.81,471,Warehouse D - North,54,763
Cap Branded #07550,Clothing,51.18,64.83,70,Warehouse A - East,14,901
Jump Rope #07551,Sports & Outdoors,61.55,72.84,102,Warehouse D - North,33,544
Science Kit #07552,Toys & Games,69.36,151.25,469,Warehouse B - West,18,395
Standing Desk #07553,Furniture,90.48,176.71,257,Warehouse C - Central,39,824
Desk Organizer #07554,Office Supplies,76.68,102.78,335,Warehouse A - East,65,402
Foam Roller #07555,Sports & Outdoors,221.06,259.48,450,Warehouse C - Central,13,411
Building Blocks 500pc #07556,Toys & Games,63.2,103.04,195,Warehouse D - North,53,400
Plant Pots Set #07557,Home & Garden,23.81,40.27,214,Warehouse A - East,35,536
Vitamin C Tablets #07558,Health & Beauty,43.85,80.92,327,Warehouse B - West,27,417
Tent 4-Person #07559,Sports & Outdoors,55.65,87.2,337,Warehouse B - West,51,942
Art Supplies Box #07560,Toys & Games,191.04,366.22,364,Warehouse D - North,42,810
Hiking Backpack #07561,Sports & Outdoors,115.11,217.81,328,Warehouse B - West,38,554
Monitor Arm #07562,Furniture,152.64,175.56,349,Warehouse A - East,59,501
Paint Roller Set #07563,Home & Garden,23.91,33.83,354,Warehouse C - Central,19,531
Mechanical Keyboard #07564,Electronics,78.43,193.95,257,Warehouse D - North,36,208
Yoga Mat #07565,Sports & Outdoors,28.55,40.42,254,Warehouse C - Central,12,394
Building Blocks 500pc #07566,Toys & Games,64.67,149.95,345,Warehouse D - North,54,328
LEGO Technic Set #07567,Toys & Games,100.42,226.8,211,Warehouse D - North,48,371
Windbreaker #07568,Clothing,20.39,48.53,207,Warehouse C - Central,43,900
Moisturizer Pump #07569,Health & Beauty,98.1,168.2,331,Warehouse D - North,71,825
Spark Plugs 4pk #07570,Automotive Parts,77.83,139.87,438,Warehouse D - North,33,595
Coffee Beans 1kg #07571,Food & Beverage,223.29,283.61,119,Warehouse B - West,36,425
Headlight Bulb Pair #07572,Automotive Parts,194.17,416.39,483,Warehouse A - East,80,338
Motor Oil 5W-30 #07573,Automotive Parts,44.41,108.03,341,Warehouse D - North,71,323
Conference Table #07574,Furniture,214.47,328.61,48,Warehouse A - East,79,560
Face Masks 50pk #07575,Health & Beauty,116.0,199.56,63,Warehouse A - East,63,956
Honey Jar #07576,Food & Beverage,72.22,175.53,499,Warehouse A - East,29,607
Sprinkler System #07577,Home & Garden,220.41,503.62,496,Warehouse C - Central,74,669
Garden Hose 30m #07578,Home & Garden,78.1,98.74,5,Warehouse A - East,58,591
Sleeping Bag #07579,Sports & Outdoors,44.09,103.1,80,Warehouse A - East,53,662
Scissors 3pk #07580,Office Supplies,85.08,199.49,216,Warehouse A - East,11,395
Dried Fruit Mix #07581,Food & Beverage,184.51,450.24,377,Warehouse B - West,19,280
Mechanical Keyboard #07582,Electronics,118.25,139.9,431,Warehouse C - Central,27,439
Stuffed Animal Bear #07583,Toys & Games,176.15,397.76,355,Warehouse B - West,27,806
SSD 1TB External #07584,Electronics,39.81,56.37,404,Warehouse C - Central,36,448
Sticky Notes 8pk #07585,Office Supplies,57.2,110.29,316,Warehouse A - East,55,269
Filing Cabinet #07586,Furniture,157.37,391.7,298,Warehouse D - North,73,981
Honey Jar #07587,Food & Beverage,206.28,364.69,80,Warehouse D - North,66,764
Plant Pots Set #07588,Home & Garden,235.66,532.4,125,Warehouse C - Central,60,207
Safety Vest Hi-Vis #07589,Clothing,149.1,248.6,446,Warehouse A - East,62,536
Lip Balm Pack #07590,Health & Beauty,172.2,383.13,192,Warehouse C - Central,53,670
Coffee Beans 1kg #07591,Food & Beverage,224.8,305.63,11,Warehouse A - East,58,740
Thermometer Digital #07592,Health & Beauty,169.71,388.62,325,Warehouse A - East,48,779
Chess Set Wooden #07593,Toys & Games,176.35,236.42,88,Warehouse A - East,75,281
Coffee Beans 1kg #07594,Food & Beverage,190.28,351.81,121,Warehouse A - East,37,799
First Aid Kit #07595,Health & Beauty,145.64,275.57,386,Warehouse D - North,19,917
Science Kit #07596,Toys & Games,63.8,90.17,320,Warehouse D - North,53,201
Insect Repellent #07597,Health & Beauty,239.95,293.05,144,Warehouse B - West,46,444
Brake Pads Set #07598,Automotive Parts,206.79,402.68,292,Warehouse C - Central,10,345
First Aid Kit #07599,Health & Beauty,199.45,339.59,345,Warehouse B - West,58,806
Power Strip 6-Outlet #07600,Home & Garden,69.71,85.65,379,Warehouse C - Central,77,985
Monitor Arm #07601,Furniture,163.62,239.55,123,Warehouse B - West,74,306
Motor Oil 5W-30 #07602,Automotive Parts,244.77,524.74,247,Warehouse A - East,47,278
Instant Oatmeal Pack #07603,Food & Beverage,103.91,141.76,212,Warehouse C - Central,52,815
Cable Management Tray #07604,Furniture,82.92,135.67,449,Warehouse C - Central,78,415
Storage Ottoman #07605,Furniture,60.1,109.12,37,Warehouse C - Central,25,621
Face Masks 50pk #07606,Health & Beauty,109.56,247.65,140,Warehouse B - West,71,308
Cargo Shorts #07607,Clothing,227.84,280.07,461,Warehouse A - East,22,994
Thermal Underwear #07608,Clothing,162.92,394.08,266,Warehouse A - East,53,901
Computer Desk #07609,Furniture,93.17,117.36,61,Warehouse C - Central,16,296
LED Bulb 4pk #07610,Home & Garden,34.65,75.67,189,Warehouse D - North,41,545
Sticky Notes 8pk #07611,Office Supplies,128.54,150.38,401,Warehouse A - East,44,249
Windbreaker #07612,Clothing,62.1,107.36,415,Warehouse D - North,20,608
Lawn Fertilizer #07613,Home & Garden,14.17,24.96,203,Warehouse C - Central,33,674
Car Charger Dual USB #07614,Automotive Parts,193.33,428.61,490,Warehouse A - East,21,758
Remote Control Car #07615,Toys & Games,211.25,394.6,157,Warehouse D - North,73,885
Power Bank 20000mAh #07616,Electronics,243.76,284.48,418,Warehouse B - West,42,685
Tablet Stand #07617,Electronics,139.58,195.33,264,Warehouse B - West,31,296
Cable Management Tray #07618,Furniture,21.5,33.38,261,Warehouse A - East,32,518
Face Masks 50pk #07619,Health & Beauty,60.05,91.27,151,Warehouse D - North,49,590
Label Maker #07620,Office Supplies,148.0,199.51,167,Warehouse C - Central,62,426
Board Game Classic #07621,Toys & Games,190.66,458.58,302,Warehouse B - West,67,629
Dried Fruit Mix #07622,Food & Beverage,91.21,112.42,53,Warehouse A - East,56,291
Dark Chocolate Box #07623,Food & Beverage,12.86,15.25,397,Warehouse A - East,59,599
Motor Oil 5W-30 #07624,Automotive Parts,98.0,235.71,198,Warehouse C - Central,61,769
Paint Roller Set #07625,Home & Garden,199.45,374.35,466,Warehouse A - East,27,856
Chess Set Wooden #07626,Toys & Games,123.21,230.0,393,Warehouse A - East,76,272
Tape Dispenser #07627,Office Supplies,144.38,283.84,115,Warehouse C - Central,45,460
Power Bank 20000mAh #07628,Electronics,93.73,125.78,473,Warehouse D - North,49,710
Cargo Pants #07629,Clothing,198.14,436.64,209,Warehouse D - North,35,865
Polo Shirt #07630,Clothing,177.38,343.57,208,Warehouse C - Central,10,876
LEGO Technic Set #07631,Toys & Games,230.51,561.38,244,Warehouse A - East,30,398
Board Game Classic #07632,Toys & Games,17.51,21.46,410,Warehouse D - North,59,633
Instant Oatmeal Pack #07633,Food & Beverage,35.28,73.8,406,Warehouse B - West,56,768
Binoculars #07634,Sports & Outdoors,235.27,501.35,472,Warehouse D - North,16,512
Wireless Charger #07635,Electronics,216.38,355.8,233,Warehouse D - North,21,362
Headlamp LED #07636,Sports & Outdoors,240.43,401.17,464,Warehouse D - North,45,303
Headlamp LED #07637,Sports & Outdoors,98.66,174.4,171,Warehouse A - East,68,991
Standing Desk #07638,Furniture,36.81,88.9,9,Warehouse A - East,23,734
Tent 4-Person #07639,Sports & Outdoors,132.56,253.86,391,Warehouse D - North,57,783
Spark Plugs 4pk #07640,Automotive Parts,148.24,207.65,485,Warehouse C - Central,62,386
Water Bottle 1L #07641,Sports & Outdoors,87.61,150.55,178,Warehouse B - West,13,928
Energy Drinks 24pk #07642,Food & Beverage,218.19,429.83,321,Warehouse C - Central,75,861
Printer Paper A4 #07643,Office Supplies,210.44,360.7,258,Warehouse B - West,65,888
USB Flash Drive 64GB #07644,Electronics,64.71,98.9,74,Warehouse D - North,30,806
File Folders 20pk #07645,Office Supplies,55.79,126.38,63,Warehouse B - West,10,266
Olive Oil 500ml #07646,Food & Beverage,136.94,310.26,4,Warehouse A - East,11,487
Webcam HD #07647,Electronics,123.52,277.66,215,Warehouse C - Central,54,767
LEGO Technic Set #07648,Toys & Games,208.54,269.67,155,Warehouse D - North,15,547
Cooler Box 40L #07649,Sports & Outdoors,2.1,4.78,230,Warehouse A - East,80,700
Board Game Classic #07650,Toys & Games,153.45,302.95,73,Warehouse A - East,69,953
Bandages Assorted #07651,Health & Beauty,49.84,98.0,34,Warehouse B - West,24,728
Tape Dispenser #07652,Office Supplies,220.46,411.46,276,Warehouse B - West,34,589
Outdoor Solar Lights #07653,Home & Garden,227.53,389.03,211,Warehouse D - North,34,598
Brake Pads Set #07654,Automotive Parts,114.94,242.25,162,Warehouse D - North,33,812
Rubik's Cube #07655,Toys & Games,76.19,156.87,92,Warehouse A - East,59,837
Foam Roller #07656,Sports & Outdoors,177.41,355.51,236,Warehouse A - East,79,757
First Aid Kit #07657,Health & Beauty,173.16,259.4,426,Warehouse D - North,30,655
Power Bank 20000mAh #07658,Electronics,11.47,21.45,498,Warehouse C - Central,70,545
Power Bank 20000mAh #07659,Electronics,108.63,163.86,431,Warehouse D - North,78,282
Car Charger Dual USB #07660,Automotive Parts,240.31,508.52,442,Warehouse B - West,13,303
Building Blocks 500pc #07661,Toys & Games,230.2,327.16,236,Warehouse C - Central,17,648
Conference Table #07662,Furniture,219.17,258.54,123,Warehouse C - Central,45,838
Honey Jar #07663,Food & Beverage,246.25,531.57,279,Warehouse A - East,19,518
Bandages Assorted #07664,Health & Beauty,45.87,82.15,223,Warehouse D - North,35,566
Work Boots #07665,Clothing,103.82,142.18,468,Warehouse A - East,39,438
Label Maker #07666,Office Supplies,143.48,211.86,163,Warehouse D - North,47,517
Whiteboard Markers 6pk #07667,Office Supplies,201.26,299.1,389,Warehouse A - East,32,264
Stuffed Animal Bear #07668,Toys & Games,75.39,147.9,287,Warehouse D - North,63,304
Coolant 4L #07669,Automotive Parts,166.99,204.94,462,Warehouse A - East,70,779
Drone Mini #07670,Toys & Games,20.84,48.45,292,Warehouse D - North,74,485
Jump Starter #07671,Automotive Parts,18.9,22.22,294,Warehouse A - East,57,320
Webcam HD #07672,Electronics,179.26,291.11,373,Warehouse D - North,30,526
Power Strip 6-Outlet #07673,Home & Garden,19.1,47.22,371,Warehouse A - East,14,345
Hiking Backpack #07674,Sports & Outdoors,190.01,439.32,498,Warehouse A - East,53,582
Wireless Charger #07675,Electronics,15.59,23.33,140,Warehouse D - North,19,552
Pressure Washer #07676,Home & Garden,61.08,148.17,191,Warehouse D - North,67,360
Headlamp LED #07677,Sports & Outdoors,40.38,94.64,445,Warehouse B - West,33,222
Floating Shelf Set #07678,Furniture,81.19,155.65,421,Warehouse A - East,37,777
Jump Rope #07679,Sports & Outdoors,115.95,151.74,116,Warehouse D - North,71,925
Tablet Stand #07680,Electronics,115.19,133.22,426,Warehouse C - Central,37,356
Envelopes 100pk #07681,Office Supplies,49.94,109.75,116,Warehouse C - Central,69,693
Plant Pots Set #07682,Home & Garden,120.01,287.71,478,Warehouse C - Central,58,597
Protein Bars 12pk #07683,Food & Beverage,70.77,173.83,150,Warehouse B - West,74,489
Pressure Washer #07684,Home & Garden,244.3,480.25,497,Warehouse A - East,80,945
Floor Mats Set #07685,Automotive Parts,91.03,211.38,478,Warehouse C - Central,46,647
File Folders 20pk #07686,Office Supplies,169.83,295.95,190,Warehouse C - Central,60,506
Cable Management Tray #07687,Furniture,146.28,222.93,229,Warehouse D - North,40,471
Label Maker #07688,Office Supplies,33.61,68.26,342,Warehouse D - North,56,293
Water Bottle 1L #07689,Sports & Outdoors,47.53,88.11,499,Warehouse A - East,36,534
Computer Desk #07690,Furniture,117.8,219.8,123,Warehouse A - East,43,842
Lip Balm Pack #07691,Health & Beauty,140.83,252.92,248,Warehouse D - North,66,507
Tool Kit 50pc #07692,Home & Garden,146.88,299.57,39,Warehouse A - East,12,397
Scissors 3pk #07693,Office Supplies,110.83,243.57,488,Warehouse D - North,32,709
Science Kit #07694,Toys & Games,242.22,564.64,341,Warehouse D - North,79,717
Spark Plugs 4pk #07695,Automotive Parts,179.21,274.49,470,Warehouse C - Central,32,209
Tablet Stand #07696,Electronics,205.49,326.31,273,Warehouse B - West,47,613
Cargo Pants #07697,Clothing,102.5,154.11,208,Warehouse D - North,52,294
Resistance Bands Set #07698,Sports & Outdoors,87.84,111.2,32,Warehouse B - West,47,273
Sticky Notes 8pk #07699,Office Supplies,157.9,288.55,430,Warehouse A - East,71,838
Desk Organizer #07700,Office Supplies,208.05,360.08,260,Warehouse A - East,64,522
Bandages Assorted #07701,Health & Beauty,209.85,470.17,401,Warehouse A - East,23,706
Sleeping Bag #07702,Sports & Outdoors,60.76,103.9,18,Warehouse C - Central,23,904
Cooler Box 40L #07703,Sports & Outdoors,217.03,303.49,157,Warehouse B - West,19,955
Bandages Assorted #07704,Health & Beauty,239.29,396.02,78,Warehouse D - North,56,935
Stapler Heavy Duty #07705,Office Supplies,241.57,593.52,100,Warehouse D - North,50,317
Binder Clips Assorted #07706,Office Supplies,36.61,88.59,92,Warehouse A - East,30,674
Filing Cabinet #07707,Furniture,163.82,299.08,30,Warehouse C - Central,28,284
Chess Set Wooden #07708,Toys & Games,14.77,31.34,499,Warehouse D - North,78,460
Camping Chair #07709,Sports & Outdoors,91.26,189.27,126,Warehouse B - West,47,903
Rain Poncho #07710,Clothing,46.76,109.54,34,Warehouse A - East,34,330
Label Maker #07711,Office Supplies,61.78,103.59,415,Warehouse B - West,43,838
Sleeping Bag #07712,Sports & Outdoors,129.22,150.34,139,Warehouse D - North,59,814
Protein Bars 12pk #07713,Food & Beverage,145.25,320.3,456,Warehouse C - Central,50,722
Headlamp LED #07714,Sports & Outdoors,37.14,48.08,331,Warehouse A - East,34,677
Winter Jacket #07715,Clothing,228.86,384.42,312,Warehouse C - Central,77,483
Chess Set Wooden #07716,Toys & Games,244.41,520.71,308,Warehouse D - North,17,588
Smart Watch #07717,Electronics,75.64,140.54,498,Warehouse B - West,16,626
Paint Roller Set #07718,Home & Garden,102.56,254.29,257,Warehouse D - North,78,779
Winter Jacket #07719,Clothing,68.44,106.47,464,Warehouse B - West,41,284
Label Maker #07720,Office Supplies,71.48,95.69,475,Warehouse B - West,15,793
Car Battery #07721,Automotive Parts,147.31,305.73,423,Warehouse A - East,15,803
Bookshelf 5-Tier #07722,Furniture,36.32,50.68,384,Warehouse A - East,19,549
Cargo Shorts #07723,Clothing,171.82,279.7,107,Warehouse C - Central,59,721
Power Bank 20000mAh #07724,Electronics,74.08,96.01,198,Warehouse B - West,52,369
Motor Oil 5W-30 #07725,Automotive Parts,2.3,4.31,463,Warehouse D - North,67,710
Resistance Bands Set #07726,Sports & Outdoors,154.39,334.06,105,Warehouse D - North,32,362
SSD 1TB External #07727,Electronics,62.0,134.92,237,Warehouse C - Central,75,964
Protein Bars 12pk #07728,Food & Beverage,107.69,262.7,450,Warehouse D - North,78,517
Thermometer Digital #07729,Health & Beauty,56.37,123.91,418,Warehouse B - West,36,343
Honey Jar #07730,Food & Beverage,233.06,522.25,415,Warehouse D - North,42,448
Plant Pots Set #07731,Home & Garden,60.56,130.71,280,Warehouse B - West,53,750
Drafting Chair #07732,Furniture,106.86,230.17,390,Warehouse D - North,53,816
Sticky Notes 8pk #07733,Office Supplies,36.37,51.94,466,Warehouse A - East,27,896
Cap Branded #07734,Clothing,238.26,391.62,256,Warehouse B - West,74,828
Puzzle 1000pc #07735,Toys & Games,172.95,203.79,278,Warehouse A - East,25,473
Cap Branded #07736,Clothing,117.91,241.13,230,Warehouse D - North,17,668
Rubik's Cube #07737,Toys & Games,169.31,417.01,333,Warehouse C - Central,33,507
Foam Roller #07738,Sports & Outdoors,184.56,448.83,166,Warehouse A - East,66,271
Green Tea Box #07739,Food & Beverage,94.72,205.44,212,Warehouse B - West,77,698
Monitor Arm #07740,Furniture,12.29,19.09,198,Warehouse D - North,47,524
Olive Oil 500ml #07741,Food & Beverage,236.54,580.62,270,Warehouse B - West,46,580
Ergonomic Office Chair #07742,Furniture,200.48,234.49,438,Warehouse C - Central,54,768
Desk Organizer #07743,Office Supplies,120.11,199.42,348,Warehouse D - North,33,911
Yoga Mat #07744,Sports & Outdoors,209.93,380.54,36,Warehouse C - Central,29,598
Cargo Pants #07745,Clothing,186.98,258.69,281,Warehouse A - East,66,366
Wiper Blades Pair #07746,Automotive Parts,109.81,187.68,377,Warehouse D - North,49,782
HDMI Cable 2m #07747,Electronics,162.87,368.55,296,Warehouse A - East,10,945
Science Kit #07748,Toys & Games,166.43,375.04,112,Warehouse D - North,40,553
Work Boots #07749,Clothing,146.13,323.54,88,Warehouse A - East,19,279
Stapler Heavy Duty #07750,Office Supplies,3.33,4.03,2,Warehouse B - West,15,750
Safety Vest Hi-Vis #07751,Clothing,247.06,403.84,67,Warehouse B - West,31,243
Rubik's Cube #07752,Toys & Games,91.12,226.06,25,Warehouse A - East,77,784
Bandages Assorted #07753,Health & Beauty,96.98,222.72,59,Warehouse C - Central,11,294
Car Charger Dual USB #07754,Automotive Parts,46.98,105.33,422,Warehouse A - East,55,778
Floating Shelf Set #07755,Furniture,49.48,59.84,200,Warehouse A - East,63,531
Sprinkler System #07756,Home & Garden,133.65,284.99,186,Warehouse D - North,69,934
Mechanical Keyboard #07757,Electronics,117.28,280.49,62,Warehouse B - West,64,220
Yoga Mat #07758,Sports & Outdoors,40.12,62.68,445,Warehouse D - North,53,215
Protein Bars 12pk #07759,Food & Beverage,186.01,410.93,487,Warehouse C - Central,17,907
Winter Jacket #07760,Clothing,228.89,467.48,483,Warehouse C - Central,64,823
Headlamp LED #07761,Sports & Outdoors,224.54,373.89,212,Warehouse D - North,58,678
Bandages Assorted #07762,Health & Beauty,154.28,372.77,142,Warehouse C - Central,31,931
Wireless Mouse #07763,Electronics,3.25,7.7,6,Warehouse D - North,24,416
Moisturizer Pump #07764,Health & Beauty,112.94,171.23,374,Warehouse D - North,22,217
Honey Jar #07765,Food & Beverage,203.31,286.09,92,Warehouse B - West,28,532
Instant Oatmeal Pack #07766,Food & Beverage,108.02,236.6,84,Warehouse B - West,28,414
Vitamin C Tablets #07767,Health & Beauty,13.01,20.97,60,Warehouse D - North,70,705
Hiking Backpack #07768,Sports & Outdoors,135.67,233.23,417,Warehouse A - East,65,280
Wireless Mouse #07769,Electronics,6.71,10.9,44,Warehouse D - North,25,742
Cargo Shorts #07770,Clothing,183.47,334.73,385,Warehouse B - West,40,838
Dried Fruit Mix #07771,Food & Beverage,128.03,247.12,146,Warehouse D - North,17,331
LEGO Technic Set #07772,Toys & Games,169.42,415.27,458,Warehouse C - Central,38,288
Tent 4-Person #07773,Sports & Outdoors,89.04,165.59,332,Warehouse D - North,12,715
Hiking Backpack #07774,Sports & Outdoors,193.54,343.0,50,Warehouse B - West,37,312
Sticky Notes 8pk #07775,Office Supplies,234.55,425.27,340,Warehouse C - Central,78,487
Bandages Assorted #07776,Health & Beauty,134.93,271.42,8,Warehouse B - West,23,883
Ballpoint Pens 12pk #07777,Office Supplies,62.65,103.08,463,Warehouse C - Central,48,311
Thermal Underwear #07778,Clothing,57.99,141.15,378,Warehouse D - North,45,530
USB-C Hub #07779,Electronics,118.54,265.93,492,Warehouse B - West,67,455
Spark Plugs 4pk #07780,Automotive Parts,11.43,13.87,185,Warehouse A - East,34,611
Foam Roller #07781,Sports & Outdoors,197.9,448.32,249,Warehouse D - North,20,388
Remote Control Car #07782,Toys & Games,21.6,25.95,79,Warehouse D - North,59,368
Tire Pressure Gauge #07783,Automotive Parts,105.76,232.22,372,Warehouse A - East,10,644
First Aid Kit #07784,Health & Beauty,127.35,252.4,198,Warehouse C - Central,11,825
Lawn Fertilizer #07785,Home & Garden,216.24,277.96,419,Warehouse B - West,33,763
Cable Management Tray #07786,Furniture,6.32,11.37,257,Warehouse B - West,65,511
Binoculars #07787,Sports & Outdoors,202.6,239.11,252,Warehouse B - West,51,428
Tool Kit 50pc #07788,Home & Garden,30.0,45.1,442,Warehouse D - North,27,713
Building Blocks 500pc #07789,Toys & Games,129.97,220.4,337,Warehouse D - North,70,527
Tape Dispenser #07790,Office Supplies,56.05,132.66,337,Warehouse D - North,45,805
Thermometer Digital #07791,Health & Beauty,171.65,237.38,213,Warehouse C - Central,29,546
Binder Clips Assorted #07792,Office Supplies,15.51,21.99,426,Warehouse A - East,54,747
Stapler Heavy Duty #07793,Office Supplies,93.32,186.23,488,Warehouse C - Central,41,460
Building Blocks 500pc #07794,Toys & Games,180.32,417.27,259,Warehouse B - West,76,556
Aloe Vera Gel #07795,Health & Beauty,228.88,337.37,43,Warehouse B - West,33,651
Floor Mats Set #07796,Automotive Parts,127.51,182.74,24,Warehouse B - West,73,796
Rain Poncho #07797,Clothing,21.59,41.06,197,Warehouse D - North,70,288
Spark Plugs 4pk #07798,Automotive Parts,25.26,29.28,145,Warehouse A - East,15,378
Wiper Blades Pair #07799,Automotive Parts,110.31,201.03,163,Warehouse C - Central,68,975
Floating Shelf Set #07800,Furniture,157.4,195.11,139,Warehouse A - East,77,205
Wireless Mouse #07801,Electronics,188.41,439.61,46,Warehouse A - East,39,444
Windbreaker #07802,Clothing,31.12,70.43,301,Warehouse A - East,12,461
Standing Desk #07803,Furniture,182.21,430.25,427,Warehouse C - Central,30,311
Desk Organizer #07804,Office Supplies,220.2,425.71,238,Warehouse C - Central,72,350
Moisturizer Pump #07805,Health & Beauty,161.98,341.68,486,Warehouse D - North,46,530
Computer Desk #07806,Furniture,183.4,394.53,470,Warehouse A - East,49,636
Cooler Box 40L #07807,Sports & Outdoors,159.55,343.81,100,Warehouse C - Central,36,606
Art Supplies Box #07808,Toys & Games,78.77,184.59,476,Warehouse D - North,23,498
Drafting Chair #07809,Furniture,47.91,98.64,385,Warehouse B - West,11,723
Honey Jar #07810,Food & Beverage,222.22,508.4,192,Warehouse A - East,54,632
Art Supplies Box #07811,Toys & Games,134.6,300.75,297,Warehouse A - East,58,756
Fleece Hoodie #07812,Clothing,101.99,211.4,297,Warehouse B - West,25,594
Floor Mats Set #07813,Automotive Parts,169.17,348.72,257,Warehouse D - North,64,912
Hiking Backpack #07814,Sports & Outdoors,230.22,510.67,474,Warehouse D - North,78,950
Sleeping Bag #07815,Sports & Outdoors,113.58,232.37,163,Warehouse D - North,69,702
Wiper Blades Pair #07816,Automotive Parts,173.58,385.28,320,Warehouse A - East,74,216
Tire Pressure Gauge #07817,Automotive Parts,10.43,23.47,268,Warehouse B - West,27,396
Wiper Blades Pair #07818,Automotive Parts,209.79,304.69,122,Warehouse C - Central,45,678
Monitor Arm #07819,Furniture,180.29,312.97,287,Warehouse C - Central,74,614
Motor Oil 5W-30 #07820,Automotive Parts,112.8,227.91,278,Warehouse D - North,57,467
Laptop Cooling Pad #07821,Electronics,186.37,304.75,41,Warehouse B - West,68,415
Filing Cabinet #07822,Furniture,56.03,112.71,263,Warehouse B - West,66,896
Scissors 3pk #07823,Office Supplies,222.04,550.05,365,Warehouse C - Central,30,802
Hiking Backpack #07824,Sports & Outdoors,100.79,218.86,28,Warehouse B - West,75,735
Spark Plugs 4pk #07825,Automotive Parts,9.91,19.4,298,Warehouse A - East,18,911
Power Strip 6-Outlet #07826,Home & Garden,48.73,99.6,42,Warehouse C - Central,54,958
Dried Fruit Mix #07827,Food & Beverage,74.81,93.98,423,Warehouse D - North,72,517
Tablet Stand #07828,Electronics,137.4,323.04,277,Warehouse A - East,60,699
Cable Management Tray #07829,Furniture,111.08,243.4,150,Warehouse C - Central,77,846
Science Kit #07830,Toys & Games,61.42,87.39,191,Warehouse C - Central,16,831
Storage Ottoman #07831,Furniture,233.5,467.48,399,Warehouse B - West,60,666
Hand Sanitizer 500ml #07832,Health & Beauty,127.35,211.69,286,Warehouse A - East,73,258
Protein Bars 12pk #07833,Food & Beverage,212.1,350.48,436,Warehouse D - North,60,634
USB-C Hub #07834,Electronics,169.88,337.48,261,Warehouse D - North,69,321
Ergonomic Office Chair #07835,Furniture,68.41,109.48,312,Warehouse A - East,30,933
Brake Pads Set #07836,Automotive Parts,227.69,528.16,281,Warehouse B - West,12,353
Filing Cabinet #07837,Furniture,27.95,53.09,331,Warehouse C - Central,60,233
Webcam HD #07838,Electronics,229.87,383.76,444,Warehouse B - West,21,685
First Aid Kit #07839,Health & Beauty,234.69,422.76,361,Warehouse C - Central,42,290
Extension Cord 10m #07840,Home & Garden,92.33,147.02,412,Warehouse B - West,33,453
Camping Chair #07841,Sports & Outdoors,147.58,252.4,386,Warehouse A - East,48,963
Tent 4-Person #07842,Sports & Outdoors,103.84,146.53,353,Warehouse B - West,35,591
Honey Jar #07843,Food & Beverage,104.19,163.1,204,Warehouse A - East,52,219
Car Battery #07844,Automotive Parts,66.95,106.42,460,Warehouse A - East,50,867
Drafting Chair #07845,Furniture,23.73,39.01,203,Warehouse A - East,43,672
Pressure Washer #07846,Home & Garden,109.92,189.77,413,Warehouse A - East,71,697
Dried Fruit Mix #07847,Food & Beverage,18.0,40.06,76,Warehouse D - North,45,482
Insect Repellent #07848,Health & Beauty,18.08,40.82,110,Warehouse A - East,54,225
Moisturizer Pump #07849,Health & Beauty,240.94,516.11,38,Warehouse A - East,76,483
Tool Kit 50pc #07850,Home & Garden,150.45,295.1,131,Warehouse A - East,61,572
Protein Bars 12pk #07851,Food & Beverage,229.56,290.58,17,Warehouse A - East,48,833
Fleece Hoodie #07852,Clothing,191.95,478.11,398,Warehouse B - West,45,970
Whiteboard Markers 6pk #07853,Office Supplies,189.57,400.05,375,Warehouse B - West,22,789
Power Bank 20000mAh #07854,Electronics,14.08,27.7,196,Warehouse B - West,37,444
Bottled Water Case #07855,Food & Beverage,33.51,64.89,112,Warehouse D - North,27,765
Hiking Backpack #07856,Sports & Outdoors,187.2,245.54,355,Warehouse C - Central,31,925
Rubik's Cube #07857,Toys & Games,28.82,53.02,380,Warehouse A - East,37,202
Power Strip 6-Outlet #07858,Home & Garden,218.0,473.82,57,Warehouse B - West,75,416
Vitamin C Tablets #07859,Health & Beauty,30.75,55.86,45,Warehouse D - North,73,660
Monitor Arm #07860,Furniture,179.39,312.06,251,Warehouse D - North,20,297
Thermal Underwear #07861,Clothing,237.31,550.71,121,Warehouse C - Central,39,920
Building Blocks 500pc #07862,Toys & Games,63.73,91.32,105,Warehouse B - West,20,582
Headlamp LED #07863,Sports & Outdoors,43.56,94.46,439,Warehouse B - West,68,936
Vitamin C Tablets #07864,Health & Beauty,175.12,351.2,394,Warehouse A - East,44,935
Card Game Set #07865,Toys & Games,27.68,61.48,340,Warehouse D - North,73,292
Sticky Notes 8pk #07866,Office Supplies,133.9,264.23,88,Warehouse B - West,19,749
Lip Balm Pack #07867,Health & Beauty,97.77,133.69,469,Warehouse B - West,22,609
Power Strip 6-Outlet #07868,Home & Garden,150.28,173.61,267,Warehouse C - Central,65,857
Wiper Blades Pair #07869,Automotive Parts,37.09,78.54,111,Warehouse C - Central,27,341
Fleece Hoodie #07870,Clothing,51.59,127.93,284,Warehouse A - East,37,602
Cap Branded #07871,Clothing,64.34,99.49,69,Warehouse D - North,76,996
Whiteboard Markers 6pk #07872,Office Supplies,120.25,237.48,142,Warehouse C - Central,43,676
Floating Shelf Set #07873,Furniture,107.22,154.4,137,Warehouse C - Central,19,203
Headlight Bulb Pair #07874,Automotive Parts,76.29,163.14,197,Warehouse C - Central,51,386
Protein Bars 12pk #07875,Food & Beverage,145.6,291.68,137,Warehouse B - West,48,475
Face Masks 50pk #07876,Health & Beauty,94.8,182.83,300,Warehouse A - East,57,526
Label Maker #07877,Office Supplies,174.95,307.37,162,Warehouse B - West,43,705
Ballpoint Pens 12pk #07878,Office Supplies,186.48,382.82,14,Warehouse B - West,64,633
Cooler Box 40L #07879,Sports & Outdoors,2.13,4.48,480,Warehouse A - East,32,391
Moisturizer Pump #07880,Health & Beauty,165.53,290.61,63,Warehouse C - Central,43,827
Stapler Heavy Duty #07881,Office Supplies,42.92,79.37,299,Warehouse A - East,26,639
Water Bottle 1L #07882,Sports & Outdoors,231.56,538.73,350,Warehouse C - Central,40,205
Sprinkler System #07883,Home & Garden,35.11,42.81,286,Warehouse B - West,16,720
Laptop Cooling Pad #07884,Electronics,119.54,218.52,2,Warehouse B - West,74,726
Polo Shirt #07885,Clothing,145.91,193.28,90,Warehouse C - Central,24,204
Work Boots #07886,Clothing,159.53,329.64,251,Warehouse A - East,20,416
Cotton T-Shirt Pack #07887,Clothing,216.6,418.99,300,Warehouse C - Central,11,371
Ergonomic Office Chair #07888,Furniture,5.83,12.0,85,Warehouse B - West,31,690
Hiking Backpack #07889,Sports & Outdoors,143.9,318.89,424,Warehouse B - West,75,738
Sleeping Bag #07890,Sports & Outdoors,173.44,372.53,128,Warehouse D - North,37,372
Webcam HD #07891,Electronics,46.2,63.78,25,Warehouse D - North,80,204
Spark Plugs 4pk #07892,Automotive Parts,9.96,14.59,395,Warehouse D - North,78,306
Desk Lamp LED #07893,Furniture,14.21,23.63,167,Warehouse D - North,28,500
Noise Cancelling Headphones #07894,Electronics,128.5,321.03,407,Warehouse B - West,57,789
Noise Cancelling Headphones #07895,Electronics,82.99,201.43,43,Warehouse D - North,33,343
LED Bulb 4pk #07896,Home & Garden,7.34,14.11,319,Warehouse C - Central,68,906
Card Game Set #07897,Toys & Games,229.75,296.1,226,Warehouse A - East,24,582
Bottled Water Case #07898,Food & Beverage,75.33,180.3,368,Warehouse D - North,72,454
Windbreaker #07899,Clothing,87.29,179.71,339,Warehouse A - East,12,972
Cap Branded #07900,Clothing,151.35,261.11,142,Warehouse B - West,76,906
Moisturizer Pump #07901,Health & Beauty,175.26,434.79,476,Warehouse D - North,66,753
Brake Pads Set #07902,Automotive Parts,85.13,210.28,336,Warehouse C - Central,33,949
Drone Mini #07903,Toys & Games,190.19,301.91,248,Warehouse C - Central,20,795
Spark Plugs 4pk #07904,Automotive Parts,217.65,396.24,22,Warehouse A - East,69,290
Webcam HD #07905,Electronics,92.89,134.28,417,Warehouse B - West,38,557
Monitor Arm #07906,Furniture,233.49,325.11,136,Warehouse A - East,11,546
Camping Chair #07907,Sports & Outdoors,134.2,285.06,278,Warehouse B - West,65,630
Monitor Arm #07908,Furniture,162.97,334.1,277,Warehouse D - North,69,257
Standing Desk #07909,Furniture,87.03,117.21,461,Warehouse C - Central,24,315
Card Game Set #07910,Toys & Games,150.16,354.01,319,Warehouse D - North,28,942
Tent 4-Person #07911,Sports & Outdoors,146.0,191.08,105,Warehouse D - North,39,603
Paint Roller Set #07912,Home & Garden,138.08,210.72,45,Warehouse C - Central,37,661
Wireless Charger #07913,Electronics,186.63,390.98,290,Warehouse A - East,79,259
Ergonomic Office Chair #07914,Furniture,224.48,333.31,84,Warehouse C - Central,33,480
Protein Bars 12pk #07915,Food & Beverage,97.34,213.53,494,Warehouse A - East,50,282
Art Supplies Box #07916,Toys & Games,126.15,258.14,439,Warehouse D - North,51,266
Building Blocks 500pc #07917,Toys & Games,87.9,204.62,205,Warehouse B - West,15,856
Vitamin C Tablets #07918,Health & Beauty,151.41,226.56,489,Warehouse C - Central,36,229
Card Game Set #07919,Toys & Games,14.25,17.29,449,Warehouse A - East,18,234
Outdoor Solar Lights #07920,Home & Garden,82.82,163.81,47,Warehouse B - West,78,918
Mixed Nuts 500g #07921,Food & Beverage,23.27,41.55,491,Warehouse D - North,31,598
Hand Sanitizer 500ml #07922,Health & Beauty,191.04,435.3,121,Warehouse C - Central,16,657
Power Bank 20000mAh #07923,Electronics,141.85,273.17,13,Warehouse A - East,65,484
Ballpoint Pens 12pk #07924,Office Supplies,16.93,29.7,29,Warehouse D - North,23,652
Resistance Bands Set #07925,Sports & Outdoors,6.38,14.27,166,Warehouse D - North,30,226
Jump Rope #07926,Sports & Outdoors,181.63,279.81,139,Warehouse C - Central,55,907
Binder Clips Assorted #07927,Office Supplies,149.3,188.85,186,Warehouse C - Central,65,594
Insect Repellent #07928,Health & Beauty,241.21,360.68,236,Warehouse B - West,75,308
Sprinkler System #07929,Home & Garden,137.98,295.04,3,Warehouse D - North,70,842
Protein Bars 12pk #07930,Food & Beverage,16.61,32.52,20,Warehouse D - North,37,223
Ballpoint Pens 12pk #07931,Office Supplies,117.13,201.72,127,Warehouse C - Central,32,534
Scissors 3pk #07932,Office Supplies,30.27,61.24,366,Warehouse D - North,24,369
Jump Starter #07933,Automotive Parts,26.43,43.33,48,Warehouse D - North,79,230
Whiteboard Markers 6pk #07934,Office Supplies,79.14,119.14,239,Warehouse A - East,65,916
Bluetooth Speaker #07935,Electronics,217.72,527.48,411,Warehouse D - North,54,822
Extension Cord 10m #07936,Home & Garden,125.24,175.07,131,Warehouse C - Central,48,558
Headlight Bulb Pair #07937,Automotive Parts,166.82,371.74,44,Warehouse C - Central,60,265
Drone Mini #07938,Toys & Games,6.42,14.71,424,Warehouse A - East,43,228
Foam Roller #07939,Sports & Outdoors,232.85,362.3,438,Warehouse C - Central,64,374
Cargo Pants #07940,Clothing,106.41,157.73,462,Warehouse B - West,68,994
LEGO Technic Set #07941,Toys & Games,13.94,32.98,199,Warehouse C - Central,61,697
Winter Jacket #07942,Clothing,161.78,225.74,495,Warehouse C - Central,40,306
Headlight Bulb Pair #07943,Automotive Parts,149.24,173.45,471,Warehouse A - East,54,770
Bookshelf 5-Tier #07944,Furniture,70.81,153.81,407,Warehouse B - West,70,648
Tool Kit 50pc #07945,Home & Garden,83.17,171.5,319,Warehouse A - East,63,952
Drafting Chair #07946,Furniture,36.49,49.17,61,Warehouse B - West,63,625
Olive Oil 500ml #07947,Food & Beverage,162.24,265.01,462,Warehouse A - East,63,201
Spark Plugs 4pk #07948,Automotive Parts,239.63,331.67,213,Warehouse A - East,53,543
Protein Bars 12pk #07949,Food & Beverage,198.66,345.02,97,Warehouse C - Central,52,871
Cotton T-Shirt Pack #07950,Clothing,230.27,539.06,42,Warehouse B - West,80,331
Dark Chocolate Box #07951,Food & Beverage,194.11,257.98,321,Warehouse B - West,17,252
Tent 4-Person #07952,Sports & Outdoors,57.24,87.11,445,Warehouse C - Central,61,682
Wireless Charger #07953,Electronics,114.38,215.62,394,Warehouse B - West,57,425
Standing Desk #07954,Furniture,86.35,133.69,259,Warehouse D - North,38,531
Windbreaker #07955,Clothing,139.78,247.69,98,Warehouse C - Central,23,995
Binder Clips Assorted #07956,Office Supplies,60.96,93.78,77,Warehouse B - West,24,552
Science Kit #07957,Toys & Games,64.85,157.86,239,Warehouse D - North,18,587
Dark Chocolate Box #07958,Food & Beverage,153.66,325.79,106,Warehouse A - East,26,364
Sprinkler System #07959,Home & Garden,178.8,329.57,238,Warehouse B - West,10,297
Cable Management Tray #07960,Furniture,206.26,481.91,171,Warehouse C - Central,53,701
Bookshelf 5-Tier #07961,Furniture,237.08,513.78,51,Warehouse B - West,32,306
Dried Fruit Mix #07962,Food & Beverage,5.77,11.71,240,Warehouse C - Central,19,807
Face Masks 50pk #07963,Health & Beauty,177.87,355.71,451,Warehouse D - North,70,647
Rubik's Cube #07964,Toys & Games,95.45,154.07,210,Warehouse A - East,67,305
Brake Pads Set #07965,Automotive Parts,187.95,227.1,156,Warehouse D - North,56,906
First Aid Kit #07966,Health & Beauty,158.75,390.05,174,Warehouse B - West,58,552
Coffee Beans 1kg #07967,Food & Beverage,13.73,18.21,149,Warehouse B - West,32,332
Brake Pads Set #07968,Automotive Parts,101.8,169.99,116,Warehouse B - West,37,877
Resistance Bands Set #07969,Sports & Outdoors,203.15,404.36,231,Warehouse A - East,30,267
Desk Lamp LED #07970,Furniture,35.1,87.21,82,Warehouse A - East,66,970
LEGO Technic Set #07971,Toys & Games,145.45,309.71,215,Warehouse C - Central,70,639
Polo Shirt #07972,Clothing,159.32,336.79,403,Warehouse A - East,24,945
Coolant 4L #07973,Automotive Parts,216.05,320.09,20,Warehouse A - East,19,241
Tablet Stand #07974,Electronics,191.96,322.43,24,Warehouse A - East,52,390
Insect Repellent #07975,Health & Beauty,86.42,144.54,213,Warehouse C - Central,78,610
Ergonomic Office Chair #07976,Furniture,51.66,118.12,183,Warehouse B - West,36,683
Cotton T-Shirt Pack #07977,Clothing,193.58,426.16,117,Warehouse A - East,33,955
Cap Branded #07978,Clothing,197.73,275.81,137,Warehouse A - East,77,756
Jump Starter #07979,Automotive Parts,150.45,320.29,223,Warehouse D - North,55,673
Extension Cord 10m #07980,Home & Garden,79.34,152.48,492,Warehouse A - East,31,767
Bandages Assorted #07981,Health & Beauty,60.54,75.58,447,Warehouse B - West,47,550
Eye Drops #07982,Health & Beauty,66.89,140.44,496,Warehouse D - North,18,278
Laptop Cooling Pad #07983,Electronics,128.3,265.16,238,Warehouse A - East,79,897
Sticky Notes 8pk #07984,Office Supplies,37.96,54.59,365,Warehouse C - Central,44,895
Card Game Set #07985,Toys & Games,71.05,157.39,341,Warehouse C - Central,48,748
File Folders 20pk #07986,Office Supplies,196.72,331.15,317,Warehouse C - Central,49,508
Cable Management Tray #07987,Furniture,67.09,87.85,188,Warehouse A - East,69,343
Sunscreen SPF50 #07988,Health & Beauty,96.1,117.71,32,Warehouse A - East,38,407
Moisturizer Pump #07989,Health & Beauty,226.08,299.56,206,Warehouse D - North,46,879
Bookshelf 5-Tier #07990,Furniture,54.47,106.84,165,Warehouse B - West,43,575
Cooler Box 40L #07991,Sports & Outdoors,143.63,186.85,106,Warehouse A - East,66,376
Plant Pots Set #07992,Home & Garden,111.47,257.71,111,Warehouse D - North,17,835
Printer Paper A4 #07993,Office Supplies,61.82,122.13,371,Warehouse D - North,37,461
Tape Dispenser #07994,Office Supplies,41.9,88.6,175,Warehouse A - East,37,776
Building Blocks 500pc #07995,Toys & Games,190.67,420.86,298,Warehouse B - West,34,762
Label Maker #07996,Office Supplies,141.98,179.35,430,Warehouse C - Central,36,940
SSD 1TB External #07997,Electronics,60.59,110.61,272,Warehouse A - East,51,547
Yoga Mat #07998,Sports & Outdoors,99.02,129.78,48,Warehouse D - North,21,471
Cotton T-Shirt Pack #07999,Clothing,242.36,387.89,394,Warehouse A - East,62,364
Coolant 4L #08000,Automotive Parts,188.88,453.32,345,Warehouse B - West,69,932
Moisturizer Pump #08001,Health & Beauty,204.87,464.66,490,Warehouse C - Central,49,475
Extension Cord 10m #08002,Home & Garden,22.65,51.91,137,Warehouse B - West,67,551
USB-C Hub #08003,Electronics,75.42,125.93,108,Warehouse C - Central,41,757
Camping Chair #08004,Sports & Outdoors,72.41,161.45,45,Warehouse B - West,26,871
Cargo Pants #08005,Clothing,227.07,559.74,409,Warehouse C - Central,76,862
Ballpoint Pens 12pk #08006,Office Supplies,52.71,69.73,27,Warehouse B - West,55,821
Noise Cancelling Headphones #08007,Electronics,144.33,286.32,119,Warehouse B - West,13,779
Safety Vest Hi-Vis #08008,Clothing,178.64,245.21,488,Warehouse D - North,49,270
Lawn Fertilizer #08009,Home & Garden,229.07,446.54,23,Warehouse B - West,61,743
Sticky Notes 8pk #08010,Office Supplies,139.07,230.93,209,Warehouse A - East,67,496
Tablet Stand #08011,Electronics,3.77,9.15,339,Warehouse B - West,71,699
Cooler Box 40L #08012,Sports & Outdoors,213.38,412.56,209,Warehouse C - Central,33,574
Board Game Classic #08013,Toys & Games,183.22,245.61,111,Warehouse B - West,56,540
USB-C Hub #08014,Electronics,42.13,61.06,350,Warehouse C - Central,35,642
Lawn Fertilizer #08015,Home & Garden,146.21,259.93,218,Warehouse C - Central,70,849
Paint Roller Set #08016,Home & Garden,74.04,106.19,44,Warehouse B - West,44,727
Cargo Pants #08017,Clothing,20.36,43.4,465,Warehouse D - North,52,972
Polo Shirt #08018,Clothing,222.66,360.37,163,Warehouse A - East,39,366
Hedge Trimmer #08019,Home & Garden,184.84,438.72,398,Warehouse C - Central,80,532
Yoga Mat #08020,Sports & Outdoors,40.22,90.98,305,Warehouse A - East,46,576
Binoculars #08021,Sports & Outdoors,204.47,435.89,27,Warehouse B - West,69,362
Scissors 3pk #08022,Office Supplies,71.92,138.85,102,Warehouse D - North,29,946
Sprinkler System #08023,Home & Garden,145.47,170.15,15,Warehouse C - Central,61,847
Rain Poncho #08024,Clothing,87.43,213.27,375,Warehouse C - Central,35,232
Cargo Shorts #08025,Clothing,54.41,135.72,52,Warehouse A - East,42,983
Tool Kit 50pc #08026,Home & Garden,163.85,192.38,326,Warehouse C - Central,30,708
Polo Shirt #08027,Clothing,13.18,32.58,453,Warehouse B - West,54,254
Card Game Set #08028,Toys & Games,201.37,232.84,483,Warehouse B - West,66,783
Art Supplies Box #08029,Toys & Games,119.47,227.86,432,Warehouse C - Central,20,248
File Folders 20pk #08030,Office Supplies,147.25,355.87,395,Warehouse C - Central,13,958
Sunscreen SPF50 #08031,Health & Beauty,220.74,342.03,387,Warehouse C - Central,67,735
Bluetooth Speaker #08032,Electronics,27.98,43.78,495,Warehouse A - East,23,466
Scissors 3pk #08033,Office Supplies,116.81,262.82,388,Warehouse C - Central,54,279
Outdoor Solar Lights #08034,Home & Garden,148.02,202.31,302,Warehouse B - West,24,861
Spark Plugs 4pk #08035,Automotive Parts,192.44,230.11,32,Warehouse C - Central,60,767
Bluetooth Speaker #08036,Electronics,175.29,401.97,353,Warehouse A - East,40,435
Rubik's Cube #08037,Toys & Games,244.48,473.17,241,Warehouse A - East,22,512
Tent 4-Person #08038,Sports & Outdoors,248.54,479.23,392,Warehouse B - West,74,509
Jump Starter #08039,Automotive Parts,123.6,282.59,142,Warehouse C - Central,23,643
Instant Oatmeal Pack #08040,Food & Beverage,71.42,121.48,192,Warehouse C - Central,66,769
Tool Kit 50pc #08041,Home & Garden,171.6,220.81,151,Warehouse A - East,40,606
Standing Desk #08042,Furniture,239.43,535.58,188,Warehouse C - Central,57,341
Floating Shelf Set #08043,Furniture,31.18,57.84,154,Warehouse B - West,72,760
Headlamp LED #08044,Sports & Outdoors,160.25,243.32,378,Warehouse C - Central,36,377
Ergonomic Office Chair #08045,Furniture,32.39,40.83,84,Warehouse A - East,76,407
Insect Repellent #08046,Health & Beauty,167.4,207.79,39,Warehouse A - East,16,286
Polo Shirt #08047,Clothing,202.04,408.8,415,Warehouse C - Central,49,678
Ballpoint Pens 12pk #08048,Office Supplies,248.82,516.76,291,Warehouse C - Central,65,298
Work Boots #08049,Clothing,195.12,239.27,378,Warehouse C - Central,18,376
Cooler Box 40L #08050,Sports & Outdoors,135.68,204.14,399,Warehouse A - East,71,967
Printer Paper A4 #08051,Office Supplies,187.86,226.99,92,Warehouse C - Central,69,729
Car Battery #08052,Automotive Parts,183.6,312.69,147,Warehouse C - Central,30,537
Cargo Shorts #08053,Clothing,78.78,139.71,485,Warehouse A - East,32,595
Tent 4-Person #08054,Sports & Outdoors,74.47,126.43,310,Warehouse D - North,26,201
Thermal Underwear #08055,Clothing,115.86,153.81,385,Warehouse A - East,40,917
Label Maker #08056,Office Supplies,110.54,130.92,450,Warehouse B - West,62,908
Dried Fruit Mix #08057,Food & Beverage,189.22,288.27,118,Warehouse A - East,66,568
Sticky Notes 8pk #08058,Office Supplies,143.26,291.26,352,Warehouse C - Central,35,725
Hedge Trimmer #08059,Home & Garden,214.54,392.0,489,Warehouse C - Central,27,770
Hand Sanitizer 500ml #08060,Health & Beauty,233.47,316.91,264,Warehouse B - West,35,629
Sprinkler System #08061,Home & Garden,242.45,513.69,141,Warehouse C - Central,47,311
Headlight Bulb Pair #08062,Automotive Parts,15.7,24.12,167,Warehouse B - West,20,554
Spark Plugs 4pk #08063,Automotive Parts,152.19,257.36,326,Warehouse D - North,12,977
Monitor Light Bar #08064,Electronics,135.89,302.94,66,Warehouse B - West,41,899
Tablet Stand #08065,Electronics,6.04,12.51,88,Warehouse A - East,70,749
Pressure Washer #08066,Home & Garden,121.47,269.61,71,Warehouse C - Central,44,632
Jump Rope #08067,Sports & Outdoors,3.18,4.29,92,Warehouse B - West,31,323
Scissors 3pk #08068,Office Supplies,27.67,55.11,104,Warehouse B - West,50,749
Windbreaker #08069,Clothing,224.26,326.82,253,Warehouse C - Central,28,430
Sunscreen SPF50 #08070,Health & Beauty,68.44,161.73,451,Warehouse B - West,60,259
Scissors 3pk #08071,Office Supplies,233.66,479.26,130,Warehouse C - Central,79,798
Label Maker #08072,Office Supplies,43.35,89.09,109,Warehouse B - West,34,329
Desk Organizer #08073,Office Supplies,76.67,166.25,202,Warehouse D - North,25,816
Ergonomic Office Chair #08074,Furniture,128.06,163.49,260,Warehouse B - West,61,401
Filing Cabinet #08075,Furniture,161.51,283.0,385,Warehouse B - West,50,932
Conference Table #08076,Furniture,87.5,142.82,154,Warehouse B - West,42,657
Cotton T-Shirt Pack #08077,Clothing,8.92,10.88,135,Warehouse D - North,76,825
Lip Balm Pack #08078,Health & Beauty,42.99,59.6,175,Warehouse A - East,67,405
Instant Oatmeal Pack #08079,Food & Beverage,64.76,149.63,186,Warehouse B - West,16,737
Car Battery #08080,Automotive Parts,211.96,285.26,25,Warehouse A - East,16,609
Binder Clips Assorted #08081,Office Supplies,2.49,6.06,249,Warehouse D - North,41,645
Tire Pressure Gauge #08082,Automotive Parts,238.67,389.09,265,Warehouse A - East,66,698
Hiking Backpack #08083,Sports & Outdoors,210.44,306.29,170,Warehouse B - West,38,713
Headlight Bulb Pair #08084,Automotive Parts,241.69,338.09,273,Warehouse A - East,47,1000
Headlamp LED #08085,Sports & Outdoors,149.35,230.11,425,Warehouse A - East,68,588
Puzzle 1000pc #08086,Toys & Games,116.91,250.98,268,Warehouse A - East,25,357
Headlight Bulb Pair #08087,Automotive Parts,158.73,215.7,276,Warehouse C - Central,14,788
Safety Vest Hi-Vis #08088,Clothing,67.02,89.09,232,Warehouse A - East,51,636
Coolant 4L #08089,Automotive Parts,62.87,154.93,77,Warehouse D - North,16,280
USB-C Hub #08090,Electronics,29.86,47.29,169,Warehouse D - North,52,910
Floor Mats Set #08091,Automotive Parts,218.38,392.62,188,Warehouse D - North,24,244
Coolant 4L #08092,Automotive Parts,77.31,119.91,354,Warehouse A - East,75,777
Brake Pads Set #08093,Automotive Parts,175.85,318.13,251,Warehouse A - East,76,956
Coffee Beans 1kg #08094,Food & Beverage,202.9,500.97,384,Warehouse A - East,27,424
Noise Cancelling Headphones #08095,Electronics,55.17,85.99,459,Warehouse A - East,78,691
Cooler Box 40L #08096,Sports & Outdoors,79.62,165.15,414,Warehouse B - West,35,831
Wireless Charger #08097,Electronics,210.36,386.62,438,Warehouse C - Central,11,394
Moisturizer Pump #08098,Health & Beauty,28.15,67.4,225,Warehouse B - West,38,311
Stuffed Animal Bear #08099,Toys & Games,199.41,237.08,396,Warehouse A - East,44,764
Chess Set Wooden #08100,Toys & Games,125.66,206.42,434,Warehouse B - West,69,433
Cargo Shorts #08101,Clothing,146.66,341.85,246,Warehouse B - West,77,239
Binder Clips Assorted #08102,Office Supplies,220.87,462.89,294,Warehouse B - West,79,605
Building Blocks 500pc #08103,Toys & Games,158.01,271.21,15,Warehouse D - North,45,639
Tape Dispenser #08104,Office Supplies,227.84,541.24,393,Warehouse A - East,38,755
Outdoor Solar Lights #08105,Home & Garden,18.72,35.97,131,Warehouse D - North,79,602
SSD 1TB External #08106,Electronics,162.96,341.08,485,Warehouse D - North,78,967
Lip Balm Pack #08107,Health & Beauty,206.69,401.37,61,Warehouse A - East,79,559
USB-C Hub #08108,Electronics,87.08,178.78,225,Warehouse C - Central,32,530
Wiper Blades Pair #08109,Automotive Parts,5.65,7.28,258,Warehouse D - North,15,738
Cap Branded #08110,Clothing,126.78,175.82,114,Warehouse B - West,12,334
Air Filter #08111,Automotive Parts,122.23,290.12,190,Warehouse C - Central,30,317
Cotton T-Shirt Pack #08112,Clothing,195.09,416.53,477,Warehouse A - East,28,447
Cable Management Tray #08113,Furniture,68.07,104.67,372,Warehouse B - West,59,592
Sticky Notes 8pk #08114,Office Supplies,105.65,184.13,187,Warehouse D - North,66,335
Floor Mats Set #08115,Automotive Parts,29.18,56.08,358,Warehouse A - East,45,617
Jump Rope #08116,Sports & Outdoors,176.21,274.29,201,Warehouse D - North,52,853
Hand Sanitizer 500ml #08117,Health & Beauty,154.21,342.3,118,Warehouse D - North,43,907
Chess Set Wooden #08118,Toys & Games,123.46,213.16,148,Warehouse B - West,61,362
Building Blocks 500pc #08119,Toys & Games,191.29,344.01,98,Warehouse A - East,59,986
Jump Rope #08120,Sports & Outdoors,189.52,370.7,468,Warehouse A - East,79,265
Wireless Mouse #08121,Electronics,9.93,22.81,241,Warehouse A - East,79,442
Sticky Notes 8pk #08122,Office Supplies,183.65,261.62,327,Warehouse D - North,42,272
Webcam HD #08123,Electronics,228.07,319.54,28,Warehouse B - West,75,290
Olive Oil 500ml #08124,Food & Beverage,169.17,231.29,498,Warehouse C - Central,43,864
Foam Roller #08125,Sports & Outdoors,165.63,268.74,495,Warehouse C - Central,46,987
Air Filter #08126,Automotive Parts,112.03,267.01,363,Warehouse C - Central,32,497
Spark Plugs 4pk #08127,Automotive Parts,182.77,323.61,417,Warehouse C - Central,19,666
HDMI Cable 2m #08128,Electronics,231.5,440.63,230,Warehouse A - East,43,328
Garden Hose 30m #08129,Home & Garden,56.24,97.25,498,Warehouse B - West,78,369
Jump Starter #08130,Automotive Parts,23.18,44.21,162,Warehouse D - North,36,230
Stapler Heavy Duty #08131,Office Supplies,141.8,277.95,90,Warehouse B - West,74,278
Bookshelf 5-Tier #08132,Furniture,224.77,324.41,408,Warehouse D - North,24,574
Brake Pads Set #08133,Automotive Parts,10.33,25.27,199,Warehouse C - Central,31,374
Drafting Chair #08134,Furniture,51.54,81.32,66,Warehouse C - Central,74,495
Instant Oatmeal Pack #08135,Food & Beverage,168.77,375.8,94,Warehouse A - East,74,460
Bookshelf 5-Tier #08136,Furniture,90.0,188.2,29,Warehouse B - West,15,471
Polo Shirt #08137,Clothing,141.5,176.01,80,Warehouse A - East,74,980
Winter Jacket #08138,Clothing,121.41,240.88,337,Warehouse D - North,63,641
Binder Clips Assorted #08139,Office Supplies,8.45,20.8,250,Warehouse C - Central,31,811
Smart Watch #08140,Electronics,153.13,357.1,243,Warehouse B - West,54,282
Jump Starter #08141,Automotive Parts,221.86,459.47,484,Warehouse A - East,43,743
Face Masks 50pk #08142,Health & Beauty,163.95,346.35,376,Warehouse A - East,58,706
Whiteboard Markers 6pk #08143,Office Supplies,203.66,252.98,78,Warehouse C - Central,10,720
Rubik's Cube #08144,Toys & Games,107.78,160.28,262,Warehouse C - Central,53,293
Power Bank 20000mAh #08145,Electronics,234.16,439.85,385,Warehouse B - West,54,849
Hand Sanitizer 500ml #08146,Health & Beauty,234.07,300.54,427,Warehouse B - West,69,572
Stapler Heavy Duty #08147,Office Supplies,177.54,437.76,316,Warehouse B - West,70,368
Hiking Backpack #08148,Sports & Outdoors,196.78,401.23,164,Warehouse B - West,16,331
Sleeping Bag #08149,Sports & Outdoors,63.63,134.84,60,Warehouse B - West,30,983
Air Filter #08150,Automotive Parts,94.46,220.88,346,Warehouse A - East,56,522
Dark Chocolate Box #08151,Food & Beverage,5.31,10.24,279,Warehouse C - Central,26,538
Plant Pots Set #08152,Home & Garden,241.76,326.49,316,Warehouse D - North,58,652
Binder Clips Assorted #08153,Office Supplies,141.76,346.71,163,Warehouse B - West,20,616
Printer Paper A4 #08154,Office Supplies,101.36,141.33,386,Warehouse C - Central,71,836
Smart Watch #08155,Electronics,174.24,397.03,491,Warehouse B - West,14,670
Coolant 4L #08156,Automotive Parts,35.78,70.96,370,Warehouse D - North,24,711
Aloe Vera Gel #08157,Health & Beauty,5.72,9.67,146,Warehouse C - Central,55,510
Tablet Stand #08158,Electronics,180.02,351.65,467,Warehouse C - Central,56,591
Tablet Stand #08159,Electronics,207.53,448.07,143,Warehouse C - Central,48,272
Puzzle 1000pc #08160,Toys & Games,202.35,379.6,428,Warehouse D - North,51,930
Laptop Cooling Pad #08161,Electronics,35.17,80.21,119,Warehouse A - East,55,265
Car Battery #08162,Automotive Parts,219.78,547.06,324,Warehouse D - North,61,393
Remote Control Car #08163,Toys & Games,231.55,496.12,179,Warehouse D - North,78,459
SSD 1TB External #08164,Electronics,3.48,8.44,433,Warehouse C - Central,43,434
Floating Shelf Set #08165,Furniture,94.9,133.66,224,Warehouse A - East,30,632
Noise Cancelling Headphones #08166,Electronics,168.99,254.28,203,Warehouse A - East,35,860
Eye Drops #08167,Health & Beauty,171.18,421.82,53,Warehouse C - Central,32,631
Noise Cancelling Headphones #08168,Electronics,134.79,265.77,249,Warehouse C - Central,56,543
Instant Oatmeal Pack #08169,Food & Beverage,148.43,304.28,275,Warehouse D - North,75,283
Sprinkler System #08170,Home & Garden,159.47,317.7,168,Warehouse D - North,19,307
Thermometer Digital #08171,Health & Beauty,77.08,138.05,405,Warehouse D - North,33,285
Car Charger Dual USB #08172,Automotive Parts,191.65,296.3,236,Warehouse D - North,46,688
HDMI Cable 2m #08173,Electronics,11.84,25.92,406,Warehouse C - Central,53,955
Desk Organizer #08174,Office Supplies,127.86,179.98,276,Warehouse C - Central,57,624
Protein Bars 12pk #08175,Food & Beverage,213.68,449.4,157,Warehouse C - Central,20,272
Extension Cord 10m #08176,Home & Garden,39.28,69.24,467,Warehouse C - Central,20,857
Power Strip 6-Outlet #08177,Home & Garden,98.66,231.7,319,Warehouse A - East,78,283
Water Bottle 1L #08178,Sports & Outdoors,113.75,254.86,76,Warehouse C - Central,13,246
Bandages Assorted #08179,Health & Beauty,61.06,78.62,368,Warehouse D - North,45,930
HDMI Cable 2m #08180,Electronics,243.91,412.81,158,Warehouse B - West,35,364
Tire Pressure Gauge #08181,Automotive Parts,83.58,188.69,107,Warehouse B - West,75,733
Mixed Nuts 500g #08182,Food & Beverage,164.17,247.18,127,Warehouse C - Central,29,566
File Folders 20pk #08183,Office Supplies,232.9,483.46,256,Warehouse A - East,32,963
Lawn Fertilizer #08184,Home & Garden,109.82,157.08,255,Warehouse A - East,67,914
Smart Watch #08185,Electronics,7.27,9.85,274,Warehouse A - East,20,200
Webcam HD #08186,Electronics,224.18,484.03,204,Warehouse D - North,62,292
Printer Paper A4 #08187,Office Supplies,128.02,235.61,207,Warehouse A - East,42,515
Power Strip 6-Outlet #08188,Home & Garden,238.44,497.85,398,Warehouse A - East,62,553
Windbreaker #08189,Clothing,153.01,236.9,391,Warehouse A - East,30,562
Bookshelf 5-Tier #08190,Furniture,35.01,81.7,59,Warehouse C - Central,56,406
Instant Oatmeal Pack #08191,Food & Beverage,83.27,161.58,456,Warehouse A - East,30,692
Art Supplies Box #08192,Toys & Games,216.35,466.49,464,Warehouse B - West,24,584
Sunscreen SPF50 #08193,Health & Beauty,152.3,336.87,108,Warehouse A - East,77,225
Wireless Charger #08194,Electronics,188.28,440.89,22,Warehouse D - North,24,649
Lip Balm Pack #08195,Health & Beauty,100.27,188.3,151,Warehouse A - East,58,471
Coolant 4L #08196,Automotive Parts,82.21,145.12,388,Warehouse B - West,35,297
Mixed Nuts 500g #08197,Food & Beverage,30.59,48.35,349,Warehouse D - North,38,479
Power Strip 6-Outlet #08198,Home & Garden,27.56,49.93,36,Warehouse B - West,13,971
Tire Pressure Gauge #08199,Automotive Parts,27.94,36.15,143,Warehouse D - North,62,911
Label Maker #08200,Office Supplies,145.27,203.74,487,Warehouse D - North,34,824
Dark Chocolate Box #08201,Food & Beverage,34.4,64.13,16,Warehouse C - Central,30,738
Science Kit #08202,Toys & Games,55.43,90.67,471,Warehouse A - East,55,871
Bookshelf 5-Tier #08203,Furniture,18.46,36.19,410,Warehouse C - Central,20,468
Cap Branded #08204,Clothing,49.45,117.01,295,Warehouse A - East,56,442
Drafting Chair #08205,Furniture,98.13,148.83,373,Warehouse C - Central,72,259
Card Game Set #08206,Toys & Games,242.72,397.36,339,Warehouse C - Central,22,466
Cargo Pants #08207,Clothing,3.12,3.75,389,Warehouse D - North,36,716
Tablet Stand #08208,Electronics,114.11,169.26,381,Warehouse C - Central,64,222
Cargo Pants #08209,Clothing,37.02,88.44,411,Warehouse C - Central,10,234
Sprinkler System #08210,Home & Garden,122.31,218.51,73,Warehouse A - East,20,241
Whiteboard Markers 6pk #08211,Office Supplies,138.71,218.26,89,Warehouse C - Central,54,893
Hedge Trimmer #08212,Home & Garden,130.27,292.75,93,Warehouse A - East,31,832
Foam Roller #08213,Sports & Outdoors,72.24,92.3,45,Warehouse D - North,12,555
Wiper Blades Pair #08214,Automotive Parts,150.94,202.84,110,Warehouse A - East,62,972
Motor Oil 5W-30 #08215,Automotive Parts,208.64,310.69,264,Warehouse B - West,73,345
Binoculars #08216,Sports & Outdoors,240.87,599.3,388,Warehouse C - Central,34,775
Floating Shelf Set #08217,Furniture,219.38,440.55,27,Warehouse D - North,48,675
Wireless Mouse #08218,Electronics,77.93,110.17,3,Warehouse B - West,67,600
Wiper Blades Pair #08219,Automotive Parts,219.66,359.94,109,Warehouse D - North,79,361
Moisturizer Pump #08220,Health & Beauty,140.51,191.18,419,Warehouse B - West,60,980
Cap Branded #08221,Clothing,16.48,38.35,106,Warehouse B - West,48,742
Wiper Blades Pair #08222,Automotive Parts,225.55,466.48,70,Warehouse A - East,39,202
Bandages Assorted #08223,Health & Beauty,65.64,118.26,474,Warehouse A - East,13,454
Stuffed Animal Bear #08224,Toys & Games,185.43,438.34,43,Warehouse B - West,79,522
Webcam HD #08225,Electronics,147.04,189.96,22,Warehouse A - East,25,908
Lip Balm Pack #08226,Health & Beauty,55.66,66.7,390,Warehouse A - East,15,797
Drone Mini #08227,Toys & Games,223.96,330.54,130,Warehouse D - North,15,879
Wireless Mouse #08228,Electronics,182.81,438.04,449,Warehouse C - Central,61,715
Tape Dispenser #08229,Office Supplies,94.64,175.45,155,Warehouse C - Central,29,366
Cotton T-Shirt Pack #08230,Clothing,111.08,206.11,239,Warehouse D - North,52,575
Lip Balm Pack #08231,Health & Beauty,242.29,468.78,253,Warehouse A - East,73,549
Drafting Chair #08232,Furniture,54.13,120.98,66,Warehouse C - Central,62,651
Card Game Set #08233,Toys & Games,36.13,50.67,433,Warehouse D - North,32,292
LED Bulb 4pk #08234,Home & Garden,154.05,362.52,89,Warehouse A - East,34,721
Insect Repellent #08235,Health & Beauty,137.78,172.53,147,Warehouse A - East,33,964
Dark Chocolate Box #08236,Food & Beverage,80.89,189.25,230,Warehouse B - West,38,323
Hand Sanitizer 500ml #08237,Health & Beauty,73.89,109.45,196,Warehouse B - West,37,584
Green Tea Box #08238,Food & Beverage,230.13,369.64,179,Warehouse D - North,36,423
Dark Chocolate Box #08239,Food & Beverage,75.79,136.59,239,Warehouse A - East,65,422
Extension Cord 10m #08240,Home & Garden,244.17,398.16,73,Warehouse C - Central,68,641
Thermometer Digital #08241,Health & Beauty,199.15,459.28,465,Warehouse D - North,18,553
Dark Chocolate Box #08242,Food & Beverage,9.08,13.44,251,Warehouse A - East,75,528
Thermometer Digital #08243,Health & Beauty,193.88,404.56,328,Warehouse B - West,49,852
Chess Set Wooden #08244,Toys & Games,213.85,303.5,272,Warehouse A - East,69,619
Board Game Classic #08245,Toys & Games,116.08,137.19,202,Warehouse C - Central,20,301
Camping Chair #08246,Sports & Outdoors,201.2,243.16,476,Warehouse A - East,48,809
Scissors 3pk #08247,Office Supplies,101.55,220.32,446,Warehouse A - East,58,306
Binoculars #08248,Sports & Outdoors,132.88,157.75,249,Warehouse D - North,19,951
Thermal Underwear #08249,Clothing,115.15,133.64,40,Warehouse B - West,33,624
Desk Lamp LED #08250,Furniture,190.07,261.86,447,Warehouse A - East,43,390
LED Bulb 4pk #08251,Home & Garden,94.82,221.22,35,Warehouse D - North,22,613
Outdoor Solar Lights #08252,Home & Garden,4.6,6.94,170,Warehouse B - West,29,615
Drafting Chair #08253,Furniture,205.28,318.48,229,Warehouse A - East,20,795
Cargo Shorts #08254,Clothing,63.33,115.29,53,Warehouse D - North,14,913
Protein Bars 12pk #08255,Food & Beverage,86.34,151.94,319,Warehouse B - West,27,323
Coffee Beans 1kg #08256,Food & Beverage,202.11,287.77,153,Warehouse A - East,75,827
Headlamp LED #08257,Sports & Outdoors,178.78,436.13,104,Warehouse B - West,20,653
Cable Management Tray #08258,Furniture,16.24,33.02,430,Warehouse A - East,60,414
Computer Desk #08259,Furniture,173.59,378.18,373,Warehouse A - East,68,216
Chess Set Wooden #08260,Toys & Games,124.74,301.68,107,Warehouse C - Central,54,220
Lip Balm Pack #08261,Health & Beauty,91.68,128.89,280,Warehouse A - East,23,427
Cap Branded #08262,Clothing,74.49,130.24,490,Warehouse C - Central,73,397
Filing Cabinet #08263,Furniture,90.75,208.07,10,Warehouse A - East,53,484
Jump Starter #08264,Automotive Parts,65.03,152.48,56,Warehouse B - West,59,908
Card Game Set #08265,Toys & Games,49.58,93.72,56,Warehouse C - Central,34,290
Jump Rope #08266,Sports & Outdoors,188.91,289.03,332,Warehouse D - North,11,997
Polo Shirt #08267,Clothing,204.98,357.66,272,Warehouse C - Central,42,946
Whiteboard Markers 6pk #08268,Office Supplies,83.66,130.24,90,Warehouse D - North,26,365
Jump Starter #08269,Automotive Parts,172.11,228.05,283,Warehouse D - North,16,633
Air Filter #08270,Automotive Parts,85.27,149.72,98,Warehouse C - Central,46,460
Resistance Bands Set #08271,Sports & Outdoors,178.62,347.38,207,Warehouse C - Central,66,700
Cargo Pants #08272,Clothing,183.68,213.16,388,Warehouse D - North,34,215
Granola Bags #08273,Food & Beverage,70.62,100.27,371,Warehouse A - East,72,305
Whiteboard Markers 6pk #08274,Office Supplies,43.44,76.02,372,Warehouse B - West,54,476
Instant Oatmeal Pack #08275,Food & Beverage,245.9,394.86,352,Warehouse D - North,43,779
Winter Jacket #08276,Clothing,246.46,422.97,316,Warehouse B - West,75,866
Safety Vest Hi-Vis #08277,Clothing,224.66,515.76,444,Warehouse A - East,38,544
Safety Vest Hi-Vis #08278,Clothing,112.93,197.86,333,Warehouse A - East,60,855
Mixed Nuts 500g #08279,Food & Beverage,130.42,236.63,56,Warehouse A - East,38,688
Binoculars #08280,Sports & Outdoors,220.67,515.86,364,Warehouse C - Central,72,945
Safety Vest Hi-Vis #08281,Clothing,47.24,59.59,349,Warehouse A - East,30,940
Laptop Cooling Pad #08282,Electronics,77.74,155.93,109,Warehouse A - East,45,336
Mixed Nuts 500g #08283,Food & Beverage,170.12,320.8,327,Warehouse C - Central,36,766
Jump Rope #08284,Sports & Outdoors,91.01,108.7,27,Warehouse C - Central,26,299
Tool Kit 50pc #08285,Home & Garden,136.67,231.51,212,Warehouse B - West,45,855
Extension Cord 10m #08286,Home & Garden,127.92,273.3,471,Warehouse A - East,48,831
Drone Mini #08287,Toys & Games,120.95,252.53,164,Warehouse C - Central,24,425
Vitamin C Tablets #08288,Health & Beauty,181.99,270.13,82,Warehouse D - North,59,709
Instant Oatmeal Pack #08289,Food & Beverage,213.66,413.45,446,Warehouse B - West,29,754
Computer Desk #08290,Furniture,162.54,302.2,201,Warehouse D - North,23,607
Tool Kit 50pc #08291,Home & Garden,62.48,97.11,405,Warehouse A - East,75,235
Desk Lamp LED #08292,Furniture,66.38,86.41,261,Warehouse D - North,32,502
Motor Oil 5W-30 #08293,Automotive Parts,189.53,391.27,132,Warehouse C - Central,24,272
USB Flash Drive 64GB #08294,Electronics,108.3,218.55,252,Warehouse A - East,60,561
Fleece Hoodie #08295,Clothing,121.65,245.09,332,Warehouse A - East,45,811
Tire Pressure Gauge #08296,Automotive Parts,201.25,326.1,102,Warehouse C - Central,75,454
Headlamp LED #08297,Sports & Outdoors,42.74,81.77,113,Warehouse C - Central,48,882
Extension Cord 10m #08298,Home & Garden,28.93,60.31,78,Warehouse B - West,29,921
Smart Watch #08299,Electronics,205.97,320.1,205,Warehouse D - North,14,550
Jump Starter #08300,Automotive Parts,245.16,553.02,343,Warehouse B - West,65,285
Insect Repellent #08301,Health & Beauty,229.01,474.64,117,Warehouse A - East,48,464
Bandages Assorted #08302,Health & Beauty,122.47,236.74,196,Warehouse B - West,36,721
Tent 4-Person #08303,Sports & Outdoors,42.92,85.0,413,Warehouse B - West,46,858
Wiper Blades Pair #08304,Automotive Parts,188.88,380.19,336,Warehouse A - East,30,827
Binder Clips Assorted #08305,Office Supplies,22.84,48.88,359,Warehouse D - North,60,904
Coolant 4L #08306,Automotive Parts,67.45,152.78,398,Warehouse D - North,67,736
Stapler Heavy Duty #08307,Office Supplies,51.45,59.39,32,Warehouse A - East,78,288
Outdoor Solar Lights #08308,Home & Garden,64.81,147.77,339,Warehouse D - North,80,346
Art Supplies Box #08309,Toys & Games,235.63,483.87,258,Warehouse A - East,69,902
Desk Lamp LED #08310,Furniture,58.61,112.62,344,Warehouse A - East,69,474
Foam Roller #08311,Sports & Outdoors,21.16,26.18,412,Warehouse C - Central,48,935
Standing Desk #08312,Furniture,228.95,352.51,199,Warehouse B - West,20,518
Cotton T-Shirt Pack #08313,Clothing,78.95,122.41,41,Warehouse C - Central,31,370
Envelopes 100pk #08314,Office Supplies,161.59,384.12,332,Warehouse A - East,68,230
Laptop Cooling Pad #08315,Electronics,60.5,106.56,141,Warehouse A - East,38,289
Wireless Mouse #08316,Electronics,79.22,183.97,475,Warehouse D - North,32,461
USB Flash Drive 64GB #08317,Electronics,189.94,446.37,493,Warehouse C - Central,29,755
Thermometer Digital #08318,Health & Beauty,164.38,316.62,408,Warehouse D - North,68,382
Green Tea Box #08319,Food & Beverage,163.78,199.97,36,Warehouse D - North,11,766
Plant Pots Set #08320,Home & Garden,210.5,318.39,346,Warehouse C - Central,26,955
Headlight Bulb Pair #08321,Automotive Parts,6.58,9.46,142,Warehouse C - Central,15,596
Windbreaker #08322,Clothing,163.98,223.72,436,Warehouse C - Central,56,782
Scissors 3pk #08323,Office Supplies,227.82,384.52,318,Warehouse D - North,20,750
Aloe Vera Gel #08324,Health & Beauty,174.1,266.6,89,Warehouse B - West,20,352
Insect Repellent #08325,Health & Beauty,96.14,156.01,458,Warehouse D - North,36,975
Laptop Cooling Pad #08326,Electronics,99.19,176.18,115,Warehouse D - North,52,342
Face Masks 50pk #08327,Health & Beauty,241.0,345.39,45,Warehouse D - North,24,451
Laptop Cooling Pad #08328,Electronics,81.44,104.94,432,Warehouse C - Central,65,365
Coolant 4L #08329,Automotive Parts,94.68,147.53,252,Warehouse A - East,15,956
Science Kit #08330,Toys & Games,65.23,85.39,192,Warehouse B - West,45,726
Label Maker #08331,Office Supplies,89.41,190.02,62,Warehouse C - Central,65,632
Tape Dispenser #08332,Office Supplies,114.72,253.52,269,Warehouse B - West,52,436
Insect Repellent #08333,Health & Beauty,113.73,182.39,110,Warehouse B - West,36,242
Garden Hose 30m #08334,Home & Garden,218.88,420.34,106,Warehouse A - East,26,587
Honey Jar #08335,Food & Beverage,231.51,481.23,203,Warehouse C - Central,24,847
Spark Plugs 4pk #08336,Automotive Parts,198.87,305.32,67,Warehouse B - West,34,602
Coolant 4L #08337,Automotive Parts,132.07,272.14,231,Warehouse A - East,20,678
Tape Dispenser #08338,Office Supplies,81.84,191.38,10,Warehouse D - North,68,491
Cable Management Tray #08339,Furniture,38.35,57.11,211,Warehouse C - Central,53,509
Extension Cord 10m #08340,Home & Garden,109.66,158.84,197,Warehouse B - West,36,600
Label Maker #08341,Office Supplies,189.33,271.11,316,Warehouse B - West,28,875
Work Boots #08342,Clothing,215.54,511.3,495,Warehouse A - East,33,299
Instant Oatmeal Pack #08343,Food & Beverage,149.43,367.89,292,Warehouse A - East,80,390
Thermometer Digital #08344,Health & Beauty,135.2,258.2,366,Warehouse A - East,37,710
Bookshelf 5-Tier #08345,Furniture,59.47,95.3,229,Warehouse D - North,37,957
Coolant 4L #08346,Automotive Parts,184.69,361.26,41,Warehouse B - West,32,814
LEGO Technic Set #08347,Toys & Games,156.01,309.8,454,Warehouse B - West,13,269
Instant Oatmeal Pack #08348,Food & Beverage,5.59,8.59,452,Warehouse A - East,70,473
File Folders 20pk #08349,Office Supplies,14.24,30.3,241,Warehouse A - East,47,816
Filing Cabinet #08350,Furniture,151.79,284.92,100,Warehouse D - North,62,793
Insect Repellent #08351,Health & Beauty,61.41,140.27,395,Warehouse B - West,65,774
Filing Cabinet #08352,Furniture,138.11,287.05,365,Warehouse B - West,37,455
Bottled Water Case #08353,Food & Beverage,187.89,405.6,426,Warehouse D - North,35,919
Conference Table #08354,Furniture,180.41,222.68,255,Warehouse C - Central,62,278
Headlamp LED #08355,Sports & Outdoors,23.63,48.54,163,Warehouse A - East,78,310
Ergonomic Office Chair #08356,Furniture,100.7,245.72,308,Warehouse B - West,46,877
Puzzle 1000pc #08357,Toys & Games,42.7,62.71,380,Warehouse C - Central,72,961
Envelopes 100pk #08358,Office Supplies,54.17,109.8,21,Warehouse A - East,18,239
SSD 1TB External #08359,Electronics,41.26,55.69,408,Warehouse D - North,28,869
Face Masks 50pk #08360,Health & Beauty,111.07,163.27,17,Warehouse C - Central,21,839
First Aid Kit #08361,Health & Beauty,3.46,8.4,104,Warehouse C - Central,49,979
Sunscreen SPF50 #08362,Health & Beauty,86.14,155.55,70,Warehouse C - Central,44,812
Floating Shelf Set #08363,Furniture,126.29,238.82,243,Warehouse B - West,73,244
Olive Oil 500ml #08364,Food & Beverage,34.39,70.67,97,Warehouse A - East,20,256
Hiking Backpack #08365,Sports & Outdoors,228.37,446.73,47,Warehouse B - West,11,499
Art Supplies Box #08366,Toys & Games,192.78,404.92,89,Warehouse A - East,40,517
Tablet Stand #08367,Electronics,187.37,254.06,435,Warehouse C - Central,48,347
Power Bank 20000mAh #08368,Electronics,152.52,255.71,54,Warehouse B - West,17,585
Sprinkler System #08369,Home & Garden,74.77,176.39,484,Warehouse D - North,80,679
Pressure Washer #08370,Home & Garden,230.41,455.02,44,Warehouse D - North,70,637
Thermal Underwear #08371,Clothing,239.36,315.77,444,Warehouse B - West,12,508
Art Supplies Box #08372,Toys & Games,93.01,196.04,321,Warehouse A - East,21,259
First Aid Kit #08373,Health & Beauty,13.65,16.23,372,Warehouse B - West,29,552
Coffee Beans 1kg #08374,Food & Beverage,97.95,125.43,245,Warehouse B - West,62,770
Resistance Bands Set #08375,Sports & Outdoors,81.36,110.26,406,Warehouse A - East,74,726
Bluetooth Speaker #08376,Electronics,153.0,261.99,12,Warehouse D - North,56,480
Board Game Classic #08377,Toys & Games,94.6,114.29,153,Warehouse A - East,52,873
Coolant 4L #08378,Automotive Parts,229.29,546.72,64,Warehouse C - Central,16,977
Wiper Blades Pair #08379,Automotive Parts,210.24,494.3,424,Warehouse D - North,66,772
Water Bottle 1L #08380,Sports & Outdoors,97.86,133.82,446,Warehouse C - Central,76,460
Filing Cabinet #08381,Furniture,59.22,83.45,282,Warehouse A - East,16,379
Webcam HD #08382,Electronics,121.12,217.22,14,Warehouse B - West,28,444
Binoculars #08383,Sports & Outdoors,36.57,58.38,439,Warehouse B - West,13,647
Car Battery #08384,Automotive Parts,167.97,361.34,426,Warehouse A - East,57,684
Scissors 3pk #08385,Office Supplies,52.02,95.46,201,Warehouse A - East,14,470
Garden Hose 30m #08386,Home & Garden,79.28,127.74,143,Warehouse C - Central,38,930
Building Blocks 500pc #08387,Toys & Games,179.36,363.13,257,Warehouse C - Central,29,514
Hiking Backpack #08388,Sports & Outdoors,182.84,370.95,320,Warehouse B - West,47,940
Mixed Nuts 500g #08389,Food & Beverage,16.0,36.04,111,Warehouse C - Central,15,882
Ballpoint Pens 12pk #08390,Office Supplies,126.22,206.55,262,Warehouse C - Central,54,441
USB Flash Drive 64GB #08391,Electronics,218.52,288.3,77,Warehouse A - East,56,748
Drone Mini #08392,Toys & Games,70.45,87.01,291,Warehouse B - West,42,992
Wiper Blades Pair #08393,Automotive Parts,61.08,75.78,416,Warehouse D - North,36,913
Camping Chair #08394,Sports & Outdoors,101.94,193.12,444,Warehouse B - West,17,360
Tablet Stand #08395,Electronics,133.78,221.43,278,Warehouse D - North,48,973
Rubik's Cube #08396,Toys & Games,39.94,77.96,33,Warehouse C - Central,37,388
Extension Cord 10m #08397,Home & Garden,20.85,29.29,189,Warehouse D - North,22,461
Monitor Arm #08398,Furniture,43.48,56.71,135,Warehouse D - North,15,946
Chess Set Wooden #08399,Toys & Games,232.4,353.4,2,Warehouse A - East,67,655
Pressure Washer #08400,Home & Garden,16.86,36.14,287,Warehouse A - East,38,994
Wiper Blades Pair #08401,Automotive Parts,78.63,154.84,289,Warehouse B - West,65,407
Desk Lamp LED #08402,Furniture,91.13,184.83,123,Warehouse B - West,69,528
Floating Shelf Set #08403,Furniture,245.55,325.9,478,Warehouse A - East,79,584
Cargo Shorts #08404,Clothing,41.32,103.25,459,Warehouse B - West,16,233
Sleeping Bag #08405,Sports & Outdoors,50.94,116.29,171,Warehouse B - West,79,285
Yoga Mat #08406,Sports & Outdoors,160.48,224.64,287,Warehouse C - Central,70,964
Tablet Stand #08407,Electronics,133.57,242.15,330,Warehouse C - Central,72,920
Work Boots #08408,Clothing,87.91,175.66,479,Warehouse B - West,14,924
Paint Roller Set #08409,Home & Garden,46.95,94.3,299,Warehouse C - Central,27,745
Storage Ottoman #08410,Furniture,181.04,437.94,363,Warehouse D - North,45,492
Spark Plugs 4pk #08411,Automotive Parts,148.68,208.5,329,Warehouse B - West,63,826
LEGO Technic Set #08412,Toys & Games,214.91,290.87,177,Warehouse C - Central,57,282
Motor Oil 5W-30 #08413,Automotive Parts,197.99,444.97,444,Warehouse B - West,34,954
Bluetooth Speaker #08414,Electronics,56.34,112.21,284,Warehouse B - West,24,570
Sprinkler System #08415,Home & Garden,118.67,183.11,122,Warehouse A - East,73,411
Thermometer Digital #08416,Health & Beauty,231.45,310.78,10,Warehouse A - East,39,220
Ballpoint Pens 12pk #08417,Office Supplies,198.16,440.89,113,Warehouse A - East,21,271
Hand Sanitizer 500ml #08418,Health & Beauty,123.91,205.01,292,Warehouse D - North,69,750
Cargo Pants #08419,Clothing,213.27,506.19,129,Warehouse C - Central,74,512
Coffee Beans 1kg #08420,Food & Beverage,84.73,131.89,133,Warehouse C - Central,71,544
Wireless Charger #08421,Electronics,129.66,305.85,283,Warehouse A - East,28,740
Garden Hose 30m #08422,Home & Garden,59.78,105.64,43,Warehouse A - East,51,900
Wiper Blades Pair #08423,Automotive Parts,198.23,446.98,465,Warehouse C - Central,72,324
Tool Kit 50pc #08424,Home & Garden,88.48,136.9,273,Warehouse D - North,49,645
Dark Chocolate Box #08425,Food & Beverage,179.13,393.58,278,Warehouse A - East,66,381
Protein Bars 12pk #08426,Food & Beverage,51.45,74.65,79,Warehouse A - East,26,693
Insect Repellent #08427,Health & Beauty,66.87,156.04,71,Warehouse C - Central,71,911
Mechanical Keyboard #08428,Electronics,96.18,155.12,165,Warehouse C - Central,33,468
Printer Paper A4 #08429,Office Supplies,43.04,91.4,126,Warehouse A - East,25,229
File Folders 20pk #08430,Office Supplies,162.63,345.27,373,Warehouse A - East,13,533
Moisturizer Pump #08431,Health & Beauty,165.53,307.0,90,Warehouse D - North,70,430
Insect Repellent #08432,Health & Beauty,13.44,25.86,336,Warehouse A - East,45,709
Label Maker #08433,Office Supplies,194.71,472.9,33,Warehouse C - Central,35,347
HDMI Cable 2m #08434,Electronics,39.15,48.81,145,Warehouse B - West,62,297
Energy Drinks 24pk #08435,Food & Beverage,66.64,93.65,370,Warehouse A - East,41,683
Cap Branded #08436,Clothing,81.87,177.59,384,Warehouse C - Central,60,395
Ballpoint Pens 12pk #08437,Office Supplies,225.54,294.26,449,Warehouse D - North,55,674
Computer Desk #08438,Furniture,16.02,28.16,128,Warehouse B - West,27,347
Science Kit #08439,Toys & Games,104.69,139.7,324,Warehouse A - East,56,919
First Aid Kit #08440,Health & Beauty,149.17,274.75,431,Warehouse D - North,33,985
Vitamin C Tablets #08441,Health & Beauty,165.11,251.21,210,Warehouse B - West,54,795
Yoga Mat #08442,Sports & Outdoors,122.98,285.98,116,Warehouse B - West,70,906
Paint Roller Set #08443,Home & Garden,212.02,301.41,386,Warehouse A - East,39,707
Cargo Pants #08444,Clothing,74.42,110.09,255,Warehouse A - East,17,864
Stuffed Animal Bear #08445,Toys & Games,133.55,298.86,131,Warehouse D - North,31,989
Protein Bars 12pk #08446,Food & Beverage,61.45,74.79,206,Warehouse C - Central,55,904
Car Battery #08447,Automotive Parts,120.31,249.29,308,Warehouse D - North,35,605
Wiper Blades Pair #08448,Automotive Parts,82.78,111.26,204,Warehouse B - West,12,732
Hand Sanitizer 500ml #08449,Health & Beauty,43.41,98.75,303,Warehouse A - East,68,486
Remote Control Car #08450,Toys & Games,191.65,397.9,104,Warehouse D - North,44,827
Eye Drops #08451,Health & Beauty,201.67,395.12,100,Warehouse C - Central,56,424
Power Strip 6-Outlet #08452,Home & Garden,200.48,431.34,149,Warehouse D - North,29,921
Fleece Hoodie #08453,Clothing,114.73,144.5,269,Warehouse B - West,78,817
Hedge Trimmer #08454,Home & Garden,120.45,153.12,220,Warehouse A - East,18,797
Lawn Fertilizer #08455,Home & Garden,110.94,155.49,72,Warehouse D - North,25,918
Tire Pressure Gauge #08456,Automotive Parts,148.25,332.87,152,Warehouse D - North,43,698
Polo Shirt #08457,Clothing,192.47,310.11,456,Warehouse D - North,38,653
Art Supplies Box #08458,Toys & Games,150.35,314.17,70,Warehouse B - West,68,608
Moisturizer Pump #08459,Health & Beauty,144.75,295.14,25,Warehouse A - East,61,426
SSD 1TB External #08460,Electronics,148.2,360.1,88,Warehouse B - West,36,925
Envelopes 100pk #08461,Office Supplies,219.08,392.1,251,Warehouse C - Central,36,880
Tool Kit 50pc #08462,Home & Garden,156.28,195.39,257,Warehouse A - East,68,767
Power Strip 6-Outlet #08463,Home & Garden,97.01,238.28,293,Warehouse D - North,77,688
Energy Drinks 24pk #08464,Food & Beverage,185.48,242.64,24,Warehouse D - North,55,902
Dried Fruit Mix #08465,Food & Beverage,76.42,180.71,267,Warehouse A - East,53,202
Card Game Set #08466,Toys & Games,113.19,233.53,233,Warehouse B - West,30,799
Pressure Washer #08467,Home & Garden,26.6,61.3,442,Warehouse A - East,29,948
Stapler Heavy Duty #08468,Office Supplies,144.21,336.99,291,Warehouse D - North,60,752
Dark Chocolate Box #08469,Food & Beverage,202.04,348.78,381,Warehouse D - North,72,663
Olive Oil 500ml #08470,Food & Beverage,95.04,138.84,190,Warehouse B - West,26,686
LED Bulb 4pk #08471,Home & Garden,6.58,14.69,184,Warehouse C - Central,57,211
Tablet Stand #08472,Electronics,140.6,183.37,100,Warehouse A - East,75,436
Standing Desk #08473,Furniture,115.94,276.71,406,Warehouse B - West,79,861
Wireless Charger #08474,Electronics,246.42,497.01,305,Warehouse D - North,11,709
LEGO Technic Set #08475,Toys & Games,126.63,269.74,348,Warehouse B - West,61,326
Headlamp LED #08476,Sports & Outdoors,177.14,302.76,133,Warehouse A - East,15,375
Rain Poncho #08477,Clothing,8.48,11.71,493,Warehouse C - Central,32,895
Bandages Assorted #08478,Health & Beauty,109.41,269.45,211,Warehouse D - North,51,294
Binoculars #08479,Sports & Outdoors,109.36,186.18,93,Warehouse D - North,61,563
Bluetooth Speaker #08480,Electronics,226.92,427.76,271,Warehouse B - West,35,401
Dark Chocolate Box #08481,Food & Beverage,183.05,276.01,318,Warehouse D - North,25,391
Building Blocks 500pc #08482,Toys & Games,114.89,250.96,294,Warehouse D - North,56,658
Sunscreen SPF50 #08483,Health & Beauty,112.17,255.92,290,Warehouse A - East,80,468
Motor Oil 5W-30 #08484,Automotive Parts,181.22,435.54,153,Warehouse A - East,69,358
Puzzle 1000pc #08485,Toys & Games,109.47,251.23,198,Warehouse D - North,51,345
Coolant 4L #08486,Automotive Parts,149.33,222.37,241,Warehouse A - East,24,713
Lawn Fertilizer #08487,Home & Garden,136.07,246.51,450,Warehouse A - East,24,943
Monitor Light Bar #08488,Electronics,21.64,37.97,241,Warehouse D - North,70,611
Wireless Mouse #08489,Electronics,46.37,54.18,331,Warehouse D - North,41,905
Sunscreen SPF50 #08490,Health & Beauty,55.86,76.81,127,Warehouse B - West,53,527
Polo Shirt #08491,Clothing,151.4,194.84,133,Warehouse D - North,53,870
Cargo Shorts #08492,Clothing,157.18,212.13,451,Warehouse C - Central,12,373
Thermometer Digital #08493,Health & Beauty,205.46,396.33,54,Warehouse D - North,20,393
Foam Roller #08494,Sports & Outdoors,88.34,140.87,160,Warehouse D - North,22,655
Headlamp LED #08495,Sports & Outdoors,179.67,342.57,215,Warehouse C - Central,48,816
USB Flash Drive 64GB #08496,Electronics,150.66,351.23,208,Warehouse D - North,28,723
Tent 4-Person #08497,Sports & Outdoors,243.24,329.84,495,Warehouse A - East,34,928
Face Masks 50pk #08498,Health & Beauty,50.73,59.03,51,Warehouse B - West,48,442
Scissors 3pk #08499,Office Supplies,236.9,573.43,295,Warehouse A - East,47,663
LEGO Technic Set #08500,Toys & Games,146.58,366.07,212,Warehouse B - West,80,316
Instant Oatmeal Pack #08501,Food & Beverage,19.72,29.54,296,Warehouse A - East,17,706
Filing Cabinet #08502,Furniture,165.58,247.17,276,Warehouse D - North,16,594
File Folders 20pk #08503,Office Supplies,135.65,160.7,306,Warehouse D - North,22,345
Headlight Bulb Pair #08504,Automotive Parts,197.36,316.58,492,Warehouse D - North,79,960
Resistance Bands Set #08505,Sports & Outdoors,180.29,330.75,426,Warehouse C - Central,53,417
Thermal Underwear #08506,Clothing,113.98,277.56,117,Warehouse D - North,69,949
Mixed Nuts 500g #08507,Food & Beverage,235.87,272.27,15,Warehouse C - Central,42,292
Protein Bars 12pk #08508,Food & Beverage,163.93,387.89,355,Warehouse C - Central,63,946
First Aid Kit #08509,Health & Beauty,196.72,444.65,392,Warehouse B - West,27,410
Wireless Mouse #08510,Electronics,223.63,467.46,349,Warehouse C - Central,80,596
Tape Dispenser #08511,Office Supplies,45.17,107.32,97,Warehouse D - North,38,465
Ballpoint Pens 12pk #08512,Office Supplies,154.64,240.12,85,Warehouse C - Central,21,265
Spark Plugs 4pk #08513,Automotive Parts,72.1,128.54,439,Warehouse B - West,72,424
Resistance Bands Set #08514,Sports & Outdoors,177.65,264.33,170,Warehouse D - North,63,271
Green Tea Box #08515,Food & Beverage,46.03,66.99,59,Warehouse B - West,68,786
Eye Drops #08516,Health & Beauty,202.96,425.28,58,Warehouse A - East,69,480
Energy Drinks 24pk #08517,Food & Beverage,159.89,227.97,19,Warehouse C - Central,15,987
Sprinkler System #08518,Home & Garden,246.44,324.59,229,Warehouse B - West,29,701
Hand Sanitizer 500ml #08519,Health & Beauty,98.97,225.58,251,Warehouse A - East,52,469
Protein Bars 12pk #08520,Food & Beverage,97.2,206.05,2,Warehouse A - East,23,527
Label Maker #08521,Office Supplies,188.91,250.87,314,Warehouse A - East,74,406
Puzzle 1000pc #08522,Toys & Games,37.86,82.63,105,Warehouse C - Central,69,231
Cooler Box 40L #08523,Sports & Outdoors,12.3,24.91,263,Warehouse D - North,62,216
Thermal Underwear #08524,Clothing,76.08,91.07,71,Warehouse B - West,74,668
Vitamin C Tablets #08525,Health & Beauty,32.63,62.79,423,Warehouse D - North,24,829
Rain Poncho #08526,Clothing,183.42,293.43,196,Warehouse B - West,73,839
Storage Ottoman #08527,Furniture,226.23,272.26,483,Warehouse D - North,29,684
Granola Bags #08528,Food & Beverage,179.77,336.52,225,Warehouse C - Central,63,996
Hedge Trimmer #08529,Home & Garden,25.71,47.96,28,Warehouse C - Central,62,820
Water Bottle 1L #08530,Sports & Outdoors,220.95,285.53,356,Warehouse A - East,52,417
Garden Hose 30m #08531,Home & Garden,84.88,190.35,241,Warehouse C - Central,80,901
Art Supplies Box #08532,Toys & Games,189.09,271.3,37,Warehouse B - West,24,333
Label Maker #08533,Office Supplies,210.8,261.52,138,Warehouse C - Central,31,417
Winter Jacket #08534,Clothing,113.84,192.45,352,Warehouse C - Central,55,496
Wireless Charger #08535,Electronics,126.31,200.35,276,Warehouse A - East,76,543
Outdoor Solar Lights #08536,Home & Garden,14.47,21.33,401,Warehouse C - Central,80,686
LEGO Technic Set #08537,Toys & Games,208.51,483.64,155,Warehouse D - North,45,201
Mechanical Keyboard #08538,Electronics,197.52,381.75,476,Warehouse C - Central,14,784
Card Game Set #08539,Toys & Games,14.02,28.99,67,Warehouse A - East,23,779
Polo Shirt #08540,Clothing,199.2,362.75,255,Warehouse A - East,34,252
Jump Rope #08541,Sports & Outdoors,6.96,17.12,112,Warehouse D - North,36,407
Floor Mats Set #08542,Automotive Parts,17.03,22.83,252,Warehouse B - West,27,561
Whiteboard Markers 6pk #08543,Office Supplies,27.08,59.6,479,Warehouse A - East,67,802
Protein Bars 12pk #08544,Food & Beverage,94.69,226.66,71,Warehouse C - Central,55,732
Bluetooth Speaker #08545,Electronics,189.96,326.79,248,Warehouse B - West,45,381
Bookshelf 5-Tier #08546,Furniture,168.59,219.39,381,Warehouse C - Central,51,508
Thermometer Digital #08547,Health & Beauty,230.29,498.81,7,Warehouse C - Central,28,893
Hedge Trimmer #08548,Home & Garden,20.15,41.63,36,Warehouse A - East,59,746
SSD 1TB External #08549,Electronics,27.37,64.36,248,Warehouse A - East,72,437
LEGO Technic Set #08550,Toys & Games,158.42,383.24,361,Warehouse D - North,48,849
SSD 1TB External #08551,Electronics,49.19,89.33,29,Warehouse B - West,49,240
Cargo Shorts #08552,Clothing,197.59,229.64,155,Warehouse B - West,12,305
Floating Shelf Set #08553,Furniture,139.83,341.02,492,Warehouse C - Central,36,871
Bottled Water Case #08554,Food & Beverage,19.2,30.82,421,Warehouse B - West,14,286
Board Game Classic #08555,Toys & Games,64.31,81.16,81,Warehouse D - North,77,645
Plant Pots Set #08556,Home & Garden,110.78,184.74,204,Warehouse B - West,74,990
Tool Kit 50pc #08557,Home & Garden,53.16,132.8,17,Warehouse A - East,46,735
Sprinkler System #08558,Home & Garden,210.1,295.67,452,Warehouse D - North,10,904
USB-C Hub #08559,Electronics,189.53,315.29,475,Warehouse A - East,75,680
Cotton T-Shirt Pack #08560,Clothing,174.97,255.17,318,Warehouse D - North,26,472
Car Charger Dual USB #08561,Automotive Parts,195.54,248.41,496,Warehouse B - West,59,486
Yoga Mat #08562,Sports & Outdoors,128.03,236.64,89,Warehouse C - Central,40,344
Olive Oil 500ml #08563,Food & Beverage,103.91,199.63,436,Warehouse D - North,49,935
Wiper Blades Pair #08564,Automotive Parts,237.39,352.84,80,Warehouse B - West,42,805
Puzzle 1000pc #08565,Toys & Games,163.02,241.82,70,Warehouse D - North,49,205
Computer Desk #08566,Furniture,101.92,201.74,147,Warehouse C - Central,61,220
Outdoor Solar Lights #08567,Home & Garden,203.64,275.29,229,Warehouse A - East,42,579
Cooler Box 40L #08568,Sports & Outdoors,176.18,349.51,341,Warehouse D - North,77,371
Storage Ottoman #08569,Furniture,184.71,236.05,141,Warehouse A - East,38,843
Cap Branded #08570,Clothing,140.97,171.07,163,Warehouse A - East,60,373
Art Supplies Box #08571,Toys & Games,69.0,119.95,153,Warehouse C - Central,48,259
Winter Jacket #08572,Clothing,28.92,38.98,346,Warehouse D - North,63,522
Fleece Hoodie #08573,Clothing,19.44,32.73,131,Warehouse B - West,61,504
Monitor Light Bar #08574,Electronics,180.35,314.21,156,Warehouse D - North,69,602
Monitor Light Bar #08575,Electronics,90.52,191.88,36,Warehouse D - North,37,831
Binder Clips Assorted #08576,Office Supplies,116.63,209.34,194,Warehouse D - North,38,704
Air Filter #08577,Automotive Parts,77.67,167.47,458,Warehouse D - North,42,372
Whiteboard Markers 6pk #08578,Office Supplies,196.08,244.58,433,Warehouse D - North,78,883
Garden Hose 30m #08579,Home & Garden,35.14,75.33,74,Warehouse B - West,64,308
Face Masks 50pk #08580,Health & Beauty,146.64,340.2,283,Warehouse C - Central,69,659
Ballpoint Pens 12pk #08581,Office Supplies,146.54,305.62,19,Warehouse A - East,62,923
Cotton T-Shirt Pack #08582,Clothing,88.05,215.82,370,Warehouse A - East,11,501
Tape Dispenser #08583,Office Supplies,119.11,295.28,73,Warehouse D - North,51,733
Whiteboard Markers 6pk #08584,Office Supplies,131.12,156.13,435,Warehouse D - North,30,482
Storage Ottoman #08585,Furniture,88.16,147.99,99,Warehouse D - North,78,956
Resistance Bands Set #08586,Sports & Outdoors,232.62,275.56,134,Warehouse B - West,24,563
Printer Paper A4 #08587,Office Supplies,182.85,333.99,450,Warehouse D - North,48,675
USB-C Hub #08588,Electronics,106.24,205.54,70,Warehouse B - West,12,962
Mixed Nuts 500g #08589,Food & Beverage,96.31,174.67,15,Warehouse B - West,61,580
Ballpoint Pens 12pk #08590,Office Supplies,53.69,95.97,303,Warehouse B - West,52,596
Energy Drinks 24pk #08591,Food & Beverage,75.07,109.22,332,Warehouse A - East,18,366
Vitamin C Tablets #08592,Health & Beauty,137.15,262.5,212,Warehouse C - Central,38,924
Stuffed Animal Bear #08593,Toys & Games,36.21,81.58,24,Warehouse A - East,53,240
Vitamin C Tablets #08594,Health & Beauty,197.65,426.52,485,Warehouse D - North,12,950
Lawn Fertilizer #08595,Home & Garden,5.15,9.79,22,Warehouse B - West,50,782
Moisturizer Pump #08596,Health & Beauty,145.64,355.95,257,Warehouse B - West,20,544
Safety Vest Hi-Vis #08597,Clothing,236.83,536.62,28,Warehouse A - East,31,313
Sprinkler System #08598,Home & Garden,187.75,317.9,340,Warehouse B - West,15,364
Ballpoint Pens 12pk #08599,Office Supplies,65.81,120.63,201,Warehouse A - East,54,644
Car Charger Dual USB #08600,Automotive Parts,29.38,64.15,463,Warehouse B - West,56,464
Garden Hose 30m #08601,Home & Garden,185.61,230.73,123,Warehouse D - North,38,427
Pressure Washer #08602,Home & Garden,212.41,331.91,302,Warehouse D - North,35,489
Moisturizer Pump #08603,Health & Beauty,15.01,23.23,72,Warehouse C - Central,65,676
Headlamp LED #08604,Sports & Outdoors,109.69,269.47,33,Warehouse C - Central,23,985
Headlamp LED #08605,Sports & Outdoors,141.44,177.38,209,Warehouse D - North,10,810
Thermometer Digital #08606,Health & Beauty,16.27,28.35,252,Warehouse A - East,64,627
Floating Shelf Set #08607,Furniture,233.29,317.91,486,Warehouse C - Central,58,298
Wiper Blades Pair #08608,Automotive Parts,6.23,9.62,277,Warehouse D - North,13,353
Art Supplies Box #08609,Toys & Games,183.21,383.79,483,Warehouse A - East,73,407
Drafting Chair #08610,Furniture,224.62,387.9,404,Warehouse C - Central,49,604
Cargo Pants #08611,Clothing,119.85,279.36,334,Warehouse C - Central,60,521
Honey Jar #08612,Food & Beverage,107.08,165.91,155,Warehouse A - East,38,905
Sprinkler System #08613,Home & Garden,69.86,158.17,191,Warehouse C - Central,69,789
Cooler Box 40L #08614,Sports & Outdoors,203.42,432.13,406,Warehouse A - East,68,401
Tent 4-Person #08615,Sports & Outdoors,107.19,188.67,480,Warehouse B - West,70,858
Ballpoint Pens 12pk #08616,Office Supplies,87.26,150.34,96,Warehouse B - West,12,328
Cotton T-Shirt Pack #08617,Clothing,218.43,369.94,304,Warehouse C - Central,21,603
Art Supplies Box #08618,Toys & Games,53.12,116.39,295,Warehouse D - North,67,602
Extension Cord 10m #08619,Home & Garden,146.67,249.56,439,Warehouse A - East,73,311
Tire Pressure Gauge #08620,Automotive Parts,242.71,366.34,297,Warehouse D - North,65,310
Resistance Bands Set #08621,Sports & Outdoors,23.59,42.59,214,Warehouse C - Central,37,489
HDMI Cable 2m #08622,Electronics,14.37,18.81,301,Warehouse B - West,22,592
Outdoor Solar Lights #08623,Home & Garden,105.0,257.03,472,Warehouse D - North,71,366
Desk Organizer #08624,Office Supplies,208.89,516.61,109,Warehouse D - North,32,382
Instant Oatmeal Pack #08625,Food & Beverage,51.46,98.39,407,Warehouse C - Central,76,378
Bottled Water Case #08626,Food & Beverage,146.23,354.86,386,Warehouse A - East,26,247
Plant Pots Set #08627,Home & Garden,139.97,277.2,80,Warehouse A - East,64,669
Headlamp LED #08628,Sports & Outdoors,147.05,295.84,370,Warehouse A - East,69,215
Thermal Underwear #08629,Clothing,207.0,389.8,487,Warehouse C - Central,42,902
First Aid Kit #08630,Health & Beauty,219.86,366.18,197,Warehouse A - East,13,699
Yoga Mat #08631,Sports & Outdoors,2.29,4.61,347,Warehouse B - West,60,555
File Folders 20pk #08632,Office Supplies,226.36,275.62,133,Warehouse D - North,51,583
Tape Dispenser #08633,Office Supplies,134.42,299.83,316,Warehouse B - West,33,353
Windbreaker #08634,Clothing,244.15,286.85,197,Warehouse D - North,54,938
Car Battery #08635,Automotive Parts,161.14,249.9,69,Warehouse A - East,17,284
Dried Fruit Mix #08636,Food & Beverage,236.44,272.31,193,Warehouse B - West,80,678
Floating Shelf Set #08637,Furniture,8.81,20.06,219,Warehouse D - North,63,737
Tablet Stand #08638,Electronics,201.3,473.73,285,Warehouse D - North,25,700
Cargo Pants #08639,Clothing,21.98,38.15,55,Warehouse A - East,28,440
Bandages Assorted #08640,Health & Beauty,174.72,320.62,451,Warehouse A - East,60,573
Storage Ottoman #08641,Furniture,168.19,274.7,417,Warehouse D - North,23,430
Hedge Trimmer #08642,Home & Garden,42.6,92.78,78,Warehouse D - North,14,756
Monitor Arm #08643,Furniture,8.84,11.37,439,Warehouse C - Central,12,926
USB Flash Drive 64GB #08644,Electronics,143.57,238.94,120,Warehouse B - West,43,696
Aloe Vera Gel #08645,Health & Beauty,137.68,287.52,203,Warehouse B - West,10,975
Face Masks 50pk #08646,Health & Beauty,112.09,131.25,379,Warehouse C - Central,69,780
Dried Fruit Mix #08647,Food & Beverage,79.29,176.62,343,Warehouse D - North,69,577
Lawn Fertilizer #08648,Home & Garden,24.16,59.16,203,Warehouse B - West,33,289
Work Boots #08649,Clothing,146.76,204.55,191,Warehouse D - North,11,317
Garden Hose 30m #08650,Home & Garden,11.88,16.78,411,Warehouse C - Central,23,601
Desk Organizer #08651,Office Supplies,3.14,5.97,76,Warehouse D - North,58,884
USB Flash Drive 64GB #08652,Electronics,174.24,355.34,373,Warehouse B - West,24,834
Scissors 3pk #08653,Office Supplies,55.06,113.83,308,Warehouse C - Central,12,477
Ballpoint Pens 12pk #08654,Office Supplies,99.87,235.45,428,Warehouse A - East,33,815
Remote Control Car #08655,Toys & Games,4.43,5.87,16,Warehouse C - Central,21,774
Board Game Classic #08656,Toys & Games,193.42,264.23,116,Warehouse D - North,24,280
Extension Cord 10m #08657,Home & Garden,217.51,394.4,95,Warehouse A - East,33,481
Rain Poncho #08658,Clothing,98.61,158.04,12,Warehouse C - Central,41,728
Ergonomic Office Chair #08659,Furniture,25.79,53.22,181,Warehouse B - West,33,363
Insect Repellent #08660,Health & Beauty,46.18,107.68,130,Warehouse D - North,43,228
Garden Hose 30m #08661,Home & Garden,213.31,410.5,90,Warehouse A - East,26,337
Art Supplies Box #08662,Toys & Games,207.08,434.1,142,Warehouse A - East,79,595
Binder Clips Assorted #08663,Office Supplies,187.68,357.92,178,Warehouse A - East,53,905
Moisturizer Pump #08664,Health & Beauty,45.78,57.24,58,Warehouse C - Central,71,374
Headlamp LED #08665,Sports & Outdoors,184.52,406.47,39,Warehouse A - East,75,379
Label Maker #08666,Office Supplies,11.49,19.63,413,Warehouse A - East,67,725
Stapler Heavy Duty #08667,Office Supplies,229.78,326.2,114,Warehouse C - Central,76,935
Wiper Blades Pair #08668,Automotive Parts,39.09,58.95,463,Warehouse C - Central,17,907
Motor Oil 5W-30 #08669,Automotive Parts,187.21,324.17,291,Warehouse B - West,57,794
Hiking Backpack #08670,Sports & Outdoors,8.38,17.87,404,Warehouse B - West,71,869
Board Game Classic #08671,Toys & Games,175.53,369.73,381,Warehouse A - East,78,974
Cable Management Tray #08672,Furniture,110.5,263.45,332,Warehouse A - East,39,691
Windbreaker #08673,Clothing,108.92,135.75,250,Warehouse D - North,21,595
Cotton T-Shirt Pack #08674,Clothing,15.26,20.54,149,Warehouse B - West,20,238
Power Strip 6-Outlet #08675,Home & Garden,26.19,49.02,6,Warehouse B - West,80,411
Wireless Charger #08676,Electronics,196.66,470.35,44,Warehouse B - West,48,926
Drafting Chair #08677,Furniture,60.97,136.59,459,Warehouse C - Central,42,268
Green Tea Box #08678,Food & Beverage,169.98,357.67,264,Warehouse A - East,31,435
Wiper Blades Pair #08679,Automotive Parts,21.76,42.3,73,Warehouse D - North,79,731
Rain Poncho #08680,Clothing,113.71,201.58,107,Warehouse B - West,15,509
Honey Jar #08681,Food & Beverage,118.32,199.82,459,Warehouse A - East,12,959
Laptop Cooling Pad #08682,Electronics,234.75,527.74,378,Warehouse D - North,68,831
Sunscreen SPF50 #08683,Health & Beauty,180.07,420.08,377,Warehouse D - North,14,820
File Folders 20pk #08684,Office Supplies,39.0,57.79,495,Warehouse C - Central,18,392
First Aid Kit #08685,Health & Beauty,57.99,134.14,235,Warehouse C - Central,43,456
Drafting Chair #08686,Furniture,90.94,139.1,87,Warehouse C - Central,38,410
Hand Sanitizer 500ml #08687,Health & Beauty,45.45,96.3,334,Warehouse C - Central,74,571
Ergonomic Office Chair #08688,Furniture,132.33,260.5,324,Warehouse A - East,23,654
Monitor Light Bar #08689,Electronics,131.77,232.14,274,Warehouse A - East,51,449
Sleeping Bag #08690,Sports & Outdoors,209.11,462.37,443,Warehouse D - North,65,494
Noise Cancelling Headphones #08691,Electronics,186.87,386.56,422,Warehouse D - North,53,456
Floor Mats Set #08692,Automotive Parts,83.99,203.85,388,Warehouse D - North,80,321
Sprinkler System #08693,Home & Garden,57.73,81.19,140,Warehouse A - East,70,736
Ergonomic Office Chair #08694,Furniture,212.09,433.92,60,Warehouse A - East,64,354
Chess Set Wooden #08695,Toys & Games,143.15,317.25,130,Warehouse B - West,46,631
Storage Ottoman #08696,Furniture,140.83,178.85,496,Warehouse A - East,54,894
Paint Roller Set #08697,Home & Garden,154.74,326.96,9,Warehouse C - Central,73,248
Vitamin C Tablets #08698,Health & Beauty,30.77,64.09,147,Warehouse A - East,33,444
Hedge Trimmer #08699,Home & Garden,238.87,295.73,411,Warehouse D - North,11,317
Aloe Vera Gel #08700,Health & Beauty,239.62,556.0,150,Warehouse B - West,30,527
Bandages Assorted #08701,Health & Beauty,211.14,505.72,61,Warehouse D - North,37,263
Eye Drops #08702,Health & Beauty,228.27,474.39,12,Warehouse C - Central,77,690
Energy Drinks 24pk #08703,Food & Beverage,134.3,256.72,104,Warehouse C - Central,30,943
Energy Drinks 24pk #08704,Food & Beverage,167.39,402.16,370,Warehouse B - West,56,316
Mixed Nuts 500g #08705,Food & Beverage,19.16,40.54,209,Warehouse B - West,57,474
Work Boots #08706,Clothing,47.48,81.22,112,Warehouse A - East,54,564
Outdoor Solar Lights #08707,Home & Garden,125.08,231.06,99,Warehouse D - North,73,684
Polo Shirt #08708,Clothing,78.39,187.93,254,Warehouse C - Central,25,714
Cotton T-Shirt Pack #08709,Clothing,211.75,454.28,370,Warehouse D - North,64,523
Vitamin C Tablets #08710,Health & Beauty,91.13,131.61,306,Warehouse C - Central,30,733
USB Flash Drive 64GB #08711,Electronics,52.39,79.09,221,Warehouse C - Central,61,506
Lip Balm Pack #08712,Health & Beauty,2.11,3.55,489,Warehouse C - Central,48,353
Protein Bars 12pk #08713,Food & Beverage,129.77,218.77,118,Warehouse A - East,10,840
Standing Desk #08714,Furniture,162.62,370.49,250,Warehouse B - West,32,316
Chess Set Wooden #08715,Toys & Games,182.28,388.98,471,Warehouse A - East,31,236
Headlamp LED #08716,Sports & Outdoors,157.53,253.77,453,Warehouse B - West,31,881
Tape Dispenser #08717,Office Supplies,167.42,284.75,24,Warehouse D - North,19,758
Drafting Chair #08718,Furniture,28.79,66.24,482,Warehouse C - Central,65,893
Laptop Cooling Pad #08719,Electronics,104.45,167.02,276,Warehouse C - Central,14,1000
Computer Desk #08720,Furniture,205.12,248.74,329,Warehouse B - West,73,699
Yoga Mat #08721,Sports & Outdoors,60.42,79.35,401,Warehouse D - North,77,509
First Aid Kit #08722,Health & Beauty,98.18,137.1,269,Warehouse D - North,50,563
Mixed Nuts 500g #08723,Food & Beverage,106.75,241.73,454,Warehouse B - West,10,388
Water Bottle 1L #08724,Sports & Outdoors,218.12,465.09,47,Warehouse B - West,73,845
Standing Desk #08725,Furniture,213.58,295.88,273,Warehouse A - East,18,453
Resistance Bands Set #08726,Sports & Outdoors,7.03,12.39,312,Warehouse A - East,12,560
Eye Drops #08727,Health & Beauty,249.59,497.68,214,Warehouse C - Central,16,925
Power Strip 6-Outlet #08728,Home & Garden,62.32,147.6,18,Warehouse D - North,42,669
Sprinkler System #08729,Home & Garden,132.61,282.49,101,Warehouse D - North,43,858
Vitamin C Tablets #08730,Health & Beauty,127.49,251.69,132,Warehouse D - North,61,410
Mixed Nuts 500g #08731,Food & Beverage,56.46,65.68,114,Warehouse D - North,10,478
Storage Ottoman #08732,Furniture,167.57,376.44,77,Warehouse B - West,40,491
Jump Rope #08733,Sports & Outdoors,186.73,424.27,61,Warehouse A - East,26,848
Card Game Set #08734,Toys & Games,4.96,5.73,45,Warehouse C - Central,27,801
Polo Shirt #08735,Clothing,123.05,261.53,52,Warehouse C - Central,78,706
Conference Table #08736,Furniture,97.83,167.46,213,Warehouse A - East,40,661
Motor Oil 5W-30 #08737,Automotive Parts,158.66,346.78,120,Warehouse D - North,70,399
Resistance Bands Set #08738,Sports & Outdoors,65.3,108.04,122,Warehouse C - Central,51,559
Hedge Trimmer #08739,Home & Garden,43.01,58.31,274,Warehouse D - North,48,669
LED Bulb 4pk #08740,Home & Garden,15.99,28.9,400,Warehouse A - East,10,789
Fleece Hoodie #08741,Clothing,28.75,41.85,284,Warehouse A - East,22,577
First Aid Kit #08742,Health & Beauty,136.93,317.98,318,Warehouse A - East,48,258
Aloe Vera Gel #08743,Health & Beauty,249.34,557.01,171,Warehouse C - Central,65,207
Outdoor Solar Lights #08744,Home & Garden,93.5,192.14,305,Warehouse D - North,50,586
Tire Pressure Gauge #08745,Automotive Parts,93.4,222.66,390,Warehouse B - West,18,364
Hand Sanitizer 500ml #08746,Health & Beauty,13.26,16.72,357,Warehouse B - West,51,336
Board Game Classic #08747,Toys & Games,220.81,261.49,45,Warehouse D - North,55,226
Power Strip 6-Outlet #08748,Home & Garden,149.21,334.82,87,Warehouse B - West,12,300
Floating Shelf Set #08749,Furniture,35.9,50.27,303,Warehouse C - Central,48,427
Safety Vest Hi-Vis #08750,Clothing,8.06,19.32,152,Warehouse C - Central,20,889
Floor Mats Set #08751,Automotive Parts,182.41,326.65,147,Warehouse B - West,24,885
Air Filter #08752,Automotive Parts,53.57,113.5,233,Warehouse D - North,38,522
Monitor Arm #08753,Furniture,54.56,116.92,256,Warehouse C - Central,66,677
Art Supplies Box #08754,Toys & Games,129.47,296.82,184,Warehouse C - Central,36,961
Cap Branded #08755,Clothing,134.31,311.89,414,Warehouse C - Central,50,531
Desk Lamp LED #08756,Furniture,69.02,169.7,127,Warehouse C - Central,63,255
Honey Jar #08757,Food & Beverage,124.28,292.23,120,Warehouse C - Central,10,753
Tape Dispenser #08758,Office Supplies,183.19,316.07,134,Warehouse C - Central,25,505
Cap Branded #08759,Clothing,187.12,438.91,25,Warehouse B - West,58,792
Instant Oatmeal Pack #08760,Food & Beverage,84.33,152.28,349,Warehouse C - Central,16,303
Yoga Mat #08761,Sports & Outdoors,133.24,153.41,219,Warehouse C - Central,35,786
Whiteboard Markers 6pk #08762,Office Supplies,84.42,136.65,321,Warehouse B - West,51,923
Science Kit #08763,Toys & Games,87.31,157.29,433,Warehouse D - North,42,685
Printer Paper A4 #08764,Office Supplies,152.85,248.84,440,Warehouse B - West,60,761
Yoga Mat #08765,Sports & Outdoors,90.15,203.97,121,Warehouse A - East,45,515
Cotton T-Shirt Pack #08766,Clothing,91.87,138.13,251,Warehouse C - Central,16,327
Thermal Underwear #08767,Clothing,86.21,127.11,103,Warehouse B - West,64,789
Sprinkler System #08768,Home & Garden,57.78,69.22,448,Warehouse A - East,23,326
Vitamin C Tablets #08769,Health & Beauty,75.92,145.79,21,Warehouse A - East,46,598
Extension Cord 10m #08770,Home & Garden,48.52,75.87,296,Warehouse D - North,37,221
Lawn Fertilizer #08771,Home & Garden,228.13,323.13,308,Warehouse D - North,25,625
Power Bank 20000mAh #08772,Electronics,186.12,337.9,493,Warehouse A - East,34,938
Vitamin C Tablets #08773,Health & Beauty,85.43,132.36,213,Warehouse B - West,33,427
Drafting Chair #08774,Furniture,246.9,613.55,108,Warehouse B - West,19,914
Cable Management Tray #08775,Furniture,13.62,17.95,349,Warehouse D - North,15,422
Wiper Blades Pair #08776,Automotive Parts,232.3,570.35,468,Warehouse A - East,80,226
Coolant 4L #08777,Automotive Parts,125.87,307.33,307,Warehouse D - North,76,296
Stapler Heavy Duty #08778,Office Supplies,229.43,478.67,213,Warehouse C - Central,59,640
Mixed Nuts 500g #08779,Food & Beverage,234.66,407.2,16,Warehouse B - West,79,418
Ballpoint Pens 12pk #08780,Office Supplies,166.63,301.94,403,Warehouse A - East,47,820
Conference Table #08781,Furniture,15.51,24.22,305,Warehouse D - North,39,486
Chess Set Wooden #08782,Toys & Games,151.13,227.91,336,Warehouse C - Central,41,727
Olive Oil 500ml #08783,Food & Beverage,80.51,115.92,249,Warehouse A - East,32,576
Desk Lamp LED #08784,Furniture,193.11,395.74,188,Warehouse D - North,76,488
Polo Shirt #08785,Clothing,10.75,15.01,115,Warehouse A - East,14,366
Cable Management Tray #08786,Furniture,152.86,254.13,274,Warehouse A - East,61,261
Wiper Blades Pair #08787,Automotive Parts,127.86,202.84,186,Warehouse A - East,56,562
Resistance Bands Set #08788,Sports & Outdoors,157.23,200.34,360,Warehouse D - North,69,892
Conference Table #08789,Furniture,41.49,92.04,70,Warehouse B - West,47,513
Plant Pots Set #08790,Home & Garden,120.41,253.3,423,Warehouse A - East,42,844
Ergonomic Office Chair #08791,Furniture,126.32,154.37,454,Warehouse D - North,32,859
Insect Repellent #08792,Health & Beauty,27.57,66.21,336,Warehouse C - Central,71,464
Paint Roller Set #08793,Home & Garden,36.63,49.55,173,Warehouse D - North,37,292
Headlight Bulb Pair #08794,Automotive Parts,233.85,271.04,397,Warehouse B - West,39,652
Headlamp LED #08795,Sports & Outdoors,87.33,126.84,106,Warehouse C - Central,73,402
Dried Fruit Mix #08796,Food & Beverage,137.58,271.12,316,Warehouse A - East,17,225
Mechanical Keyboard #08797,Electronics,64.19,75.74,404,Warehouse D - North,19,335
Jump Starter #08798,Automotive Parts,198.4,332.38,203,Warehouse C - Central,27,582
Car Charger Dual USB #08799,Automotive Parts,119.14,184.99,49,Warehouse C - Central,26,949
Whiteboard Markers 6pk #08800,Office Supplies,45.31,81.72,376,Warehouse C - Central,32,697
Cargo Pants #08801,Clothing,245.42,488.31,28,Warehouse A - East,46,684
Bottled Water Case #08802,Food & Beverage,121.01,210.5,322,Warehouse C - Central,63,737
LEGO Technic Set #08803,Toys & Games,212.58,424.84,461,Warehouse B - West,19,848
Tool Kit 50pc #08804,Home & Garden,173.11,359.83,64,Warehouse C - Central,67,808
Conference Table #08805,Furniture,88.9,212.09,176,Warehouse D - North,10,804
Mixed Nuts 500g #08806,Food & Beverage,50.54,61.26,472,Warehouse A - East,76,688
Honey Jar #08807,Food & Beverage,42.06,63.92,87,Warehouse B - West,79,568
Motor Oil 5W-30 #08808,Automotive Parts,74.46,130.44,340,Warehouse C - Central,39,484
Bandages Assorted #08809,Health & Beauty,219.99,492.34,150,Warehouse D - North,59,467
Insect Repellent #08810,Health & Beauty,109.52,175.96,62,Warehouse A - East,41,300
USB-C Hub #08811,Electronics,237.34,392.24,428,Warehouse A - East,31,936
Ballpoint Pens 12pk #08812,Office Supplies,89.08,193.3,181,Warehouse A - East,79,745
Work Boots #08813,Clothing,107.56,265.21,287,Warehouse D - North,77,621
Noise Cancelling Headphones #08814,Electronics,164.98,407.77,118,Warehouse C - Central,28,442
Standing Desk #08815,Furniture,63.11,122.47,363,Warehouse C - Central,31,376
Insect Repellent #08816,Health & Beauty,171.22,263.05,230,Warehouse A - East,12,414
Jump Starter #08817,Automotive Parts,137.37,177.02,419,Warehouse B - West,21,974
Winter Jacket #08818,Clothing,118.52,272.22,96,Warehouse A - East,17,723
First Aid Kit #08819,Health & Beauty,70.79,172.07,224,Warehouse C - Central,55,648
Tent 4-Person #08820,Sports & Outdoors,69.92,158.85,191,Warehouse B - West,25,652
Coffee Beans 1kg #08821,Food & Beverage,18.66,29.99,134,Warehouse D - North,74,666
Hiking Backpack #08822,Sports & Outdoors,133.61,326.52,190,Warehouse D - North,19,630
Camping Chair #08823,Sports & Outdoors,159.72,383.86,404,Warehouse D - North,66,348
Sunscreen SPF50 #08824,Health & Beauty,20.98,30.26,27,Warehouse A - East,24,691
Eye Drops #08825,Health & Beauty,227.97,311.45,495,Warehouse B - West,32,891
Rubik's Cube #08826,Toys & Games,200.19,319.58,484,Warehouse D - North,22,777
Resistance Bands Set #08827,Sports & Outdoors,97.34,216.09,449,Warehouse A - East,22,760
Foam Roller #08828,Sports & Outdoors,214.22,254.42,166,Warehouse A - East,38,730
Card Game Set #08829,Toys & Games,192.78,226.64,448,Warehouse D - North,69,979
Cable Management Tray #08830,Furniture,154.1,184.97,322,Warehouse D - North,69,805
Cooler Box 40L #08831,Sports & Outdoors,144.89,182.22,51,Warehouse D - North,23,769
USB Flash Drive 64GB #08832,Electronics,166.56,309.23,265,Warehouse D - North,19,541
Face Masks 50pk #08833,Health & Beauty,146.97,304.17,216,Warehouse D - North,72,268
Headlamp LED #08834,Sports & Outdoors,119.09,245.56,269,Warehouse D - North,65,640
Scissors 3pk #08835,Office Supplies,83.8,179.12,281,Warehouse B - West,32,223
File Folders 20pk #08836,Office Supplies,38.2,70.53,239,Warehouse A - East,48,261
Foam Roller #08837,Sports & Outdoors,233.53,294.85,188,Warehouse C - Central,12,608
Standing Desk #08838,Furniture,136.72,275.54,41,Warehouse D - North,58,894
Stapler Heavy Duty #08839,Office Supplies,51.53,94.83,28,Warehouse C - Central,51,319
Science Kit #08840,Toys & Games,216.37,381.09,234,Warehouse D - North,22,912
Stuffed Animal Bear #08841,Toys & Games,74.03,99.19,48,Warehouse C - Central,35,979
Cargo Shorts #08842,Clothing,97.47,137.93,334,Warehouse C - Central,58,801
Brake Pads Set #08843,Automotive Parts,241.48,542.79,325,Warehouse A - East,55,675
USB-C Hub #08844,Electronics,106.76,263.86,177,Warehouse B - West,18,840
Windbreaker #08845,Clothing,69.18,138.41,31,Warehouse D - North,32,426
Envelopes 100pk #08846,Office Supplies,169.87,238.72,103,Warehouse C - Central,78,318
Jump Starter #08847,Automotive Parts,236.96,288.93,1,Warehouse B - West,60,915
Power Strip 6-Outlet #08848,Home & Garden,226.27,553.85,77,Warehouse C - Central,54,999
Instant Oatmeal Pack #08849,Food & Beverage,107.61,141.01,2,Warehouse B - West,80,568
Windbreaker #08850,Clothing,112.33,195.81,69,Warehouse D - North,15,642
Tire Pressure Gauge #08851,Automotive Parts,242.6,567.38,331,Warehouse D - North,11,572
Coffee Beans 1kg #08852,Food & Beverage,61.65,97.83,123,Warehouse C - Central,70,993
Cooler Box 40L #08853,Sports & Outdoors,224.75,546.15,393,Warehouse A - East,76,408
Sprinkler System #08854,Home & Garden,205.48,392.66,264,Warehouse A - East,25,652
Insect Repellent #08855,Health & Beauty,172.9,312.77,298,Warehouse D - North,48,338
Building Blocks 500pc #08856,Toys & Games,227.71,549.9,219,Warehouse A - East,37,662
Bluetooth Speaker #08857,Electronics,189.27,331.98,0,Warehouse B - West,31,909
Olive Oil 500ml #08858,Food & Beverage,111.79,267.25,407,Warehouse D - North,72,202
Motor Oil 5W-30 #08859,Automotive Parts,215.69,340.06,86,Warehouse B - West,48,902
Lip Balm Pack #08860,Health & Beauty,63.68,77.05,488,Warehouse B - West,26,835
Cargo Pants #08861,Clothing,7.37,10.61,206,Warehouse C - Central,70,868
Wireless Mouse #08862,Electronics,147.99,369.77,174,Warehouse D - North,43,350
Wireless Charger #08863,Electronics,148.13,213.39,354,Warehouse A - East,75,324
Dried Fruit Mix #08864,Food & Beverage,48.64,116.0,53,Warehouse B - West,48,754
Monitor Light Bar #08865,Electronics,83.97,208.88,176,Warehouse B - West,13,762
Spark Plugs 4pk #08866,Automotive Parts,90.82,213.35,278,Warehouse C - Central,60,730
Ballpoint Pens 12pk #08867,Office Supplies,149.54,271.54,259,Warehouse C - Central,80,896
Pressure Washer #08868,Home & Garden,110.96,209.51,79,Warehouse B - West,31,394
Tape Dispenser #08869,Office Supplies,242.68,362.29,418,Warehouse C - Central,52,208
Paint Roller Set #08870,Home & Garden,240.03,306.36,356,Warehouse B - West,72,499
Extension Cord 10m #08871,Home & Garden,204.11,384.69,459,Warehouse D - North,48,254
Garden Hose 30m #08872,Home & Garden,228.25,345.65,13,Warehouse D - North,20,271
Wireless Charger #08873,Electronics,26.93,60.07,138,Warehouse A - East,24,767
Cable Management Tray #08874,Furniture,103.54,182.85,91,Warehouse D - North,22,223
LEGO Technic Set #08875,Toys & Games,228.37,312.87,375,Warehouse D - North,33,294
Whiteboard Markers 6pk #08876,Office Supplies,118.31,252.83,80,Warehouse B - West,16,588
Conference Table #08877,Furniture,18.81,22.51,302,Warehouse C - Central,26,487
Protein Bars 12pk #08878,Food & Beverage,147.11,317.54,152,Warehouse C - Central,10,880
Sprinkler System #08879,Home & Garden,176.09,270.35,486,Warehouse A - East,60,962
Air Filter #08880,Automotive Parts,192.21,426.38,388,Warehouse B - West,68,1000
Spark Plugs 4pk #08881,Automotive Parts,53.75,99.89,284,Warehouse D - North,72,237
Bluetooth Speaker #08882,Electronics,68.27,91.61,107,Warehouse C - Central,66,488
Hiking Backpack #08883,Sports & Outdoors,20.18,40.22,341,Warehouse D - North,65,896
Dried Fruit Mix #08884,Food & Beverage,175.19,403.2,37,Warehouse A - East,42,348
Conference Table #08885,Furniture,8.13,16.55,395,Warehouse D - North,19,436
Paint Roller Set #08886,Home & Garden,150.19,340.17,5,Warehouse B - West,73,258
Binder Clips Assorted #08887,Office Supplies,212.49,328.12,236,Warehouse B - West,24,964
Sunscreen SPF50 #08888,Health & Beauty,75.82,93.0,341,Warehouse B - West,48,881
Safety Vest Hi-Vis #08889,Clothing,80.01,140.09,416,Warehouse C - Central,22,631
Wireless Charger #08890,Electronics,9.01,20.7,463,Warehouse C - Central,56,366
Conference Table #08891,Furniture,57.08,87.28,426,Warehouse C - Central,56,639
Lawn Fertilizer #08892,Home & Garden,56.12,100.99,416,Warehouse A - East,74,243
Windbreaker #08893,Clothing,230.25,384.67,123,Warehouse C - Central,55,705
Drone Mini #08894,Toys & Games,178.68,354.94,305,Warehouse D - North,69,523
Tire Pressure Gauge #08895,Automotive Parts,105.81,175.77,216,Warehouse D - North,73,586
Car Battery #08896,Automotive Parts,241.13,509.86,112,Warehouse A - East,48,919
Outdoor Solar Lights #08897,Home & Garden,191.57,423.21,489,Warehouse B - West,45,212
Winter Jacket #08898,Clothing,195.13,266.92,216,Warehouse C - Central,42,960
Granola Bags #08899,Food & Beverage,35.68,73.77,369,Warehouse B - West,46,907
Conference Table #08900,Furniture,100.98,117.93,145,Warehouse C - Central,75,396
Board Game Classic #08901,Toys & Games,209.49,335.47,257,Warehouse B - West,22,982
Extension Cord 10m #08902,Home & Garden,20.74,32.05,297,Warehouse A - East,17,530
Binder Clips Assorted #08903,Office Supplies,121.36,197.47,317,Warehouse A - East,68,790
Power Bank 20000mAh #08904,Electronics,115.79,217.4,391,Warehouse A - East,42,293
Printer Paper A4 #08905,Office Supplies,125.49,150.39,461,Warehouse B - West,52,260
Foam Roller #08906,Sports & Outdoors,225.92,373.39,107,Warehouse A - East,65,481
Windbreaker #08907,Clothing,175.22,412.04,89,Warehouse A - East,29,904
File Folders 20pk #08908,Office Supplies,147.25,169.85,97,Warehouse A - East,22,348
Camping Chair #08909,Sports & Outdoors,227.79,371.68,314,Warehouse B - West,57,784
First Aid Kit #08910,Health & Beauty,152.68,266.16,221,Warehouse C - Central,60,546
Bottled Water Case #08911,Food & Beverage,202.91,265.69,44,Warehouse D - North,23,861
Webcam HD #08912,Electronics,34.2,41.37,127,Warehouse C - Central,29,910
Honey Jar #08913,Food & Beverage,51.54,64.2,146,Warehouse A - East,44,912
Headlight Bulb Pair #08914,Automotive Parts,40.7,50.68,214,Warehouse C - Central,53,275
Ballpoint Pens 12pk #08915,Office Supplies,218.93,281.18,485,Warehouse D - North,47,618
Fleece Hoodie #08916,Clothing,30.65,55.67,244,Warehouse A - East,11,377
Jump Rope #08917,Sports & Outdoors,137.17,299.22,131,Warehouse B - West,54,242
Camping Chair #08918,Sports & Outdoors,157.51,308.47,474,Warehouse A - East,69,429
Dark Chocolate Box #08919,Food & Beverage,28.6,37.42,411,Warehouse B - West,19,939
Moisturizer Pump #08920,Health & Beauty,65.28,133.8,194,Warehouse A - East,59,331
Granola Bags #08921,Food & Beverage,201.75,496.99,40,Warehouse C - Central,52,432
Hand Sanitizer 500ml #08922,Health & Beauty,191.24,220.5,429,Warehouse A - East,47,629
Polo Shirt #08923,Clothing,87.12,216.08,140,Warehouse D - North,46,463
Jump Rope #08924,Sports & Outdoors,155.53,268.23,31,Warehouse C - Central,13,691
Ballpoint Pens 12pk #08925,Office Supplies,230.51,529.7,96,Warehouse B - West,57,441
Bottled Water Case #08926,Food & Beverage,227.31,345.89,445,Warehouse A - East,66,558
Printer Paper A4 #08927,Office Supplies,169.06,296.75,179,Warehouse B - West,59,576
Camping Chair #08928,Sports & Outdoors,66.71,143.18,259,Warehouse D - North,64,771
Bookshelf 5-Tier #08929,Furniture,51.28,128.09,174,Warehouse A - East,76,698
Yoga Mat #08930,Sports & Outdoors,120.86,172.56,359,Warehouse B - West,17,692
Card Game Set #08931,Toys & Games,239.02,491.98,160,Warehouse D - North,59,454
Lawn Fertilizer #08932,Home & Garden,111.61,143.09,472,Warehouse D - North,37,974
Windbreaker #08933,Clothing,130.73,193.94,278,Warehouse C - Central,68,542
Motor Oil 5W-30 #08934,Automotive Parts,31.25,39.29,42,Warehouse C - Central,46,401
Rubik's Cube #08935,Toys & Games,49.32,97.87,291,Warehouse D - North,43,365
Rain Poncho #08936,Clothing,207.01,453.87,466,Warehouse A - East,78,723
Headlamp LED #08937,Sports & Outdoors,93.25,185.91,413,Warehouse C - Central,58,214
Mechanical Keyboard #08938,Electronics,139.71,248.3,156,Warehouse A - East,68,675
Paint Roller Set #08939,Home & Garden,136.66,195.1,172,Warehouse B - West,73,735
Drone Mini #08940,Toys & Games,198.9,300.73,381,Warehouse B - West,46,333
Yoga Mat #08941,Sports & Outdoors,102.67,189.73,110,Warehouse B - West,41,804
Science Kit #08942,Toys & Games,8.57,17.95,446,Warehouse B - West,64,401
Olive Oil 500ml #08943,Food & Beverage,29.19,38.98,151,Warehouse D - North,70,915
Vitamin C Tablets #08944,Health & Beauty,198.0,442.79,214,Warehouse A - East,11,396
Tape Dispenser #08945,Office Supplies,127.09,287.78,184,Warehouse C - Central,33,686
Ballpoint Pens 12pk #08946,Office Supplies,205.29,285.02,328,Warehouse C - Central,62,501
Aloe Vera Gel #08947,Health & Beauty,208.88,492.05,235,Warehouse C - Central,73,327
Building Blocks 500pc #08948,Toys & Games,238.02,312.81,383,Warehouse B - West,43,313
Paint Roller Set #08949,Home & Garden,78.93,138.23,82,Warehouse C - Central,22,322
Hand Sanitizer 500ml #08950,Health & Beauty,184.0,240.48,130,Warehouse A - East,67,998
Sticky Notes 8pk #08951,Office Supplies,242.05,307.12,302,Warehouse D - North,58,312
Cap Branded #08952,Clothing,128.98,243.4,349,Warehouse C - Central,76,464
Cotton T-Shirt Pack #08953,Clothing,243.28,489.68,259,Warehouse C - Central,13,470
Sleeping Bag #08954,Sports & Outdoors,233.92,577.33,474,Warehouse C - Central,79,822
Bookshelf 5-Tier #08955,Furniture,29.08,65.91,244,Warehouse C - Central,49,969
Tire Pressure Gauge #08956,Automotive Parts,239.56,518.2,380,Warehouse C - Central,39,600
Computer Desk #08957,Furniture,55.99,123.1,12,Warehouse A - East,48,669
Work Boots #08958,Clothing,216.12,471.35,335,Warehouse A - East,30,571
Sprinkler System #08959,Home & Garden,47.93,102.53,70,Warehouse C - Central,10,424
Ballpoint Pens 12pk #08960,Office Supplies,195.57,481.88,474,Warehouse C - Central,66,834
Drafting Chair #08961,Furniture,198.81,495.87,349,Warehouse B - West,65,849
Vitamin C Tablets #08962,Health & Beauty,39.16,46.69,185,Warehouse D - North,74,779
Work Boots #08963,Clothing,205.5,337.1,32,Warehouse C - Central,75,729
Water Bottle 1L #08964,Sports & Outdoors,212.56,416.7,313,Warehouse A - East,66,694
Cap Branded #08965,Clothing,158.41,351.81,145,Warehouse C - Central,55,773
Foam Roller #08966,Sports & Outdoors,35.74,81.7,164,Warehouse D - North,47,946
Thermal Underwear #08967,Clothing,29.44,57.72,336,Warehouse B - West,61,658
Dark Chocolate Box #08968,Food & Beverage,92.78,215.06,120,Warehouse D - North,68,229
Protein Bars 12pk #08969,Food & Beverage,53.11,61.33,38,Warehouse C - Central,66,287
Hiking Backpack #08970,Sports & Outdoors,199.14,279.8,304,Warehouse A - East,57,864
Lawn Fertilizer #08971,Home & Garden,33.31,77.68,353,Warehouse D - North,64,850
Aloe Vera Gel #08972,Health & Beauty,185.28,264.38,144,Warehouse B - West,72,252
Webcam HD #08973,Electronics,104.63,154.7,439,Warehouse A - East,76,637
Fleece Hoodie #08974,Clothing,157.36,277.62,59,Warehouse C - Central,68,541
Power Bank 20000mAh #08975,Electronics,58.14,126.9,272,Warehouse C - Central,80,616
File Folders 20pk #08976,Office Supplies,47.26,86.69,327,Warehouse A - East,70,599
Air Filter #08977,Automotive Parts,116.61,273.68,29,Warehouse C - Central,11,451
Ergonomic Office Chair #08978,Furniture,191.11,443.11,482,Warehouse D - North,32,740
USB Flash Drive 64GB #08979,Electronics,60.43,76.73,44,Warehouse D - North,44,887
Vitamin C Tablets #08980,Health & Beauty,5.74,14.07,10,Warehouse D - North,71,250
Thermometer Digital #08981,Health & Beauty,249.25,303.58,494,Warehouse A - East,70,875
Cargo Shorts #08982,Clothing,81.45,181.61,495,Warehouse A - East,63,308
Camping Chair #08983,Sports & Outdoors,157.24,219.54,450,Warehouse A - East,43,844
Cotton T-Shirt Pack #08984,Clothing,140.91,291.32,94,Warehouse C - Central,16,316
Ballpoint Pens 12pk #08985,Office Supplies,30.4,72.91,457,Warehouse B - West,75,867
Stuffed Animal Bear #08986,Toys & Games,49.26,61.61,222,Warehouse A - East,51,850
Water Bottle 1L #08987,Sports & Outdoors,38.43,83.4,443,Warehouse C - Central,36,469
USB Flash Drive 64GB #08988,Electronics,204.04,390.21,14,Warehouse B - West,71,276
Jump Starter #08989,Automotive Parts,97.02,172.81,336,Warehouse A - East,17,593
LED Bulb 4pk #08990,Home & Garden,232.53,492.46,30,Warehouse A - East,63,496
Resistance Bands Set #08991,Sports & Outdoors,23.85,34.8,282,Warehouse A - East,45,222
Face Masks 50pk #08992,Health & Beauty,71.55,126.17,10,Warehouse B - West,44,406
Jump Rope #08993,Sports & Outdoors,27.11,38.14,74,Warehouse A - East,47,643
Tent 4-Person #08994,Sports & Outdoors,90.86,123.51,333,Warehouse B - West,20,268
First Aid Kit #08995,Health & Beauty,74.8,141.78,477,Warehouse D - North,23,341
Envelopes 100pk #08996,Office Supplies,35.04,79.18,189,Warehouse B - West,79,912
Tent 4-Person #08997,Sports & Outdoors,45.28,66.73,104,Warehouse C - Central,62,712
LED Bulb 4pk #08998,Home & Garden,179.54,305.67,464,Warehouse D - North,44,532
Label Maker #08999,Office Supplies,212.27,369.93,491,Warehouse C - Central,37,282
Headlight Bulb Pair #09000,Automotive Parts,167.14,289.0,289,Warehouse B - West,23,384
Rubik's Cube #09001,Toys & Games,64.72,96.86,411,Warehouse B - West,42,831
SSD 1TB External #09002,Electronics,163.74,310.54,168,Warehouse C - Central,68,714
Insect Repellent #09003,Health & Beauty,163.45,201.64,412,Warehouse B - West,31,968
SSD 1TB External #09004,Electronics,204.5,366.12,449,Warehouse D - North,49,871
Tent 4-Person #09005,Sports & Outdoors,9.84,24.58,476,Warehouse D - North,29,769
USB Flash Drive 64GB #09006,Electronics,20.62,25.84,127,Warehouse A - East,66,618
Noise Cancelling Headphones #09007,Electronics,20.03,47.37,279,Warehouse B - West,79,299
Car Charger Dual USB #09008,Automotive Parts,15.65,20.34,145,Warehouse C - Central,68,203
Face Masks 50pk #09009,Health & Beauty,197.27,294.84,438,Warehouse B - West,39,993
Headlamp LED #09010,Sports & Outdoors,118.54,150.63,423,Warehouse C - Central,18,776
Standing Desk #09011,Furniture,3.88,5.89,371,Warehouse C - Central,26,611
Label Maker #09012,Office Supplies,234.09,291.6,174,Warehouse C - Central,55,290
Power Strip 6-Outlet #09013,Home & Garden,170.75,396.11,435,Warehouse D - North,10,207
Paint Roller Set #09014,Home & Garden,186.7,241.63,122,Warehouse B - West,68,655
Safety Vest Hi-Vis #09015,Clothing,127.75,203.12,487,Warehouse B - West,64,793
Conference Table #09016,Furniture,141.8,231.03,274,Warehouse A - East,19,939
Wiper Blades Pair #09017,Automotive Parts,37.49,64.18,473,Warehouse A - East,19,805
Instant Oatmeal Pack #09018,Food & Beverage,239.44,421.24,45,Warehouse B - West,22,209
Cooler Box 40L #09019,Sports & Outdoors,203.04,448.0,337,Warehouse B - West,50,794
Energy Drinks 24pk #09020,Food & Beverage,234.96,369.7,355,Warehouse A - East,54,883
Insect Repellent #09021,Health & Beauty,69.97,143.22,253,Warehouse D - North,43,641
Work Boots #09022,Clothing,147.74,323.99,416,Warehouse A - East,76,749
Computer Desk #09023,Furniture,242.16,325.71,387,Warehouse D - North,16,649
Power Bank 20000mAh #09024,Electronics,167.2,365.36,471,Warehouse D - North,56,525
Bluetooth Speaker #09025,Electronics,37.74,54.78,224,Warehouse D - North,69,616
Coolant 4L #09026,Automotive Parts,63.89,145.93,454,Warehouse D - North,44,801
LED Bulb 4pk #09027,Home & Garden,225.08,540.03,401,Warehouse D - North,10,380
Instant Oatmeal Pack #09028,Food & Beverage,210.11,300.99,14,Warehouse A - East,56,666
Cargo Pants #09029,Clothing,101.96,233.11,497,Warehouse D - North,65,384
Sprinkler System #09030,Home & Garden,158.4,329.34,244,Warehouse B - West,39,471
Envelopes 100pk #09031,Office Supplies,217.55,442.18,135,Warehouse C - Central,31,606
Lip Balm Pack #09032,Health & Beauty,99.74,115.1,335,Warehouse C - Central,61,718
Envelopes 100pk #09033,Office Supplies,152.89,356.1,74,Warehouse A - East,19,838
Mixed Nuts 500g #09034,Food & Beverage,183.97,440.34,152,Warehouse D - North,26,297
Stuffed Animal Bear #09035,Toys & Games,248.91,386.94,353,Warehouse C - Central,78,997
Paint Roller Set #09036,Home & Garden,217.76,470.34,145,Warehouse B - West,49,624
Hand Sanitizer 500ml #09037,Health & Beauty,214.41,336.08,392,Warehouse D - North,47,298
Green Tea Box #09038,Food & Beverage,107.35,219.12,368,Warehouse C - Central,59,986
Floating Shelf Set #09039,Furniture,15.63,19.29,112,Warehouse A - East,66,800
Eye Drops #09040,Health & Beauty,67.91,89.56,67,Warehouse D - North,15,635
Power Bank 20000mAh #09041,Electronics,218.29,474.15,13,Warehouse C - Central,78,985
Outdoor Solar Lights #09042,Home & Garden,231.37,501.16,370,Warehouse D - North,22,842
Noise Cancelling Headphones #09043,Electronics,220.3,402.66,224,Warehouse B - West,28,482
SSD 1TB External #09044,Electronics,83.72,98.29,386,Warehouse B - West,66,673
Fleece Hoodie #09045,Clothing,208.98,359.86,469,Warehouse B - West,60,655
Insect Repellent #09046,Health & Beauty,80.15,185.31,356,Warehouse A - East,65,263
Cooler Box 40L #09047,Sports & Outdoors,10.88,20.29,403,Warehouse C - Central,51,977
Building Blocks 500pc #09048,Toys & Games,178.55,371.6,179,Warehouse D - North,18,647
Puzzle 1000pc #09049,Toys & Games,239.86,322.14,33,Warehouse D - North,50,345
Floating Shelf Set #09050,Furniture,32.4,55.58,30,Warehouse B - West,65,717
Air Filter #09051,Automotive Parts,220.74,551.3,395,Warehouse C - Central,65,461
Eye Drops #09052,Health & Beauty,21.4,30.93,340,Warehouse A - East,51,767
Rubik's Cube #09053,Toys & Games,103.19,154.0,451,Warehouse A - East,21,433
Bluetooth Speaker #09054,Electronics,170.7,417.7,452,Warehouse C - Central,59,347
Outdoor Solar Lights #09055,Home & Garden,30.54,48.85,487,Warehouse C - Central,40,207
Ballpoint Pens 12pk #09056,Office Supplies,234.03,426.99,194,Warehouse A - East,31,488
Bandages Assorted #09057,Health & Beauty,95.73,113.67,32,Warehouse A - East,14,645
Stuffed Animal Bear #09058,Toys & Games,186.34,429.91,405,Warehouse B - West,58,293
Thermal Underwear #09059,Clothing,174.66,302.48,98,Warehouse A - East,64,594
Vitamin C Tablets #09060,Health & Beauty,6.3,7.9,36,Warehouse C - Central,71,772
Webcam HD #09061,Electronics,204.0,317.44,365,Warehouse A - East,35,594
Cap Branded #09062,Clothing,18.27,25.11,338,Warehouse A - East,59,299
Winter Jacket #09063,Clothing,17.72,39.86,81,Warehouse A - East,18,359
Remote Control Car #09064,Toys & Games,198.02,284.48,232,Warehouse A - East,36,217
LED Bulb 4pk #09065,Home & Garden,199.53,404.52,418,Warehouse D - North,74,803
Rubik's Cube #09066,Toys & Games,90.95,161.2,239,Warehouse D - North,69,576
Thermometer Digital #09067,Health & Beauty,27.51,52.07,438,Warehouse B - West,49,578
SSD 1TB External #09068,Electronics,33.35,73.14,311,Warehouse A - East,44,962
Instant Oatmeal Pack #09069,Food & Beverage,97.54,189.12,355,Warehouse B - West,20,397
Monitor Light Bar #09070,Electronics,149.12,345.52,499,Warehouse C - Central,42,949
Water Bottle 1L #09071,Sports & Outdoors,179.1,238.64,191,Warehouse C - Central,51,497
Safety Vest Hi-Vis #09072,Clothing,128.36,320.57,472,Warehouse A - East,19,465
Bottled Water Case #09073,Food & Beverage,184.63,249.19,451,Warehouse D - North,50,740
Filing Cabinet #09074,Furniture,54.35,76.43,334,Warehouse C - Central,37,211
Garden Hose 30m #09075,Home & Garden,202.17,404.07,116,Warehouse A - East,23,279
Instant Oatmeal Pack #09076,Food & Beverage,36.64,52.36,444,Warehouse A - East,63,680
Sticky Notes 8pk #09077,Office Supplies,186.13,245.39,108,Warehouse B - West,57,943
Cargo Pants #09078,Clothing,203.77,255.41,264,Warehouse B - West,13,786
Noise Cancelling Headphones #09079,Electronics,121.55,233.31,453,Warehouse A - East,38,411
LEGO Technic Set #09080,Toys & Games,206.12,289.42,412,Warehouse D - North,20,845
Mechanical Keyboard #09081,Electronics,6.43,13.98,462,Warehouse D - North,75,356
Label Maker #09082,Office Supplies,31.32,41.06,120,Warehouse C - Central,36,982
Tape Dispenser #09083,Office Supplies,46.45,87.43,452,Warehouse A - East,57,717
Binoculars #09084,Sports & Outdoors,132.12,289.91,248,Warehouse A - East,65,712
Jump Starter #09085,Automotive Parts,140.01,268.54,91,Warehouse D - North,45,490
Lip Balm Pack #09086,Health & Beauty,41.31,58.64,176,Warehouse D - North,77,939
Aloe Vera Gel #09087,Health & Beauty,69.79,145.32,484,Warehouse D - North,33,902
Monitor Light Bar #09088,Electronics,38.02,45.8,248,Warehouse B - West,57,461
Cargo Shorts #09089,Clothing,67.38,130.5,18,Warehouse D - North,21,508
Sprinkler System #09090,Home & Garden,144.99,318.53,417,Warehouse B - West,36,611
Building Blocks 500pc #09091,Toys & Games,85.3,169.82,182,Warehouse D - North,75,584
Desk Organizer #09092,Office Supplies,236.96,359.88,399,Warehouse C - Central,41,477
Foam Roller #09093,Sports & Outdoors,82.44,141.7,290,Warehouse B - West,34,867
Tool Kit 50pc #09094,Home & Garden,56.02,90.48,227,Warehouse A - East,17,718
Floating Shelf Set #09095,Furniture,91.12,207.17,303,Warehouse A - East,58,617
Lip Balm Pack #09096,Health & Beauty,165.66,277.5,265,Warehouse A - East,44,799
Desk Organizer #09097,Office Supplies,152.44,365.85,179,Warehouse A - East,70,325
Motor Oil 5W-30 #09098,Automotive Parts,97.27,124.46,444,Warehouse B - West,11,380
Dark Chocolate Box #09099,Food & Beverage,86.17,196.68,301,Warehouse D - North,63,211
Binoculars #09100,Sports & Outdoors,85.02,138.16,91,Warehouse C - Central,56,223
Moisturizer Pump #09101,Health & Beauty,109.86,245.27,138,Warehouse C - Central,78,726
Label Maker #09102,Office Supplies,176.32,364.37,368,Warehouse A - East,18,745
Car Battery #09103,Automotive Parts,82.14,177.4,225,Warehouse B - West,61,735
Pressure Washer #09104,Home & Garden,54.97,95.4,357,Warehouse A - East,11,850
Envelopes 100pk #09105,Office Supplies,165.34,400.65,487,Warehouse A - East,39,863
Bottled Water Case #09106,Food & Beverage,90.08,178.48,440,Warehouse D - North,14,676
Bandages Assorted #09107,Health & Beauty,110.52,268.86,110,Warehouse A - East,34,504
Rubik's Cube #09108,Toys & Games,171.15,209.23,173,Warehouse A - East,53,230
Mixed Nuts 500g #09109,Food & Beverage,50.28,123.94,396,Warehouse A - East,47,432
Coolant 4L #09110,Automotive Parts,35.25,73.1,358,Warehouse D - North,46,837
Green Tea Box #09111,Food & Beverage,126.24,231.51,120,Warehouse B - West,42,220
Garden Hose 30m #09112,Home & Garden,206.9,251.51,169,Warehouse B - West,76,527
Tool Kit 50pc #09113,Home & Garden,225.91,323.24,42,Warehouse C - Central,15,655
Floor Mats Set #09114,Automotive Parts,129.56,244.85,214,Warehouse C - Central,28,232
Sunscreen SPF50 #09115,Health & Beauty,6.59,13.78,46,Warehouse D - North,76,629
Sticky Notes 8pk #09116,Office Supplies,118.54,200.22,380,Warehouse A - East,48,247
Scissors 3pk #09117,Office Supplies,24.78,47.41,414,Warehouse C - Central,66,940
Computer Desk #09118,Furniture,227.91,514.89,352,Warehouse A - East,26,674
Cooler Box 40L #09119,Sports & Outdoors,221.39,486.11,384,Warehouse C - Central,24,804
Sticky Notes 8pk #09120,Office Supplies,185.54,353.73,71,Warehouse B - West,69,624
Moisturizer Pump #09121,Health & Beauty,199.26,299.94,119,Warehouse A - East,57,657
Desk Organizer #09122,Office Supplies,201.96,341.83,275,Warehouse C - Central,35,524
Wiper Blades Pair #09123,Automotive Parts,209.78,322.12,235,Warehouse D - North,24,518
Cotton T-Shirt Pack #09124,Clothing,67.5,139.06,233,Warehouse A - East,35,326
Brake Pads Set #09125,Automotive Parts,33.76,47.49,226,Warehouse B - West,75,305
Desk Lamp LED #09126,Furniture,89.94,217.22,390,Warehouse D - North,30,424
Olive Oil 500ml #09127,Food & Beverage,171.49,301.81,339,Warehouse A - East,12,477
Face Masks 50pk #09128,Health & Beauty,85.38,208.93,273,Warehouse B - West,62,285
Paint Roller Set #09129,Home & Garden,50.27,74.34,288,Warehouse B - West,14,608
Rain Poncho #09130,Clothing,115.5,182.82,173,Warehouse C - Central,43,936
USB Flash Drive 64GB #09131,Electronics,5.86,7.93,412,Warehouse D - North,10,901
Rubik's Cube #09132,Toys & Games,130.91,209.54,208,Warehouse D - North,10,270
Pressure Washer #09133,Home & Garden,243.02,504.91,293,Warehouse B - West,36,795
Car Charger Dual USB #09134,Automotive Parts,168.94,238.68,326,Warehouse D - North,14,996
Chess Set Wooden #09135,Toys & Games,150.13,317.48,290,Warehouse B - West,72,953
SSD 1TB External #09136,Electronics,165.41,352.99,261,Warehouse B - West,40,916
Ballpoint Pens 12pk #09137,Office Supplies,220.17,285.33,387,Warehouse B - West,34,613
Hand Sanitizer 500ml #09138,Health & Beauty,127.76,179.85,312,Warehouse B - West,52,896
Paint Roller Set #09139,Home & Garden,194.29,349.81,447,Warehouse D - North,42,529
Granola Bags #09140,Food & Beverage,181.46,252.29,479,Warehouse C - Central,52,223
Thermometer Digital #09141,Health & Beauty,96.72,207.41,442,Warehouse C - Central,76,876
Scissors 3pk #09142,Office Supplies,210.93,477.34,385,Warehouse C - Central,57,791
Eye Drops #09143,Health & Beauty,73.14,84.84,65,Warehouse B - West,78,783
Dried Fruit Mix #09144,Food & Beverage,199.91,289.51,231,Warehouse B - West,22,503
Moisturizer Pump #09145,Health & Beauty,169.7,346.23,30,Warehouse D - North,25,451
Cargo Shorts #09146,Clothing,69.59,94.77,282,Warehouse D - North,47,232
Science Kit #09147,Toys & Games,80.5,116.8,351,Warehouse D - North,53,439
Resistance Bands Set #09148,Sports & Outdoors,45.6,61.74,248,Warehouse C - Central,27,287
LEGO Technic Set #09149,Toys & Games,136.78,329.17,168,Warehouse B - West,59,205
Safety Vest Hi-Vis #09150,Clothing,68.73,139.53,118,Warehouse A - East,31,856
Granola Bags #09151,Food & Beverage,214.62,381.24,448,Warehouse D - North,12,260
Whiteboard Markers 6pk #09152,Office Supplies,4.55,9.45,142,Warehouse B - West,28,786
File Folders 20pk #09153,Office Supplies,83.0,99.85,321,Warehouse A - East,34,379
Laptop Cooling Pad #09154,Electronics,177.48,331.14,336,Warehouse C - Central,26,506
Building Blocks 500pc #09155,Toys & Games,56.54,112.96,431,Warehouse C - Central,22,200
Tent 4-Person #09156,Sports & Outdoors,202.72,248.11,62,Warehouse C - Central,34,617
Wireless Charger #09157,Electronics,188.8,314.51,500,Warehouse A - East,22,583
Computer Desk #09158,Furniture,35.85,49.46,57,Warehouse B - West,38,886
Stuffed Animal Bear #09159,Toys & Games,17.31,20.5,125,Warehouse B - West,32,399
Filing Cabinet #09160,Furniture,143.13,287.79,69,Warehouse A - East,79,522
Sunscreen SPF50 #09161,Health & Beauty,124.74,196.82,88,Warehouse C - Central,27,302
Building Blocks 500pc #09162,Toys & Games,99.36,126.75,353,Warehouse C - Central,20,814
Dark Chocolate Box #09163,Food & Beverage,37.2,47.39,168,Warehouse C - Central,71,714
Cargo Shorts #09164,Clothing,135.97,302.92,477,Warehouse C - Central,41,851
Cable Management Tray #09165,Furniture,163.84,331.67,352,Warehouse D - North,25,839
Chess Set Wooden #09166,Toys & Games,217.47,392.63,123,Warehouse A - East,12,880
LEGO Technic Set #09167,Toys & Games,187.33,427.46,52,Warehouse C - Central,23,556
Granola Bags #09168,Food & Beverage,30.26,52.57,228,Warehouse C - Central,16,280
Ergonomic Office Chair #09169,Furniture,234.88,575.16,345,Warehouse A - East,76,340
Paint Roller Set #09170,Home & Garden,166.8,277.49,74,Warehouse A - East,13,844
Chess Set Wooden #09171,Toys & Games,48.73,67.65,253,Warehouse C - Central,34,643
Cargo Shorts #09172,Clothing,173.02,330.5,104,Warehouse C - Central,68,333
Polo Shirt #09173,Clothing,186.33,374.68,193,Warehouse D - North,54,621
Rubik's Cube #09174,Toys & Games,25.46,55.47,227,Warehouse D - North,19,345
Card Game Set #09175,Toys & Games,201.37,423.26,49,Warehouse C - Central,39,222
Art Supplies Box #09176,Toys & Games,34.39,76.59,127,Warehouse D - North,31,516
SSD 1TB External #09177,Electronics,167.58,196.41,284,Warehouse D - North,64,761
Tape Dispenser #09178,Office Supplies,207.21,398.96,482,Warehouse B - West,17,928
Rain Poncho #09179,Clothing,176.0,271.05,137,Warehouse D - North,11,344
Storage Ottoman #09180,Furniture,216.27,478.09,266,Warehouse A - East,42,527
Desk Lamp LED #09181,Furniture,199.58,431.18,66,Warehouse C - Central,31,550
Ballpoint Pens 12pk #09182,Office Supplies,156.48,183.73,6,Warehouse B - West,47,540
Car Charger Dual USB #09183,Automotive Parts,18.12,42.86,499,Warehouse D - North,14,549
Insect Repellent #09184,Health & Beauty,194.41,401.31,431,Warehouse A - East,71,349
Fleece Hoodie #09185,Clothing,141.72,181.2,421,Warehouse C - Central,41,428
Jump Rope #09186,Sports & Outdoors,49.6,76.98,106,Warehouse B - West,12,826
Outdoor Solar Lights #09187,Home & Garden,114.52,210.53,100,Warehouse A - East,36,320
Polo Shirt #09188,Clothing,126.84,263.6,22,Warehouse C - Central,56,609
Sleeping Bag #09189,Sports & Outdoors,131.85,326.45,132,Warehouse C - Central,42,253
File Folders 20pk #09190,Office Supplies,110.4,236.39,416,Warehouse D - North,56,280
Face Masks 50pk #09191,Health & Beauty,62.44,122.86,176,Warehouse C - Central,14,457
Face Masks 50pk #09192,Health & Beauty,245.5,469.02,454,Warehouse A - East,27,973
Stuffed Animal Bear #09193,Toys & Games,71.44,117.38,481,Warehouse B - West,21,386
Standing Desk #09194,Furniture,201.94,474.53,292,Warehouse C - Central,46,797
Sunscreen SPF50 #09195,Health & Beauty,47.57,87.69,72,Warehouse D - North,52,883
Sunscreen SPF50 #09196,Health & Beauty,110.7,271.03,460,Warehouse B - West,62,959
USB Flash Drive 64GB #09197,Electronics,71.0,163.89,421,Warehouse C - Central,53,223
Car Charger Dual USB #09198,Automotive Parts,163.76,272.3,145,Warehouse B - West,18,644
Scissors 3pk #09199,Office Supplies,208.3,381.9,470,Warehouse C - Central,18,213
Puzzle 1000pc #09200,Toys & Games,88.24,121.03,61,Warehouse C - Central,74,805
Power Strip 6-Outlet #09201,Home & Garden,62.67,80.98,42,Warehouse C - Central,65,585
Headlamp LED #09202,Sports & Outdoors,57.24,114.42,444,Warehouse A - East,38,200
Thermometer Digital #09203,Health & Beauty,203.51,289.67,297,Warehouse C - Central,15,280
Paint Roller Set #09204,Home & Garden,5.15,10.55,322,Warehouse C - Central,56,974
Outdoor Solar Lights #09205,Home & Garden,72.86,92.82,477,Warehouse D - North,59,945
Energy Drinks 24pk #09206,Food & Beverage,155.52,384.43,353,Warehouse D - North,74,399
Cap Branded #09207,Clothing,189.15,439.71,134,Warehouse D - North,22,872
Storage Ottoman #09208,Furniture,230.24,377.9,351,Warehouse C - Central,60,969
Jump Starter #09209,Automotive Parts,78.86,133.0,124,Warehouse C - Central,59,566
Tape Dispenser #09210,Office Supplies,30.41,39.73,28,Warehouse D - North,64,784
Headlight Bulb Pair #09211,Automotive Parts,98.76,143.64,453,Warehouse D - North,33,487
Work Boots #09212,Clothing,79.18,112.53,307,Warehouse C - Central,32,715
Desk Lamp LED #09213,Furniture,105.06,221.97,105,Warehouse C - Central,73,812
Floor Mats Set #09214,Automotive Parts,158.45,197.02,377,Warehouse B - West,37,428
Hedge Trimmer #09215,Home & Garden,235.3,307.37,489,Warehouse D - North,70,750
Jump Starter #09216,Automotive Parts,193.58,234.41,109,Warehouse C - Central,46,964
Webcam HD #09217,Electronics,83.4,157.57,353,Warehouse C - Central,22,638
Insect Repellent #09218,Health & Beauty,180.8,339.76,466,Warehouse D - North,17,842
Computer Desk #09219,Furniture,211.82,352.85,283,Warehouse A - East,73,585
Label Maker #09220,Office Supplies,239.35,551.77,461,Warehouse D - North,60,513
Webcam HD #09221,Electronics,213.28,497.63,103,Warehouse B - West,31,489
Tape Dispenser #09222,Office Supplies,102.38,137.59,50,Warehouse D - North,28,289
Bottled Water Case #09223,Food & Beverage,98.05,238.22,222,Warehouse B - West,63,668
Board Game Classic #09224,Toys & Games,95.71,197.96,430,Warehouse B - West,15,700
Spark Plugs 4pk #09225,Automotive Parts,124.71,170.87,403,Warehouse C - Central,34,623
Jump Starter #09226,Automotive Parts,20.64,30.95,357,Warehouse C - Central,65,621
Spark Plugs 4pk #09227,Automotive Parts,31.31,46.79,459,Warehouse D - North,30,361
Cable Management Tray #09228,Furniture,165.49,406.01,418,Warehouse C - Central,35,461
Cooler Box 40L #09229,Sports & Outdoors,113.25,171.01,134,Warehouse D - North,21,666
Aloe Vera Gel #09230,Health & Beauty,180.01,251.69,49,Warehouse A - East,48,737
Smart Watch #09231,Electronics,149.67,358.08,470,Warehouse A - East,71,725
Binder Clips Assorted #09232,Office Supplies,52.5,105.58,8,Warehouse B - West,72,212
Granola Bags #09233,Food & Beverage,30.74,51.69,213,Warehouse C - Central,71,209
Mixed Nuts 500g #09234,Food & Beverage,162.55,370.15,20,Warehouse C - Central,78,999
Drafting Chair #09235,Furniture,134.82,253.89,197,Warehouse D - North,17,606
Winter Jacket #09236,Clothing,248.59,469.62,309,Warehouse A - East,56,626
Ergonomic Office Chair #09237,Furniture,210.93,246.4,277,Warehouse D - North,66,567
Honey Jar #09238,Food & Beverage,173.79,379.1,477,Warehouse C - Central,43,256
First Aid Kit #09239,Health & Beauty,233.07,291.43,207,Warehouse A - East,22,406
Tool Kit 50pc #09240,Home & Garden,83.31,154.98,99,Warehouse A - East,63,290
Aloe Vera Gel #09241,Health & Beauty,197.03,363.57,469,Warehouse D - North,10,522
Thermometer Digital #09242,Health & Beauty,146.5,308.72,248,Warehouse C - Central,56,742
Mechanical Keyboard #09243,Electronics,76.43,148.76,256,Warehouse B - West,68,268
Envelopes 100pk #09244,Office Supplies,150.4,201.85,290,Warehouse C - Central,39,546
Thermometer Digital #09245,Health & Beauty,68.65,151.93,277,Warehouse D - North,12,550
Dark Chocolate Box #09246,Food & Beverage,17.42,22.97,382,Warehouse D - North,51,335
Conference Table #09247,Furniture,175.63,390.05,227,Warehouse C - Central,76,374
Cooler Box 40L #09248,Sports & Outdoors,160.75,277.01,222,Warehouse C - Central,37,248
Bookshelf 5-Tier #09249,Furniture,130.18,164.43,100,Warehouse D - North,66,832
Green Tea Box #09250,Food & Beverage,243.41,359.56,386,Warehouse C - Central,35,773
Sprinkler System #09251,Home & Garden,158.06,265.94,391,Warehouse A - East,52,658
Wireless Charger #09252,Electronics,30.39,62.71,430,Warehouse B - West,41,476
Storage Ottoman #09253,Furniture,40.08,55.68,372,Warehouse B - West,51,614
Filing Cabinet #09254,Furniture,66.95,94.56,189,Warehouse B - West,67,290
Monitor Light Bar #09255,Electronics,246.21,445.15,315,Warehouse B - West,26,270
Tape Dispenser #09256,Office Supplies,2.65,4.85,271,Warehouse B - West,67,984
Stapler Heavy Duty #09257,Office Supplies,10.24,25.37,189,Warehouse C - Central,61,517
Green Tea Box #09258,Food & Beverage,169.56,206.46,203,Warehouse A - East,17,689
Wireless Charger #09259,Electronics,240.11,463.21,20,Warehouse D - North,80,787
Car Battery #09260,Automotive Parts,67.44,136.22,165,Warehouse C - Central,38,484
Brake Pads Set #09261,Automotive Parts,102.81,211.63,481,Warehouse D - North,56,865
Mixed Nuts 500g #09262,Food & Beverage,98.55,167.59,490,Warehouse A - East,20,217
Dark Chocolate Box #09263,Food & Beverage,42.58,52.96,97,Warehouse D - North,12,433
Air Filter #09264,Automotive Parts,107.96,165.42,117,Warehouse A - East,15,755
Outdoor Solar Lights #09265,Home & Garden,244.7,346.72,14,Warehouse C - Central,36,941
Polo Shirt #09266,Clothing,101.29,185.9,312,Warehouse A - East,53,947
Sunscreen SPF50 #09267,Health & Beauty,74.38,180.34,169,Warehouse A - East,22,843
Sprinkler System #09268,Home & Garden,180.45,386.48,299,Warehouse A - East,30,274
Moisturizer Pump #09269,Health & Beauty,159.02,289.26,177,Warehouse B - West,77,662
Granola Bags #09270,Food & Beverage,170.98,257.65,193,Warehouse D - North,71,638
Sticky Notes 8pk #09271,Office Supplies,154.7,189.28,13,Warehouse D - North,72,413
Webcam HD #09272,Electronics,225.35,550.4,407,Warehouse D - North,73,497
Moisturizer Pump #09273,Health & Beauty,127.88,206.05,268,Warehouse C - Central,76,371
Motor Oil 5W-30 #09274,Automotive Parts,72.05,170.37,387,Warehouse C - Central,53,999
Sunscreen SPF50 #09275,Health & Beauty,140.39,231.05,262,Warehouse C - Central,79,690
Cargo Pants #09276,Clothing,13.65,20.61,438,Warehouse C - Central,79,245
Thermometer Digital #09277,Health & Beauty,196.9,450.24,302,Warehouse B - West,43,962
Monitor Light Bar #09278,Electronics,31.75,69.12,217,Warehouse A - East,16,748
Tire Pressure Gauge #09279,Automotive Parts,198.08,479.05,293,Warehouse C - Central,39,875
Plant Pots Set #09280,Home & Garden,191.13,466.21,401,Warehouse C - Central,11,229
Cotton T-Shirt Pack #09281,Clothing,11.88,21.92,308,Warehouse C - Central,62,968
Face Masks 50pk #09282,Health & Beauty,206.92,384.77,321,Warehouse B - West,48,847
Honey Jar #09283,Food & Beverage,162.05,188.17,374,Warehouse D - North,56,422
Dried Fruit Mix #09284,Food & Beverage,112.04,267.26,40,Warehouse A - East,59,707
Eye Drops #09285,Health & Beauty,163.68,365.77,283,Warehouse C - Central,17,552
Vitamin C Tablets #09286,Health & Beauty,197.22,382.76,189,Warehouse C - Central,75,390
Building Blocks 500pc #09287,Toys & Games,73.18,84.81,229,Warehouse B - West,43,534
Monitor Arm #09288,Furniture,127.66,181.7,396,Warehouse D - North,15,554
Sprinkler System #09289,Home & Garden,101.15,198.44,131,Warehouse C - Central,58,267
Storage Ottoman #09290,Furniture,81.93,149.32,133,Warehouse D - North,23,877
Label Maker #09291,Office Supplies,114.24,179.52,481,Warehouse C - Central,25,230
Lawn Fertilizer #09292,Home & Garden,50.12,66.41,463,Warehouse D - North,32,483
Coffee Beans 1kg #09293,Food & Beverage,46.7,102.11,464,Warehouse D - North,73,755
Jump Rope #09294,Sports & Outdoors,85.13,161.3,214,Warehouse B - West,60,671
LED Bulb 4pk #09295,Home & Garden,56.29,75.77,49,Warehouse B - West,24,853
Vitamin C Tablets #09296,Health & Beauty,141.31,178.16,450,Warehouse C - Central,45,694
Face Masks 50pk #09297,Health & Beauty,178.2,336.0,178,Warehouse D - North,18,812
Binder Clips Assorted #09298,Office Supplies,173.25,311.7,214,Warehouse A - East,28,745
Sticky Notes 8pk #09299,Office Supplies,229.15,413.55,14,Warehouse D - North,57,806
Mechanical Keyboard #09300,Electronics,50.94,106.05,260,Warehouse D - North,12,483
Protein Bars 12pk #09301,Food & Beverage,231.15,511.3,93,Warehouse B - West,26,479
Tire Pressure Gauge #09302,Automotive Parts,240.09,517.07,367,Warehouse D - North,22,305
Cap Branded #09303,Clothing,144.19,344.71,314,Warehouse C - Central,67,266
Standing Desk #09304,Furniture,68.56,162.81,226,Warehouse A - East,66,676
Tool Kit 50pc #09305,Home & Garden,30.84,48.62,497,Warehouse A - East,35,736
Science Kit #09306,Toys & Games,37.3,79.94,237,Warehouse D - North,75,969
Standing Desk #09307,Furniture,130.58,251.31,289,Warehouse B - West,31,771
Face Masks 50pk #09308,Health & Beauty,171.7,205.95,66,Warehouse A - East,65,856
Binder Clips Assorted #09309,Office Supplies,84.55,160.61,375,Warehouse D - North,79,964
Thermometer Digital #09310,Health & Beauty,160.72,266.13,156,Warehouse C - Central,17,991
Whiteboard Markers 6pk #09311,Office Supplies,41.47,47.77,312,Warehouse C - Central,56,843
Puzzle 1000pc #09312,Toys & Games,126.92,212.55,239,Warehouse D - North,53,643
Jump Rope #09313,Sports & Outdoors,188.01,320.1,286,Warehouse C - Central,76,278
Tent 4-Person #09314,Sports & Outdoors,54.71,106.62,66,Warehouse B - West,49,289
Instant Oatmeal Pack #09315,Food & Beverage,52.52,117.33,493,Warehouse C - Central,60,874
Noise Cancelling Headphones #09316,Electronics,25.97,52.15,158,Warehouse A - East,46,775
Polo Shirt #09317,Clothing,131.19,175.75,239,Warehouse A - East,39,565
Puzzle 1000pc #09318,Toys & Games,25.08,44.98,342,Warehouse C - Central,74,638
Face Masks 50pk #09319,Health & Beauty,133.63,289.24,288,Warehouse B - West,65,281
Wireless Charger #09320,Electronics,240.48,324.66,453,Warehouse A - East,75,658
USB-C Hub #09321,Electronics,144.57,239.77,146,Warehouse C - Central,64,970
Cargo Pants #09322,Clothing,157.82,348.89,446,Warehouse D - North,29,561
Winter Jacket #09323,Clothing,74.03,131.22,409,Warehouse B - West,29,824
HDMI Cable 2m #09324,Electronics,105.83,171.76,187,Warehouse D - North,63,858
Motor Oil 5W-30 #09325,Automotive Parts,230.74,402.53,24,Warehouse A - East,66,248
Smart Watch #09326,Electronics,226.66,559.08,471,Warehouse C - Central,57,933
Tire Pressure Gauge #09327,Automotive Parts,59.94,110.01,270,Warehouse D - North,26,550
Whiteboard Markers 6pk #09328,Office Supplies,172.57,305.37,499,Warehouse A - East,23,686
File Folders 20pk #09329,Office Supplies,213.72,446.74,206,Warehouse A - East,23,904
Car Charger Dual USB #09330,Automotive Parts,22.06,42.05,410,Warehouse A - East,52,717
Binoculars #09331,Sports & Outdoors,148.22,194.38,322,Warehouse B - West,64,342
Remote Control Car #09332,Toys & Games,117.69,177.82,257,Warehouse C - Central,69,269
Brake Pads Set #09333,Automotive Parts,87.48,148.11,424,Warehouse A - East,32,979
Wireless Mouse #09334,Electronics,207.47,310.95,249,Warehouse C - Central,18,784
HDMI Cable 2m #09335,Electronics,164.6,388.33,264,Warehouse A - East,53,805
Webcam HD #09336,Electronics,225.5,539.83,455,Warehouse A - East,79,626
Bandages Assorted #09337,Health & Beauty,211.99,412.37,27,Warehouse C - Central,28,670
Work Boots #09338,Clothing,118.77,291.28,99,Warehouse D - North,67,864
Work Boots #09339,Clothing,29.44,68.34,140,Warehouse A - East,70,204
Fleece Hoodie #09340,Clothing,171.98,371.35,452,Warehouse B - West,62,922
Puzzle 1000pc #09341,Toys & Games,101.93,198.13,458,Warehouse B - West,39,597
USB-C Hub #09342,Electronics,247.97,362.86,72,Warehouse D - North,23,457
Tool Kit 50pc #09343,Home & Garden,9.72,20.43,256,Warehouse A - East,60,334
Computer Desk #09344,Furniture,6.42,8.42,200,Warehouse C - Central,76,756
Energy Drinks 24pk #09345,Food & Beverage,148.29,208.94,178,Warehouse D - North,74,391
Instant Oatmeal Pack #09346,Food & Beverage,227.31,486.56,228,Warehouse B - West,77,735
Vitamin C Tablets #09347,Health & Beauty,172.01,405.34,311,Warehouse A - East,76,710
Mixed Nuts 500g #09348,Food & Beverage,142.88,316.33,76,Warehouse B - West,35,980
Scissors 3pk #09349,Office Supplies,41.12,89.6,316,Warehouse D - North,33,920
Foam Roller #09350,Sports & Outdoors,24.98,35.59,271,Warehouse C - Central,70,250
Foam Roller #09351,Sports & Outdoors,201.84,239.44,474,Warehouse C - Central,52,905
Tire Pressure Gauge #09352,Automotive Parts,89.27,124.7,57,Warehouse A - East,35,631
Motor Oil 5W-30 #09353,Automotive Parts,199.54,272.07,328,Warehouse A - East,48,797
Thermometer Digital #09354,Health & Beauty,28.08,58.45,442,Warehouse D - North,22,683
Envelopes 100pk #09355,Office Supplies,106.34,230.08,378,Warehouse D - North,36,904
Wireless Mouse #09356,Electronics,70.44,154.78,160,Warehouse D - North,48,550
Card Game Set #09357,Toys & Games,36.64,84.75,117,Warehouse D - North,69,419
Protein Bars 12pk #09358,Food & Beverage,225.88,518.65,352,Warehouse D - North,54,405
Winter Jacket #09359,Clothing,79.46,152.46,243,Warehouse B - West,25,367
Outdoor Solar Lights #09360,Home & Garden,79.99,99.88,332,Warehouse B - West,40,626
Wireless Mouse #09361,Electronics,145.79,320.49,177,Warehouse B - West,75,582
Face Masks 50pk #09362,Health & Beauty,233.88,311.4,248,Warehouse C - Central,12,720
Honey Jar #09363,Food & Beverage,248.86,523.48,241,Warehouse C - Central,12,645
USB-C Hub #09364,Electronics,52.92,122.43,137,Warehouse D - North,80,788
Car Charger Dual USB #09365,Automotive Parts,202.97,350.82,113,Warehouse B - West,72,589
Bandages Assorted #09366,Health & Beauty,19.17,30.61,469,Warehouse A - East,41,314
Thermometer Digital #09367,Health & Beauty,76.43,137.87,145,Warehouse A - East,13,535
Resistance Bands Set #09368,Sports & Outdoors,84.69,128.63,6,Warehouse A - East,62,979
Energy Drinks 24pk #09369,Food & Beverage,106.12,234.31,82,Warehouse D - North,69,210
Ergonomic Office Chair #09370,Furniture,164.89,198.44,394,Warehouse A - East,22,697
LEGO Technic Set #09371,Toys & Games,92.11,160.74,284,Warehouse D - North,22,672
Hand Sanitizer 500ml #09372,Health & Beauty,140.38,267.14,159,Warehouse D - North,70,791
Tent 4-Person #09373,Sports & Outdoors,54.63,120.61,368,Warehouse C - Central,25,571
Cooler Box 40L #09374,Sports & Outdoors,17.89,27.79,381,Warehouse B - West,41,906
Scissors 3pk #09375,Office Supplies,60.26,137.98,427,Warehouse A - East,69,201
Art Supplies Box #09376,Toys & Games,64.53,83.36,417,Warehouse D - North,80,761
Sticky Notes 8pk #09377,Office Supplies,192.8,400.61,363,Warehouse C - Central,72,947
Brake Pads Set #09378,Automotive Parts,147.72,369.04,279,Warehouse B - West,68,391
Tablet Stand #09379,Electronics,110.91,231.4,177,Warehouse D - North,70,762
Storage Ottoman #09380,Furniture,80.53,152.86,51,Warehouse A - East,35,206
Remote Control Car #09381,Toys & Games,233.1,319.7,208,Warehouse B - West,47,611
HDMI Cable 2m #09382,Electronics,163.44,295.66,315,Warehouse D - North,74,446
Drafting Chair #09383,Furniture,157.49,332.8,370,Warehouse B - West,13,385
Science Kit #09384,Toys & Games,51.91,112.32,351,Warehouse D - North,10,380
Insect Repellent #09385,Health & Beauty,218.28,468.1,426,Warehouse A - East,16,436
Resistance Bands Set #09386,Sports & Outdoors,157.8,215.81,380,Warehouse A - East,65,522
Floor Mats Set #09387,Automotive Parts,45.3,110.62,330,Warehouse D - North,33,553
Binder Clips Assorted #09388,Office Supplies,107.21,265.0,271,Warehouse B - West,23,330
Power Bank 20000mAh #09389,Electronics,173.27,234.0,167,Warehouse A - East,27,635
USB-C Hub #09390,Electronics,159.5,299.58,54,Warehouse A - East,33,450
Wiper Blades Pair #09391,Automotive Parts,132.18,319.45,477,Warehouse B - West,17,278
Cargo Pants #09392,Clothing,35.78,71.36,382,Warehouse B - West,63,558
Ergonomic Office Chair #09393,Furniture,21.2,37.06,327,Warehouse B - West,44,540
Laptop Cooling Pad #09394,Electronics,88.31,107.66,301,Warehouse D - North,20,268
Desk Lamp LED #09395,Furniture,127.1,233.78,190,Warehouse A - East,25,285
Yoga Mat #09396,Sports & Outdoors,166.71,259.86,84,Warehouse C - Central,30,942
USB Flash Drive 64GB #09397,Electronics,20.8,51.34,463,Warehouse C - Central,74,666
Noise Cancelling Headphones #09398,Electronics,47.06,83.82,21,Warehouse A - East,34,779
Art Supplies Box #09399,Toys & Games,63.08,73.25,315,Warehouse B - West,22,491
Brake Pads Set #09400,Automotive Parts,150.88,179.93,189,Warehouse A - East,24,510
Bandages Assorted #09401,Health & Beauty,176.66,322.81,61,Warehouse D - North,73,525
Ergonomic Office Chair #09402,Furniture,142.37,270.5,406,Warehouse B - West,47,752
Sleeping Bag #09403,Sports & Outdoors,18.22,24.87,171,Warehouse B - West,39,627
Eye Drops #09404,Health & Beauty,154.3,306.11,28,Warehouse B - West,55,387
Granola Bags #09405,Food & Beverage,165.81,259.6,172,Warehouse A - East,11,992
Car Charger Dual USB #09406,Automotive Parts,49.93,106.71,98,Warehouse A - East,58,476
Binoculars #09407,Sports & Outdoors,235.04,430.85,37,Warehouse C - Central,22,758
Hiking Backpack #09408,Sports & Outdoors,119.84,214.0,11,Warehouse C - Central,66,662
Jump Starter #09409,Automotive Parts,249.25,432.47,67,Warehouse A - East,69,273
Garden Hose 30m #09410,Home & Garden,236.49,362.97,398,Warehouse A - East,14,455
Wiper Blades Pair #09411,Automotive Parts,230.41,493.24,119,Warehouse B - West,59,741
Ballpoint Pens 12pk #09412,Office Supplies,81.83,185.75,239,Warehouse A - East,78,221
Spark Plugs 4pk #09413,Automotive Parts,213.38,356.04,59,Warehouse A - East,64,819
USB Flash Drive 64GB #09414,Electronics,131.14,194.25,365,Warehouse C - Central,69,535
Laptop Cooling Pad #09415,Electronics,110.82,271.79,50,Warehouse C - Central,43,506
Olive Oil 500ml #09416,Food & Beverage,67.02,114.23,308,Warehouse D - North,31,609
Fleece Hoodie #09417,Clothing,193.31,378.07,176,Warehouse A - East,22,799
Honey Jar #09418,Food & Beverage,220.28,322.68,143,Warehouse C - Central,48,281
Water Bottle 1L #09419,Sports & Outdoors,144.31,330.44,316,Warehouse D - North,30,673
Spark Plugs 4pk #09420,Automotive Parts,114.56,161.16,273,Warehouse D - North,62,320
Wireless Mouse #09421,Electronics,22.06,28.48,124,Warehouse D - North,73,713
Computer Desk #09422,Furniture,118.94,234.03,236,Warehouse B - West,77,856
Remote Control Car #09423,Toys & Games,16.49,20.24,398,Warehouse B - West,67,683
Binoculars #09424,Sports & Outdoors,76.1,171.31,26,Warehouse B - West,10,624
Yoga Mat #09425,Sports & Outdoors,147.24,322.47,209,Warehouse D - North,59,882
Power Bank 20000mAh #09426,Electronics,221.16,512.73,213,Warehouse A - East,76,780
Cap Branded #09427,Clothing,185.76,397.73,441,Warehouse D - North,74,733
Instant Oatmeal Pack #09428,Food & Beverage,160.28,241.3,226,Warehouse A - East,11,469
Board Game Classic #09429,Toys & Games,44.99,68.03,61,Warehouse A - East,62,895
Floor Mats Set #09430,Automotive Parts,249.69,351.47,255,Warehouse B - West,66,979
Smart Watch #09431,Electronics,211.77,337.49,114,Warehouse A - East,34,978
Monitor Arm #09432,Furniture,148.55,236.95,434,Warehouse C - Central,77,637
Motor Oil 5W-30 #09433,Automotive Parts,66.08,109.24,397,Warehouse B - West,50,246
Green Tea Box #09434,Food & Beverage,63.61,111.78,468,Warehouse C - Central,47,926
Brake Pads Set #09435,Automotive Parts,214.05,509.96,183,Warehouse D - North,16,423
Desk Lamp LED #09436,Furniture,241.61,508.68,15,Warehouse C - Central,11,695
Scissors 3pk #09437,Office Supplies,56.96,104.77,223,Warehouse A - East,78,348
Bookshelf 5-Tier #09438,Furniture,10.54,22.33,403,Warehouse B - West,23,526
Power Strip 6-Outlet #09439,Home & Garden,13.91,28.38,347,Warehouse D - North,64,901
Stuffed Animal Bear #09440,Toys & Games,178.64,324.18,347,Warehouse D - North,69,306
Art Supplies Box #09441,Toys & Games,36.89,43.21,13,Warehouse D - North,65,809
Bottled Water Case #09442,Food & Beverage,87.0,192.65,229,Warehouse B - West,43,803
Green Tea Box #09443,Food & Beverage,158.89,205.97,4,Warehouse B - West,20,705
Filing Cabinet #09444,Furniture,83.83,148.3,464,Warehouse B - West,17,805
Lawn Fertilizer #09445,Home & Garden,180.36,325.25,209,Warehouse A - East,56,719
Scissors 3pk #09446,Office Supplies,221.81,500.62,411,Warehouse A - East,69,586
Garden Hose 30m #09447,Home & Garden,163.22,287.01,67,Warehouse A - East,55,549
Tire Pressure Gauge #09448,Automotive Parts,136.13,261.98,312,Warehouse D - North,24,886
Sticky Notes 8pk #09449,Office Supplies,209.33,492.87,136,Warehouse B - West,17,760
Thermometer Digital #09450,Health & Beauty,69.75,99.72,31,Warehouse C - Central,33,729
Sleeping Bag #09451,Sports & Outdoors,149.4,188.93,261,Warehouse A - East,68,663
Tire Pressure Gauge #09452,Automotive Parts,207.67,344.77,349,Warehouse D - North,41,520
Board Game Classic #09453,Toys & Games,211.0,478.55,259,Warehouse D - North,18,751
Binder Clips Assorted #09454,Office Supplies,42.06,48.91,492,Warehouse D - North,36,766
Foam Roller #09455,Sports & Outdoors,59.87,69.12,62,Warehouse B - West,26,603
Envelopes 100pk #09456,Office Supplies,115.84,154.55,134,Warehouse A - East,66,617
LEGO Technic Set #09457,Toys & Games,56.34,126.84,253,Warehouse D - North,70,859
USB-C Hub #09458,Electronics,57.01,67.28,319,Warehouse B - West,78,638
Vitamin C Tablets #09459,Health & Beauty,50.93,121.7,467,Warehouse D - North,50,972
Computer Desk #09460,Furniture,236.29,518.01,171,Warehouse D - North,27,384
Cable Management Tray #09461,Furniture,4.31,8.04,209,Warehouse C - Central,64,646
Extension Cord 10m #09462,Home & Garden,136.35,162.79,94,Warehouse A - East,20,860
Instant Oatmeal Pack #09463,Food & Beverage,68.22,165.15,99,Warehouse C - Central,64,506
Plant Pots Set #09464,Home & Garden,244.06,333.25,40,Warehouse D - North,30,506
Pressure Washer #09465,Home & Garden,223.15,279.15,180,Warehouse B - West,70,960
Monitor Arm #09466,Furniture,63.51,152.21,33,Warehouse D - North,20,453
Binder Clips Assorted #09467,Office Supplies,201.06,467.69,453,Warehouse B - West,16,372
Art Supplies Box #09468,Toys & Games,109.39,232.85,91,Warehouse A - East,12,707
Filing Cabinet #09469,Furniture,236.78,281.16,328,Warehouse D - North,39,393
Sprinkler System #09470,Home & Garden,188.34,366.68,419,Warehouse B - West,46,819
Car Charger Dual USB #09471,Automotive Parts,52.98,94.95,142,Warehouse B - West,47,702
Winter Jacket #09472,Clothing,84.27,109.92,475,Warehouse C - Central,52,574
Science Kit #09473,Toys & Games,135.94,243.62,233,Warehouse C - Central,61,243
Cable Management Tray #09474,Furniture,45.17,85.09,244,Warehouse D - North,73,313
Storage Ottoman #09475,Furniture,245.49,477.85,431,Warehouse C - Central,46,478
Cargo Shorts #09476,Clothing,236.5,332.05,193,Warehouse C - Central,37,377
Motor Oil 5W-30 #09477,Automotive Parts,225.95,354.49,299,Warehouse C - Central,57,529
Brake Pads Set #09478,Automotive Parts,42.98,51.54,118,Warehouse A - East,21,592
Printer Paper A4 #09479,Office Supplies,96.4,183.82,138,Warehouse D - North,28,451
Jump Starter #09480,Automotive Parts,173.98,427.35,101,Warehouse B - West,26,838
Building Blocks 500pc #09481,Toys & Games,138.64,290.69,174,Warehouse C - Central,16,571
Drafting Chair #09482,Furniture,190.87,414.68,158,Warehouse C - Central,75,387
Paint Roller Set #09483,Home & Garden,171.29,401.96,59,Warehouse A - East,18,741
Granola Bags #09484,Food & Beverage,68.86,121.19,359,Warehouse A - East,12,632
Outdoor Solar Lights #09485,Home & Garden,55.26,122.74,251,Warehouse A - East,40,723
Wireless Charger #09486,Electronics,173.38,256.81,434,Warehouse D - North,10,901
Cargo Pants #09487,Clothing,141.39,169.59,65,Warehouse A - East,27,602
Tool Kit 50pc #09488,Home & Garden,78.07,126.0,199,Warehouse C - Central,46,826
Board Game Classic #09489,Toys & Games,189.31,339.37,498,Warehouse A - East,31,516
USB-C Hub #09490,Electronics,114.66,187.92,149,Warehouse D - North,40,533
Ballpoint Pens 12pk #09491,Office Supplies,73.55,99.61,241,Warehouse A - East,72,224
Jump Rope #09492,Sports & Outdoors,50.0,116.79,253,Warehouse B - West,27,877
Puzzle 1000pc #09493,Toys & Games,149.36,354.92,421,Warehouse A - East,40,714
Monitor Arm #09494,Furniture,139.23,252.28,456,Warehouse D - North,15,256
Moisturizer Pump #09495,Health & Beauty,188.93,315.89,274,Warehouse B - West,42,417
Dark Chocolate Box #09496,Food & Beverage,122.62,147.88,372,Warehouse D - North,37,527
Air Filter #09497,Automotive Parts,149.02,226.38,74,Warehouse B - West,46,692
Safety Vest Hi-Vis #09498,Clothing,225.9,347.18,245,Warehouse B - West,29,713
Mixed Nuts 500g #09499,Food & Beverage,77.56,113.91,323,Warehouse B - West,58,245
Safety Vest Hi-Vis #09500,Clothing,39.19,68.64,192,Warehouse C - Central,22,710
Binder Clips Assorted #09501,Office Supplies,77.69,117.88,464,Warehouse B - West,19,667
Smart Watch #09502,Electronics,203.56,373.48,447,Warehouse A - East,20,948
Rubik's Cube #09503,Toys & Games,249.19,334.79,374,Warehouse A - East,28,486
Thermal Underwear #09504,Clothing,110.46,160.79,415,Warehouse B - West,73,579
Rain Poncho #09505,Clothing,174.61,254.51,15,Warehouse D - North,38,802
Insect Repellent #09506,Health & Beauty,137.71,310.37,420,Warehouse B - West,32,825
Plant Pots Set #09507,Home & Garden,110.83,182.48,42,Warehouse C - Central,45,557
Face Masks 50pk #09508,Health & Beauty,149.33,229.01,375,Warehouse D - North,49,344
Instant Oatmeal Pack #09509,Food & Beverage,38.41,73.32,83,Warehouse C - Central,39,409
Binder Clips Assorted #09510,Office Supplies,52.3,107.69,190,Warehouse B - West,67,853
Car Charger Dual USB #09511,Automotive Parts,86.39,126.39,304,Warehouse A - East,35,278
Extension Cord 10m #09512,Home & Garden,55.46,74.64,469,Warehouse C - Central,63,458
Hedge Trimmer #09513,Home & Garden,186.12,309.06,466,Warehouse A - East,55,653
Hiking Backpack #09514,Sports & Outdoors,28.55,66.27,47,Warehouse A - East,56,837
Binder Clips Assorted #09515,Office Supplies,227.25,503.47,115,Warehouse D - North,39,574
Cargo Shorts #09516,Clothing,164.04,271.01,8,Warehouse C - Central,25,410
Whiteboard Markers 6pk #09517,Office Supplies,30.08,66.05,361,Warehouse C - Central,41,946
Standing Desk #09518,Furniture,224.05,391.08,420,Warehouse B - West,27,224
Polo Shirt #09519,Clothing,22.59,54.73,116,Warehouse B - West,79,379
LED Bulb 4pk #09520,Home & Garden,240.5,405.41,201,Warehouse B - West,62,631
Wireless Charger #09521,Electronics,121.19,241.56,497,Warehouse D - North,62,490
Olive Oil 500ml #09522,Food & Beverage,187.77,345.12,231,Warehouse A - East,50,639
Puzzle 1000pc #09523,Toys & Games,157.0,341.89,293,Warehouse A - East,20,288
Thermal Underwear #09524,Clothing,234.09,365.65,332,Warehouse B - West,36,738
Yoga Mat #09525,Sports & Outdoors,204.25,302.39,478,Warehouse B - West,66,577
Thermal Underwear #09526,Clothing,180.31,355.02,434,Warehouse D - North,74,962
Dark Chocolate Box #09527,Food & Beverage,165.78,203.0,474,Warehouse A - East,20,448
Extension Cord 10m #09528,Home & Garden,195.53,278.06,121,Warehouse A - East,60,823
Monitor Arm #09529,Furniture,140.41,233.53,452,Warehouse C - Central,24,275
Cable Management Tray #09530,Furniture,97.57,221.39,396,Warehouse C - Central,42,622
Puzzle 1000pc #09531,Toys & Games,49.59,84.83,191,Warehouse B - West,70,774
Outdoor Solar Lights #09532,Home & Garden,6.66,12.4,1,Warehouse A - East,46,666
Protein Bars 12pk #09533,Food & Beverage,41.75,50.27,6,Warehouse C - Central,77,716
Olive Oil 500ml #09534,Food & Beverage,22.06,46.04,136,Warehouse A - East,68,451
Power Bank 20000mAh #09535,Electronics,54.74,101.21,330,Warehouse B - West,38,303
Rubik's Cube #09536,Toys & Games,4.02,9.36,376,Warehouse B - West,44,365
Granola Bags #09537,Food & Beverage,106.39,184.3,391,Warehouse D - North,20,221
Windbreaker #09538,Clothing,247.06,470.46,323,Warehouse B - West,36,929
Bookshelf 5-Tier #09539,Furniture,211.86,477.48,48,Warehouse C - Central,15,299
Ergonomic Office Chair #09540,Furniture,228.87,563.71,435,Warehouse C - Central,72,727
Art Supplies Box #09541,Toys & Games,169.72,259.68,345,Warehouse A - East,29,916
Art Supplies Box #09542,Toys & Games,168.95,411.25,426,Warehouse B - West,61,636
Ergonomic Office Chair #09543,Furniture,14.51,35.39,171,Warehouse C - Central,35,278
Safety Vest Hi-Vis #09544,Clothing,228.87,381.74,380,Warehouse D - North,40,368
Conference Table #09545,Furniture,222.39,400.34,355,Warehouse C - Central,32,859
SSD 1TB External #09546,Electronics,236.05,529.96,100,Warehouse D - North,39,330
Yoga Mat #09547,Sports & Outdoors,146.23,222.11,158,Warehouse B - West,43,726
Floating Shelf Set #09548,Furniture,233.63,514.55,484,Warehouse B - West,46,964
LED Bulb 4pk #09549,Home & Garden,200.04,249.9,41,Warehouse D - North,65,931
Tool Kit 50pc #09550,Home & Garden,184.51,442.97,102,Warehouse B - West,69,366
Hiking Backpack #09551,Sports & Outdoors,94.3,141.72,123,Warehouse A - East,61,413
Motor Oil 5W-30 #09552,Automotive Parts,27.36,39.28,262,Warehouse A - East,79,304
Thermal Underwear #09553,Clothing,81.68,142.63,266,Warehouse B - West,26,377
Dark Chocolate Box #09554,Food & Beverage,246.54,573.16,471,Warehouse D - North,53,742
Work Boots #09555,Clothing,69.84,161.73,336,Warehouse C - Central,26,433
Safety Vest Hi-Vis #09556,Clothing,105.61,132.31,62,Warehouse C - Central,43,851
Work Boots #09557,Clothing,223.73,367.01,421,Warehouse D - North,59,545
Jump Starter #09558,Automotive Parts,5.12,11.18,55,Warehouse A - East,29,565
Car Battery #09559,Automotive Parts,61.05,84.42,14,Warehouse B - West,79,518
Chess Set Wooden #09560,Toys & Games,208.51,502.12,452,Warehouse A - East,35,914
Granola Bags #09561,Food & Beverage,26.87,52.83,133,Warehouse A - East,59,642
Fleece Hoodie #09562,Clothing,166.89,356.68,243,Warehouse C - Central,47,960
Monitor Arm #09563,Furniture,157.39,275.64,452,Warehouse D - North,64,879
Bookshelf 5-Tier #09564,Furniture,71.52,174.62,408,Warehouse C - Central,58,857
Art Supplies Box #09565,Toys & Games,95.76,149.18,219,Warehouse C - Central,30,643
LEGO Technic Set #09566,Toys & Games,223.09,548.55,93,Warehouse D - North,80,363
Coolant 4L #09567,Automotive Parts,75.76,149.97,385,Warehouse B - West,45,932
Cooler Box 40L #09568,Sports & Outdoors,74.16,116.66,194,Warehouse C - Central,41,501
Spark Plugs 4pk #09569,Automotive Parts,140.51,194.1,24,Warehouse D - North,23,396
Sprinkler System #09570,Home & Garden,63.3,151.91,442,Warehouse A - East,30,947
Instant Oatmeal Pack #09571,Food & Beverage,34.01,51.23,449,Warehouse D - North,15,494
Jump Rope #09572,Sports & Outdoors,238.79,375.53,34,Warehouse A - East,73,851
Hiking Backpack #09573,Sports & Outdoors,35.36,78.63,232,Warehouse A - East,80,397
Mechanical Keyboard #09574,Electronics,180.92,220.02,19,Warehouse B - West,44,395
Monitor Light Bar #09575,Electronics,198.13,351.86,430,Warehouse A - East,12,939
Bookshelf 5-Tier #09576,Furniture,227.96,520.71,451,Warehouse B - West,34,384
Scissors 3pk #09577,Office Supplies,78.6,181.2,313,Warehouse C - Central,53,579
Monitor Light Bar #09578,Electronics,200.79,456.91,248,Warehouse A - East,25,770
HDMI Cable 2m #09579,Electronics,51.57,100.79,187,Warehouse A - East,46,482
Lawn Fertilizer #09580,Home & Garden,113.59,242.63,138,Warehouse A - East,65,343
Extension Cord 10m #09581,Home & Garden,17.58,28.48,67,Warehouse C - Central,61,526
Wiper Blades Pair #09582,Automotive Parts,121.65,184.66,401,Warehouse A - East,18,510
Water Bottle 1L #09583,Sports & Outdoors,60.42,106.18,482,Warehouse A - East,77,704
Wireless Mouse #09584,Electronics,142.74,229.88,467,Warehouse D - North,54,257
Remote Control Car #09585,Toys & Games,201.81,402.49,204,Warehouse B - West,40,884
Label Maker #09586,Office Supplies,31.05,43.85,165,Warehouse B - West,48,860
Bottled Water Case #09587,Food & Beverage,13.58,22.82,2,Warehouse D - North,36,705
Mechanical Keyboard #09588,Electronics,160.21,192.68,255,Warehouse B - West,14,656
Wiper Blades Pair #09589,Automotive Parts,225.29,386.6,274,Warehouse A - East,15,447
Outdoor Solar Lights #09590,Home & Garden,161.4,280.48,229,Warehouse D - North,11,475
LED Bulb 4pk #09591,Home & Garden,12.99,20.82,388,Warehouse A - East,40,957
Drone Mini #09592,Toys & Games,71.08,175.82,140,Warehouse A - East,44,827
Garden Hose 30m #09593,Home & Garden,92.27,111.55,404,Warehouse B - West,66,824
Pressure Washer #09594,Home & Garden,44.87,108.81,172,Warehouse C - Central,52,656
Drafting Chair #09595,Furniture,228.09,483.72,324,Warehouse A - East,15,733
Lawn Fertilizer #09596,Home & Garden,8.21,14.05,136,Warehouse A - East,11,796
Garden Hose 30m #09597,Home & Garden,227.87,436.09,63,Warehouse B - West,41,402
Tool Kit 50pc #09598,Home & Garden,74.29,165.05,88,Warehouse C - Central,78,231
Mixed Nuts 500g #09599,Food & Beverage,46.12,100.34,131,Warehouse C - Central,45,473
Ballpoint Pens 12pk #09600,Office Supplies,102.5,198.84,139,Warehouse C - Central,63,298
Cargo Shorts #09601,Clothing,127.08,240.77,167,Warehouse D - North,23,570
Car Battery #09602,Automotive Parts,163.59,192.15,249,Warehouse A - East,42,784
Spark Plugs 4pk #09603,Automotive Parts,174.16,343.83,353,Warehouse A - East,13,633
Ballpoint Pens 12pk #09604,Office Supplies,36.51,63.66,31,Warehouse B - West,60,231
Chess Set Wooden #09605,Toys & Games,181.01,440.5,135,Warehouse D - North,80,798
Conference Table #09606,Furniture,120.04,298.7,249,Warehouse D - North,54,823
Yoga Mat #09607,Sports & Outdoors,244.97,548.19,396,Warehouse A - East,12,386
Rubik's Cube #09608,Toys & Games,113.8,199.35,395,Warehouse D - North,63,510
Tablet Stand #09609,Electronics,78.95,150.14,339,Warehouse D - North,13,284
Headlamp LED #09610,Sports & Outdoors,19.2,30.13,210,Warehouse D - North,27,540
Stuffed Animal Bear #09611,Toys & Games,17.93,41.1,34,Warehouse A - East,64,338
Fleece Hoodie #09612,Clothing,226.97,502.08,417,Warehouse B - West,45,383
Label Maker #09613,Office Supplies,74.52,114.57,300,Warehouse C - Central,72,733
Filing Cabinet #09614,Furniture,106.72,198.73,310,Warehouse A - East,45,994
Lip Balm Pack #09615,Health & Beauty,183.99,269.2,172,Warehouse A - East,80,239
Cotton T-Shirt Pack #09616,Clothing,238.74,318.72,47,Warehouse C - Central,67,304
Standing Desk #09617,Furniture,35.22,86.65,312,Warehouse C - Central,15,554
Drafting Chair #09618,Furniture,249.54,609.18,324,Warehouse B - West,31,584
Filing Cabinet #09619,Furniture,247.69,385.63,130,Warehouse D - North,64,228
Ballpoint Pens 12pk #09620,Office Supplies,180.46,246.53,172,Warehouse B - West,26,311
File Folders 20pk #09621,Office Supplies,42.6,58.54,315,Warehouse A - East,37,324
Sunscreen SPF50 #09622,Health & Beauty,212.43,267.04,185,Warehouse D - North,49,694
Bluetooth Speaker #09623,Electronics,218.09,466.38,351,Warehouse B - West,78,878
Cable Management Tray #09624,Furniture,233.35,273.8,338,Warehouse B - West,14,521
Stuffed Animal Bear #09625,Toys & Games,218.27,342.34,387,Warehouse C - Central,31,726
Tent 4-Person #09626,Sports & Outdoors,20.98,27.81,305,Warehouse D - North,36,748
Scissors 3pk #09627,Office Supplies,69.05,86.56,224,Warehouse A - East,47,785
Aloe Vera Gel #09628,Health & Beauty,113.89,259.07,91,Warehouse A - East,66,422
Smart Watch #09629,Electronics,43.38,98.68,51,Warehouse D - North,78,774
Monitor Light Bar #09630,Electronics,194.96,391.87,306,Warehouse B - West,79,401
Puzzle 1000pc #09631,Toys & Games,203.81,249.76,58,Warehouse A - East,58,376
Storage Ottoman #09632,Furniture,136.09,162.83,451,Warehouse B - West,69,447
Ballpoint Pens 12pk #09633,Office Supplies,204.15,362.58,187,Warehouse D - North,14,665
Cargo Pants #09634,Clothing,126.89,288.17,317,Warehouse D - North,12,641
Tent 4-Person #09635,Sports & Outdoors,15.86,25.4,185,Warehouse C - Central,57,438
Wireless Mouse #09636,Electronics,199.92,347.43,455,Warehouse D - North,73,284
Floating Shelf Set #09637,Furniture,35.43,62.62,162,Warehouse C - Central,39,891
Moisturizer Pump #09638,Health & Beauty,170.42,356.71,322,Warehouse A - East,64,296
Tape Dispenser #09639,Office Supplies,148.45,192.95,142,Warehouse A - East,32,867
File Folders 20pk #09640,Office Supplies,144.98,277.62,123,Warehouse C - Central,16,225
Insect Repellent #09641,Health & Beauty,37.91,89.91,136,Warehouse D - North,62,764
Pressure Washer #09642,Home & Garden,27.28,61.65,397,Warehouse C - Central,25,319
Motor Oil 5W-30 #09643,Automotive Parts,187.03,238.7,10,Warehouse D - North,30,261
Instant Oatmeal Pack #09644,Food & Beverage,138.79,290.46,205,Warehouse D - North,51,567
Drafting Chair #09645,Furniture,85.32,207.83,247,Warehouse A - East,31,780
Dried Fruit Mix #09646,Food & Beverage,19.16,27.97,214,Warehouse D - North,50,273
Plant Pots Set #09647,Home & Garden,244.23,580.67,337,Warehouse D - North,39,864
Cotton T-Shirt Pack #09648,Clothing,44.24,100.85,408,Warehouse B - West,13,607
Sleeping Bag #09649,Sports & Outdoors,174.12,228.67,395,Warehouse C - Central,25,914
Monitor Arm #09650,Furniture,232.46,276.85,306,Warehouse B - West,23,378
Aloe Vera Gel #09651,Health & Beauty,231.82,401.96,111,Warehouse A - East,20,299
Energy Drinks 24pk #09652,Food & Beverage,227.25,269.39,238,Warehouse A - East,20,258
Polo Shirt #09653,Clothing,234.44,349.92,174,Warehouse D - North,39,723
Stuffed Animal Bear #09654,Toys & Games,153.12,366.03,115,Warehouse C - Central,76,873
Jump Rope #09655,Sports & Outdoors,82.78,126.0,200,Warehouse D - North,79,316
Power Strip 6-Outlet #09656,Home & Garden,207.13,487.5,369,Warehouse B - West,16,209
Wiper Blades Pair #09657,Automotive Parts,98.96,176.0,445,Warehouse A - East,54,689
Ballpoint Pens 12pk #09658,Office Supplies,84.14,175.69,424,Warehouse D - North,11,948
Car Charger Dual USB #09659,Automotive Parts,58.13,127.35,269,Warehouse A - East,33,620
Face Masks 50pk #09660,Health & Beauty,209.78,327.02,135,Warehouse D - North,55,573
Jump Rope #09661,Sports & Outdoors,18.5,43.51,478,Warehouse D - North,27,620
Envelopes 100pk #09662,Office Supplies,176.79,277.25,480,Warehouse C - Central,33,685
Brake Pads Set #09663,Automotive Parts,69.81,136.39,32,Warehouse C - Central,32,581
Thermal Underwear #09664,Clothing,26.23,44.52,103,Warehouse C - Central,73,781
Eye Drops #09665,Health & Beauty,64.37,79.74,471,Warehouse D - North,52,764
Sprinkler System #09666,Home & Garden,215.75,330.41,295,Warehouse B - West,31,655
Foam Roller #09667,Sports & Outdoors,84.08,184.87,446,Warehouse B - West,77,393
Hand Sanitizer 500ml #09668,Health & Beauty,203.68,272.25,16,Warehouse A - East,76,952
Safety Vest Hi-Vis #09669,Clothing,220.55,475.66,144,Warehouse D - North,34,830
Cable Management Tray #09670,Furniture,248.3,614.99,54,Warehouse B - West,16,352
Card Game Set #09671,Toys & Games,30.8,62.98,344,Warehouse C - Central,17,263
USB-C Hub #09672,Electronics,111.58,201.05,372,Warehouse A - East,43,838
Puzzle 1000pc #09673,Toys & Games,231.87,330.08,151,Warehouse A - East,57,299
Smart Watch #09674,Electronics,179.5,421.25,428,Warehouse B - West,67,231
Insect Repellent #09675,Health & Beauty,17.85,38.67,295,Warehouse D - North,38,505
Stapler Heavy Duty #09676,Office Supplies,116.89,156.99,489,Warehouse D - North,70,479
Headlight Bulb Pair #09677,Automotive Parts,53.83,62.05,456,Warehouse A - East,69,350
Car Charger Dual USB #09678,Automotive Parts,45.55,92.23,358,Warehouse A - East,27,695
HDMI Cable 2m #09679,Electronics,185.69,376.62,486,Warehouse B - West,60,497
Stapler Heavy Duty #09680,Office Supplies,237.5,369.65,338,Warehouse B - West,66,596
Binoculars #09681,Sports & Outdoors,213.23,377.34,49,Warehouse B - West,21,287
Foam Roller #09682,Sports & Outdoors,182.63,254.49,287,Warehouse C - Central,58,681
Headlamp LED #09683,Sports & Outdoors,198.75,474.57,159,Warehouse B - West,38,322
Rain Poncho #09684,Clothing,29.39,63.38,477,Warehouse B - West,59,279
Sprinkler System #09685,Home & Garden,48.04,112.21,500,Warehouse A - East,28,837
Bandages Assorted #09686,Health & Beauty,2.95,5.45,149,Warehouse D - North,59,899
Hand Sanitizer 500ml #09687,Health & Beauty,118.61,182.48,397,Warehouse A - East,77,246
Stapler Heavy Duty #09688,Office Supplies,156.77,308.31,52,Warehouse A - East,72,819
Whiteboard Markers 6pk #09689,Office Supplies,140.12,221.42,357,Warehouse D - North,30,701
Standing Desk #09690,Furniture,91.02,216.23,252,Warehouse A - East,51,919
Spark Plugs 4pk #09691,Automotive Parts,183.76,262.04,387,Warehouse B - West,64,284
Polo Shirt #09692,Clothing,77.34,172.5,429,Warehouse B - West,60,455
Work Boots #09693,Clothing,98.05,197.83,48,Warehouse A - East,68,776
Standing Desk #09694,Furniture,54.61,97.81,215,Warehouse D - North,59,292
Brake Pads Set #09695,Automotive Parts,145.44,283.07,492,Warehouse D - North,65,808
Ballpoint Pens 12pk #09696,Office Supplies,96.43,163.12,250,Warehouse C - Central,22,975
Storage Ottoman #09697,Furniture,199.16,275.74,339,Warehouse D - North,56,794
Wireless Mouse #09698,Electronics,112.41,270.69,466,Warehouse D - North,24,341
Monitor Arm #09699,Furniture,182.17,244.07,415,Warehouse D - North,55,326
Smart Watch #09700,Electronics,211.25,458.14,234,Warehouse D - North,38,311
Wiper Blades Pair #09701,Automotive Parts,208.23,510.35,317,Warehouse C - Central,29,767
Fleece Hoodie #09702,Clothing,123.08,210.36,47,Warehouse C - Central,67,712
Power Bank 20000mAh #09703,Electronics,76.46,123.91,332,Warehouse A - East,24,331
Garden Hose 30m #09704,Home & Garden,33.41,55.45,418,Warehouse D - North,70,454
USB-C Hub #09705,Electronics,69.09,137.15,435,Warehouse D - North,74,667
Cable Management Tray #09706,Furniture,173.25,322.35,439,Warehouse D - North,26,977
Ballpoint Pens 12pk #09707,Office Supplies,243.2,327.38,183,Warehouse B - West,74,439
LEGO Technic Set #09708,Toys & Games,141.57,275.73,454,Warehouse D - North,37,629
Sunscreen SPF50 #09709,Health & Beauty,31.16,38.68,465,Warehouse D - North,27,924
Ergonomic Office Chair #09710,Furniture,147.75,183.12,69,Warehouse B - West,77,928
Floor Mats Set #09711,Automotive Parts,80.18,163.47,179,Warehouse B - West,34,821
Jump Starter #09712,Automotive Parts,179.4,358.42,116,Warehouse C - Central,30,631
Fleece Hoodie #09713,Clothing,165.8,363.32,226,Warehouse A - East,37,228
Sunscreen SPF50 #09714,Health & Beauty,205.38,330.54,70,Warehouse C - Central,72,891
Dried Fruit Mix #09715,Food & Beverage,11.28,27.07,37,Warehouse D - North,61,345
Lawn Fertilizer #09716,Home & Garden,66.33,123.61,441,Warehouse D - North,49,734
Tablet Stand #09717,Electronics,80.21,119.41,496,Warehouse A - East,25,434
HDMI Cable 2m #09718,Electronics,101.65,241.99,22,Warehouse D - North,29,827
Thermal Underwear #09719,Clothing,77.32,101.2,372,Warehouse A - East,55,620
Drone Mini #09720,Toys & Games,14.92,30.4,407,Warehouse D - North,76,214
Ballpoint Pens 12pk #09721,Office Supplies,16.52,28.57,173,Warehouse A - East,56,903
Dark Chocolate Box #09722,Food & Beverage,101.02,145.83,400,Warehouse B - West,28,640
Instant Oatmeal Pack #09723,Food & Beverage,81.95,131.34,377,Warehouse B - West,47,414
Windbreaker #09724,Clothing,106.0,261.15,246,Warehouse B - West,45,598
Hand Sanitizer 500ml #09725,Health & Beauty,95.13,197.79,104,Warehouse C - Central,67,543
Binoculars #09726,Sports & Outdoors,121.86,254.86,408,Warehouse A - East,28,418
Spark Plugs 4pk #09727,Automotive Parts,198.52,239.84,168,Warehouse A - East,58,513
HDMI Cable 2m #09728,Electronics,113.65,177.57,190,Warehouse D - North,77,594
Stuffed Animal Bear #09729,Toys & Games,169.0,259.81,11,Warehouse C - Central,78,707
Desk Lamp LED #09730,Furniture,189.45,385.66,428,Warehouse D - North,57,217
Hiking Backpack #09731,Sports & Outdoors,243.01,364.33,295,Warehouse B - West,58,841
Puzzle 1000pc #09732,Toys & Games,25.77,48.94,61,Warehouse B - West,60,518
Face Masks 50pk #09733,Health & Beauty,222.97,514.55,392,Warehouse C - Central,35,610
Face Masks 50pk #09734,Health & Beauty,82.18,160.05,38,Warehouse A - East,64,251
Windbreaker #09735,Clothing,36.22,62.53,498,Warehouse D - North,52,928
Headlight Bulb Pair #09736,Automotive Parts,155.43,266.86,68,Warehouse C - Central,48,434
Floating Shelf Set #09737,Furniture,197.35,490.8,33,Warehouse A - East,48,735
Envelopes 100pk #09738,Office Supplies,176.8,296.23,492,Warehouse C - Central,58,305
Outdoor Solar Lights #09739,Home & Garden,39.7,97.19,422,Warehouse A - East,24,908
Remote Control Car #09740,Toys & Games,204.91,341.17,237,Warehouse C - Central,56,690
Bookshelf 5-Tier #09741,Furniture,226.91,479.7,242,Warehouse A - East,64,697
Lip Balm Pack #09742,Health & Beauty,78.46,140.46,36,Warehouse C - Central,78,596
Filing Cabinet #09743,Furniture,224.04,273.32,18,Warehouse D - North,79,253
Windbreaker #09744,Clothing,183.58,399.43,365,Warehouse C - Central,39,525
Brake Pads Set #09745,Automotive Parts,71.86,127.93,300,Warehouse A - East,37,285
Windbreaker #09746,Clothing,17.84,28.6,335,Warehouse C - Central,52,434
Dark Chocolate Box #09747,Food & Beverage,35.41,87.66,61,Warehouse D - North,31,634
Hedge Trimmer #09748,Home & Garden,46.1,93.91,217,Warehouse D - North,51,601
USB Flash Drive 64GB #09749,Electronics,216.85,428.95,362,Warehouse C - Central,29,727
First Aid Kit #09750,Health & Beauty,19.33,24.24,60,Warehouse A - East,26,229
Yoga Mat #09751,Sports & Outdoors,40.37,66.91,46,Warehouse C - Central,52,578
Cotton T-Shirt Pack #09752,Clothing,245.81,512.02,343,Warehouse C - Central,21,861
Ergonomic Office Chair #09753,Furniture,79.28,129.47,447,Warehouse D - North,76,748
Paint Roller Set #09754,Home & Garden,183.32,336.29,261,Warehouse A - East,12,833
Insect Repellent #09755,Health & Beauty,173.97,236.76,14,Warehouse A - East,52,920
File Folders 20pk #09756,Office Supplies,208.16,445.57,196,Warehouse B - West,45,296
Air Filter #09757,Automotive Parts,204.14,388.9,54,Warehouse B - West,26,371
Conference Table #09758,Furniture,67.01,125.3,484,Warehouse D - North,39,625
Printer Paper A4 #09759,Office Supplies,45.46,71.77,137,Warehouse D - North,79,551
Water Bottle 1L #09760,Sports & Outdoors,214.43,346.95,412,Warehouse A - East,72,238
Headlamp LED #09761,Sports & Outdoors,36.6,76.66,145,Warehouse B - West,34,1000
LEGO Technic Set #09762,Toys & Games,10.07,24.25,277,Warehouse A - East,21,923
LED Bulb 4pk #09763,Home & Garden,178.84,349.42,210,Warehouse B - West,32,829
Rubik's Cube #09764,Toys & Games,82.98,183.18,383,Warehouse B - West,65,293
Garden Hose 30m #09765,Home & Garden,82.42,106.16,462,Warehouse D - North,10,408
Thermometer Digital #09766,Health & Beauty,159.43,306.41,75,Warehouse A - East,25,353
Science Kit #09767,Toys & Games,232.28,557.27,398,Warehouse A - East,59,237
Floor Mats Set #09768,Automotive Parts,211.32,336.56,473,Warehouse C - Central,21,570
Headlamp LED #09769,Sports & Outdoors,36.29,75.55,294,Warehouse D - North,46,708
Bandages Assorted #09770,Health & Beauty,212.17,445.63,32,Warehouse D - North,46,545
File Folders 20pk #09771,Office Supplies,155.61,325.83,339,Warehouse C - Central,10,793
Drafting Chair #09772,Furniture,182.16,436.57,14,Warehouse A - East,50,810
Headlamp LED #09773,Sports & Outdoors,6.39,9.2,65,Warehouse B - West,59,615
Cooler Box 40L #09774,Sports & Outdoors,26.1,38.22,186,Warehouse D - North,41,225
Webcam HD #09775,Electronics,58.27,133.74,83,Warehouse D - North,45,620
Jump Starter #09776,Automotive Parts,166.8,359.71,283,Warehouse A - East,67,949
Paint Roller Set #09777,Home & Garden,24.26,44.54,318,Warehouse D - North,18,207
Thermal Underwear #09778,Clothing,154.29,267.81,87,Warehouse C - Central,32,490
Resistance Bands Set #09779,Sports & Outdoors,86.63,173.48,18,Warehouse B - West,35,464
Insect Repellent #09780,Health & Beauty,25.01,56.01,39,Warehouse B - West,16,254
Hiking Backpack #09781,Sports & Outdoors,241.24,290.71,451,Warehouse B - West,78,432
Insect Repellent #09782,Health & Beauty,244.26,361.46,249,Warehouse C - Central,46,702
HDMI Cable 2m #09783,Electronics,53.62,126.8,490,Warehouse B - West,53,413
Tape Dispenser #09784,Office Supplies,180.96,299.92,298,Warehouse A - East,39,457
Desk Lamp LED #09785,Furniture,35.96,61.67,404,Warehouse D - North,22,865
Yoga Mat #09786,Sports & Outdoors,109.01,249.27,108,Warehouse C - Central,39,226
Hand Sanitizer 500ml #09787,Health & Beauty,188.3,319.26,217,Warehouse C - Central,57,302
Sticky Notes 8pk #09788,Office Supplies,97.53,226.9,90,Warehouse C - Central,68,344
Tool Kit 50pc #09789,Home & Garden,229.37,340.48,31,Warehouse B - West,28,898
First Aid Kit #09790,Health & Beauty,24.66,44.13,188,Warehouse B - West,55,920
Plant Pots Set #09791,Home & Garden,62.05,130.64,406,Warehouse A - East,47,360
Desk Lamp LED #09792,Furniture,34.79,75.99,405,Warehouse B - West,30,643
LED Bulb 4pk #09793,Home & Garden,145.29,264.23,240,Warehouse C - Central,34,831
Resistance Bands Set #09794,Sports & Outdoors,59.69,70.54,123,Warehouse D - North,78,638
Energy Drinks 24pk #09795,Food & Beverage,149.58,192.29,115,Warehouse D - North,11,887
Headlamp LED #09796,Sports & Outdoors,190.13,296.09,127,Warehouse D - North,69,939
Smart Watch #09797,Electronics,100.06,249.55,69,Warehouse B - West,56,623
File Folders 20pk #09798,Office Supplies,18.85,22.4,101,Warehouse A - East,24,358
Building Blocks 500pc #09799,Toys & Games,76.38,101.48,98,Warehouse C - Central,79,280
Foam Roller #09800,Sports & Outdoors,16.06,21.46,365,Warehouse C - Central,44,305
Bandages Assorted #09801,Health & Beauty,64.3,87.42,189,Warehouse D - North,27,339
Drafting Chair #09802,Furniture,47.45,94.93,240,Warehouse A - East,48,481
Conference Table #09803,Furniture,169.17,282.44,311,Warehouse B - West,72,720
Cargo Shorts #09804,Clothing,127.02,195.06,98,Warehouse B - West,76,318
Rubik's Cube #09805,Toys & Games,32.95,65.81,222,Warehouse A - East,17,475
Laptop Cooling Pad #09806,Electronics,145.74,282.59,115,Warehouse D - North,64,755
USB-C Hub #09807,Electronics,118.58,148.56,188,Warehouse C - Central,21,745
Car Battery #09808,Automotive Parts,66.23,79.89,30,Warehouse B - West,50,459
Monitor Arm #09809,Furniture,42.12,57.73,422,Warehouse B - West,63,506
Protein Bars 12pk #09810,Food & Beverage,111.68,173.22,157,Warehouse B - West,55,235
Envelopes 100pk #09811,Office Supplies,224.72,350.84,217,Warehouse C - Central,45,836
Windbreaker #09812,Clothing,224.87,304.52,163,Warehouse D - North,35,945
Spark Plugs 4pk #09813,Automotive Parts,75.4,105.1,327,Warehouse D - North,62,976
Storage Ottoman #09814,Furniture,73.39,109.72,389,Warehouse C - Central,54,324
Foam Roller #09815,Sports & Outdoors,182.06,308.81,199,Warehouse C - Central,15,530
Honey Jar #09816,Food & Beverage,237.64,559.87,179,Warehouse C - Central,79,712
Drone Mini #09817,Toys & Games,26.35,62.38,325,Warehouse A - East,77,779
Dried Fruit Mix #09818,Food & Beverage,118.99,246.72,129,Warehouse C - Central,45,962
File Folders 20pk #09819,Office Supplies,54.47,107.32,395,Warehouse A - East,23,326
Coffee Beans 1kg #09820,Food & Beverage,201.65,455.19,74,Warehouse A - East,20,390
Garden Hose 30m #09821,Home & Garden,223.41,530.24,401,Warehouse B - West,67,629
Resistance Bands Set #09822,Sports & Outdoors,190.42,366.71,105,Warehouse A - East,22,854
Cargo Shorts #09823,Clothing,166.24,307.27,417,Warehouse A - East,41,423
Fleece Hoodie #09824,Clothing,82.81,185.44,334,Warehouse A - East,74,297
Monitor Light Bar #09825,Electronics,112.25,250.56,388,Warehouse D - North,79,761
Ergonomic Office Chair #09826,Furniture,90.35,167.68,18,Warehouse A - East,45,451
Noise Cancelling Headphones #09827,Electronics,233.24,397.04,169,Warehouse A - East,76,871
Jump Rope #09828,Sports & Outdoors,156.29,380.52,193,Warehouse B - West,29,349
Olive Oil 500ml #09829,Food & Beverage,244.0,407.41,396,Warehouse C - Central,64,786
Insect Repellent #09830,Health & Beauty,170.62,295.48,184,Warehouse C - Central,28,215
Aloe Vera Gel #09831,Health & Beauty,140.27,229.9,239,Warehouse C - Central,37,353
Headlight Bulb Pair #09832,Automotive Parts,23.72,33.19,329,Warehouse D - North,17,692
Fleece Hoodie #09833,Clothing,152.29,250.06,107,Warehouse D - North,26,240
Power Strip 6-Outlet #09834,Home & Garden,114.12,268.75,68,Warehouse D - North,53,234
USB-C Hub #09835,Electronics,35.55,42.67,436,Warehouse A - East,80,491
Tire Pressure Gauge #09836,Automotive Parts,234.33,433.63,82,Warehouse D - North,26,349
Cargo Shorts #09837,Clothing,79.47,125.81,315,Warehouse D - North,38,264
File Folders 20pk #09838,Office Supplies,127.26,233.13,338,Warehouse C - Central,71,410
Power Bank 20000mAh #09839,Electronics,59.75,100.65,245,Warehouse D - North,61,649
Tablet Stand #09840,Electronics,48.74,87.69,322,Warehouse D - North,34,652
Air Filter #09841,Automotive Parts,139.75,168.1,209,Warehouse C - Central,66,325
Hedge Trimmer #09842,Home & Garden,93.56,111.76,95,Warehouse D - North,34,544
Sticky Notes 8pk #09843,Office Supplies,239.43,339.01,315,Warehouse D - North,44,826
Monitor Light Bar #09844,Electronics,136.45,213.3,222,Warehouse B - West,29,585
Stuffed Animal Bear #09845,Toys & Games,169.65,285.9,158,Warehouse D - North,19,477
Floor Mats Set #09846,Automotive Parts,233.24,360.58,291,Warehouse B - West,45,324
Sprinkler System #09847,Home & Garden,189.86,219.69,297,Warehouse A - East,77,736
Remote Control Car #09848,Toys & Games,43.22,75.31,199,Warehouse A - East,46,499
Tire Pressure Gauge #09849,Automotive Parts,237.82,387.44,66,Warehouse B - West,52,926
Building Blocks 500pc #09850,Toys & Games,157.35,343.26,482,Warehouse B - West,54,529
Yoga Mat #09851,Sports & Outdoors,225.46,490.34,98,Warehouse D - North,16,757
Granola Bags #09852,Food & Beverage,119.95,204.27,339,Warehouse D - North,32,681
Webcam HD #09853,Electronics,240.42,357.59,452,Warehouse C - Central,24,859
Binder Clips Assorted #09854,Office Supplies,158.09,226.24,100,Warehouse C - Central,26,723
Desk Organizer #09855,Office Supplies,216.59,385.17,138,Warehouse D - North,38,844
Bluetooth Speaker #09856,Electronics,126.96,252.16,266,Warehouse D - North,40,447
Windbreaker #09857,Clothing,138.04,279.66,477,Warehouse C - Central,66,949
HDMI Cable 2m #09858,Electronics,234.28,281.99,302,Warehouse D - North,47,931
Computer Desk #09859,Furniture,201.21,371.84,345,Warehouse C - Central,59,889
Filing Cabinet #09860,Furniture,22.9,30.1,393,Warehouse D - North,45,367
Wiper Blades Pair #09861,Automotive Parts,195.1,342.03,200,Warehouse D - North,80,944
Honey Jar #09862,Food & Beverage,243.72,377.83,428,Warehouse D - North,19,262
Desk Organizer #09863,Office Supplies,189.85,262.36,233,Warehouse A - East,42,834
Jump Starter #09864,Automotive Parts,82.7,191.96,488,Warehouse B - West,75,825
Olive Oil 500ml #09865,Food & Beverage,18.14,38.43,247,Warehouse A - East,14,500
Thermometer Digital #09866,Health & Beauty,31.5,75.96,411,Warehouse B - West,56,626
Mixed Nuts 500g #09867,Food & Beverage,225.88,421.95,460,Warehouse D - North,40,312
Air Filter #09868,Automotive Parts,146.05,174.82,231,Warehouse C - Central,27,896
Motor Oil 5W-30 #09869,Automotive Parts,185.28,359.3,130,Warehouse C - Central,25,942
Filing Cabinet #09870,Furniture,15.0,23.27,187,Warehouse A - East,28,813
Webcam HD #09871,Electronics,88.98,206.59,327,Warehouse D - North,12,575
USB Flash Drive 64GB #09872,Electronics,139.27,269.48,67,Warehouse B - West,29,625
Webcam HD #09873,Electronics,15.4,28.21,385,Warehouse D - North,39,841
Monitor Arm #09874,Furniture,103.55,155.45,372,Warehouse D - North,45,998
Bookshelf 5-Tier #09875,Furniture,158.42,257.66,412,Warehouse A - East,72,824
Work Boots #09876,Clothing,49.09,111.21,350,Warehouse B - West,63,229
Noise Cancelling Headphones #09877,Electronics,178.82,350.63,347,Warehouse B - West,57,612
Standing Desk #09878,Furniture,74.39,87.71,87,Warehouse B - West,22,558
Noise Cancelling Headphones #09879,Electronics,201.91,452.5,28,Warehouse D - North,30,670
Floating Shelf Set #09880,Furniture,223.24,421.23,51,Warehouse B - West,31,907
Protein Bars 12pk #09881,Food & Beverage,56.36,136.14,131,Warehouse B - West,27,877
Dark Chocolate Box #09882,Food & Beverage,165.72,357.87,348,Warehouse A - East,73,729
Power Strip 6-Outlet #09883,Home & Garden,200.27,427.35,488,Warehouse D - North,30,686
Tent 4-Person #09884,Sports & Outdoors,109.08,189.94,11,Warehouse B - West,71,634
Cable Management Tray #09885,Furniture,65.11,85.49,111,Warehouse B - West,50,256
Conference Table #09886,Furniture,48.44,115.01,193,Warehouse C - Central,25,324
Ergonomic Office Chair #09887,Furniture,187.4,314.11,144,Warehouse B - West,51,545
Wireless Mouse #09888,Electronics,171.36,255.99,32,Warehouse C - Central,26,476
Resistance Bands Set #09889,Sports & Outdoors,95.08,236.06,157,Warehouse B - West,62,540
Motor Oil 5W-30 #09890,Automotive Parts,156.9,226.57,261,Warehouse B - West,70,822
Cargo Shorts #09891,Clothing,57.31,124.16,429,Warehouse D - North,41,928
Floor Mats Set #09892,Automotive Parts,210.2,411.3,290,Warehouse C - Central,57,408
Cap Branded #09893,Clothing,173.92,215.59,30,Warehouse C - Central,25,396
Scissors 3pk #09894,Office Supplies,213.75,441.56,61,Warehouse C - Central,57,583
Winter Jacket #09895,Clothing,140.68,279.32,440,Warehouse D - North,10,969
Filing Cabinet #09896,Furniture,5.26,6.77,46,Warehouse C - Central,76,227
Standing Desk #09897,Furniture,176.32,245.94,443,Warehouse B - West,18,876
Garden Hose 30m #09898,Home & Garden,14.38,29.55,327,Warehouse A - East,10,635
Laptop Cooling Pad #09899,Electronics,197.27,420.07,398,Warehouse C - Central,59,682
Hedge Trimmer #09900,Home & Garden,149.36,260.27,12,Warehouse B - West,34,491
Storage Ottoman #09901,Furniture,200.14,425.18,500,Warehouse C - Central,37,912
Binder Clips Assorted #09902,Office Supplies,92.88,162.2,295,Warehouse C - Central,13,754
Car Battery #09903,Automotive Parts,246.66,446.03,251,Warehouse C - Central,66,309
Headlamp LED #09904,Sports & Outdoors,74.36,143.26,192,Warehouse B - West,42,441
Windbreaker #09905,Clothing,66.92,112.38,197,Warehouse A - East,39,309
Binoculars #09906,Sports & Outdoors,149.64,257.03,300,Warehouse B - West,35,920
Tool Kit 50pc #09907,Home & Garden,64.38,78.56,76,Warehouse A - East,65,361
Aloe Vera Gel #09908,Health & Beauty,35.48,41.76,412,Warehouse A - East,54,348
Wiper Blades Pair #09909,Automotive Parts,135.84,165.52,337,Warehouse D - North,76,829
Granola Bags #09910,Food & Beverage,53.01,105.71,145,Warehouse C - Central,71,300
Cap Branded #09911,Clothing,140.15,340.08,443,Warehouse D - North,61,985
Olive Oil 500ml #09912,Food & Beverage,16.98,21.89,198,Warehouse B - West,67,996
Ballpoint Pens 12pk #09913,Office Supplies,236.38,518.87,261,Warehouse C - Central,57,859
SSD 1TB External #09914,Electronics,61.97,143.05,117,Warehouse A - East,20,785
File Folders 20pk #09915,Office Supplies,157.68,330.43,141,Warehouse D - North,60,833
Tire Pressure Gauge #09916,Automotive Parts,171.83,386.86,242,Warehouse C - Central,17,295
Sunscreen SPF50 #09917,Health & Beauty,222.59,296.01,338,Warehouse C - Central,73,240
Hiking Backpack #09918,Sports & Outdoors,114.9,233.2,415,Warehouse A - East,30,235
Cooler Box 40L #09919,Sports & Outdoors,60.11,132.27,414,Warehouse A - East,77,937
Envelopes 100pk #09920,Office Supplies,109.17,158.07,467,Warehouse B - West,41,757
USB-C Hub #09921,Electronics,135.78,245.79,231,Warehouse C - Central,20,367
Face Masks 50pk #09922,Health & Beauty,21.11,26.25,113,Warehouse A - East,10,830
Windbreaker #09923,Clothing,124.43,152.57,227,Warehouse D - North,34,594
Polo Shirt #09924,Clothing,243.2,414.1,411,Warehouse B - West,29,708
Lip Balm Pack #09925,Health & Beauty,114.65,133.67,290,Warehouse C - Central,64,681
Yoga Mat #09926,Sports & Outdoors,114.47,198.36,119,Warehouse B - West,29,565
Pressure Washer #09927,Home & Garden,88.12,197.4,170,Warehouse D - North,66,546
Pressure Washer #09928,Home & Garden,129.45,168.25,429,Warehouse C - Central,10,237
Extension Cord 10m #09929,Home & Garden,172.23,278.5,124,Warehouse C - Central,16,967
SSD 1TB External #09930,Electronics,199.95,305.02,321,Warehouse D - North,36,743
Cargo Shorts #09931,Clothing,113.45,131.94,334,Warehouse B - West,56,820
Energy Drinks 24pk #09932,Food & Beverage,155.57,349.7,146,Warehouse C - Central,31,399
Aloe Vera Gel #09933,Health & Beauty,225.66,298.96,352,Warehouse A - East,29,757
Cable Management Tray #09934,Furniture,118.93,142.66,103,Warehouse A - East,72,737
Computer Desk #09935,Furniture,108.93,244.37,414,Warehouse B - West,41,756
LEGO Technic Set #09936,Toys & Games,176.62,424.77,175,Warehouse C - Central,43,395
Hiking Backpack #09937,Sports & Outdoors,174.41,218.89,427,Warehouse B - West,46,256
Whiteboard Markers 6pk #09938,Office Supplies,189.04,439.07,282,Warehouse A - East,77,675
Insect Repellent #09939,Health & Beauty,184.36,430.14,290,Warehouse D - North,35,316
Protein Bars 12pk #09940,Food & Beverage,59.82,84.31,52,Warehouse D - North,52,253
Work Boots #09941,Clothing,210.64,328.88,13,Warehouse B - West,56,966
Desk Organizer #09942,Office Supplies,154.64,226.79,495,Warehouse D - North,35,415
Stapler Heavy Duty #09943,Office Supplies,52.71,107.46,167,Warehouse C - Central,77,260
Sticky Notes 8pk #09944,Office Supplies,153.91,349.71,299,Warehouse C - Central,77,816
Rubik's Cube #09945,Toys & Games,126.94,194.5,264,Warehouse C - Central,78,212
Stuffed Animal Bear #09946,Toys & Games,18.59,29.97,249,Warehouse C - Central,45,613
Safety Vest Hi-Vis #09947,Clothing,116.73,142.48,212,Warehouse C - Central,40,600
Motor Oil 5W-30 #09948,Automotive Parts,70.91,131.7,30,Warehouse A - East,47,343
Thermometer Digital #09949,Health & Beauty,136.14,335.12,55,Warehouse C - Central,28,835
Eye Drops #09950,Health & Beauty,106.66,150.82,337,Warehouse B - West,68,700
Printer Paper A4 #09951,Office Supplies,232.59,512.33,401,Warehouse B - West,15,316
Webcam HD #09952,Electronics,247.55,428.33,5,Warehouse A - East,44,806
Building Blocks 500pc #09953,Toys & Games,184.87,361.05,239,Warehouse D - North,12,539
LEGO Technic Set #09954,Toys & Games,113.06,145.24,258,Warehouse B - West,16,949
Coolant 4L #09955,Automotive Parts,19.27,28.09,216,Warehouse C - Central,31,386
Hiking Backpack #09956,Sports & Outdoors,131.04,163.4,288,Warehouse B - West,11,455
Safety Vest Hi-Vis #09957,Clothing,20.38,29.5,357,Warehouse D - North,74,720
LEGO Technic Set #09958,Toys & Games,228.01,283.15,207,Warehouse D - North,65,230
Smart Watch #09959,Electronics,199.1,250.42,385,Warehouse B - West,51,707
First Aid Kit #09960,Health & Beauty,231.16,439.79,379,Warehouse C - Central,74,876
Cooler Box 40L #09961,Sports & Outdoors,199.24,424.4,290,Warehouse A - East,75,876
Power Bank 20000mAh #09962,Electronics,51.51,119.89,4,Warehouse C - Central,56,427
Car Battery #09963,Automotive Parts,143.37,338.56,327,Warehouse A - East,37,242
SSD 1TB External #09964,Electronics,181.84,352.25,404,Warehouse C - Central,39,476
Extension Cord 10m #09965,Home & Garden,19.74,28.68,341,Warehouse B - West,13,680
Plant Pots Set #09966,Home & Garden,207.89,478.5,429,Warehouse B - West,51,455
Science Kit #09967,Toys & Games,34.69,73.96,303,Warehouse A - East,20,651
Cotton T-Shirt Pack #09968,Clothing,26.41,37.0,71,Warehouse D - North,67,440
Windbreaker #09969,Clothing,36.57,62.47,461,Warehouse A - East,77,632
Brake Pads Set #09970,Automotive Parts,96.32,119.0,387,Warehouse C - Central,80,394
Ballpoint Pens 12pk #09971,Office Supplies,197.05,361.45,14,Warehouse C - Central,55,357
Yoga Mat #09972,Sports & Outdoors,48.62,85.69,329,Warehouse C - Central,78,416
Sunscreen SPF50 #09973,Health & Beauty,19.73,25.79,360,Warehouse C - Central,35,867
Headlight Bulb Pair #09974,Automotive Parts,198.46,252.79,492,Warehouse A - East,43,503
Power Bank 20000mAh #09975,Electronics,115.52,221.58,309,Warehouse B - West,80,510
Desk Lamp LED #09976,Furniture,44.51,80.35,490,Warehouse A - East,20,312
Car Battery #09977,Automotive Parts,109.84,176.88,20,Warehouse B - West,61,578
Mechanical Keyboard #09978,Electronics,164.24,380.97,13,Warehouse D - North,64,750
Tent 4-Person #09979,Sports & Outdoors,42.35,57.65,155,Warehouse C - Central,27,222
Safety Vest Hi-Vis #09980,Clothing,221.64,394.0,422,Warehouse B - West,11,467
Whiteboard Markers 6pk #09981,Office Supplies,126.27,199.11,38,Warehouse D - North,35,613
Winter Jacket #09982,Clothing,85.38,162.81,121,Warehouse A - East,28,939
Noise Cancelling Headphones #09983,Electronics,80.67,173.52,281,Warehouse B - West,66,530
Drafting Chair #09984,Furniture,58.09,96.85,152,Warehouse D - North,45,877
Moisturizer Pump #09985,Health & Beauty,26.56,35.06,59,Warehouse D - North,27,227
Pressure Washer #09986,Home & Garden,86.7,160.53,322,Warehouse A - East,55,704
Car Charger Dual USB #09987,Automotive Parts,191.25,255.05,266,Warehouse D - North,32,668
Remote Control Car #09988,Toys & Games,64.19,92.28,291,Warehouse A - East,42,732
Car Battery #09989,Automotive Parts,36.88,67.44,4,Warehouse C - Central,25,658
USB-C Hub #09990,Electronics,117.59,190.5,231,Warehouse B - West,54,233
Storage Ottoman #09991,Furniture,221.38,495.2,432,Warehouse C - Central,75,325
Wiper Blades Pair #09992,Automotive Parts,108.0,169.55,7,Warehouse A - East,63,773
Bookshelf 5-Tier #09993,Furniture,8.43,12.09,10,Warehouse A - East,77,866
Art Supplies Box #09994,Toys & Games,182.86,375.93,226,Warehouse C - Central,61,546
Lip Balm Pack #09995,Health & Beauty,224.07,426.67,284,Warehouse A - East,74,543
Instant Oatmeal Pack #09996,Food & Beverage,42.31,101.02,293,Warehouse C - Central,36,227
Computer Desk #09997,Furniture,197.41,365.6,152,Warehouse D - North,26,800
Laptop Cooling Pad #09998,Electronics,178.42,306.32,28,Warehouse B - West,80,711
Whiteboard Markers 6pk #09999,Office Supplies,56.7,78.06,187,Warehouse C - Central,60,436
Olive Oil 500ml #10000,Food & Beverage,220.56,398.41,435,Warehouse C - Central,74,346
