Product ID,Order Date,Sales,Quantity
FUR-BO-10000112,2018-09-09,825.174,1
FUR-BO-10000330,2015-11-29,411.332,1
FUR-BO-10000330,2016-09-11,411.332,1
FUR-BO-10000330,2018-06-03,241.96,1
FUR-BO-10000362,2015-05-31,290.666,1
FUR-BO-10000362,2015-11-22,1025.88,1
FUR-BO-10000362,2016-01-03,341.96,1
FUR-BO-10000362,2016-03-27,359.058,1
FUR-BO-10000362,2017-06-04,136.784,1
FUR-BO-10000468,2015-08-09,155.456,1
FUR-BO-10000468,2016-09-25,194.32,1
FUR-BO-10000468,2017-02-05,48.58,1
FUR-BO-10000468,2018-06-17,77.728,1
FUR-BO-10000468,2018-08-12,145.74,1
FUR-BO-10000468,2018-12-23,102.018,1
FUR-BO-10000711,2015-06-14,212.94,1
FUR-BO-10000711,2015-08-23,638.82,1
FUR-BO-10000780,2016-08-21,301.47,1
FUR-BO-10000780,2017-10-01,956.6648,1
FUR-BO-10000780,2017-11-05,956.6648,1
FUR-BO-10000780,2018-07-01,409.9992,1
FUR-BO-10000780,2018-11-25,321.568,1
FUR-BO-10001337,2015-04-05,205.666,1
FUR-BO-10001337,2015-04-12,308.499,1
FUR-BO-10001337,2015-09-20,362.94,1
FUR-BO-10001337,2015-11-01,616.998,1
FUR-BO-10001337,2016-11-20,290.352,1
FUR-BO-10001337,2017-08-13,241.96,1
FUR-BO-10001337,2017-10-22,120.98,1
FUR-BO-10001337,2017-12-03,205.666,1
FUR-BO-10001337,2018-04-22,102.833,1
FUR-BO-10001337,2018-06-10,514.165,1
FUR-BO-10001519,2016-04-17,523.26,1
FUR-BO-10001519,2016-11-20,186.048,1
FUR-BO-10001519,2018-06-17,174.42,1
FUR-BO-10001519,2018-07-08,87.21,1
FUR-BO-10001519,2018-12-09,148.257,1
FUR-BO-10001567,2017-10-15,90.882,1
FUR-BO-10001601,2015-11-15,222.666,1
FUR-BO-10001601,2018-02-18,89.0664,1
FUR-BO-10001601,2018-05-06,623.4648,1
FUR-BO-10001608,2015-06-21,193.0656,1
FUR-BO-10001608,2016-07-17,127.764,1
FUR-BO-10001608,2016-12-04,681.408,1
FUR-BO-10001608,2017-04-09,354.9,1
FUR-BO-10001608,2018-01-14,212.94,1
FUR-BO-10001619,2017-11-26,339.92,1
FUR-BO-10001619,2018-01-21,84.98,1
FUR-BO-10001798,2017-04-09,556.665,1
FUR-BO-10001798,2017-11-12,261.96,1
FUR-BO-10001798,2018-05-06,314.352,1
FUR-BO-10001798,2018-08-26,130.98,1
FUR-BO-10001811,2016-03-06,1227.9984,1
FUR-BO-10001811,2016-11-13,613.9992,1
FUR-BO-10001811,2017-07-09,1279.165,1
FUR-BO-10001811,2017-09-10,722.352,1
FUR-BO-10001811,2018-02-11,240.784,1
FUR-BO-10001811,2018-04-01,1023.332,1
FUR-BO-10001811,2018-06-03,204.6664,1
FUR-BO-10001811,2018-09-23,180.588,1
FUR-BO-10001918,2016-07-03,482.94,1
FUR-BO-10001918,2017-09-17,273.666,1
FUR-BO-10001918,2018-04-01,257.568,1
FUR-BO-10001972,2015-01-25,181.47,1
FUR-BO-10001972,2015-03-08,302.45,1
FUR-BO-10001972,2018-04-29,387.136,1
FUR-BO-10001972,2018-09-23,314.548,2
FUR-BO-10001972,2018-10-07,217.764,1
FUR-BO-10001972,2018-12-09,1336.829,1
FUR-BO-10002202,2017-03-19,72.294,1
FUR-BO-10002202,2018-11-18,327.7328,1
FUR-BO-10002206,2018-12-23,119.833,1
FUR-BO-10002213,2015-09-20,801.568,1
FUR-BO-10002213,2015-11-22,4007.84,1
FUR-BO-10002213,2016-07-31,704.9,1
FUR-BO-10002213,2016-09-18,2003.92,1
FUR-BO-10002213,2016-11-06,425.833,1
FUR-BO-10002213,2016-12-04,359.499,1
FUR-BO-10002213,2017-01-22,451.136,1
FUR-BO-10002213,2017-11-26,3406.664,1
FUR-BO-10002213,2018-07-01,400.784,1
FUR-BO-10002213,2018-11-25,359.499,1
FUR-BO-10002268,2016-11-20,145.764,1
FUR-BO-10002268,2017-04-09,388.704,1
FUR-BO-10002268,2018-04-29,220.2656,1
FUR-BO-10002545,2015-11-15,521.96,1
FUR-BO-10002545,2016-07-24,913.43,1
FUR-BO-10002545,2016-09-04,1552.831,1
FUR-BO-10002545,2016-10-16,626.352,1
FUR-BO-10002545,2017-01-01,532.3992,1
FUR-BO-10002545,2017-01-08,1565.88,1
FUR-BO-10002545,2017-10-22,1043.92,1
FUR-BO-10002545,2018-09-16,782.94,1
FUR-BO-10002598,2016-02-07,283.92,1
FUR-BO-10002598,2016-11-27,141.96,1
FUR-BO-10002598,2017-11-26,113.568,1
FUR-BO-10002598,2018-07-01,638.82,1
FUR-BO-10002598,2018-12-02,141.96,1
FUR-BO-10002613,2016-01-03,1573.488,1
FUR-BO-10002613,2016-10-16,899.136,1
FUR-BO-10002613,2016-12-25,1039.626,2
FUR-BO-10002613,2017-10-01,477.666,1
FUR-BO-10002613,2018-07-22,1194.165,1
FUR-BO-10002824,2016-07-10,301.96,1
FUR-BO-10002824,2018-04-01,205.3328,1
FUR-BO-10002824,2018-06-03,241.568,1
FUR-BO-10002853,2017-01-01,131.104,1
FUR-BO-10002853,2017-09-03,163.88,1
FUR-BO-10002853,2017-09-24,163.88,1
FUR-BO-10002853,2017-12-10,81.94,1
FUR-BO-10002916,2015-08-02,1367.84,1
FUR-BO-10002916,2015-09-27,435.999,1
FUR-BO-10002916,2016-03-13,512.94,1
FUR-BO-10002916,2016-11-27,170.98,1
FUR-BO-10003034,2015-01-18,333.999,1
FUR-BO-10003034,2017-10-01,523.92,1
FUR-BO-10003034,2018-08-05,183.372,1
FUR-BO-10003034,2018-10-14,314.352,1
FUR-BO-10003034,2018-10-28,556.665,1
FUR-BO-10003159,2015-11-29,275.952,1
FUR-BO-10003159,2016-07-17,195.466,1
FUR-BO-10003159,2016-09-11,293.199,1
FUR-BO-10003159,2017-09-03,501.31280000000004,2
FUR-BO-10003159,2018-11-25,183.968,1
FUR-BO-10003159,2018-12-09,459.92,1
FUR-BO-10003272,2015-06-07,353.568,1
FUR-BO-10003272,2015-09-27,300.5328,1
FUR-BO-10003272,2015-12-06,883.92,1
FUR-BO-10003272,2016-01-03,1352.3976,1
FUR-BO-10003272,2017-03-12,176.784,1
FUR-BO-10003272,2017-06-25,353.568,1
FUR-BO-10003404,2018-09-23,1292.94,1
FUR-BO-10003404,2018-10-14,2154.9,1
FUR-BO-10003433,2015-01-18,61.96,1
FUR-BO-10003433,2016-09-25,61.96,1
FUR-BO-10003433,2018-04-15,198.272,1
FUR-BO-10003441,2017-04-23,257.499,1
FUR-BO-10003441,2017-12-24,141.372,1
FUR-BO-10003441,2018-04-15,242.352,1
FUR-BO-10003441,2018-07-22,302.94,1
FUR-BO-10003441,2018-11-18,205.9992,1
FUR-BO-10003441,2018-12-30,323.136,1
FUR-BO-10003450,2016-12-11,69.576,1
FUR-BO-10003450,2017-09-10,173.94,1
FUR-BO-10003450,2017-12-10,405.86,1
FUR-BO-10003546,2015-11-22,424.116,1
FUR-BO-10003546,2017-07-23,504.9,1
FUR-BO-10003546,2018-05-20,302.94,1
FUR-BO-10003546,2018-12-02,242.352,1
FUR-BO-10003660,2016-10-09,66.294,1
FUR-BO-10003660,2018-03-04,441.96,1
FUR-BO-10003660,2018-12-23,220.98,1
FUR-BO-10003893,2016-08-21,586.398,1
FUR-BO-10003893,2017-12-03,781.864,1
FUR-BO-10003894,2017-09-03,198.744,1
FUR-BO-10003894,2017-10-22,120.666,1
FUR-BO-10003894,2018-04-01,482.664,1
FUR-BO-10003965,2016-08-07,369.1992,1
FUR-BO-10003965,2016-11-27,246.1328,1
FUR-BO-10003965,2018-10-07,307.666,1
FUR-BO-10003965,2018-11-25,723.92,1
FUR-BO-10003966,2015-02-01,290.666,1
FUR-BO-10003966,2016-12-25,359.058,1
FUR-BO-10003966,2017-11-12,341.96,1
FUR-BO-10003966,2018-07-01,435.999,1
FUR-BO-10004015,2015-11-22,305.9745,1
FUR-BO-10004015,2016-05-15,509.9575,1
FUR-BO-10004015,2017-02-05,239.98,1
FUR-BO-10004015,2017-04-02,299.975,1
FUR-BO-10004015,2018-02-11,563.953,2
FUR-BO-10004015,2018-06-24,917.9235,1
FUR-BO-10004015,2018-12-16,287.976,1
FUR-BO-10004015,2018-12-30,191.984,1
FUR-BO-10004218,2015-03-22,1198.33,1
FUR-BO-10004218,2015-07-12,119.833,1
FUR-BO-10004218,2015-09-20,493.43,1
FUR-BO-10004218,2016-04-10,352.45,1
FUR-BO-10004218,2017-06-18,838.8309999999999,2
FUR-BO-10004218,2018-09-09,239.666,1
FUR-BO-10004357,2016-06-05,1406.86,1
FUR-BO-10004357,2016-11-06,512.499,1
FUR-BO-10004357,2017-03-26,301.47,1
FUR-BO-10004360,2016-12-25,160.98,1
FUR-BO-10004360,2018-10-21,328.3992,1
FUR-BO-10004409,2015-02-01,141.96,1
FUR-BO-10004409,2016-03-13,141.96,1
FUR-BO-10004409,2016-10-09,156.156,2
FUR-BO-10004409,2017-03-19,241.332,1
FUR-BO-10004409,2017-07-30,177.45,1
FUR-BO-10004467,2015-05-10,349.965,1
FUR-BO-10004467,2015-11-15,67.9932,1
FUR-BO-10004467,2015-12-13,254.9745,1
FUR-BO-10004467,2016-11-13,299.97,1
FUR-BO-10004467,2017-10-01,424.9575,1
FUR-BO-10004467,2018-05-06,89.991,1
FUR-BO-10004467,2018-05-13,209.979,1
FUR-BO-10004467,2018-11-04,199.98,1
FUR-BO-10004690,2016-07-24,384.944,1
FUR-BO-10004690,2016-08-14,687.4,1
FUR-BO-10004695,2016-01-03,452.45,1
FUR-BO-10004695,2016-08-28,307.666,1
FUR-BO-10004695,2016-09-11,361.96,1
FUR-BO-10004695,2017-07-02,1266.86,1
FUR-BO-10004695,2017-07-16,579.136,1
FUR-BO-10004695,2017-11-26,289.568,1
FUR-BO-10004695,2018-05-20,1628.82,1
FUR-BO-10004709,2016-07-17,231.92,1
FUR-BO-10004709,2016-09-18,46.384,1
FUR-BO-10004709,2017-01-08,173.94,1
FUR-BO-10004709,2017-11-26,86.97,1
FUR-BO-10004709,2018-02-25,231.92,1
FUR-BO-10004709,2018-04-29,344.981,1
FUR-BO-10004709,2018-06-03,115.96,1
FUR-BO-10004709,2018-07-29,115.96,1
FUR-BO-10004709,2018-12-30,78.8528,1
FUR-BO-10004834,2016-09-18,7312.134,2
FUR-BO-10004834,2016-11-13,4404.9,1
FUR-BO-10004834,2017-09-10,2396.2656,1
FUR-BO-10004834,2018-06-10,1497.666,1
FUR-CH-10000015,2015-05-17,1212.96,1
FUR-CH-10000015,2015-12-06,909.72,1
FUR-CH-10000015,2016-09-18,1516.2,1
FUR-CH-10000015,2017-02-05,866.4,1
FUR-CH-10000015,2018-06-17,1212.96,1
FUR-CH-10000015,2018-08-26,866.4,1
FUR-CH-10000155,2015-07-12,478.48,1
FUR-CH-10000155,2015-07-26,717.72,1
FUR-CH-10000155,2018-07-08,239.24,1
FUR-CH-10000155,2018-10-21,478.48,1
FUR-CH-10000155,2018-12-02,897.15,1
FUR-CH-10000225,2015-02-15,129.568,1
FUR-CH-10000225,2015-06-21,647.84,1
FUR-CH-10000225,2016-04-24,56.686,1
FUR-CH-10000225,2017-04-16,194.352,1
FUR-CH-10000225,2017-08-13,145.764,1
FUR-CH-10000225,2018-05-20,518.272,1
FUR-CH-10000225,2018-12-16,64.784,1
FUR-CH-10000229,2015-10-11,433.568,1
FUR-CH-10000229,2017-06-18,379.372,1
FUR-CH-10000229,2017-11-05,650.352,1
FUR-CH-10000229,2018-07-01,569.058,1
FUR-CH-10000309,2016-05-01,1267.53,1
FUR-CH-10000309,2016-09-25,1690.04,1
FUR-CH-10000309,2017-03-19,1352.032,1
FUR-CH-10000309,2017-09-10,887.271,1
FUR-CH-10000309,2018-01-21,887.271,1
FUR-CH-10000422,2015-01-18,545.94,1
FUR-CH-10000422,2015-03-22,218.376,1
FUR-CH-10000422,2016-10-09,291.168,1
FUR-CH-10000422,2016-10-30,582.336,1
FUR-CH-10000422,2016-11-06,327.564,1
FUR-CH-10000422,2017-06-04,191.079,1
FUR-CH-10000422,2018-03-25,90.99,1
FUR-CH-10000422,2018-11-11,272.97,1
FUR-CH-10000422,2018-11-18,127.386,1
FUR-CH-10000454,2015-06-28,853.93,1
FUR-CH-10000454,2015-09-13,975.92,1
FUR-CH-10000454,2015-09-27,585.552,1
FUR-CH-10000454,2017-04-02,1317.492,1
FUR-CH-10000454,2017-04-09,658.746,1
FUR-CH-10000454,2017-11-12,2269.014,2
FUR-CH-10000454,2017-12-10,1951.84,1
FUR-CH-10000454,2017-12-31,170.786,1
FUR-CH-10000454,2018-06-24,487.96,1
FUR-CH-10000454,2018-11-04,975.92,1
FUR-CH-10000454,2018-12-02,390.368,1
FUR-CH-10000513,2015-12-20,1819.86,1
FUR-CH-10000513,2016-01-31,181.986,1
FUR-CH-10000513,2016-05-01,831.936,1
FUR-CH-10000513,2016-10-09,389.97,1
FUR-CH-10000513,2017-10-01,454.965,1
FUR-CH-10000513,2017-11-12,207.984,1
FUR-CH-10000513,2017-12-03,389.97,1
FUR-CH-10000513,2018-05-27,181.986,1
FUR-CH-10000513,2018-07-22,311.976,1
FUR-CH-10000553,2015-07-26,67.88,1
FUR-CH-10000553,2016-09-11,47.516,1
FUR-CH-10000553,2017-10-29,427.644,1
FUR-CH-10000553,2018-10-07,108.608,1
FUR-CH-10000553,2018-11-04,33.94,1
FUR-CH-10000595,2015-11-29,381.44,1
FUR-CH-10000595,2015-12-27,572.16,1
FUR-CH-10000595,2016-07-17,1931.04,1
FUR-CH-10000595,2016-11-13,905.9200000000001,2
FUR-CH-10000595,2016-11-20,572.16,1
FUR-CH-10000595,2018-05-13,476.8,1
FUR-CH-10000595,2018-06-17,858.24,1
FUR-CH-10000665,2015-11-15,603.92,1
FUR-CH-10000665,2016-09-11,271.764,1
FUR-CH-10000665,2017-03-26,528.43,1
FUR-CH-10000665,2017-07-02,528.43,1
FUR-CH-10000665,2018-03-25,271.764,1
FUR-CH-10000665,2018-06-17,301.96,1
FUR-CH-10000665,2018-07-29,362.352,1
FUR-CH-10000665,2018-09-30,603.92,1
FUR-CH-10000749,2015-10-18,1628.82,1
FUR-CH-10000749,2018-10-28,579.136,1
FUR-CH-10000785,2016-08-14,144.784,1
FUR-CH-10000785,2016-09-25,542.94,1
FUR-CH-10000785,2016-12-11,542.94,1
FUR-CH-10000785,2017-01-22,1013.488,1
FUR-CH-10000785,2017-07-09,253.372,1
FUR-CH-10000785,2017-11-19,380.058,1
FUR-CH-10000785,2018-03-04,180.98,1
FUR-CH-10000785,2018-06-24,760.116,1
FUR-CH-10000785,2018-09-23,723.92,1
FUR-CH-10000785,2018-09-30,488.646,1
FUR-CH-10000785,2018-11-25,977.292,1
FUR-CH-10000847,2015-11-29,611.058,1
FUR-CH-10000847,2017-04-02,1454.9,1
FUR-CH-10000847,2017-10-29,290.98,1
FUR-CH-10000847,2017-12-31,698.352,1
FUR-CH-10000847,2018-06-17,698.352,1
FUR-CH-10000847,2018-12-09,872.94,1
FUR-CH-10000863,2015-03-01,634.116,1
FUR-CH-10000863,2015-11-29,603.92,1
FUR-CH-10000863,2016-05-29,422.744,2
FUR-CH-10000863,2017-11-19,301.96,1
FUR-CH-10000863,2018-02-04,120.784,1
FUR-CH-10000863,2018-06-03,301.96,1
FUR-CH-10000988,2015-05-31,225.296,1
FUR-CH-10000988,2015-09-20,887.103,1
FUR-CH-10000988,2015-11-15,112.648,1
FUR-CH-10000988,2015-12-20,1013.832,1
FUR-CH-10000988,2016-09-25,1408.1,1
FUR-CH-10000988,2017-07-23,140.81,1
FUR-CH-10000988,2017-08-20,225.296,1
FUR-CH-10000988,2017-09-24,563.24,1
FUR-CH-10000988,2017-11-05,492.835,1
FUR-CH-10000988,2018-07-22,225.296,1
FUR-CH-10001146,2015-02-15,60.89,1
FUR-CH-10001146,2015-05-10,127.869,1
FUR-CH-10001146,2015-12-27,292.272,1
FUR-CH-10001146,2016-03-06,383.607,1
FUR-CH-10001146,2016-05-01,213.115,1
FUR-CH-10001146,2017-06-25,85.246,1
FUR-CH-10001146,2017-09-10,71.246,1
FUR-CH-10001146,2017-09-17,121.78,1
FUR-CH-10001146,2017-10-01,194.848,1
FUR-CH-10001146,2017-11-12,81.424,1
FUR-CH-10001146,2017-12-17,81.424,1
FUR-CH-10001146,2018-06-03,106.869,1
FUR-CH-10001146,2018-07-08,122.136,1
FUR-CH-10001146,2018-12-30,304.45,1
FUR-CH-10001190,2017-02-05,435.168,1
FUR-CH-10001190,2017-11-05,217.584,1
FUR-CH-10001190,2018-10-07,435.168,1
FUR-CH-10001215,2015-07-26,801.568,1
FUR-CH-10001215,2016-12-04,2003.92,1
FUR-CH-10001215,2017-06-04,801.568,1
FUR-CH-10001215,2017-08-27,1603.136,1
FUR-CH-10001215,2017-09-24,1502.94,2
FUR-CH-10001215,2017-11-12,1603.136,1
FUR-CH-10001215,2018-09-23,2254.41,1
FUR-CH-10001215,2018-11-18,2404.704,1
FUR-CH-10001270,2015-03-01,362.25,1
FUR-CH-10001270,2016-09-25,517.5,1
FUR-CH-10001270,2016-11-06,207.0,1
FUR-CH-10001270,2016-12-25,422.625,1
FUR-CH-10001270,2017-02-12,241.5,1
FUR-CH-10001270,2017-12-03,172.5,1
FUR-CH-10001270,2018-05-13,207.0,1
FUR-CH-10001270,2018-12-30,258.75,1
FUR-CH-10001394,2015-05-03,561.584,1
FUR-CH-10001394,2015-06-28,1228.465,1
FUR-CH-10001394,2015-09-20,631.782,1
FUR-CH-10001394,2017-09-24,631.782,1
FUR-CH-10001394,2017-11-26,1684.752,1
FUR-CH-10001394,2018-06-17,280.792,1
FUR-CH-10001394,2018-12-30,842.376,1
FUR-CH-10001482,2015-03-22,314.352,1
FUR-CH-10001482,2015-11-22,392.94,1
FUR-CH-10001482,2016-07-03,117.882,1
FUR-CH-10001482,2016-10-09,392.94,1
FUR-CH-10001482,2018-05-13,458.43,1
FUR-CH-10001482,2018-05-20,314.352,1
FUR-CH-10001482,2018-11-25,209.568,1
FUR-CH-10001545,2016-09-25,102.582,1
FUR-CH-10001545,2016-11-06,205.164,1
FUR-CH-10001545,2017-02-19,227.96,1
FUR-CH-10001545,2017-04-16,638.288,1
FUR-CH-10001545,2018-07-01,273.552,1
FUR-CH-10001545,2018-10-14,239.358,1
FUR-CH-10001708,2015-12-13,338.352,1
FUR-CH-10001708,2016-02-07,1268.82,1
FUR-CH-10001708,2016-06-19,197.372,1
FUR-CH-10001708,2016-11-20,225.568,1
FUR-CH-10001708,2017-07-30,253.764,1
FUR-CH-10001708,2017-12-17,563.92,1
FUR-CH-10001708,2018-12-23,1141.938,1
FUR-CH-10001714,2015-11-29,120.712,1
FUR-CH-10001714,2017-12-31,754.45,1
FUR-CH-10001714,2018-04-01,211.246,1
FUR-CH-10001714,2018-11-11,241.424,1
FUR-CH-10001797,2015-07-12,123.136,1
FUR-CH-10001797,2015-08-23,500.24,1
FUR-CH-10001797,2015-11-15,69.264,1
FUR-CH-10001797,2018-12-09,188.552,1
FUR-CH-10001802,2017-02-19,326.646,1
FUR-CH-10001802,2017-10-22,387.136,1
FUR-CH-10001802,2018-10-14,254.058,1
FUR-CH-10001854,2015-12-06,2807.84,1
FUR-CH-10001854,2015-12-20,1403.92,1
FUR-CH-10001854,2016-07-31,561.568,1
FUR-CH-10001854,2016-10-23,842.352,1
FUR-CH-10001854,2017-09-24,350.98,1
FUR-CH-10001854,2017-11-05,1403.92,1
FUR-CH-10001854,2018-11-25,701.96,1
FUR-CH-10001854,2018-12-02,701.96,1
FUR-CH-10001891,2015-12-27,230.352,1
FUR-CH-10001891,2016-04-24,191.96,1
FUR-CH-10001891,2016-10-16,287.94,1
FUR-CH-10001891,2016-11-20,230.352,1
FUR-CH-10001891,2018-06-24,172.764,1
FUR-CH-10001891,2018-11-04,307.136,1
FUR-CH-10001973,2015-11-29,155.372,1
FUR-CH-10001973,2016-08-07,110.98,1
FUR-CH-10001973,2016-09-18,199.764,1
FUR-CH-10001973,2017-05-28,388.43,1
FUR-CH-10001973,2017-08-27,532.704,1
FUR-CH-10001973,2018-11-04,155.372,1
FUR-CH-10001973,2018-11-25,233.058,1
FUR-CH-10002017,2015-11-22,37.296,1
FUR-CH-10002017,2016-05-01,63.936,1
FUR-CH-10002017,2018-05-13,26.64,1
FUR-CH-10002017,2018-05-20,42.624,1
FUR-CH-10002017,2018-08-19,74.592,1
FUR-CH-10002024,2015-07-26,981.372,1
FUR-CH-10002024,2015-09-13,3785.292,1
FUR-CH-10002024,2016-01-31,2803.92,1
FUR-CH-10002024,2016-10-16,2453.43,1
FUR-CH-10002024,2017-04-16,1121.568,1
FUR-CH-10002024,2017-05-28,3504.9,1
FUR-CH-10002024,2018-05-06,2803.92,1
FUR-CH-10002024,2018-08-19,4416.174,1
FUR-CH-10002044,2017-01-01,275.058,1
FUR-CH-10002044,2018-02-04,419.136,1
FUR-CH-10002073,2016-11-06,2621.322,1
FUR-CH-10002073,2016-11-20,1323.9,1
FUR-CH-10002073,2017-09-17,1059.12,1
FUR-CH-10002073,2018-08-19,423.648,1
FUR-CH-10002084,2016-03-13,860.93,1
FUR-CH-10002084,2017-05-07,442.764,1
FUR-CH-10002084,2017-09-24,368.97,1
FUR-CH-10002084,2017-11-05,368.97,1
FUR-CH-10002084,2018-07-15,664.146,1
FUR-CH-10002126,2015-07-12,512.358,1
FUR-CH-10002126,2017-07-02,195.184,1
FUR-CH-10002126,2017-08-27,1024.716,1
FUR-CH-10002126,2018-11-25,853.93,1
FUR-CH-10002304,2015-04-05,127.302,1
FUR-CH-10002304,2015-05-03,51.96,1
FUR-CH-10002304,2016-07-31,155.88,1
FUR-CH-10002304,2017-04-30,41.568,1
FUR-CH-10002304,2017-05-07,187.056,1
FUR-CH-10002304,2017-09-17,83.136,1
FUR-CH-10002304,2018-10-14,254.604,1
FUR-CH-10002317,2018-08-12,207.184,1
FUR-CH-10002320,2015-05-10,256.784,1
FUR-CH-10002320,2015-11-01,1604.9,1
FUR-CH-10002320,2016-06-05,2567.84,1
FUR-CH-10002320,2018-09-16,2054.272,1
FUR-CH-10002331,2015-01-25,1067.94,1
FUR-CH-10002331,2017-07-23,854.352,1
FUR-CH-10002331,2017-10-01,747.558,1
FUR-CH-10002331,2017-12-31,2563.056,1
FUR-CH-10002331,2018-08-12,1779.9,1
FUR-CH-10002331,2018-09-02,569.568,1
FUR-CH-10002335,2015-08-09,1133.35,1
FUR-CH-10002335,2015-11-29,725.344,1
FUR-CH-10002335,2016-08-21,544.008,1
FUR-CH-10002335,2017-07-09,408.006,1
FUR-CH-10002335,2017-07-23,544.008,1
FUR-CH-10002335,2017-11-19,408.006,1
FUR-CH-10002335,2017-12-10,680.01,1
FUR-CH-10002335,2018-12-02,906.68,1
FUR-CH-10002335,2018-12-23,1586.69,1
FUR-CH-10002372,2015-07-19,259.136,1
FUR-CH-10002372,2016-09-04,129.568,1
FUR-CH-10002372,2016-12-04,364.41,1
FUR-CH-10002372,2017-09-10,242.94,1
FUR-CH-10002372,2017-10-22,56.686,1
FUR-CH-10002372,2018-09-16,113.372,1
FUR-CH-10002372,2018-10-14,145.764,1
FUR-CH-10002439,2015-03-29,366.786,1
FUR-CH-10002439,2015-05-17,512.336,2
FUR-CH-10002439,2015-12-20,186.304,1
FUR-CH-10002439,2016-10-30,291.1,1
FUR-CH-10002439,2018-12-30,232.88,1
FUR-CH-10002602,2015-04-19,317.058,1
FUR-CH-10002602,2015-09-27,603.92,1
FUR-CH-10002602,2015-11-08,135.882,1
FUR-CH-10002602,2015-12-13,603.92,1
FUR-CH-10002602,2015-12-20,241.568,1
FUR-CH-10002602,2017-07-30,241.568,1
FUR-CH-10002602,2018-04-22,317.058,1
FUR-CH-10002602,2018-09-16,362.352,1
FUR-CH-10002602,2018-12-02,317.058,1
FUR-CH-10002602,2018-12-30,1479.6039999999998,2
FUR-CH-10002647,2015-06-14,170.352,1
FUR-CH-10002647,2015-07-12,63.882,1
FUR-CH-10002647,2016-03-06,99.372,1
FUR-CH-10002647,2016-05-08,127.764,1
FUR-CH-10002647,2016-11-27,283.92,1
FUR-CH-10002647,2016-12-11,283.92,1
FUR-CH-10002647,2017-03-12,354.9,1
FUR-CH-10002647,2017-09-10,347.802,1
FUR-CH-10002647,2017-09-24,99.372,1
FUR-CH-10002647,2017-12-03,596.232,2
FUR-CH-10002647,2018-05-20,681.408,1
FUR-CH-10002647,2018-07-01,191.646,1
FUR-CH-10002647,2018-07-22,198.744,1
FUR-CH-10002647,2018-12-23,141.96,1
FUR-CH-10002758,2015-06-14,585.552,1
FUR-CH-10002758,2015-11-08,683.144,1
FUR-CH-10002774,2015-10-04,122.352,1
FUR-CH-10002774,2015-10-11,122.352,1
FUR-CH-10002774,2016-02-14,203.92,1
FUR-CH-10002774,2016-08-28,40.784,1
FUR-CH-10002774,2017-06-11,122.352,1
FUR-CH-10002774,2018-07-22,71.372,1
FUR-CH-10002774,2018-12-16,81.568,1
FUR-CH-10002780,2015-03-08,436.704,1
FUR-CH-10002780,2018-07-22,163.764,1
FUR-CH-10002880,2015-07-12,172.186,1
FUR-CH-10002880,2015-10-04,258.279,1
FUR-CH-10002880,2015-10-18,245.98,1
FUR-CH-10002880,2016-05-29,602.651,1
FUR-CH-10002880,2016-11-20,344.372,1
FUR-CH-10002880,2016-12-04,1106.91,1
FUR-CH-10002880,2017-03-19,196.784,1
FUR-CH-10002880,2017-04-23,344.372,1
FUR-CH-10002880,2017-09-24,983.9200000000001,2
FUR-CH-10002880,2018-02-25,196.784,1
FUR-CH-10002880,2018-03-25,368.97,1
FUR-CH-10002880,2018-10-07,221.382,1
FUR-CH-10002880,2018-12-30,393.568,1
FUR-CH-10002961,2015-09-27,145.568,1
FUR-CH-10002961,2017-07-23,363.92,1
FUR-CH-10002961,2018-09-16,218.352,1
FUR-CH-10002961,2018-09-30,72.784,1
FUR-CH-10002961,2018-12-16,63.686,1
FUR-CH-10002965,2015-04-05,1125.488,1
FUR-CH-10002965,2015-04-26,562.744,2
FUR-CH-10002965,2016-05-08,844.116,1
FUR-CH-10002965,2016-06-19,643.136,1
FUR-CH-10002965,2016-12-04,361.764,1
FUR-CH-10002965,2017-04-02,844.116,1
FUR-CH-10002965,2017-06-25,422.058,1
FUR-CH-10002965,2017-12-03,542.646,1
FUR-CH-10002965,2017-12-10,321.568,1
FUR-CH-10002965,2018-11-18,321.568,1
FUR-CH-10003061,2016-04-24,89.99,1
FUR-CH-10003061,2017-07-09,287.968,1
FUR-CH-10003061,2017-09-03,215.976,1
FUR-CH-10003061,2018-09-02,215.976,1
FUR-CH-10003061,2018-09-23,80.991,1
FUR-CH-10003061,2018-09-30,269.97,1
FUR-CH-10003061,2018-11-04,71.992,1
FUR-CH-10003061,2018-11-11,215.976,1
FUR-CH-10003199,2016-06-26,332.94,1
FUR-CH-10003199,2016-07-31,266.352,1
FUR-CH-10003199,2017-09-24,155.372,1
FUR-CH-10003199,2017-10-08,599.292,1
FUR-CH-10003199,2018-01-07,310.744,1
FUR-CH-10003199,2018-09-16,177.568,1
FUR-CH-10003298,2015-10-04,589.41,1
FUR-CH-10003298,2016-04-03,366.744,1
FUR-CH-10003298,2016-11-13,523.92,1
FUR-CH-10003298,2017-05-07,366.744,1
FUR-CH-10003298,2017-11-05,104.784,1
FUR-CH-10003298,2017-12-17,458.43,1
FUR-CH-10003298,2018-05-20,261.96,1
FUR-CH-10003298,2018-09-16,589.41,1
FUR-CH-10003298,2018-09-30,419.136,1
FUR-CH-10003312,2015-07-26,674.352,1
FUR-CH-10003312,2016-06-12,1123.92,1
FUR-CH-10003312,2016-07-17,1348.704,1
FUR-CH-10003312,2017-09-03,786.744,1
FUR-CH-10003312,2018-11-11,1348.704,2
FUR-CH-10003379,2015-03-15,1139.92,1
FUR-CH-10003379,2015-06-21,797.944,1
FUR-CH-10003379,2015-07-12,854.94,1
FUR-CH-10003379,2015-11-15,797.944,1
FUR-CH-10003379,2016-08-21,598.458,1
FUR-CH-10003379,2017-12-10,1424.9,1
FUR-CH-10003379,2018-09-02,1282.41,1
FUR-CH-10003379,2018-10-21,683.952,1
FUR-CH-10003379,2018-12-02,398.972,1
FUR-CH-10003396,2015-05-24,107.772,1
FUR-CH-10003396,2016-01-10,61.584,1
FUR-CH-10003396,2016-03-06,184.752,1
FUR-CH-10003396,2016-03-27,107.772,1
FUR-CH-10003396,2017-09-24,184.752,1
FUR-CH-10003396,2017-10-22,307.92,1
FUR-CH-10003396,2018-01-21,207.846,1
FUR-CH-10003396,2018-03-25,207.846,1
FUR-CH-10003396,2018-09-16,184.752,1
FUR-CH-10003396,2018-12-09,215.544,1
FUR-CH-10003535,2016-05-01,128.058,1
FUR-CH-10003535,2016-11-06,109.764,1
FUR-CH-10003535,2016-12-04,384.174,1
FUR-CH-10003535,2016-12-11,164.646,1
FUR-CH-10003535,2017-07-02,121.96,1
FUR-CH-10003535,2017-12-31,146.352,1
FUR-CH-10003535,2018-05-13,128.058,1
FUR-CH-10003535,2018-09-09,213.43,1
FUR-CH-10003606,2017-10-15,102.592,1
FUR-CH-10003606,2018-03-18,89.768,1
FUR-CH-10003606,2018-09-16,512.96,1
FUR-CH-10003746,2015-12-06,674.058,1
FUR-CH-10003746,2016-11-13,577.764,1
FUR-CH-10003746,2017-03-12,770.352,1
FUR-CH-10003746,2017-05-21,641.96,1
FUR-CH-10003746,2017-11-12,449.372,1
FUR-CH-10003746,2017-12-31,866.646,1
FUR-CH-10003761,2015-09-13,785.88,1
FUR-CH-10003761,2015-10-18,183.372,1
FUR-CH-10003774,2015-10-18,545.88,1
FUR-CH-10003774,2015-12-20,445.802,1
FUR-CH-10003774,2016-07-03,382.116,1
FUR-CH-10003774,2017-11-12,245.646,1
FUR-CH-10003774,2017-11-26,318.43,1
FUR-CH-10003774,2017-12-17,363.92,1
FUR-CH-10003774,2018-04-01,218.352,1
FUR-CH-10003774,2018-04-15,436.704,1
FUR-CH-10003774,2018-04-22,218.352,1
FUR-CH-10003774,2018-06-17,291.136,1
FUR-CH-10003774,2018-09-23,318.43,1
FUR-CH-10003774,2018-09-30,63.686,1
FUR-CH-10003774,2018-11-11,127.372,1
FUR-CH-10003774,2018-11-25,191.058,1
FUR-CH-10003817,2015-08-09,340.144,1
FUR-CH-10003817,2016-09-04,60.74,1
FUR-CH-10003817,2016-09-18,170.072,1
FUR-CH-10003817,2016-12-18,546.66,1
FUR-CH-10003817,2017-04-02,327.996,1
FUR-CH-10003817,2017-11-19,255.108,1
FUR-CH-10003817,2017-11-26,127.554,1
FUR-CH-10003817,2018-09-09,97.184,1
FUR-CH-10003817,2018-12-09,182.22,1
FUR-CH-10003817,2018-12-16,97.184,1
FUR-CH-10003833,2015-11-01,146.352,1
FUR-CH-10003833,2016-05-15,97.568,1
FUR-CH-10003833,2016-07-17,341.488,1
FUR-CH-10003833,2017-05-28,390.272,1
FUR-CH-10003833,2017-11-26,195.136,1
FUR-CH-10003833,2018-07-22,182.94,1
FUR-CH-10003833,2018-09-09,243.92,1
FUR-CH-10003833,2018-11-04,97.568,1
FUR-CH-10003846,2016-12-18,302.94,1
FUR-CH-10003846,2017-06-25,161.568,1
FUR-CH-10003846,2018-09-23,272.646,1
FUR-CH-10003846,2018-12-23,504.9,1
FUR-CH-10003956,2016-07-03,70.98,1
FUR-CH-10003956,2016-10-30,454.272,1
FUR-CH-10003956,2018-11-25,283.92,1
FUR-CH-10003956,2018-12-09,113.568,1
FUR-CH-10003968,2016-04-17,127.764,1
FUR-CH-10003968,2016-07-10,170.352,1
FUR-CH-10003968,2017-06-18,319.41,1
FUR-CH-10003968,2017-12-31,212.94,1
FUR-CH-10003968,2018-03-04,170.352,1
FUR-CH-10003968,2018-12-30,340.704,1
FUR-CH-10003973,2015-04-26,1487.04,1
FUR-CH-10003973,2015-09-13,1487.04,1
FUR-CH-10003973,2016-04-10,892.224,1
FUR-CH-10003973,2016-12-04,2676.672,1
FUR-CH-10003973,2018-03-04,892.224,1
FUR-CH-10003973,2018-09-23,594.816,1
FUR-CH-10003973,2018-09-30,520.464,1
FUR-CH-10003973,2018-12-16,520.464,1
FUR-CH-10003981,2015-05-31,359.772,1
FUR-CH-10003981,2016-09-11,179.886,1
FUR-CH-10003981,2017-07-02,539.658,1
FUR-CH-10003981,2018-02-18,899.43,1
FUR-CH-10003981,2018-05-20,899.43,1
FUR-CH-10003981,2018-08-19,462.564,1
FUR-CH-10003981,2018-12-02,1079.316,1
FUR-CH-10004063,2015-01-11,2573.82,1
FUR-CH-10004063,2015-03-01,457.568,1
FUR-CH-10004063,2015-06-07,2001.86,1
FUR-CH-10004063,2015-12-27,600.558,1
FUR-CH-10004063,2016-03-13,915.136,1
FUR-CH-10004063,2017-10-08,915.136,1
FUR-CH-10004063,2018-02-18,600.558,1
FUR-CH-10004063,2018-04-01,600.558,1
FUR-CH-10004086,2016-04-03,1166.92,1
FUR-CH-10004086,2016-05-01,408.422,1
FUR-CH-10004086,2016-07-03,408.422,1
FUR-CH-10004086,2016-07-17,700.152,1
FUR-CH-10004086,2017-04-16,933.536,1
FUR-CH-10004086,2017-09-17,466.768,1
FUR-CH-10004086,2018-05-13,1458.65,1
FUR-CH-10004086,2018-09-23,2888.127,1
FUR-CH-10004218,2016-01-03,605.88,1
FUR-CH-10004218,2016-02-07,90.882,1
FUR-CH-10004218,2016-11-06,323.136,1
FUR-CH-10004218,2017-01-01,212.058,1
FUR-CH-10004218,2017-10-01,201.96,1
FUR-CH-10004218,2017-12-17,403.92,1
FUR-CH-10004218,2018-04-22,908.82,1
FUR-CH-10004218,2018-07-22,161.568,1
FUR-CH-10004287,2015-09-13,2706.76,2
FUR-CH-10004287,2015-12-20,662.88,1
FUR-CH-10004287,2015-12-27,1325.76,1
FUR-CH-10004287,2016-07-17,441.92,1
FUR-CH-10004287,2016-11-20,883.84,1
FUR-CH-10004287,2016-12-25,883.84,1
FUR-CH-10004287,2017-03-19,386.68,1
FUR-CH-10004287,2017-04-30,1325.76,1
FUR-CH-10004287,2017-07-09,662.88,1
FUR-CH-10004287,2018-05-20,220.96,1
FUR-CH-10004287,2018-12-02,2071.5,2
FUR-CH-10004289,2015-09-13,172.764,1
FUR-CH-10004289,2015-11-22,479.9,1
FUR-CH-10004289,2016-09-25,307.136,1
FUR-CH-10004289,2016-12-11,191.96,1
FUR-CH-10004289,2017-01-22,153.568,1
FUR-CH-10004289,2018-06-17,470.302,1
FUR-CH-10004289,2018-11-04,614.272,1
FUR-CH-10004477,2015-03-08,48.712,1
FUR-CH-10004477,2015-12-27,767.214,1
FUR-CH-10004477,2016-02-28,389.696,1
FUR-CH-10004477,2016-07-17,383.607,1
FUR-CH-10004477,2016-11-13,146.136,1
FUR-CH-10004477,2016-12-11,97.424,1
FUR-CH-10004477,2017-09-10,85.246,1
FUR-CH-10004477,2017-12-03,267.916,2
FUR-CH-10004495,2015-03-08,481.568,1
FUR-CH-10004495,2015-08-23,421.372,1
FUR-CH-10004495,2016-05-15,722.352,1
FUR-CH-10004495,2016-10-23,240.784,1
FUR-CH-10004495,2017-11-12,1474.802,1
FUR-CH-10004495,2018-02-11,963.136,1
FUR-CH-10004495,2018-03-25,1805.88,1
FUR-CH-10004495,2018-12-30,300.98,1
FUR-CH-10004540,2016-05-15,191.968,1
FUR-CH-10004540,2016-10-23,191.968,1
FUR-CH-10004540,2017-04-09,95.984,1
FUR-CH-10004540,2017-11-12,47.992,1
FUR-CH-10004540,2018-05-13,47.992,1
FUR-CH-10004540,2018-12-09,239.96,1
FUR-CH-10004626,2015-10-18,605.34,1
FUR-CH-10004626,2017-10-22,242.136,1
FUR-CH-10004626,2018-01-21,302.67,1
FUR-CH-10004626,2018-07-29,302.67,1
FUR-CH-10004626,2018-09-09,90.801,1
FUR-CH-10004675,2015-05-10,872.32,1
FUR-CH-10004675,2015-12-20,763.28,1
FUR-CH-10004675,2016-12-18,348.928,1
FUR-CH-10004675,2017-09-24,872.32,1
FUR-CH-10004675,2018-03-25,1526.56,1
FUR-CH-10004675,2018-11-11,523.392,1
FUR-CH-10004675,2018-11-25,305.312,1
FUR-CH-10004698,2015-06-28,170.058,1
FUR-CH-10004698,2015-09-13,502.076,2
FUR-CH-10004698,2015-12-27,64.784,1
FUR-CH-10004698,2016-11-27,396.802,1
FUR-CH-10004698,2017-11-26,194.352,1
FUR-CH-10004698,2018-08-26,388.704,1
FUR-CH-10004698,2018-12-30,113.372,1
FUR-CH-10004754,2015-11-08,149.9,1
FUR-CH-10004754,2015-12-06,239.84,1
FUR-CH-10004754,2016-05-29,104.93,1
FUR-CH-10004754,2017-02-19,62.958,1
FUR-CH-10004754,2017-03-26,167.888,1
FUR-CH-10004754,2017-12-03,29.98,1
FUR-CH-10004754,2017-12-31,47.968,1
FUR-CH-10004853,2016-07-17,150.98,1
FUR-CH-10004853,2016-09-18,1056.86,1
FUR-CH-10004853,2016-12-04,301.96,1
FUR-CH-10004853,2017-06-18,483.136,1
FUR-CH-10004853,2017-10-15,120.784,1
FUR-CH-10004853,2017-12-31,845.488,1
FUR-CH-10004860,2015-12-20,242.352,1
FUR-CH-10004860,2016-02-28,161.568,1
FUR-CH-10004860,2016-12-11,70.686,1
FUR-CH-10004860,2017-05-28,484.704,1
FUR-CH-10004860,2018-09-09,484.70400000000006,3
FUR-CH-10004860,2018-12-09,302.94,1
FUR-CH-10004875,2015-12-20,192.186,1
FUR-CH-10004875,2016-01-24,199.304,1
FUR-CH-10004875,2016-12-18,142.36,1
FUR-CH-10004875,2017-09-17,113.888,1
FUR-CH-10004875,2017-11-05,113.888,1
FUR-CH-10004875,2018-09-02,498.26,1
FUR-CH-10004875,2018-11-11,128.124,1
FUR-CH-10004875,2018-11-18,113.888,1
FUR-CH-10004886,2015-04-26,230.28,1
FUR-CH-10004886,2015-12-27,230.28,1
FUR-CH-10004886,2017-04-16,383.8,1
FUR-CH-10004886,2017-07-16,230.28,1
FUR-CH-10004886,2017-11-05,470.155,1
FUR-CH-10004886,2018-09-02,230.28,1
FUR-CH-10004983,2015-09-27,579.528,1
FUR-CH-10004983,2016-11-06,1448.82,1
FUR-CH-10004983,2017-03-05,563.43,1
FUR-CH-10004983,2017-04-30,434.646,1
FUR-CH-10004983,2018-12-02,1159.056,1
FUR-CH-10004997,2015-07-26,657.93,1
FUR-CH-10004997,2015-11-15,563.94,1
FUR-CH-10004997,2015-11-22,657.93,1
FUR-CH-10004997,2016-06-05,1522.638,1
FUR-CH-10004997,2016-09-25,601.536,1
FUR-CH-10004997,2017-11-12,451.152,1
FUR-CH-10004997,2017-12-03,751.92,1
FUR-CH-10004997,2017-12-24,563.94,1
FUR-CH-10004997,2018-07-22,526.344,1
FUR-CH-10004997,2018-10-07,451.152,1
FUR-FU-10000010,2015-01-11,9.94,1
FUR-FU-10000010,2015-05-17,34.79,1
FUR-FU-10000010,2016-08-28,14.91,1
FUR-FU-10000010,2016-09-25,14.91,1
FUR-FU-10000010,2017-01-15,24.85,1
FUR-FU-10000010,2017-05-21,39.76,1
FUR-FU-10000010,2017-11-26,9.94,1
FUR-FU-10000010,2018-04-29,1.988,1
FUR-FU-10000010,2018-08-19,9.94,1
FUR-FU-10000023,2015-11-01,17.67,1
FUR-FU-10000023,2016-03-06,4.712,1
FUR-FU-10000023,2016-11-13,4.712,1
FUR-FU-10000023,2017-04-23,23.56,1
FUR-FU-10000023,2017-11-26,7.068,1
FUR-FU-10000023,2018-09-09,14.136,1
FUR-FU-10000023,2018-09-30,47.12,1
FUR-FU-10000023,2018-11-11,47.12,1
FUR-FU-10000023,2018-12-02,70.68,1
FUR-FU-10000073,2016-09-11,24.64,1
FUR-FU-10000073,2017-07-16,30.8,1
FUR-FU-10000073,2017-07-30,69.3,1
FUR-FU-10000076,2015-05-24,139.86,1
FUR-FU-10000076,2016-07-03,159.84,1
FUR-FU-10000076,2017-01-15,79.92,1
FUR-FU-10000076,2017-10-29,47.952,1
FUR-FU-10000076,2018-05-20,39.96,1
FUR-FU-10000076,2018-10-07,19.98,1
FUR-FU-10000087,2016-04-17,54.528,1
FUR-FU-10000087,2016-11-27,18.176,1
FUR-FU-10000087,2016-12-04,68.16,1
FUR-FU-10000087,2016-12-25,72.704,1
FUR-FU-10000087,2018-10-21,22.72,1
FUR-FU-10000087,2018-12-23,72.704,1
FUR-FU-10000175,2015-11-15,10.984,1
FUR-FU-10000175,2016-05-15,21.968,1
FUR-FU-10000175,2018-10-21,43.936,1
FUR-FU-10000175,2018-12-09,82.38,1
FUR-FU-10000193,2015-10-25,129.92,1
FUR-FU-10000193,2016-01-03,38.976,1
FUR-FU-10000193,2016-08-21,25.984,1
FUR-FU-10000193,2016-11-13,64.96,1
FUR-FU-10000193,2018-04-29,77.952,1
FUR-FU-10000193,2018-08-26,129.92,1
FUR-FU-10000206,2017-04-23,18.624,1
FUR-FU-10000206,2017-06-18,8.73,1
FUR-FU-10000206,2017-11-19,2.328,1
FUR-FU-10000206,2017-12-24,2.328,1
FUR-FU-10000206,2018-03-25,2.91,1
FUR-FU-10000206,2018-11-18,5.82,1
FUR-FU-10000206,2018-11-25,4.656,1
FUR-FU-10000221,2015-02-22,20.32,1
FUR-FU-10000221,2015-10-04,15.24,1
FUR-FU-10000221,2015-11-29,6.096,1
FUR-FU-10000221,2015-12-06,8.128,1
FUR-FU-10000221,2016-12-18,20.32,1
FUR-FU-10000221,2017-03-19,20.32,1
FUR-FU-10000221,2017-07-09,50.8,2
FUR-FU-10000221,2018-09-16,35.56,1
FUR-FU-10000222,2015-09-20,103.936,1
FUR-FU-10000222,2015-10-11,129.92,1
FUR-FU-10000222,2016-12-04,77.952,1
FUR-FU-10000222,2018-05-06,64.96,1
FUR-FU-10000222,2018-08-26,64.96,1
FUR-FU-10000246,2015-06-07,73.32,1
FUR-FU-10000246,2017-09-10,12.22,1
FUR-FU-10000246,2017-09-24,68.432,1
FUR-FU-10000246,2017-10-22,61.1,1
FUR-FU-10000246,2018-09-23,29.328,1
FUR-FU-10000260,2017-09-10,58.248,1
FUR-FU-10000260,2018-09-16,32.36,1
FUR-FU-10000260,2018-12-09,9.708,1
FUR-FU-10000277,2015-10-04,337.088,1
FUR-FU-10000277,2016-09-11,210.68,1
FUR-FU-10000277,2017-09-03,84.272,1
FUR-FU-10000277,2017-12-24,842.72,1
FUR-FU-10000277,2018-10-28,210.68,1
FUR-FU-10000293,2016-07-03,168.464,1
FUR-FU-10000293,2018-02-04,210.58,1
FUR-FU-10000293,2018-07-01,526.45,1
FUR-FU-10000293,2018-07-15,526.45,1
FUR-FU-10000305,2016-08-07,212.94,1
FUR-FU-10000305,2016-11-20,141.96,1
FUR-FU-10000305,2018-11-18,113.568,1
FUR-FU-10000308,2015-05-24,149.232,1
FUR-FU-10000308,2016-03-06,435.26,1
FUR-FU-10000308,2016-03-13,373.08,1
FUR-FU-10000308,2016-09-04,124.36,1
FUR-FU-10000308,2016-11-13,186.54,1
FUR-FU-10000308,2017-08-27,186.54,1
FUR-FU-10000308,2018-12-23,124.36,1
FUR-FU-10000320,2015-11-08,20.04,1
FUR-FU-10000320,2016-08-14,10.02,1
FUR-FU-10000320,2017-05-14,10.02,1
FUR-FU-10000320,2017-08-20,5.344,1
FUR-FU-10000320,2018-11-25,24.048,1
FUR-FU-10000320,2018-12-23,13.36,1
FUR-FU-10000397,2015-11-15,39.88,1
FUR-FU-10000397,2015-12-13,39.88,1
FUR-FU-10000397,2016-11-27,79.76,1
FUR-FU-10000397,2017-11-26,39.88,1
FUR-FU-10000397,2018-04-29,139.58,1
FUR-FU-10000409,2015-04-26,59.92,1
FUR-FU-10000409,2015-11-15,23.968,1
FUR-FU-10000409,2017-03-19,14.98,1
FUR-FU-10000448,2015-11-01,63.92,1
FUR-FU-10000448,2017-11-19,31.96,1
FUR-FU-10000448,2017-12-03,31.96,1
FUR-FU-10000448,2018-09-09,47.94,1
FUR-FU-10000521,2015-10-04,117.36,1
FUR-FU-10000521,2015-10-25,93.888,1
FUR-FU-10000521,2018-08-19,88.02,1
FUR-FU-10000521,2018-12-09,58.68,1
FUR-FU-10000550,2015-06-21,3.984,1
FUR-FU-10000550,2015-09-20,9.96,1
FUR-FU-10000550,2016-01-03,24.9,1
FUR-FU-10000550,2017-04-16,9.96,1
FUR-FU-10000550,2017-11-19,19.92,1
FUR-FU-10000550,2018-02-11,3.984,1
FUR-FU-10000576,2016-12-04,335.744,1
FUR-FU-10000576,2017-05-21,1049.2,1
FUR-FU-10000576,2017-06-04,419.68,1
FUR-FU-10000576,2018-12-02,2056.432,2
FUR-FU-10000629,2015-07-12,124.11,1
FUR-FU-10000629,2015-08-02,44.128,1
FUR-FU-10000629,2016-10-02,11.032,1
FUR-FU-10000629,2017-02-26,68.95,1
FUR-FU-10000629,2017-05-28,41.37,1
FUR-FU-10000629,2018-11-04,41.37,1
FUR-FU-10000629,2018-11-11,96.53,1
FUR-FU-10000629,2018-11-25,27.58,1
FUR-FU-10000672,2016-01-03,70.56,1
FUR-FU-10000672,2016-06-05,35.28,1
FUR-FU-10000672,2017-03-05,35.28,1
FUR-FU-10000672,2017-09-03,47.04,1
FUR-FU-10000672,2017-12-31,70.56,1
FUR-FU-10000719,2015-07-26,25.71,1
FUR-FU-10000719,2016-10-16,17.14,1
FUR-FU-10000719,2017-01-29,59.99,1
FUR-FU-10000719,2018-05-13,42.85,1
FUR-FU-10000723,2015-05-17,66.112,1
FUR-FU-10000723,2015-08-23,289.24,1
FUR-FU-10000723,2016-05-08,123.96,1
FUR-FU-10000723,2017-02-12,132.224,1
FUR-FU-10000723,2017-04-09,82.64,1
FUR-FU-10000723,2017-07-09,165.28,1
FUR-FU-10000723,2017-11-05,66.112,1
FUR-FU-10000723,2018-08-05,123.96,1
FUR-FU-10000723,2018-09-09,66.112,1
FUR-FU-10000732,2016-06-19,12.56,1
FUR-FU-10000732,2017-10-22,31.4,1
FUR-FU-10000732,2017-12-24,18.84,1
FUR-FU-10000732,2018-05-27,18.84,1
FUR-FU-10000732,2018-07-29,20.096,1
FUR-FU-10000732,2018-12-02,18.84,1
FUR-FU-10000747,2015-04-12,91.96,1
FUR-FU-10000747,2016-03-27,91.96,1
FUR-FU-10000747,2016-12-25,275.88,1
FUR-FU-10000747,2017-01-29,45.98,1
FUR-FU-10000747,2018-05-06,220.704,1
FUR-FU-10000747,2018-07-22,183.92,1
FUR-FU-10000755,2017-05-28,24.96,1
FUR-FU-10000755,2017-10-01,68.64,1
FUR-FU-10000758,2015-09-13,42.368,1
FUR-FU-10000758,2015-10-04,31.776,1
FUR-FU-10000758,2015-12-13,79.44,1
FUR-FU-10000758,2017-11-12,148.288,1
FUR-FU-10000758,2018-03-25,211.84,1
FUR-FU-10000771,2015-08-30,6.28,1
FUR-FU-10000771,2017-12-24,43.96,1
FUR-FU-10000771,2018-07-15,18.84,1
FUR-FU-10000771,2018-10-28,69.08,1
FUR-FU-10000794,2016-06-26,27.42,1
FUR-FU-10000794,2016-11-13,63.98,1
FUR-FU-10000794,2017-07-23,27.42,1
FUR-FU-10000794,2018-04-22,18.28,1
FUR-FU-10000794,2018-05-20,18.28,1
FUR-FU-10000820,2016-09-11,67.96,1
FUR-FU-10000820,2018-06-03,13.592,1
FUR-FU-10000820,2018-11-25,50.97,1
FUR-FU-10000820,2018-12-09,13.592,1
FUR-FU-10000965,2015-01-11,51.94,1
FUR-FU-10000965,2016-07-10,155.82,1
FUR-FU-10000965,2016-11-06,259.7,1
FUR-FU-10000965,2016-12-18,41.552,1
FUR-FU-10000965,2017-11-12,467.46,1
FUR-FU-10000965,2017-11-26,207.76,1
FUR-FU-10001025,2016-05-01,24.3,1
FUR-FU-10001025,2016-11-13,17.496,1
FUR-FU-10001025,2018-04-29,11.664,1
FUR-FU-10001037,2016-04-10,7.584,1
FUR-FU-10001037,2017-03-12,30.336,1
FUR-FU-10001037,2017-06-04,47.4,1
FUR-FU-10001037,2017-11-12,22.752,1
FUR-FU-10001037,2018-12-23,18.96,1
FUR-FU-10001057,2015-07-19,31.984,1
FUR-FU-10001057,2018-07-08,39.98,1
FUR-FU-10001057,2018-09-16,127.936,1
FUR-FU-10001057,2018-12-23,99.95,1
FUR-FU-10001085,2016-04-03,22.38,1
FUR-FU-10001085,2017-06-04,44.76,1
FUR-FU-10001085,2017-11-12,37.3,1
FUR-FU-10001085,2017-12-03,111.9,1
FUR-FU-10001095,2015-01-18,127.104,1
FUR-FU-10001095,2015-03-01,63.552,1
FUR-FU-10001095,2015-09-27,21.184,1
FUR-FU-10001095,2015-11-29,52.96,1
FUR-FU-10001095,2016-05-01,63.552,1
FUR-FU-10001095,2016-05-08,79.44,1
FUR-FU-10001095,2018-04-01,26.48,1
FUR-FU-10001095,2018-09-09,21.184,1
FUR-FU-10001185,2016-11-20,185.58,1
FUR-FU-10001185,2017-07-23,185.58,1
FUR-FU-10001185,2018-03-25,30.93,1
FUR-FU-10001185,2018-06-03,247.44,1
FUR-FU-10001196,2015-10-11,63.47,1
FUR-FU-10001196,2017-10-29,16.156,1
FUR-FU-10001196,2017-12-03,17.31,1
FUR-FU-10001196,2018-09-02,11.54,1
FUR-FU-10001196,2018-11-18,17.31,1
FUR-FU-10001215,2016-03-20,43.13,1
FUR-FU-10001215,2016-11-20,34.504,1
FUR-FU-10001215,2018-01-07,474.43,1
FUR-FU-10001215,2018-07-08,129.39,1
FUR-FU-10001290,2016-04-17,67.36,1
FUR-FU-10001290,2018-07-01,126.3,1
FUR-FU-10001290,2018-10-21,547.3,1
FUR-FU-10001290,2018-12-02,126.3,1
FUR-FU-10001379,2017-06-04,32.064,1
FUR-FU-10001379,2018-03-11,26.72,1
FUR-FU-10001424,2015-05-03,17.46,1
FUR-FU-10001424,2017-06-18,6.984,1
FUR-FU-10001424,2018-10-07,17.46,1
FUR-FU-10001424,2018-10-14,10.476,1
FUR-FU-10001424,2018-11-11,43.650000000000006,2
FUR-FU-10001468,2015-11-08,683.92,2
FUR-FU-10001468,2016-04-10,547.136,1
FUR-FU-10001468,2016-04-17,1196.86,1
FUR-FU-10001468,2016-12-25,547.136,1
FUR-FU-10001468,2018-11-11,341.96,1
FUR-FU-10001473,2015-03-22,32.952,1
FUR-FU-10001473,2015-05-10,27.46,1
FUR-FU-10001473,2015-11-22,60.312,1
FUR-FU-10001473,2015-12-27,32.952,1
FUR-FU-10001473,2016-01-10,192.22,1
FUR-FU-10001473,2016-07-03,20.104,1
FUR-FU-10001473,2016-08-28,20.104,1
FUR-FU-10001473,2016-12-11,54.92,1
FUR-FU-10001473,2018-04-22,60.312,1
FUR-FU-10001473,2018-06-03,27.46,1
FUR-FU-10001473,2018-08-12,54.92,1
FUR-FU-10001473,2018-12-02,27.46,1
FUR-FU-10001473,2018-12-16,201.04,1
FUR-FU-10001473,2018-12-23,27.46,1
FUR-FU-10001475,2017-01-22,109.9,1
FUR-FU-10001475,2018-07-22,8.792,1
FUR-FU-10001475,2018-08-19,65.94,1
FUR-FU-10001475,2018-12-16,87.92,1
FUR-FU-10001487,2015-06-14,48.86,1
FUR-FU-10001487,2015-09-06,41.88,1
FUR-FU-10001487,2016-07-24,20.94,1
FUR-FU-10001487,2018-01-21,27.92,1
FUR-FU-10001487,2018-12-09,20.94,1
FUR-FU-10001488,2016-08-21,254.352,1
FUR-FU-10001488,2017-05-14,211.96,1
FUR-FU-10001488,2017-10-15,169.568,1
FUR-FU-10001488,2018-04-22,254.352,1
FUR-FU-10001488,2018-09-16,529.9,1
FUR-FU-10001488,2018-11-18,339.136,1
FUR-FU-10001488,2018-12-02,508.704,1
FUR-FU-10001546,2015-09-27,8.544,1
FUR-FU-10001546,2015-11-22,8.544,1
FUR-FU-10001546,2015-12-20,8.544,1
FUR-FU-10001546,2016-11-20,32.04,1
FUR-FU-10001546,2016-12-04,17.088,1
FUR-FU-10001546,2017-09-24,17.088,1
FUR-FU-10001546,2018-06-17,17.088,1
FUR-FU-10001588,2015-09-27,87.54,1
FUR-FU-10001588,2015-12-06,58.36,1
FUR-FU-10001588,2016-10-09,145.9,1
FUR-FU-10001588,2018-07-08,145.9,1
FUR-FU-10001591,2015-07-05,19.52,1
FUR-FU-10001591,2016-09-18,24.4,1
FUR-FU-10001591,2016-11-20,36.6,1
FUR-FU-10001591,2017-08-06,109.8,1
FUR-FU-10001591,2018-04-01,61.0,1
FUR-FU-10001591,2018-07-01,19.52,1
FUR-FU-10001602,2015-08-09,121.376,1
FUR-FU-10001602,2015-11-29,151.72,1
FUR-FU-10001602,2017-04-30,30.344,1
FUR-FU-10001602,2017-12-10,113.79,1
FUR-FU-10001602,2018-07-29,91.032,1
FUR-FU-10001602,2018-12-30,37.93,1
FUR-FU-10001617,2017-05-07,41.6,1
FUR-FU-10001617,2017-10-15,24.96,1
FUR-FU-10001706,2015-10-04,6.16,1
FUR-FU-10001706,2015-12-13,9.24,1
FUR-FU-10001706,2016-04-24,6.16,1
FUR-FU-10001706,2016-08-14,6.16,1
FUR-FU-10001706,2016-09-11,6.16,1
FUR-FU-10001706,2016-09-25,4.928,1
FUR-FU-10001706,2017-10-15,43.12,1
FUR-FU-10001706,2018-08-12,15.4,1
FUR-FU-10001706,2018-09-30,9.24,1
FUR-FU-10001731,2015-06-28,4.272,1
FUR-FU-10001731,2015-08-30,10.68,1
FUR-FU-10001731,2016-03-13,6.408,1
FUR-FU-10001731,2016-09-11,21.36,1
FUR-FU-10001731,2016-10-23,16.02,1
FUR-FU-10001731,2017-02-05,18.69,1
FUR-FU-10001731,2018-06-03,8.01,1
FUR-FU-10001731,2018-12-30,8.544,1
FUR-FU-10001756,2015-03-15,45.696,1
FUR-FU-10001756,2017-09-17,15.232,1
FUR-FU-10001756,2017-10-08,38.08,1
FUR-FU-10001756,2018-10-21,45.696,1
FUR-FU-10001756,2018-11-18,22.848,1
FUR-FU-10001847,2015-02-01,12.42,1
FUR-FU-10001847,2016-06-05,8.28,1
FUR-FU-10001847,2017-07-23,12.42,1
FUR-FU-10001847,2018-11-04,3.312,1
FUR-FU-10001847,2018-11-18,12.42,1
FUR-FU-10001852,2015-05-10,12.18,1
FUR-FU-10001852,2015-12-27,3.48,1
FUR-FU-10001852,2016-05-08,8.352,1
FUR-FU-10001852,2017-11-12,6.96,1
FUR-FU-10001852,2018-08-26,2.784,1
FUR-FU-10001861,2015-12-06,58.2,1
FUR-FU-10001861,2016-01-17,77.6,1
FUR-FU-10001861,2016-07-17,7.76,1
FUR-FU-10001861,2017-02-26,135.8,1
FUR-FU-10001861,2017-10-29,77.6,1
FUR-FU-10001861,2018-11-25,77.6,1
FUR-FU-10001867,2015-11-15,53.2,1
FUR-FU-10001867,2016-06-19,51.072,1
FUR-FU-10001867,2018-09-09,17.024,1
FUR-FU-10001876,2015-09-27,97.44,1
FUR-FU-10001876,2015-12-20,51.968,1
FUR-FU-10001876,2016-01-31,227.36,1
FUR-FU-10001876,2017-05-07,51.968,1
FUR-FU-10001876,2017-11-26,77.952,1
FUR-FU-10001876,2018-04-22,51.968,1
FUR-FU-10001876,2018-10-28,77.952,1
FUR-FU-10001889,2016-08-14,31.56,1
FUR-FU-10001889,2017-04-23,31.56,1
FUR-FU-10001889,2017-09-03,94.68,1
FUR-FU-10001889,2017-11-05,50.496,1
FUR-FU-10001889,2017-12-03,31.56,1
FUR-FU-10001918,2015-04-12,33.11,1
FUR-FU-10001918,2015-09-13,14.19,1
FUR-FU-10001918,2016-10-30,33.11,1
FUR-FU-10001918,2017-09-17,15.136,1
FUR-FU-10001918,2017-12-24,18.92,1
FUR-FU-10001918,2018-05-20,1.892,1
FUR-FU-10001918,2018-10-14,9.46,1
FUR-FU-10001918,2018-12-09,11.352,1
FUR-FU-10001934,2017-11-12,41.96,1
FUR-FU-10001934,2017-12-24,41.96,1
FUR-FU-10001934,2018-10-07,83.92,1
FUR-FU-10001934,2018-12-09,41.96,1
FUR-FU-10001934,2018-12-30,41.96,1
FUR-FU-10001935,2015-06-07,22.2,1
FUR-FU-10001935,2016-06-05,22.2,1
FUR-FU-10001935,2016-12-04,2.96,1
FUR-FU-10001935,2017-12-17,14.8,1
FUR-FU-10001935,2017-12-24,11.84,1
FUR-FU-10001935,2018-05-06,23.68,1
FUR-FU-10001935,2018-12-30,10.36,2
FUR-FU-10001940,2015-11-29,30.247999999999998,2
FUR-FU-10001940,2016-05-08,22.288,1
FUR-FU-10001940,2017-05-07,63.68,1
FUR-FU-10001940,2017-07-16,9.552,1
FUR-FU-10001940,2017-08-20,9.552,1
FUR-FU-10001940,2018-04-08,25.472,1
FUR-FU-10001940,2018-07-29,23.88,1
FUR-FU-10001940,2018-12-16,19.104,1
FUR-FU-10001940,2018-12-23,15.92,1
FUR-FU-10001967,2015-09-06,31.984,1
FUR-FU-10001967,2017-09-03,39.98,1
FUR-FU-10001967,2018-05-13,7.996,1
FUR-FU-10001967,2018-06-10,31.984,1
FUR-FU-10001967,2018-11-04,15.992,1
FUR-FU-10001967,2018-11-25,15.992,1
FUR-FU-10001979,2015-08-09,327.76,1
FUR-FU-10001979,2016-03-13,327.76,1
FUR-FU-10001979,2016-05-15,122.91,1
FUR-FU-10001979,2016-06-26,204.85,1
FUR-FU-10001979,2017-08-27,98.328,1
FUR-FU-10001979,2018-09-30,32.776,1
FUR-FU-10001986,2015-03-22,122.352,1
FUR-FU-10001986,2015-09-13,254.9,1
FUR-FU-10001986,2016-02-14,40.784,1
FUR-FU-10001986,2016-05-22,163.136,1
FUR-FU-10002030,2017-01-01,53.352,1
FUR-FU-10002030,2017-11-12,44.46,1
FUR-FU-10002045,2015-11-29,111.15,1
FUR-FU-10002045,2017-12-03,111.15,1
FUR-FU-10002045,2017-12-17,133.38,1
FUR-FU-10002045,2018-07-01,22.23,1
FUR-FU-10002088,2015-08-09,53.88,1
FUR-FU-10002088,2015-12-06,10.776,1
FUR-FU-10002088,2016-12-25,14.368,1
FUR-FU-10002088,2017-02-05,14.368,1
FUR-FU-10002088,2017-05-21,35.92,1
FUR-FU-10002088,2017-05-28,26.94,1
FUR-FU-10002088,2017-11-26,14.368,1
FUR-FU-10002107,2015-10-11,8.92,1
FUR-FU-10002107,2016-09-11,8.92,1
FUR-FU-10002107,2017-01-22,14.272,1
FUR-FU-10002107,2017-09-24,5.352,1
FUR-FU-10002111,2015-02-08,14.56,1
FUR-FU-10002111,2016-01-03,8.736,1
FUR-FU-10002111,2016-12-04,36.4,1
FUR-FU-10002116,2015-09-06,70.71,1
FUR-FU-10002116,2015-12-20,56.568,1
FUR-FU-10002116,2016-12-18,212.13,1
FUR-FU-10002116,2017-05-21,282.84,1
FUR-FU-10002116,2018-01-07,141.42,1
FUR-FU-10002157,2016-08-14,47.04,1
FUR-FU-10002157,2017-06-18,47.04,1
FUR-FU-10002157,2018-01-28,62.72,1
FUR-FU-10002191,2015-04-26,22.336,1
FUR-FU-10002191,2015-06-07,13.96,1
FUR-FU-10002191,2016-07-10,13.96,1
FUR-FU-10002191,2017-05-28,5.584,1
FUR-FU-10002191,2018-05-20,6.98,1
FUR-FU-10002240,2016-08-28,7.88,1
FUR-FU-10002240,2016-11-13,11.82,1
FUR-FU-10002253,2016-06-26,257.64,1
FUR-FU-10002253,2016-07-24,128.82,1
FUR-FU-10002253,2016-12-11,206.112,1
FUR-FU-10002253,2018-02-25,68.704,1
FUR-FU-10002253,2018-09-30,103.056,1
FUR-FU-10002268,2015-01-25,14.73,1
FUR-FU-10002268,2015-12-06,9.82,1
FUR-FU-10002268,2015-12-20,29.46,1
FUR-FU-10002268,2016-05-29,14.73,1
FUR-FU-10002268,2016-09-18,15.712,1
FUR-FU-10002268,2017-01-15,54.992,1
FUR-FU-10002268,2018-09-23,9.82,1
FUR-FU-10002298,2015-02-15,332.94,1
FUR-FU-10002298,2016-05-08,665.88,1
FUR-FU-10002298,2017-06-18,266.352,1
FUR-FU-10002298,2017-09-24,532.704,1
FUR-FU-10002298,2018-12-16,266.352,1
FUR-FU-10002364,2015-11-01,14.76,1
FUR-FU-10002364,2016-08-07,14.76,1
FUR-FU-10002364,2016-11-20,22.14,1
FUR-FU-10002364,2017-01-01,14.76,1
FUR-FU-10002364,2017-07-02,22.14,1
FUR-FU-10002364,2017-09-03,14.76,1
FUR-FU-10002364,2017-12-17,14.76,1
FUR-FU-10002364,2018-03-25,22.14,1
FUR-FU-10002364,2018-06-17,8.856,1
FUR-FU-10002364,2018-10-07,11.808,1
FUR-FU-10002364,2018-12-16,14.76,1
FUR-FU-10002379,2015-11-22,124.41,1
FUR-FU-10002396,2015-02-22,25.16,1
FUR-FU-10002396,2016-06-19,40.256,1
FUR-FU-10002396,2017-05-14,30.192,1
FUR-FU-10002396,2018-09-09,25.16,1
FUR-FU-10002445,2016-05-01,9.48,1
FUR-FU-10002445,2016-12-04,28.44,1
FUR-FU-10002445,2017-01-15,15.168,1
FUR-FU-10002445,2017-09-24,18.96,1
FUR-FU-10002445,2017-11-05,11.376,1
FUR-FU-10002445,2018-04-29,66.36,1
FUR-FU-10002445,2018-09-16,47.4,1
FUR-FU-10002445,2018-12-16,18.96,1
FUR-FU-10002456,2015-08-30,29.12,1
FUR-FU-10002456,2015-09-13,17.472,1
FUR-FU-10002456,2015-09-20,14.56,1
FUR-FU-10002456,2016-12-11,52.416,1
FUR-FU-10002456,2017-07-23,11.648,1
FUR-FU-10002456,2018-04-22,14.56,1
FUR-FU-10002456,2018-05-20,14.56,1
FUR-FU-10002501,2015-09-13,60.672,1
FUR-FU-10002501,2016-01-03,63.2,1
FUR-FU-10002501,2017-09-24,63.2,1
FUR-FU-10002501,2018-06-10,30.336,1
FUR-FU-10002501,2018-07-15,91.008,1
FUR-FU-10002501,2018-12-30,101.12,1
FUR-FU-10002505,2015-11-15,10.11,1
FUR-FU-10002505,2016-10-23,10.11,1
FUR-FU-10002505,2016-12-04,12.132,1
FUR-FU-10002505,2017-06-04,4.044,1
FUR-FU-10002506,2016-05-29,41.568,1
FUR-FU-10002506,2016-11-27,38.97,1
FUR-FU-10002506,2018-12-09,12.99,1
FUR-FU-10002508,2015-03-22,20.016,1
FUR-FU-10002508,2018-11-04,25.02,1
FUR-FU-10002553,2015-05-31,29.32,1
FUR-FU-10002553,2015-12-13,87.96,1
FUR-FU-10002554,2015-12-27,23.99,1
FUR-FU-10002554,2016-09-25,47.98,1
FUR-FU-10002554,2018-03-11,71.97,1
FUR-FU-10002554,2018-07-08,23.99,1
FUR-FU-10002597,2017-04-09,24.7,1
FUR-FU-10002597,2017-09-17,14.82,1
FUR-FU-10002597,2017-11-12,14.82,1
FUR-FU-10002597,2018-02-04,34.58,1
FUR-FU-10002597,2018-07-22,7.904,1
FUR-FU-10002597,2018-09-09,19.76,1
FUR-FU-10002597,2018-11-18,19.76,1
FUR-FU-10002671,2016-05-08,26.8,1
FUR-FU-10002671,2017-09-24,21.44,1
FUR-FU-10002671,2017-10-29,107.2,2
FUR-FU-10002685,2015-06-14,37.4,1
FUR-FU-10002685,2018-11-25,18.7,1
FUR-FU-10002703,2016-06-05,51.56,1
FUR-FU-10002703,2018-12-09,128.9,1
FUR-FU-10002759,2015-12-06,63.936,2
FUR-FU-10002759,2016-11-20,39.96,1
FUR-FU-10002759,2016-12-11,79.92,1
FUR-FU-10002759,2017-04-30,111.888,1
FUR-FU-10002759,2018-01-21,31.968,1
FUR-FU-10002759,2018-06-10,23.976,1
FUR-FU-10002759,2018-09-30,199.8,1
FUR-FU-10002813,2015-03-29,40.48,1
FUR-FU-10002813,2016-11-20,80.96,1
FUR-FU-10002813,2016-12-04,80.96,1
FUR-FU-10002813,2017-09-17,40.48,1
FUR-FU-10002813,2017-11-19,48.576,1
FUR-FU-10002874,2016-11-20,63.824,1
FUR-FU-10002878,2015-06-07,56.96,1
FUR-FU-10002878,2015-08-16,85.44,1
FUR-FU-10002878,2015-09-20,142.4,1
FUR-FU-10002878,2016-12-11,113.92,1
FUR-FU-10002878,2017-12-24,22.784,1
FUR-FU-10002885,2016-10-30,24.1,1
FUR-FU-10002885,2016-12-25,7.712,1
FUR-FU-10002885,2017-10-08,11.568,1
FUR-FU-10002885,2017-11-05,24.1,1
FUR-FU-10002885,2018-11-04,9.64,1
FUR-FU-10002885,2018-12-02,7.712,1
FUR-FU-10002918,2015-01-25,272.94,1
FUR-FU-10002918,2015-12-27,218.352,1
FUR-FU-10002918,2016-01-17,254.744,1
FUR-FU-10002918,2016-07-10,181.96,1
FUR-FU-10002918,2017-08-06,272.94,1
FUR-FU-10002937,2016-04-24,595.38,1
FUR-FU-10002937,2016-09-04,238.152,1
FUR-FU-10002937,2017-05-14,79.384,1
FUR-FU-10002937,2017-11-26,595.38,1
FUR-FU-10002937,2017-12-17,396.92,1
FUR-FU-10002937,2018-07-08,198.46,1
FUR-FU-10002937,2018-07-15,396.92,1
FUR-FU-10002937,2018-09-02,198.46,1
FUR-FU-10002960,2015-11-29,35.168,1
FUR-FU-10002960,2016-05-01,31.4,1
FUR-FU-10002960,2018-06-03,35.168,1
FUR-FU-10002960,2018-07-15,18.84,1
FUR-FU-10002960,2018-09-02,15.072,1
FUR-FU-10002963,2016-12-18,15.24,1
FUR-FU-10002963,2018-09-23,20.32,1
FUR-FU-10002963,2018-10-07,10.16,1
FUR-FU-10002963,2018-12-16,2.032,1
FUR-FU-10003026,2016-10-30,15.488,1
FUR-FU-10003026,2016-12-25,9.68,1
FUR-FU-10003026,2017-12-03,14.52,1
FUR-FU-10003039,2015-07-12,69.008,1
FUR-FU-10003039,2016-12-25,51.756,1
FUR-FU-10003039,2017-07-09,215.65,1
FUR-FU-10003039,2017-09-10,43.13,1
FUR-FU-10003039,2018-02-04,86.26,1
FUR-FU-10003039,2018-09-16,34.504,1
FUR-FU-10003095,2017-10-22,101.94,1
FUR-FU-10003096,2015-12-27,30.36,1
FUR-FU-10003096,2017-11-19,30.36,1
FUR-FU-10003096,2018-12-16,22.77,1
FUR-FU-10003142,2015-11-01,31.68,1
FUR-FU-10003142,2016-07-17,25.344,1
FUR-FU-10003142,2017-12-31,21.12,1
FUR-FU-10003142,2018-02-11,21.12,1
FUR-FU-10003142,2018-07-08,15.84,1
FUR-FU-10003142,2018-08-05,36.96,1
FUR-FU-10003192,2015-04-05,177.68,1
FUR-FU-10003192,2015-07-05,213.216,1
FUR-FU-10003192,2016-06-12,355.36,1
FUR-FU-10003192,2017-12-24,799.56,1
FUR-FU-10003194,2015-01-25,57.900000000000006,2
FUR-FU-10003194,2015-11-29,19.3,1
FUR-FU-10003194,2016-03-13,30.88,1
FUR-FU-10003247,2016-03-06,33.568,1
FUR-FU-10003247,2017-05-28,25.176,1
FUR-FU-10003247,2017-06-04,167.84,1
FUR-FU-10003247,2018-07-08,83.92,1
FUR-FU-10003247,2018-08-19,16.784,1
FUR-FU-10003247,2018-10-07,41.96,1
FUR-FU-10003268,2015-11-29,199.9,1
FUR-FU-10003268,2017-04-09,159.92,1
FUR-FU-10003268,2017-10-29,63.968,1
FUR-FU-10003268,2018-08-19,31.984,1
FUR-FU-10003268,2018-11-18,119.94,1
FUR-FU-10003268,2018-12-09,199.9,1
FUR-FU-10003274,2015-08-23,4.224,1
FUR-FU-10003274,2016-07-31,5.28,1
FUR-FU-10003274,2017-02-19,10.56,1
FUR-FU-10003274,2017-04-02,7.04,1
FUR-FU-10003274,2018-07-22,8.8,1
FUR-FU-10003347,2016-02-07,28.4,1
FUR-FU-10003347,2016-11-06,42.6,1
FUR-FU-10003347,2017-03-12,113.6,1
FUR-FU-10003347,2017-09-10,42.6,1
FUR-FU-10003347,2018-11-25,71.0,2
FUR-FU-10003374,2017-01-15,315.776,1
FUR-FU-10003374,2018-09-02,148.02,1
FUR-FU-10003394,2016-04-24,209.88,1
FUR-FU-10003394,2016-09-18,55.968,1
FUR-FU-10003394,2017-09-03,83.952,1
FUR-FU-10003394,2017-10-15,139.92,1
FUR-FU-10003394,2017-11-05,209.88,1
FUR-FU-10003394,2018-11-18,139.92,1
FUR-FU-10003394,2018-12-02,629.64,1
FUR-FU-10003424,2016-10-23,74.76,1
FUR-FU-10003424,2017-09-24,25.632,1
FUR-FU-10003424,2018-03-18,51.264,1
FUR-FU-10003464,2015-09-13,40.56,1
FUR-FU-10003464,2016-06-12,48.672,1
FUR-FU-10003464,2016-06-19,60.84,1
FUR-FU-10003464,2016-09-25,60.84,1
FUR-FU-10003489,2015-05-24,10.332,1
FUR-FU-10003489,2018-12-02,25.83,1
FUR-FU-10003535,2016-09-18,21.936,1
FUR-FU-10003535,2017-10-15,82.26,1
FUR-FU-10003535,2017-11-26,82.26,1
FUR-FU-10003535,2018-03-11,43.872,1
FUR-FU-10003535,2018-11-11,274.2,1
FUR-FU-10003535,2018-11-25,27.42,1
FUR-FU-10003553,2015-11-22,137.54,1
FUR-FU-10003553,2017-10-29,165.048,1
FUR-FU-10003553,2017-12-31,343.85,1
FUR-FU-10003553,2018-03-18,82.524,1
FUR-FU-10003553,2018-11-18,220.064,1
FUR-FU-10003577,2015-07-26,43.02,1
FUR-FU-10003577,2018-10-07,157.74,1
FUR-FU-10003577,2018-10-14,45.888,1
FUR-FU-10003601,2017-02-05,73.784,1
FUR-FU-10003601,2018-02-11,147.568,1
FUR-FU-10003601,2018-06-24,276.69,1
FUR-FU-10003601,2018-07-08,332.028,1
FUR-FU-10003601,2018-07-15,276.69,1
FUR-FU-10003601,2018-12-02,516.488,1
FUR-FU-10003623,2015-08-02,129.888,1
FUR-FU-10003623,2016-06-12,43.296,1
FUR-FU-10003623,2016-10-09,64.944,1
FUR-FU-10003623,2018-09-09,135.3,1
FUR-FU-10003623,2018-12-02,135.3,1
FUR-FU-10003664,2017-09-17,1336.44,1
FUR-FU-10003664,2017-12-10,190.92,1
FUR-FU-10003664,2017-12-24,859.14,2
FUR-FU-10003664,2018-05-27,477.3,1
FUR-FU-10003691,2015-08-16,12.35,1
FUR-FU-10003691,2017-03-26,86.45,1
FUR-FU-10003691,2017-05-28,37.05,1
FUR-FU-10003691,2017-07-30,24.7,1
FUR-FU-10003691,2018-10-07,19.76,1
FUR-FU-10003708,2015-04-26,303.25,1
FUR-FU-10003708,2016-05-01,97.04,1
FUR-FU-10003708,2016-10-09,72.78,1
FUR-FU-10003708,2018-07-08,545.85,1
FUR-FU-10003708,2018-08-12,121.3,1
FUR-FU-10003708,2018-12-23,181.95,1
FUR-FU-10003724,2015-07-26,16.74,1
FUR-FU-10003724,2015-10-11,46.872,1
FUR-FU-10003724,2016-05-29,75.33,1
FUR-FU-10003724,2017-03-19,16.74,1
FUR-FU-10003724,2017-10-01,41.85,1
FUR-FU-10003724,2017-12-03,16.74,1
FUR-FU-10003724,2017-12-17,33.48,1
FUR-FU-10003724,2018-03-11,6.696,1
FUR-FU-10003724,2018-04-08,25.11,1
FUR-FU-10003731,2017-04-02,39.92,1
FUR-FU-10003731,2017-10-22,59.88,2
FUR-FU-10003731,2017-11-12,9.98,1
FUR-FU-10003731,2017-12-24,39.92,1
FUR-FU-10003773,2015-11-29,397.6,1
FUR-FU-10003773,2015-12-20,190.848,1
FUR-FU-10003773,2017-02-19,318.08,1
FUR-FU-10003773,2017-03-12,159.04,1
FUR-FU-10003773,2017-11-12,238.56,1
FUR-FU-10003798,2017-04-23,79.12,1
FUR-FU-10003798,2018-12-02,79.12,1
FUR-FU-10003799,2016-01-31,53.34,1
FUR-FU-10003799,2016-09-11,106.68,1
FUR-FU-10003799,2016-12-04,71.12,1
FUR-FU-10003799,2017-04-09,71.12,1
FUR-FU-10003799,2018-07-01,14.224,1
FUR-FU-10003806,2017-07-30,302.72,1
FUR-FU-10003806,2017-10-29,756.8,1
FUR-FU-10003806,2017-11-05,756.8,1
FUR-FU-10003806,2017-12-03,242.176,1
FUR-FU-10003829,2015-12-20,6.16,1
FUR-FU-10003829,2016-07-10,9.856,2
FUR-FU-10003829,2016-12-18,6.16,1
FUR-FU-10003829,2018-04-01,21.56,1
FUR-FU-10003829,2018-04-15,12.32,1
FUR-FU-10003829,2018-09-30,9.24,1
FUR-FU-10003832,2016-03-27,46.9,1
FUR-FU-10003832,2017-09-10,15.008,1
FUR-FU-10003832,2018-04-01,15.008,1
FUR-FU-10003832,2018-04-08,56.28,1
FUR-FU-10003832,2018-09-16,22.512,1
FUR-FU-10003849,2015-12-06,60.72,1
FUR-FU-10003849,2016-05-29,20.24,1
FUR-FU-10003849,2016-10-02,24.288,1
FUR-FU-10003849,2018-08-19,40.48,1
FUR-FU-10003849,2018-11-04,16.192,1
FUR-FU-10003878,2015-12-06,45.84,1
FUR-FU-10003878,2017-06-04,61.12,1
FUR-FU-10003878,2018-01-07,48.896,1
FUR-FU-10003878,2018-04-15,36.672,1
FUR-FU-10003878,2018-10-21,30.56,1
FUR-FU-10003878,2018-11-11,30.56,1
FUR-FU-10003919,2017-06-25,32.712,1
FUR-FU-10003919,2018-06-03,65.424,1
FUR-FU-10003930,2015-12-13,94.428,1
FUR-FU-10003930,2016-11-27,692.472,1
FUR-FU-10003975,2015-12-13,43.31,1
FUR-FU-10003975,2016-09-18,129.93,1
FUR-FU-10003975,2017-04-23,86.62,1
FUR-FU-10003975,2017-05-21,173.24,1
FUR-FU-10003975,2018-05-06,129.93,1
FUR-FU-10003976,2017-07-02,37.74,1
FUR-FU-10003976,2017-11-26,70.448,1
FUR-FU-10003976,2018-01-28,37.74,1
FUR-FU-10003976,2018-07-01,25.16,1
FUR-FU-10003976,2018-08-26,25.16,1
FUR-FU-10003981,2015-03-15,8.32,1
FUR-FU-10003981,2015-03-22,4.992,1
FUR-FU-10003981,2015-06-21,6.24,1
FUR-FU-10003981,2016-08-28,4.16,1
FUR-FU-10003981,2018-06-03,6.24,1
FUR-FU-10004006,2015-09-13,127.95,1
FUR-FU-10004006,2016-09-25,85.3,1
FUR-FU-10004006,2016-11-13,102.36,1
FUR-FU-10004006,2017-03-12,102.36,1
FUR-FU-10004006,2017-09-24,127.95,1
FUR-FU-10004006,2018-04-01,127.95,1
FUR-FU-10004017,2015-04-19,76.14,1
FUR-FU-10004017,2016-11-20,76.14,1
FUR-FU-10004017,2016-12-04,322.59,1
FUR-FU-10004017,2017-01-22,322.59,1
FUR-FU-10004017,2018-02-18,107.53,1
FUR-FU-10004017,2018-04-08,258.072,1
FUR-FU-10004017,2018-12-02,101.52,1
FUR-FU-10004018,2015-07-26,134.01,1
FUR-FU-10004018,2015-11-08,89.34,1
FUR-FU-10004018,2016-08-21,104.23,1
FUR-FU-10004018,2018-02-25,44.67,1
FUR-FU-10004018,2018-04-01,29.78,1
FUR-FU-10004018,2018-04-15,74.45,1
FUR-FU-10004018,2018-07-29,14.89,1
FUR-FU-10004020,2015-04-05,5.47,1
FUR-FU-10004020,2015-09-20,13.128,1
FUR-FU-10004020,2017-03-19,21.88,1
FUR-FU-10004020,2017-11-05,38.29,1
FUR-FU-10004020,2018-12-02,8.752,1
FUR-FU-10004053,2017-03-05,16.192,1
FUR-FU-10004053,2017-04-02,20.24,1
FUR-FU-10004053,2017-09-24,60.72,1
FUR-FU-10004053,2018-09-09,80.96,1
FUR-FU-10004053,2018-10-14,40.48,1
FUR-FU-10004053,2018-12-09,16.192,1
FUR-FU-10004071,2015-06-21,104.01,1
FUR-FU-10004071,2017-08-20,312.03,1
FUR-FU-10004071,2017-10-15,332.832,1
FUR-FU-10004071,2018-05-27,520.05,1
FUR-FU-10004090,2015-12-20,44.46,1
FUR-FU-10004090,2016-11-13,66.69,1
FUR-FU-10004090,2016-12-11,44.46,1
FUR-FU-10004090,2017-02-19,44.46,1
FUR-FU-10004090,2017-11-12,35.568,1
FUR-FU-10004090,2018-02-25,22.23,1
FUR-FU-10004090,2018-11-11,88.92,1
FUR-FU-10004091,2015-04-19,187.76,1
FUR-FU-10004091,2015-11-15,56.52,1
FUR-FU-10004091,2015-12-27,300.416,1
FUR-FU-10004091,2016-12-18,262.864,1
FUR-FU-10004091,2017-02-05,18.84,1
FUR-FU-10004091,2018-11-18,187.76,1
FUR-FU-10004091,2018-12-02,46.94,1
FUR-FU-10004091,2018-12-16,56.328,1
FUR-FU-10004093,2016-02-07,136.92,1
FUR-FU-10004093,2018-12-09,54.768,1
FUR-FU-10004093,2018-12-30,68.46,1
FUR-FU-10004164,2017-07-23,24.75,1
FUR-FU-10004164,2018-06-10,4.95,1
FUR-FU-10004188,2015-10-04,204.6,1
FUR-FU-10004188,2016-09-25,204.6,1
FUR-FU-10004188,2018-04-08,306.9,1
FUR-FU-10004188,2018-07-08,102.3,1
FUR-FU-10004245,2018-04-01,60.84,1
FUR-FU-10004245,2018-05-06,32.448,1
FUR-FU-10004245,2018-11-11,101.4,1
FUR-FU-10004270,2015-03-22,30.768,1
FUR-FU-10004270,2015-09-13,57.69,1
FUR-FU-10004270,2015-10-18,15.384,1
FUR-FU-10004270,2015-12-13,12.54,1
FUR-FU-10004270,2016-08-14,46.152,1
FUR-FU-10004270,2016-12-04,31.767999999999997,2
FUR-FU-10004270,2017-01-08,23.076,1
FUR-FU-10004270,2017-03-12,76.92,1
FUR-FU-10004270,2017-05-07,16.72,1
FUR-FU-10004270,2017-06-25,57.69,1
FUR-FU-10004270,2017-11-19,4.18,1
FUR-FU-10004270,2018-02-18,7.692,1
FUR-FU-10004270,2018-09-16,8.36,1
FUR-FU-10004270,2018-12-02,20.9,1
FUR-FU-10004270,2018-12-09,16.72,1
FUR-FU-10004306,2015-05-17,310.88,1
FUR-FU-10004306,2016-07-03,621.76,1
FUR-FU-10004306,2017-03-19,971.5,1
FUR-FU-10004306,2018-12-16,388.6,2
FUR-FU-10004351,2015-07-26,77.92,1
FUR-FU-10004351,2016-11-13,29.22,1
FUR-FU-10004351,2016-12-18,29.22,1
FUR-FU-10004351,2017-06-04,11.688,1
FUR-FU-10004351,2018-06-17,31.168,1
FUR-FU-10004351,2018-12-09,23.376,1
FUR-FU-10004415,2015-04-12,8.96,1
FUR-FU-10004415,2017-06-11,12.544,1
FUR-FU-10004415,2018-06-24,17.92,1
FUR-FU-10004415,2018-11-04,7.168,1
FUR-FU-10004460,2016-07-03,282.888,1
FUR-FU-10004460,2018-04-15,196.45,1
FUR-FU-10004586,2015-08-30,13.28,1
FUR-FU-10004586,2015-10-18,5.312,1
FUR-FU-10004586,2016-04-03,19.92,1
FUR-FU-10004586,2017-09-24,13.28,1
FUR-FU-10004586,2018-09-30,21.248,1
FUR-FU-10004586,2018-12-30,7.968,1
FUR-FU-10004587,2015-02-01,62.82,1
FUR-FU-10004587,2016-06-26,75.384,1
FUR-FU-10004597,2015-03-22,111.0,1
FUR-FU-10004597,2016-12-18,166.5,1
FUR-FU-10004597,2018-02-04,22.2,1
FUR-FU-10004597,2018-04-22,44.4,1
FUR-FU-10004622,2016-04-10,108.4,1
FUR-FU-10004622,2018-04-22,162.6,1
FUR-FU-10004622,2018-09-09,108.4,1
FUR-FU-10004665,2015-09-13,821.88,1
FUR-FU-10004665,2017-11-05,273.96,1
FUR-FU-10004665,2018-04-08,273.96,1
FUR-FU-10004665,2018-11-25,821.88,1
FUR-FU-10004666,2015-07-26,17.496,1
FUR-FU-10004666,2016-06-12,29.16,1
FUR-FU-10004666,2018-10-07,72.9,1
FUR-FU-10004671,2015-09-20,35.34,1
FUR-FU-10004671,2015-11-08,35.34,1
FUR-FU-10004671,2017-09-10,35.34,2
FUR-FU-10004671,2018-04-22,42.408,1
FUR-FU-10004671,2018-11-11,28.272,1
FUR-FU-10004712,2017-03-19,28.28,1
FUR-FU-10004712,2018-10-21,56.56,1
FUR-FU-10004748,2016-09-11,191.82,1
FUR-FU-10004748,2017-04-23,127.88,1
FUR-FU-10004748,2017-09-10,63.94,1
FUR-FU-10004748,2017-12-10,191.82,1
FUR-FU-10004845,2016-01-17,464.85,1
FUR-FU-10004845,2018-11-18,154.95,1
FUR-FU-10004848,2016-07-17,289.8,1
FUR-FU-10004848,2016-09-18,124.2,1
FUR-FU-10004848,2017-04-02,414.0,1
FUR-FU-10004848,2017-05-07,54.712,1
FUR-FU-10004848,2017-07-16,51.75,1
FUR-FU-10004848,2017-09-10,82.8,1
FUR-FU-10004848,2017-11-19,19.54,1
FUR-FU-10004848,2018-03-04,103.5,1
FUR-FU-10004848,2018-06-17,155.25,1
FUR-FU-10004848,2018-07-22,39.08,1
FUR-FU-10004848,2018-08-12,51.75,1
FUR-FU-10004848,2018-09-30,51.75,1
FUR-FU-10004864,2015-01-11,76.728,1
FUR-FU-10004864,2017-03-19,127.88,1
FUR-FU-10004864,2017-07-30,255.76,1
FUR-FU-10004864,2017-08-06,19.312,1
FUR-FU-10004864,2017-09-03,191.82,1
FUR-FU-10004864,2017-09-17,191.82,1
FUR-FU-10004864,2017-12-03,72.42,1
FUR-FU-10004864,2017-12-17,383.64,1
FUR-FU-10004864,2018-04-29,24.14,1
FUR-FU-10004864,2018-09-23,421.286,2
FUR-FU-10004864,2018-10-07,9.656,1
FUR-FU-10004904,2015-12-27,182.352,1
FUR-FU-10004904,2016-06-19,364.704,1
FUR-FU-10004904,2016-12-04,151.96,1
FUR-FU-10004904,2017-12-24,303.92,1
FUR-FU-10004909,2016-11-06,96.96,1
FUR-FU-10004909,2017-10-08,51.712,1
FUR-FU-10004909,2018-06-24,38.784,1
FUR-FU-10004909,2018-11-25,6.464,1
FUR-FU-10004952,2015-09-20,164.22,1
FUR-FU-10004952,2016-10-16,131.376,1
FUR-FU-10004952,2017-09-17,109.48,1
FUR-FU-10004952,2018-12-09,109.48,1
FUR-FU-10004960,2017-12-24,183.84,1
FUR-FU-10004960,2018-08-26,91.92,1
FUR-FU-10004960,2018-09-02,114.9,1
FUR-FU-10004963,2017-09-24,28.0,1
FUR-FU-10004963,2018-05-27,35.0,1
FUR-FU-10004963,2018-10-28,35.0,1
FUR-FU-10004963,2018-12-16,26.25,1
FUR-FU-10004963,2018-12-30,21.0,1
FUR-FU-10004973,2016-04-17,37.68,1
FUR-FU-10004973,2016-06-19,75.36,1
FUR-FU-10004973,2017-04-30,22.608,1
FUR-FU-10004973,2017-05-21,22.608,1
FUR-FU-10004973,2017-07-09,60.288,1
FUR-FU-10004973,2017-08-27,22.608,1
FUR-FU-10004973,2018-01-14,37.68,1
FUR-FU-10004973,2018-02-18,30.144,1
FUR-FU-10004973,2018-04-01,94.2,1
FUR-FU-10004973,2018-05-20,22.608,1
FUR-FU-10004973,2018-09-02,120.576,1
FUR-TA-10000198,2016-01-31,4297.644,1
FUR-TA-10000198,2017-12-17,1652.94,1
FUR-TA-10000198,2018-09-09,1322.352,1
FUR-TA-10000198,2018-10-07,2314.116,1
FUR-TA-10000577,2015-11-29,1218.735,1
FUR-TA-10000577,2016-05-01,191.5155,1
FUR-TA-10000577,2016-09-25,1044.63,1
FUR-TA-10000577,2016-10-16,957.5775,1
FUR-TA-10000577,2016-11-20,696.42,1
FUR-TA-10000577,2017-12-17,1114.272,1
FUR-TA-10000577,2018-07-01,1044.63,1
FUR-TA-10000577,2018-12-16,974.988,1
FUR-TA-10000617,2015-10-25,409.59,1
FUR-TA-10000617,2015-12-20,455.1,1
FUR-TA-10000617,2016-11-27,375.4575,1
FUR-TA-10000617,2017-01-08,1592.85,1
FUR-TA-10000617,2018-09-02,1137.75,1
FUR-TA-10000617,2018-11-25,364.08,1
FUR-TA-10000688,2015-04-12,653.55,1
FUR-TA-10000688,2016-04-17,609.98,1
FUR-TA-10000688,2016-11-20,653.55,1
FUR-TA-10000688,2018-06-10,108.925,1
FUR-TA-10000688,2018-06-24,457.485,1
FUR-TA-10000688,2018-07-01,871.4,1
FUR-TA-10000849,2015-11-22,145.98,1
FUR-TA-10000849,2016-12-11,364.95,1
FUR-TA-10000849,2017-03-12,145.98,1
FUR-TA-10000849,2018-11-11,350.352,1
FUR-TA-10001039,2015-04-12,154.764,1
FUR-TA-10001039,2015-06-28,85.98,1
FUR-TA-10001039,2015-09-13,429.9,1
FUR-TA-10001039,2015-09-20,464.292,1
FUR-TA-10001039,2016-03-20,171.96,1
FUR-TA-10001039,2017-12-03,331.023,1
FUR-TA-10001039,2018-02-25,386.91,1
FUR-TA-10001039,2018-10-07,154.764,1
FUR-TA-10001039,2018-10-28,240.744,1
FUR-TA-10001039,2018-12-02,257.94,1
FUR-TA-10001086,2015-04-12,1215.92,1
FUR-TA-10001086,2016-10-23,364.776,1
FUR-TA-10001086,2017-12-24,455.97,1
FUR-TA-10001086,2018-02-18,455.97,1
FUR-TA-10001086,2018-11-04,486.368,1
FUR-TA-10001095,2016-05-08,244.006,1
FUR-TA-10001095,2017-01-29,313.722,1
FUR-TA-10001095,2017-02-05,557.728,1
FUR-TA-10001095,2017-03-05,836.592,1
FUR-TA-10001095,2017-03-12,244.006,1
FUR-TA-10001095,2017-03-26,697.16,1
FUR-TA-10001095,2017-08-13,209.148,1
FUR-TA-10001095,2017-09-24,383.438,1
FUR-TA-10001095,2017-11-26,1568.61,1
FUR-TA-10001095,2017-12-03,366.009,1
FUR-TA-10001095,2018-03-25,697.16,1
FUR-TA-10001095,2018-08-19,418.296,1
FUR-TA-10001095,2018-11-04,1673.184,1
FUR-TA-10001307,2015-08-09,489.23,1
FUR-TA-10001307,2016-10-16,209.67,1
FUR-TA-10001307,2017-08-27,244.615,1
FUR-TA-10001307,2017-12-31,1747.25,1
FUR-TA-10001307,2018-04-29,1048.35,1
FUR-TA-10001520,2015-06-21,99.918,1
FUR-TA-10001520,2016-07-17,199.836,1
FUR-TA-10001520,2016-11-20,214.11,1
FUR-TA-10001520,2018-01-21,399.672,1
FUR-TA-10001520,2018-03-04,399.672,1
FUR-TA-10001520,2018-05-13,285.48,1
FUR-TA-10001520,2018-05-27,171.288,1
FUR-TA-10001520,2018-10-07,171.288,1
FUR-TA-10001520,2018-10-28,356.85,1
FUR-TA-10001539,2015-05-31,355.455,1
FUR-TA-10001539,2015-06-14,1706.184,1
FUR-TA-10001539,2015-08-16,853.092,1
FUR-TA-10001539,2016-08-28,284.364,1
FUR-TA-10001539,2017-09-03,568.728,1
FUR-TA-10001539,2017-10-22,142.182,1
FUR-TA-10001539,2018-08-26,568.728,1
FUR-TA-10001539,2018-10-21,284.364,1
FUR-TA-10001539,2018-10-28,189.576,1
FUR-TA-10001676,2015-12-27,53.316,1
FUR-TA-10001676,2016-02-21,35.544,1
FUR-TA-10001676,2017-05-07,71.088,1
FUR-TA-10001676,2017-12-10,79.974,1
FUR-TA-10001676,2018-07-22,124.404,1
FUR-TA-10001676,2018-10-14,66.645,1
FUR-TA-10001676,2018-11-25,151.062,2
FUR-TA-10001691,2017-08-06,136.464,1
FUR-TA-10001705,2015-04-26,744.1,1
FUR-TA-10001705,2016-12-04,1913.4,1
FUR-TA-10001705,2018-04-08,233.86,1
FUR-TA-10001705,2018-10-21,510.24,1
FUR-TA-10001768,2015-11-08,945.036,1
FUR-TA-10001768,2016-03-06,787.53,1
FUR-TA-10001768,2016-08-28,918.785,1
FUR-TA-10001768,2017-09-03,472.518,1
FUR-TA-10001768,2017-11-19,630.024,1
FUR-TA-10001768,2018-08-26,210.008,1
FUR-TA-10001771,2017-06-11,692.94,1
FUR-TA-10001771,2017-06-18,1293.488,1
FUR-TA-10001771,2018-07-29,138.588,1
FUR-TA-10001771,2018-09-09,1478.272,1
FUR-TA-10001857,2015-08-30,174.0585,1
FUR-TA-10001857,2016-10-30,253.176,1
FUR-TA-10001857,2017-03-19,189.882,1
FUR-TA-10001857,2018-01-28,210.98,1
FUR-TA-10001866,2015-03-01,376.509,1
FUR-TA-10001866,2015-10-04,143.432,1
FUR-TA-10001889,2015-03-29,890.841,1
FUR-TA-10001889,2016-01-10,1018.104,1
FUR-TA-10001889,2017-04-23,1272.63,1
FUR-TA-10001889,2018-05-06,933.262,1
FUR-TA-10001889,2018-09-02,254.526,1
FUR-TA-10001889,2018-12-02,1781.682,1
FUR-TA-10001932,2015-12-20,2244.48,1
FUR-TA-10001932,2017-08-13,513.024,1
FUR-TA-10001932,2018-02-18,480.96,1
FUR-TA-10001932,2018-06-03,384.768,1
FUR-TA-10001932,2018-07-22,801.6,1
FUR-TA-10001932,2018-10-14,673.344,1
FUR-TA-10001950,2015-03-22,1071.576,1
FUR-TA-10001950,2017-11-12,2678.94,1
FUR-TA-10001950,2018-01-14,892.98,1
FUR-TA-10001950,2018-10-21,1875.258,1
FUR-TA-10002041,2015-06-07,268.935,1
FUR-TA-10002041,2015-11-08,573.728,1
FUR-TA-10002041,2016-07-31,358.58,1
FUR-TA-10002041,2018-07-08,215.148,1
FUR-TA-10002041,2018-11-04,251.006,1
FUR-TA-10002041,2018-12-09,1004.024,1
FUR-TA-10002228,2015-05-17,700.056,1
FUR-TA-10002228,2017-12-03,400.032,1
FUR-TA-10002228,2018-03-11,933.408,1
FUR-TA-10002356,2015-11-15,629.064,1
FUR-TA-10002356,2016-07-31,393.165,1
FUR-TA-10002356,2017-02-19,550.431,1
FUR-TA-10002356,2017-10-01,393.165,1
FUR-TA-10002356,2018-08-26,314.532,1
FUR-TA-10002356,2018-10-21,262.11,1
FUR-TA-10002530,2016-04-17,452.94000000000005,2
FUR-TA-10002530,2016-11-06,301.96,1
FUR-TA-10002530,2017-08-27,815.292,1
FUR-TA-10002530,2017-12-10,1056.86,1
FUR-TA-10002530,2017-12-24,377.45,1
FUR-TA-10002530,2018-06-17,452.94,1
FUR-TA-10002533,2015-11-22,292.1,1
FUR-TA-10002533,2017-08-13,562.2925,1
FUR-TA-10002533,2017-11-05,876.3,1
FUR-TA-10002533,2018-04-01,292.1,1
FUR-TA-10002533,2018-11-25,219.075,1
FUR-TA-10002607,2015-05-31,567.12,1
FUR-TA-10002607,2016-08-14,382.806,1
FUR-TA-10002607,2016-09-18,170.136,1
FUR-TA-10002607,2016-10-30,347.361,1
FUR-TA-10002607,2017-06-04,177.225,1
FUR-TA-10002607,2017-12-31,35.445,1
FUR-TA-10002607,2018-09-02,283.56,1
FUR-TA-10002607,2018-10-28,177.225,1
FUR-TA-10002622,2017-04-23,205.176,1
FUR-TA-10002622,2017-10-08,239.372,1
FUR-TA-10002622,2018-11-25,718.116,1
FUR-TA-10002645,2015-12-20,136.53,1
FUR-TA-10002645,2016-06-26,796.425,1
FUR-TA-10002645,2017-06-04,2275.5,1
FUR-TA-10002645,2018-12-30,273.06,1
FUR-TA-10002774,2016-04-10,369.912,1
FUR-TA-10002774,2017-08-06,863.128,1
FUR-TA-10002774,2017-11-05,863.128,1
FUR-TA-10002855,2015-07-19,351.216,1
FUR-TA-10002855,2016-01-24,102.438,1
FUR-TA-10002855,2016-11-13,1024.38,1
FUR-TA-10002855,2018-07-01,307.314,1
FUR-TA-10002855,2018-09-16,512.19,1
FUR-TA-10002903,2015-10-18,1298.55,1
FUR-TA-10002903,2016-07-31,1090.782,1
FUR-TA-10002903,2016-11-06,1038.84,1
FUR-TA-10002903,2017-01-15,181.797,1
FUR-TA-10002903,2018-12-23,934.956,1
FUR-TA-10002958,2015-03-08,626.352,1
FUR-TA-10002958,2015-10-04,2348.82,1
FUR-TA-10002958,2016-11-27,1252.704,1
FUR-TA-10002958,2017-11-26,313.176,1
FUR-TA-10002958,2017-12-31,313.176,1
FUR-TA-10002958,2018-01-07,913.43,1
FUR-TA-10002958,2018-10-14,652.45,1
FUR-TA-10002958,2018-12-09,521.96,1
FUR-TA-10003008,2015-10-25,328.59,1
FUR-TA-10003008,2015-11-22,730.2,1
FUR-TA-10003008,2016-09-18,912.75,1
FUR-TA-10003008,2017-09-10,146.04,1
FUR-TA-10003008,2017-12-17,328.59,1
FUR-TA-10003008,2018-10-21,91.275,1
FUR-TA-10003008,2018-11-25,127.785,1
FUR-TA-10003008,2018-12-23,182.55,1
FUR-TA-10003238,2015-06-07,991.764,1
FUR-TA-10003238,2015-11-01,385.686,1
FUR-TA-10003238,2015-12-06,275.49,1
FUR-TA-10003238,2017-09-10,1652.94,1
FUR-TA-10003238,2017-10-01,330.588,1
FUR-TA-10003238,2017-10-22,661.176,1
FUR-TA-10003392,2017-05-07,1685.88,1
FUR-TA-10003392,2017-06-18,337.176,1
FUR-TA-10003392,2017-11-05,842.94,1
FUR-TA-10003392,2017-11-12,674.352,1
FUR-TA-10003469,2015-02-01,333.0,1
FUR-TA-10003469,2015-05-10,194.25,1
FUR-TA-10003469,2016-08-07,277.5,1
FUR-TA-10003469,2018-02-04,69.375,1
FUR-TA-10003469,2018-11-11,166.5,1
FUR-TA-10003473,2015-03-22,1579.746,1
FUR-TA-10003473,2015-12-13,3610.848,1
FUR-TA-10003473,2016-12-25,1053.164,1
FUR-TA-10003473,2017-06-11,902.712,1
FUR-TA-10003473,2017-09-17,1128.39,1
FUR-TA-10003473,2017-12-17,564.195,1
FUR-TA-10003473,2017-12-31,902.712,1
FUR-TA-10003473,2018-04-08,620.6145,1
FUR-TA-10003473,2018-05-06,300.904,1
FUR-TA-10003473,2018-09-16,300.904,1
FUR-TA-10003473,2018-10-14,1504.52,1
FUR-TA-10003473,2018-12-16,526.582,1
FUR-TA-10003569,2015-08-30,1202.94,1
FUR-TA-10003569,2016-09-11,481.176,1
FUR-TA-10003569,2016-09-18,801.96,1
FUR-TA-10003569,2016-12-11,801.96,1
FUR-TA-10003569,2017-08-27,2887.056,1
FUR-TA-10003569,2017-09-10,601.47,1
FUR-TA-10003715,2015-02-15,1256.22,1
FUR-TA-10003715,2015-07-12,502.488,1
FUR-TA-10003715,2016-08-07,1004.976,1
FUR-TA-10003715,2017-06-18,376.866,1
FUR-TA-10003748,2015-04-12,99.592,1
FUR-TA-10003748,2016-08-14,622.45,1
FUR-TA-10003748,2016-12-25,1618.37,1
FUR-TA-10003748,2017-05-07,298.776,1
FUR-TA-10003748,2017-05-28,174.286,1
FUR-TA-10003748,2018-05-06,373.47,1
FUR-TA-10003748,2018-10-28,248.98,1
FUR-TA-10003748,2018-12-09,896.328,1
FUR-TA-10003837,2016-09-11,27.414,1
FUR-TA-10003837,2018-10-21,24.368,1
FUR-TA-10003954,2015-03-29,1184.72,1
FUR-TA-10003954,2015-11-01,1421.664,1
FUR-TA-10003954,2016-04-17,710.832,1
FUR-TA-10003954,2017-12-10,1421.664,1
FUR-TA-10003954,2018-11-04,2665.62,1
FUR-TA-10004086,2015-06-07,515.88,1
FUR-TA-10004086,2015-12-06,214.95,1
FUR-TA-10004086,2017-01-01,51.588,1
FUR-TA-10004086,2017-04-16,343.92,1
FUR-TA-10004086,2017-09-10,300.93,1
FUR-TA-10004086,2018-03-11,154.764,1
FUR-TA-10004086,2018-10-07,206.352,1
FUR-TA-10004147,2015-06-28,447.84,1
FUR-TA-10004147,2015-10-04,67.176,1
FUR-TA-10004147,2017-08-27,447.84,1
FUR-TA-10004147,2017-12-03,268.704,1
FUR-TA-10004152,2015-07-19,70.56,1
FUR-TA-10004152,2016-02-28,493.92,1
FUR-TA-10004152,2017-08-20,161.28,1
FUR-TA-10004152,2017-09-03,241.92,1
FUR-TA-10004152,2018-06-17,120.96,1
FUR-TA-10004154,2015-09-13,200.795,1
FUR-TA-10004154,2016-09-18,344.22,1
FUR-TA-10004154,2017-01-01,1548.99,1
FUR-TA-10004154,2018-05-13,286.85,1
FUR-TA-10004154,2018-12-02,2065.32,1
FUR-TA-10004175,2015-03-22,613.908,1
FUR-TA-10004175,2015-07-26,272.848,1
FUR-TA-10004175,2015-10-04,409.272,1
FUR-TA-10004256,2017-02-05,626.1,1
FUR-TA-10004256,2017-06-11,1335.68,1
FUR-TA-10004256,2017-12-17,2003.52,1
FUR-TA-10004256,2018-12-16,1669.6,1
FUR-TA-10004289,2015-08-09,218.75,1
FUR-TA-10004289,2018-09-09,765.625,1
FUR-TA-10004289,2018-12-16,721.875,1
FUR-TA-10004442,2015-04-12,172.11,1
FUR-TA-10004442,2015-04-26,401.59,1
FUR-TA-10004442,2018-09-30,344.22,1
FUR-TA-10004534,2015-06-14,1441.3,1
FUR-TA-10004534,2015-09-20,617.7,1
FUR-TA-10004534,2017-05-07,370.62,1
FUR-TA-10004534,2018-04-08,411.8,1
FUR-TA-10004534,2018-12-23,411.8,1
FUR-TA-10004575,2015-07-12,698.352,1
FUR-TA-10004575,2016-01-03,523.764,1
FUR-TA-10004575,2017-10-15,727.45,1
FUR-TA-10004575,2017-12-03,581.96,1
FUR-TA-10004575,2018-07-15,872.94,1
FUR-TA-10004575,2018-11-04,523.764,1
FUR-TA-10004575,2018-11-11,2036.86,1
FUR-TA-10004607,2015-09-20,73.915,1
FUR-TA-10004607,2015-10-25,591.32,1
FUR-TA-10004607,2016-08-28,103.481,1
FUR-TA-10004607,2016-11-27,206.962,1
FUR-TA-10004607,2018-07-15,310.443,1
FUR-TA-10004607,2018-09-02,236.528,1
FUR-TA-10004607,2018-10-28,517.405,1
FUR-TA-10004619,2015-12-13,764.688,1
FUR-TA-10004619,2016-11-27,446.068,1
FUR-TA-10004619,2017-03-19,557.585,1
FUR-TA-10004619,2017-06-18,1115.17,1
FUR-TA-10004619,2017-12-17,892.136,1
FUR-TA-10004767,2015-07-26,170.352,1
FUR-TA-10004767,2017-03-26,99.372,1
FUR-TA-10004767,2018-07-29,298.116,1
FUR-TA-10004767,2018-11-25,70.98,1
FUR-TA-10004915,2017-03-05,637.896,1
FUR-TA-10004915,2017-07-30,2430.08,1
FUR-TA-10004915,2018-09-02,1488.424,1
FUR-TA-10004915,2018-10-28,637.896,1
FUR-TA-10004915,2018-12-23,607.52,1
OFF-AP-10000026,2016-10-23,73.164,1
OFF-AP-10000026,2016-10-30,182.91,1
OFF-AP-10000026,2017-07-30,243.88,1
OFF-AP-10000026,2018-04-15,195.104,1
OFF-AP-10000026,2018-04-29,121.94,1
OFF-AP-10000026,2018-12-16,426.79,1
OFF-AP-10000027,2018-01-07,5.432,1
OFF-AP-10000027,2018-04-22,40.74,1
OFF-AP-10000027,2018-09-16,67.9,1
OFF-AP-10000027,2018-12-16,54.32,1
OFF-AP-10000055,2017-11-12,129.92,1
OFF-AP-10000055,2017-11-26,64.96,1
OFF-AP-10000055,2018-02-11,12.992,1
OFF-AP-10000055,2018-07-15,58.464,1
OFF-AP-10000124,2015-05-24,33.28,1
OFF-AP-10000124,2015-07-26,4.992,1
OFF-AP-10000159,2017-09-03,309.456,1
OFF-AP-10000159,2018-01-21,34.384,1
OFF-AP-10000159,2018-12-09,214.9,1
OFF-AP-10000179,2016-04-10,370.14,1
OFF-AP-10000179,2016-12-04,555.21,1
OFF-AP-10000179,2017-12-03,394.816,1
OFF-AP-10000240,2015-04-19,106.96,1
OFF-AP-10000240,2015-10-18,213.92,1
OFF-AP-10000240,2015-11-29,320.88,1
OFF-AP-10000240,2017-01-01,106.96,1
OFF-AP-10000240,2018-07-01,21.392,1
OFF-AP-10000252,2017-12-10,35.1,1
OFF-AP-10000252,2017-12-31,18.72,1
OFF-AP-10000252,2018-02-04,46.8,1
OFF-AP-10000252,2018-04-29,28.08,1
OFF-AP-10000275,2016-10-23,1640.7,1
OFF-AP-10000275,2016-11-27,2625.12,1
OFF-AP-10000275,2018-02-11,1640.7,1
OFF-AP-10000326,2017-03-19,157.92,1
OFF-AP-10000358,2015-09-27,25.96,1
OFF-AP-10000358,2016-05-22,20.768,1
OFF-AP-10000358,2017-09-10,77.88,1
OFF-AP-10000358,2018-03-18,90.86,1
OFF-AP-10000358,2018-05-13,20.768,1
OFF-AP-10000358,2018-05-20,64.9,1
OFF-AP-10000358,2018-09-02,12.98,1
OFF-AP-10000358,2018-09-16,90.86,1
OFF-AP-10000358,2018-12-02,31.152,1
OFF-AP-10000390,2017-05-14,48.784,1
OFF-AP-10000390,2018-03-11,48.784,1
OFF-AP-10000390,2018-09-23,73.176,1
OFF-AP-10000576,2015-07-19,39.48,1
OFF-AP-10000576,2016-11-06,387.136,1
OFF-AP-10000576,2017-08-20,355.32,1
OFF-AP-10000576,2017-10-01,236.88,1
OFF-AP-10000576,2017-12-17,387.136,1
OFF-AP-10000576,2018-07-01,362.94,1
OFF-AP-10000576,2018-10-07,241.96,1
OFF-AP-10000595,2017-07-02,8.74,1
OFF-AP-10000595,2017-11-19,8.74,1
OFF-AP-10000595,2018-02-25,13.11,1
OFF-AP-10000692,2015-01-18,64.864,1
OFF-AP-10000692,2015-07-05,32.432,1
OFF-AP-10000692,2015-11-29,40.54,1
OFF-AP-10000692,2017-01-22,64.864,1
OFF-AP-10000692,2017-06-25,60.81,1
OFF-AP-10000692,2018-05-13,81.08,1
OFF-AP-10000696,2015-05-10,57.68,1
OFF-AP-10000696,2015-10-04,69.216,1
OFF-AP-10000696,2016-05-01,8.652,1
OFF-AP-10000696,2016-08-28,5.768,1
OFF-AP-10000696,2016-10-02,43.26,1
OFF-AP-10000696,2016-10-09,28.84,1
OFF-AP-10000696,2017-10-15,43.26,1
OFF-AP-10000696,2018-11-11,100.94,1
OFF-AP-10000804,2016-02-28,26.88,1
OFF-AP-10000804,2018-03-18,2.688,1
OFF-AP-10000804,2018-09-02,14.336,1
OFF-AP-10000804,2018-10-07,17.92,1
OFF-AP-10000828,2015-12-27,361.96,1
OFF-AP-10000828,2016-03-06,180.98,1
OFF-AP-10000828,2016-08-28,542.94,1
OFF-AP-10000828,2016-12-25,434.352,1
OFF-AP-10000828,2018-01-21,542.94,1
OFF-AP-10000828,2018-08-12,542.94,1
OFF-AP-10000828,2018-10-14,904.9,1
OFF-AP-10000891,2015-09-20,52.448,1
OFF-AP-10000891,2017-05-28,262.24,1
OFF-AP-10000891,2018-03-11,262.24,1
OFF-AP-10000891,2018-09-30,209.792,1
OFF-AP-10000891,2018-12-23,1704.56,1
OFF-AP-10000938,2017-07-09,706.86,1
OFF-AP-10000938,2018-05-20,706.86,1
OFF-AP-10000938,2018-08-26,646.272,1
OFF-AP-10000938,2018-10-21,161.568,1
OFF-AP-10001005,2015-05-31,235.95,1
OFF-AP-10001005,2015-06-21,471.9,1
OFF-AP-10001005,2015-08-02,62.92,1
OFF-AP-10001005,2017-08-06,283.14,1
OFF-AP-10001005,2017-09-24,393.25,1
OFF-AP-10001005,2018-09-02,314.6,1
OFF-AP-10001058,2017-06-25,447.696,1
OFF-AP-10001058,2017-11-12,671.544,1
OFF-AP-10001058,2018-08-19,2518.29,1
OFF-AP-10001058,2018-12-23,839.43,1
OFF-AP-10001124,2018-03-11,647.84,1
OFF-AP-10001154,2015-03-22,93.78,1
OFF-AP-10001154,2018-03-18,140.67,1
OFF-AP-10001154,2018-05-20,281.34,1
OFF-AP-10001205,2016-01-10,163.44,1
OFF-AP-10001205,2016-05-01,272.4,1
OFF-AP-10001205,2017-02-26,490.32,1
OFF-AP-10001205,2017-05-07,54.48,1
OFF-AP-10001205,2017-09-10,87.168,1
OFF-AP-10001205,2017-12-17,87.168,1
OFF-AP-10001205,2018-03-25,381.36,1
OFF-AP-10001205,2018-04-01,87.168,1
OFF-AP-10001205,2018-09-16,108.96,1
OFF-AP-10001205,2018-12-02,43.584,1
OFF-AP-10001242,2015-11-22,241.44,1
OFF-AP-10001242,2016-04-03,32.192,1
OFF-AP-10001242,2017-06-18,64.384,1
OFF-AP-10001242,2017-06-25,241.44,1
OFF-AP-10001242,2018-03-25,64.384,1
OFF-AP-10001242,2018-09-02,321.92,1
OFF-AP-10001242,2018-09-23,241.44,2
OFF-AP-10001271,2015-08-09,101.96,1
OFF-AP-10001271,2016-12-11,152.94,1
OFF-AP-10001271,2017-04-23,203.92,1
OFF-AP-10001271,2018-05-06,152.94,1
OFF-AP-10001271,2018-09-09,81.568,1
OFF-AP-10001271,2018-12-09,254.9,1
OFF-AP-10001293,2015-02-15,81.96,1
OFF-AP-10001293,2015-05-24,245.88,1
OFF-AP-10001293,2015-11-08,245.88,1
OFF-AP-10001293,2016-07-03,32.784,1
OFF-AP-10001293,2016-12-04,98.352,1
OFF-AP-10001293,2017-12-31,81.96,1
OFF-AP-10001293,2018-12-02,286.86,1
OFF-AP-10001303,2015-02-22,7.96,1
OFF-AP-10001303,2015-06-21,59.7,1
OFF-AP-10001303,2015-09-06,19.9,1
OFF-AP-10001303,2017-12-03,59.7,1
OFF-AP-10001366,2015-09-20,43.92,1
OFF-AP-10001366,2015-12-27,10.98,1
OFF-AP-10001366,2017-05-21,87.84,1
OFF-AP-10001366,2017-10-29,43.92,1
OFF-AP-10001391,2015-04-26,270.72,1
OFF-AP-10001391,2016-02-21,541.44,1
OFF-AP-10001394,2015-05-31,75.6,1
OFF-AP-10001394,2016-05-29,850.5,1
OFF-AP-10001394,2017-06-18,453.6,1
OFF-AP-10001394,2017-09-17,378.0,1
OFF-AP-10001394,2018-12-09,189.0,1
OFF-AP-10001469,2015-09-13,166.84,1
OFF-AP-10001469,2015-12-06,250.26,1
OFF-AP-10001469,2016-08-14,133.472,1
OFF-AP-10001469,2017-12-17,83.42,1
OFF-AP-10001469,2018-06-03,125.13,1
OFF-AP-10001492,2015-09-27,41.376,1
OFF-AP-10001492,2016-08-07,77.58,1
OFF-AP-10001492,2016-08-28,25.86,1
OFF-AP-10001492,2017-08-27,43.1,1
OFF-AP-10001492,2017-12-10,60.34,1
OFF-AP-10001492,2018-01-28,25.86,1
OFF-AP-10001492,2018-05-20,17.24,1
OFF-AP-10001492,2018-11-25,8.62,1
OFF-AP-10001563,2015-12-20,19.432,1
OFF-AP-10001563,2016-12-25,194.32,1
OFF-AP-10001563,2017-05-21,242.9,1
OFF-AP-10001563,2018-05-13,87.444,1
OFF-AP-10001563,2018-05-20,97.16,1
OFF-AP-10001563,2018-08-19,310.912,2
OFF-AP-10001564,2017-10-01,93.032,1
OFF-AP-10001564,2018-03-18,465.16,1
OFF-AP-10001564,2018-06-03,465.16,1
OFF-AP-10001626,2015-06-07,15.56,1
OFF-AP-10001626,2015-11-15,7.78,1
OFF-AP-10001626,2016-12-11,7.78,1
OFF-AP-10001626,2017-03-12,2.334,1
OFF-AP-10001626,2017-10-29,11.67,1
OFF-AP-10001626,2018-09-16,1.556,1
OFF-AP-10001626,2018-09-30,3.89,1
OFF-AP-10001634,2015-09-27,16.704,1
OFF-AP-10001634,2018-12-16,1.392,1
OFF-AP-10001947,2016-04-03,73.28,1
OFF-AP-10001947,2017-11-19,54.96,1
OFF-AP-10001947,2018-05-27,18.32,1
OFF-AP-10001947,2018-09-02,91.6,1
OFF-AP-10001947,2018-10-07,21.984,1
OFF-AP-10001947,2018-12-23,29.312,1
OFF-AP-10001962,2015-09-13,16.78,1
OFF-AP-10001962,2016-09-11,8.39,1
OFF-AP-10001962,2018-04-08,41.95,1
OFF-AP-10001962,2018-11-04,104.036,2
OFF-AP-10001962,2018-12-02,58.73,1
OFF-AP-10002082,2016-10-02,43.56,1
OFF-AP-10002082,2017-05-28,34.848,1
OFF-AP-10002082,2017-06-25,8.712,1
OFF-AP-10002082,2017-12-10,65.34,1
OFF-AP-10002082,2018-07-29,34.848,1
OFF-AP-10002082,2018-12-02,52.272,1
OFF-AP-10002118,2015-05-24,208.16,1
OFF-AP-10002118,2015-11-15,333.056,1
OFF-AP-10002118,2017-06-18,208.16,1
OFF-AP-10002118,2017-08-27,1040.8,1
OFF-AP-10002118,2018-07-22,416.32,1
OFF-AP-10002118,2018-11-11,499.584,1
OFF-AP-10002191,2015-09-27,143.952,1
OFF-AP-10002191,2016-10-09,269.91,1
OFF-AP-10002191,2018-07-15,179.94,1
OFF-AP-10002191,2018-09-23,119.96,1
OFF-AP-10002191,2018-10-21,23.992,1
OFF-AP-10002203,2018-06-10,1.624,1
OFF-AP-10002222,2016-03-06,60.69,1
OFF-AP-10002222,2017-05-14,8.67,1
OFF-AP-10002222,2017-08-13,17.34,1
OFF-AP-10002222,2018-04-01,20.808,1
OFF-AP-10002287,2016-03-27,6.992,1
OFF-AP-10002287,2017-09-17,17.48,1
OFF-AP-10002287,2018-06-03,41.952,2
OFF-AP-10002287,2018-07-22,17.48,1
OFF-AP-10002311,2015-01-25,247.716,1
OFF-AP-10002311,2016-05-01,206.43,1
OFF-AP-10002311,2016-09-04,137.62,1
OFF-AP-10002311,2016-11-13,123.858,1
OFF-AP-10002311,2016-11-27,68.81,1
OFF-AP-10002311,2017-07-02,275.24,1
OFF-AP-10002311,2017-11-12,110.096,1
OFF-AP-10002311,2017-12-10,61.929,1
OFF-AP-10002311,2018-07-29,137.62,1
OFF-AP-10002311,2018-11-25,13.762,1
OFF-AP-10002350,2015-12-27,263.76,2
OFF-AP-10002350,2016-04-17,45.216,1
OFF-AP-10002350,2017-04-02,30.144,1
OFF-AP-10002350,2017-07-23,37.68,1
OFF-AP-10002350,2017-11-12,37.68,1
OFF-AP-10002350,2017-12-17,56.52,1
OFF-AP-10002350,2018-12-09,45.216,1
OFF-AP-10002403,2015-08-16,211.248,1
OFF-AP-10002403,2016-04-17,35.208,1
OFF-AP-10002403,2017-05-07,26.406,1
OFF-AP-10002403,2018-03-25,176.04,1
OFF-AP-10002439,2016-05-15,70.97,1
OFF-AP-10002439,2017-08-27,113.552,1
OFF-AP-10002439,2018-09-02,638.73,1
OFF-AP-10002457,2016-11-20,523.25,1
OFF-AP-10002457,2017-09-03,376.74,1
OFF-AP-10002457,2017-09-10,62.79,1
OFF-AP-10002457,2017-11-12,334.88,1
OFF-AP-10002457,2018-11-04,167.44,1
OFF-AP-10002457,2018-12-30,209.3,1
OFF-AP-10002472,2016-12-18,103.92,1
OFF-AP-10002472,2018-08-05,155.88,1
OFF-AP-10002495,2015-08-09,167.535,1
OFF-AP-10002495,2016-10-02,186.15,1
OFF-AP-10002495,2018-04-29,99.28,1
OFF-AP-10002518,2015-09-13,177.98,1
OFF-AP-10002518,2015-11-01,533.94,1
OFF-AP-10002518,2017-01-01,355.96,1
OFF-AP-10002518,2017-08-13,569.536,1
OFF-AP-10002518,2018-02-25,1245.86,1
OFF-AP-10002534,2015-03-08,176.772,1
OFF-AP-10002534,2017-08-13,58.924,1
OFF-AP-10002534,2018-08-12,1473.1,1
OFF-AP-10002534,2018-09-16,942.784,1
OFF-AP-10002534,2018-12-02,294.62,1
OFF-AP-10002578,2015-03-15,146.76,1
OFF-AP-10002578,2016-04-24,19.568,1
OFF-AP-10002578,2016-10-02,293.52,1
OFF-AP-10002578,2017-04-23,78.272,1
OFF-AP-10002578,2018-08-19,97.84,1
OFF-AP-10002578,2018-09-16,195.68,1
OFF-AP-10002578,2018-09-30,97.84,1
OFF-AP-10002651,2016-01-03,1737.18,1
OFF-AP-10002651,2016-04-10,463.248,1
OFF-AP-10002651,2016-04-17,1447.65,1
OFF-AP-10002651,2016-09-25,1158.12,1
OFF-AP-10002651,2017-10-15,868.59,1
OFF-AP-10002651,2018-11-11,1158.12,1
OFF-AP-10002670,2018-05-27,208.44,1
OFF-AP-10002670,2018-12-09,69.48,1
OFF-AP-10002684,2016-07-10,48.632,1
OFF-AP-10002684,2017-06-04,364.74,1
OFF-AP-10002684,2017-12-24,194.528,1
OFF-AP-10002684,2018-04-22,97.264,1
OFF-AP-10002684,2018-11-04,1702.12,1
OFF-AP-10002684,2018-11-18,389.056,1
OFF-AP-10002734,2015-11-22,675.12,1
OFF-AP-10002765,2015-04-05,52.98,1
OFF-AP-10002765,2015-08-09,79.47,1
OFF-AP-10002765,2016-08-28,105.96,1
OFF-AP-10002765,2017-11-26,42.384,1
OFF-AP-10002765,2017-12-31,26.49,1
OFF-AP-10002765,2018-12-02,79.47,1
OFF-AP-10002867,2016-11-27,325.632,1
OFF-AP-10002867,2017-11-19,67.84,1
OFF-AP-10002867,2018-08-26,203.52,1
OFF-AP-10002867,2018-11-25,67.84,1
OFF-AP-10002892,2015-06-14,114.9,1
OFF-AP-10002892,2015-10-11,91.92,1
OFF-AP-10002892,2015-11-15,22.98,1
OFF-AP-10002892,2016-07-24,68.94,1
OFF-AP-10002892,2017-07-23,45.96,1
OFF-AP-10002892,2017-08-06,45.96,1
OFF-AP-10002892,2017-12-17,73.536,1
OFF-AP-10002906,2016-03-06,3.552,1
OFF-AP-10002906,2016-12-25,3.552,1
OFF-AP-10002906,2018-06-24,0.444,1
OFF-AP-10002906,2018-10-28,2.22,1
OFF-AP-10002945,2015-06-07,1503.25,1
OFF-AP-10002945,2015-09-20,601.3,1
OFF-AP-10002945,2016-03-27,962.08,1
OFF-AP-10002945,2017-03-19,901.95,1
OFF-AP-10002945,2017-12-03,3006.5,2
OFF-AP-10002945,2018-01-21,1924.16,1
OFF-AP-10002998,2015-12-27,34.656,1
OFF-AP-10002998,2017-07-16,151.62,1
OFF-AP-10002998,2017-11-05,43.32,1
OFF-AP-10002998,2017-11-19,103.968,1
OFF-AP-10003040,2016-12-18,134.48,1
OFF-AP-10003040,2018-04-01,33.62,1
OFF-AP-10003040,2018-07-15,168.1,1
OFF-AP-10003040,2018-08-26,161.376,1
OFF-AP-10003040,2018-11-04,168.1,1
OFF-AP-10003057,2016-11-20,826.11,1
OFF-AP-10003057,2017-10-22,1927.59,1
OFF-AP-10003057,2017-11-05,1101.48,1
OFF-AP-10003099,2016-11-06,197.72,1
OFF-AP-10003217,2015-10-04,795.408,1
OFF-AP-10003217,2017-05-28,662.84,1
OFF-AP-10003217,2018-12-23,66.284,1
OFF-AP-10003266,2016-05-08,23.696,1
OFF-AP-10003266,2016-11-13,44.43,1
OFF-AP-10003266,2017-07-23,23.696,1
OFF-AP-10003266,2018-12-23,59.24,1
OFF-AP-10003278,2015-12-27,13.97,1
OFF-AP-10003278,2018-07-15,41.91,1
OFF-AP-10003278,2018-09-02,5.588,1
OFF-AP-10003278,2018-09-09,11.176,1
OFF-AP-10003281,2015-07-26,4.836,1
OFF-AP-10003281,2015-09-27,36.27,1
OFF-AP-10003281,2016-01-03,48.36,1
OFF-AP-10003281,2016-12-25,36.27,1
OFF-AP-10003281,2018-09-16,24.18,1
OFF-AP-10003287,2015-12-13,20.388,1
OFF-AP-10003287,2015-12-27,81.552,1
OFF-AP-10003287,2016-10-30,203.88,1
OFF-AP-10003287,2017-08-20,122.328,1
OFF-AP-10003287,2018-03-04,356.79,1
OFF-AP-10003590,2015-08-09,1089.75,1
OFF-AP-10003590,2017-03-19,871.8,1
OFF-AP-10003590,2018-12-09,1089.75,1
OFF-AP-10003622,2015-08-09,2.6,1
OFF-AP-10003622,2016-05-08,18.2,1
OFF-AP-10003622,2017-11-26,39.0,1
OFF-AP-10003622,2018-06-03,5.2,1
OFF-AP-10003779,2016-05-01,186.732,1
OFF-AP-10003779,2016-12-25,414.96,1
OFF-AP-10003779,2017-09-10,207.48,1
OFF-AP-10003779,2018-12-02,663.936,1
OFF-AP-10003842,2015-04-05,154.9,1
OFF-AP-10003842,2015-09-20,30.98,1
OFF-AP-10003842,2016-09-11,61.96,1
OFF-AP-10003842,2017-03-12,154.9,1
OFF-AP-10003842,2017-06-04,123.92,1
OFF-AP-10003842,2017-12-03,167.292,1
OFF-AP-10003849,2016-04-10,644.076,1
OFF-AP-10003849,2016-06-12,143.128,1
OFF-AP-10003849,2016-11-13,715.64,1
OFF-AP-10003849,2017-07-30,715.64,1
OFF-AP-10003849,2017-10-01,286.256,1
OFF-AP-10003849,2018-11-25,2504.74,1
OFF-AP-10003860,2015-06-21,44.416,1
OFF-AP-10003860,2016-09-11,111.04,1
OFF-AP-10003860,2016-12-25,88.832,1
OFF-AP-10003884,2018-06-17,180.66,1
OFF-AP-10003914,2015-09-20,13.0,1
OFF-AP-10003971,2015-03-22,32.67,1
OFF-AP-10003971,2015-05-03,26.136,1
OFF-AP-10003971,2016-05-01,43.56,1
OFF-AP-10003971,2016-10-09,29.403,1
OFF-AP-10003971,2016-12-25,60.984,1
OFF-AP-10003971,2017-06-25,21.78,1
OFF-AP-10003971,2017-12-10,4.356,1
OFF-AP-10003971,2018-02-04,32.67,1
OFF-AP-10003971,2018-11-11,10.89,1
OFF-AP-10004036,2015-12-06,14.016,1
OFF-AP-10004036,2016-04-10,98.112,1
OFF-AP-10004036,2017-06-18,52.56,1
OFF-AP-10004036,2018-11-18,35.04,1
OFF-AP-10004052,2015-10-18,3.16,1
OFF-AP-10004052,2016-11-27,19.75,1
OFF-AP-10004052,2017-07-30,9.48,1
OFF-AP-10004052,2017-12-31,7.9,1
OFF-AP-10004052,2018-10-07,15.8,1
OFF-AP-10004136,2016-01-03,122.94,1
OFF-AP-10004136,2016-11-27,24.588,1
OFF-AP-10004233,2017-02-19,92.064,1
OFF-AP-10004233,2017-03-12,207.144,1
OFF-AP-10004249,2015-05-17,35.91,1
OFF-AP-10004249,2015-12-06,2.394,1
OFF-AP-10004249,2018-06-17,76.608,1
OFF-AP-10004249,2018-08-19,83.79,1
OFF-AP-10004249,2018-12-30,35.91,1
OFF-AP-10004336,2015-11-29,34.176,1
OFF-AP-10004336,2016-08-14,113.92,1
OFF-AP-10004336,2017-03-05,170.88,1
OFF-AP-10004336,2018-10-07,227.84,1
OFF-AP-10004487,2016-04-17,406.6,1
OFF-AP-10004487,2016-05-29,845.728,1
OFF-AP-10004487,2017-04-23,48.792,1
OFF-AP-10004487,2017-07-23,162.64,1
OFF-AP-10004487,2017-08-13,487.92,1
OFF-AP-10004487,2018-09-16,406.6,1
OFF-AP-10004487,2018-12-23,130.112,1
OFF-AP-10004532,2015-09-13,81.92,1
OFF-AP-10004532,2016-09-25,61.44,1
OFF-AP-10004532,2017-10-08,61.44,1
OFF-AP-10004532,2018-03-04,81.92,1
OFF-AP-10004532,2018-06-17,61.44,1
OFF-AP-10004532,2018-12-09,61.44,1
OFF-AP-10004540,2016-06-05,160.32,1
OFF-AP-10004540,2017-03-19,160.32,1
OFF-AP-10004540,2018-11-11,400.8,1
OFF-AP-10004540,2018-12-09,320.64,1
OFF-AP-10004655,2016-12-04,45.28,1
OFF-AP-10004655,2018-06-24,2.264,1
OFF-AP-10004708,2015-08-09,76.12,1
OFF-AP-10004708,2015-08-16,152.24,1
OFF-AP-10004708,2015-10-25,121.792,1
OFF-AP-10004708,2015-11-01,76.12,1
OFF-AP-10004708,2016-05-29,121.792,1
OFF-AP-10004708,2018-01-07,15.224,1
OFF-AP-10004708,2018-10-07,15.224,1
OFF-AP-10004708,2018-11-18,76.12,1
OFF-AP-10004708,2018-12-02,213.136,1
OFF-AP-10004785,2015-09-13,79.31,2
OFF-AP-10004785,2018-02-18,90.64,1
OFF-AP-10004785,2018-09-16,33.99,1
OFF-AP-10004859,2015-06-07,65.52,1
OFF-AP-10004859,2015-11-08,58.24,1
OFF-AP-10004859,2015-11-29,43.68,1
OFF-AP-10004859,2016-01-10,87.36,1
OFF-AP-10004859,2017-06-11,58.24,1
OFF-AP-10004859,2017-12-03,11.648,1
OFF-AP-10004859,2017-12-17,34.944,1
OFF-AP-10004859,2018-03-04,72.8,1
OFF-AP-10004868,2015-12-20,43.512,1
OFF-AP-10004868,2016-11-20,31.08,1
OFF-AP-10004868,2018-05-13,7.77,1
OFF-AP-10004868,2018-11-18,9.324,1
OFF-AP-10004980,2016-04-17,75.84,1
OFF-AP-10004980,2016-10-02,60.672,1
OFF-AP-10004980,2016-12-11,53.088,1
OFF-AP-10004980,2017-04-16,113.76,1
OFF-AR-10000034,2015-03-29,25.44,1
OFF-AR-10000034,2015-11-15,3.392,1
OFF-AR-10000034,2016-01-03,29.68,1
OFF-AR-10000034,2017-04-16,13.568,1
OFF-AR-10000034,2017-12-10,33.92,1
OFF-AR-10000034,2018-09-30,12.72,1
OFF-AR-10000122,2015-04-19,17.856,1
OFF-AR-10000122,2016-11-13,27.9,1
OFF-AR-10000122,2017-06-11,11.16,1
OFF-AR-10000122,2018-05-20,5.58,1
OFF-AR-10000122,2018-09-23,8.928,1
OFF-AR-10000122,2018-11-25,35.712,1
OFF-AR-10000122,2018-12-09,11.16,1
OFF-AR-10000127,2015-04-05,22.96,1
OFF-AR-10000127,2016-05-08,5.248,1
OFF-AR-10000127,2016-10-02,16.4,1
OFF-AR-10000127,2018-04-15,20.992,1
OFF-AR-10000203,2016-08-21,10.272,1
OFF-AR-10000203,2016-12-25,17.12,1
OFF-AR-10000203,2018-08-26,17.12,1
OFF-AR-10000203,2018-11-25,23.968,1
OFF-AR-10000246,2017-12-10,19.46,1
OFF-AR-10000246,2018-04-08,11.12,1
OFF-AR-10000246,2018-04-29,8.896,1
OFF-AR-10000246,2018-08-19,16.68,1
OFF-AR-10000246,2018-11-04,5.56,1
OFF-AR-10000255,2017-10-01,40.88,1
OFF-AR-10000255,2018-07-01,11.68,1
OFF-AR-10000255,2018-11-18,23.36,1
OFF-AR-10000315,2017-01-29,9.21,1
OFF-AR-10000315,2017-09-24,4.912,1
OFF-AR-10000315,2018-11-18,9.21,1
OFF-AR-10000369,2016-11-06,2.78,1
OFF-AR-10000369,2018-10-07,6.672,1
OFF-AR-10000369,2018-12-23,4.17,1
OFF-AR-10000380,2015-09-13,303.84,1
OFF-AR-10000380,2015-11-29,151.92,1
OFF-AR-10000380,2016-06-12,60.768,1
OFF-AR-10000380,2016-09-11,265.86,1
OFF-AR-10000380,2016-11-13,265.86,1
OFF-AR-10000380,2017-11-05,75.96,1
OFF-AR-10000380,2018-07-29,121.536,1
OFF-AR-10000380,2018-08-12,227.88,1
OFF-AR-10000380,2018-09-09,30.384,1
OFF-AR-10000380,2018-09-23,113.94,1
OFF-AR-10000390,2015-03-08,20.65,1
OFF-AR-10000390,2016-08-28,16.52,1
OFF-AR-10000390,2017-08-27,8.26,1
OFF-AR-10000390,2017-10-22,12.39,1
OFF-AR-10000390,2018-04-29,12.39,1
OFF-AR-10000390,2018-09-23,9.912,1
OFF-AR-10000390,2018-11-25,3.304,1
OFF-AR-10000411,2015-09-20,38.256,1
OFF-AR-10000411,2016-05-29,47.82,1
OFF-AR-10000422,2018-04-15,1.752,1
OFF-AR-10000422,2018-09-02,6.57,1
OFF-AR-10000422,2018-12-02,8.76,1
OFF-AR-10000422,2018-12-23,12.264,1
OFF-AR-10000462,2017-05-14,8.0,1
OFF-AR-10000462,2018-12-23,3.2,1
OFF-AR-10000475,2015-06-28,9.328,1
OFF-AR-10000475,2015-12-06,46.64,1
OFF-AR-10000475,2017-03-26,18.656,1
OFF-AR-10000475,2017-12-10,9.328,1
OFF-AR-10000538,2017-08-06,197.05,1
OFF-AR-10000538,2017-09-10,67.56,1
OFF-AR-10000588,2015-03-08,59.52,1
OFF-AR-10000588,2016-05-01,59.52,1
OFF-AR-10000588,2017-01-29,39.68,1
OFF-AR-10000588,2017-03-19,39.68,1
OFF-AR-10000588,2017-04-02,59.52,1
OFF-AR-10000588,2017-07-09,47.616,1
OFF-AR-10000588,2017-12-31,47.616,1
OFF-AR-10000588,2018-03-11,63.488,1
OFF-AR-10000588,2018-08-19,59.52,1
OFF-AR-10000614,2016-04-17,10.71,1
OFF-AR-10000614,2017-04-23,32.13,1
OFF-AR-10000614,2018-02-18,10.71,1
OFF-AR-10000614,2018-09-30,14.28,1
OFF-AR-10000634,2015-09-13,30.816,1
OFF-AR-10000634,2015-11-01,10.272,1
OFF-AR-10000634,2016-06-19,3.424,1
OFF-AR-10000634,2016-09-25,6.848,1
OFF-AR-10000634,2016-12-18,6.848,1
OFF-AR-10000634,2018-02-25,12.84,1
OFF-AR-10000634,2018-10-28,10.272,1
OFF-AR-10000657,2015-04-19,10.75,1
OFF-AR-10000657,2016-07-10,5.16,1
OFF-AR-10000657,2016-10-09,3.44,1
OFF-AR-10000657,2018-05-20,21.5,1
OFF-AR-10000657,2018-11-04,4.3,1
OFF-AR-10000658,2015-07-26,9.24,1
OFF-AR-10000658,2015-09-06,57.75,1
OFF-AR-10000658,2016-05-01,92.4,2
OFF-AR-10000658,2016-10-09,46.2,1
OFF-AR-10000658,2018-09-02,23.1,1
OFF-AR-10000716,2015-05-10,22.32,1
OFF-AR-10000716,2015-05-31,13.392,1
OFF-AR-10000716,2015-07-05,5.58,1
OFF-AR-10000716,2016-04-10,11.16,1
OFF-AR-10000716,2017-05-07,11.16,1
OFF-AR-10000716,2017-11-26,17.856,1
OFF-AR-10000716,2018-12-09,13.392,1
OFF-AR-10000799,2018-03-18,19.456,1
OFF-AR-10000799,2018-12-16,18.24,1
OFF-AR-10000817,2016-09-11,6.08,1
OFF-AR-10000817,2016-09-18,24.32,1
OFF-AR-10000817,2016-12-11,27.36,1
OFF-AR-10000817,2017-10-01,3.04,1
OFF-AR-10000817,2018-01-07,9.12,1
OFF-AR-10000817,2018-04-01,6.08,1
OFF-AR-10000817,2018-12-02,12.16,1
OFF-AR-10000823,2016-12-04,3.64,1
OFF-AR-10000823,2017-04-23,5.46,1
OFF-AR-10000823,2018-12-16,10.192,1
OFF-AR-10000896,2015-08-09,16.4,1
OFF-AR-10000896,2017-09-10,7.872,1
OFF-AR-10000914,2017-07-23,18.656,1
OFF-AR-10000914,2017-08-13,37.312,1
OFF-AR-10000914,2017-12-17,23.32,1
OFF-AR-10000914,2018-09-23,23.32,1
OFF-AR-10000937,2015-10-11,255.85,1
OFF-AR-10000937,2018-02-18,175.44,1
OFF-AR-10000940,2015-11-08,2.94,1
OFF-AR-10000940,2015-12-06,16.464,1
OFF-AR-10000940,2017-06-04,14.7,1
OFF-AR-10000940,2017-09-24,11.76,1
OFF-AR-10000940,2017-12-03,4.704,1
OFF-AR-10000940,2018-09-23,8.82,1
OFF-AR-10000940,2018-10-14,5.88,1
OFF-AR-10001022,2015-10-25,2.84,1
OFF-AR-10001022,2016-02-07,5.68,1
OFF-AR-10001022,2018-11-11,5.68,1
OFF-AR-10001026,2015-07-05,6.6,1
OFF-AR-10001026,2016-08-14,2.2,1
OFF-AR-10001026,2018-11-25,22.0,1
OFF-AR-10001044,2015-03-15,83.168,1
OFF-AR-10001044,2015-07-19,41.584,1
OFF-AR-10001044,2016-04-24,25.99,1
OFF-AR-10001044,2016-06-19,51.98,1
OFF-AR-10001044,2016-09-25,25.99,1
OFF-AR-10001044,2017-03-19,145.544,1
OFF-AR-10001044,2017-09-10,62.376,1
OFF-AR-10001044,2018-07-22,25.99,1
OFF-AR-10001044,2018-12-02,155.94,1
OFF-AR-10001118,2016-05-15,2.696,1
OFF-AR-10001118,2018-12-23,13.48,1
OFF-AR-10001130,2018-07-15,8.84,1
OFF-AR-10001130,2018-10-07,6.63,1
OFF-AR-10001149,2015-11-15,3.9,1
OFF-AR-10001149,2016-02-14,5.76,1
OFF-AR-10001149,2016-12-11,3.9,1
OFF-AR-10001149,2017-10-01,25.92,1
OFF-AR-10001149,2017-10-15,11.52,1
OFF-AR-10001149,2017-12-03,23.04,1
OFF-AR-10001149,2018-09-09,6.912,1
OFF-AR-10001166,2016-05-01,22.74,1
OFF-AR-10001166,2018-07-15,30.32,1
OFF-AR-10001166,2018-09-02,7.58,1
OFF-AR-10001177,2016-11-27,13.12,1
OFF-AR-10001177,2018-07-15,6.56,1
OFF-AR-10001177,2018-11-25,22.96,1
OFF-AR-10001216,2017-07-23,4.448,1
OFF-AR-10001216,2018-02-04,8.34,1
OFF-AR-10001216,2018-11-11,13.9,1
OFF-AR-10001221,2017-04-16,33.488,1
OFF-AR-10001221,2018-04-15,41.86,1
OFF-AR-10001227,2017-11-12,14.7,1
OFF-AR-10001227,2018-02-04,8.82,1
OFF-AR-10001231,2015-04-05,10.5,1
OFF-AR-10001231,2017-12-24,4.2,1
OFF-AR-10001231,2018-06-10,14.7,1
OFF-AR-10001246,2015-05-24,21.168,1
OFF-AR-10001246,2016-01-03,7.056,1
OFF-AR-10001246,2016-05-08,8.82,1
OFF-AR-10001246,2016-09-25,16.464,1
OFF-AR-10001246,2016-11-13,11.76,1
OFF-AR-10001246,2017-12-24,8.82,1
OFF-AR-10001246,2018-12-23,5.88,1
OFF-AR-10001315,2015-11-15,4.224,1
OFF-AR-10001315,2016-02-07,5.28,1
OFF-AR-10001315,2016-09-25,2.816,1
OFF-AR-10001315,2017-10-15,1.408,1
OFF-AR-10001315,2018-05-20,3.52,1
OFF-AR-10001315,2018-12-09,8.8,1
OFF-AR-10001315,2018-12-23,12.672,1
OFF-AR-10001374,2015-03-08,15.552,1
OFF-AR-10001374,2015-07-05,32.4,1
OFF-AR-10001374,2016-01-17,10.368,1
OFF-AR-10001374,2018-05-20,25.92,1
OFF-AR-10001374,2018-07-08,12.96,1
OFF-AR-10001374,2018-09-09,25.92,1
OFF-AR-10001419,2015-11-01,12.39,1
OFF-AR-10001419,2017-07-30,37.17,1
OFF-AR-10001419,2018-04-22,16.52,1
OFF-AR-10001419,2018-07-08,28.91,1
OFF-AR-10001419,2018-08-19,9.912,1
OFF-AR-10001419,2018-12-23,23.128,1
OFF-AR-10001427,2015-03-08,17.94,1
OFF-AR-10001427,2016-08-14,11.96,1
OFF-AR-10001427,2018-06-17,23.92,1
OFF-AR-10001427,2018-09-16,5.98,1
OFF-AR-10001446,2016-08-14,64.68,1
OFF-AR-10001446,2017-10-15,27.72,1
OFF-AR-10001446,2018-03-25,23.1,1
OFF-AR-10001446,2018-05-20,46.2,1
OFF-AR-10001446,2018-12-02,34.65,1
OFF-AR-10001468,2016-05-08,59.904,1
OFF-AR-10001468,2016-12-25,59.904,1
OFF-AR-10001468,2018-04-15,89.856,1
OFF-AR-10001473,2015-09-20,5.248,1
OFF-AR-10001473,2016-01-03,9.84,1
OFF-AR-10001473,2016-12-11,13.12,1
OFF-AR-10001545,2016-12-11,4.224,1
OFF-AR-10001545,2017-06-18,7.04,1
OFF-AR-10001545,2017-07-23,11.264,1
OFF-AR-10001545,2017-12-24,3.52,1
OFF-AR-10001545,2018-01-21,3.52,1
OFF-AR-10001545,2018-04-08,7.04,1
OFF-AR-10001547,2016-05-29,6.63,1
OFF-AR-10001547,2016-12-18,2.21,1
OFF-AR-10001547,2017-07-02,5.304,1
OFF-AR-10001547,2017-12-10,3.536,1
OFF-AR-10001547,2018-01-28,15.47,1
OFF-AR-10001547,2018-02-18,6.63,1
OFF-AR-10001547,2018-03-25,11.05,1
OFF-AR-10001547,2018-09-30,10.608,1
OFF-AR-10001573,2015-03-22,9.32,1
OFF-AR-10001573,2016-11-13,11.65,1
OFF-AR-10001573,2017-01-15,4.66,1
OFF-AR-10001573,2017-04-23,6.99,1
OFF-AR-10001573,2018-03-04,9.32,1
OFF-AR-10001573,2018-12-02,6.99,1
OFF-AR-10001615,2015-09-27,59.52,1
OFF-AR-10001615,2016-01-10,59.52,1
OFF-AR-10001615,2016-02-28,79.36,1
OFF-AR-10001615,2017-03-05,111.104,1
OFF-AR-10001615,2018-03-04,59.52,1
OFF-AR-10001615,2018-05-06,59.52,1
OFF-AR-10001615,2018-12-30,31.744,1
OFF-AR-10001662,2015-01-11,5.48,1
OFF-AR-10001662,2016-03-20,2.74,1
OFF-AR-10001662,2016-12-18,8.22,1
OFF-AR-10001662,2017-05-14,10.96,1
OFF-AR-10001662,2017-12-03,21.92,1
OFF-AR-10001662,2018-10-28,6.576,1
OFF-AR-10001662,2018-12-02,19.728,1
OFF-AR-10001683,2015-11-01,49.25,1
OFF-AR-10001683,2016-09-18,15.76,1
OFF-AR-10001683,2016-11-06,7.88,1
OFF-AR-10001683,2016-11-13,23.64,1
OFF-AR-10001683,2018-03-18,59.1,1
OFF-AR-10001683,2018-04-22,15.76,1
OFF-AR-10001725,2015-04-12,70.95,1
OFF-AR-10001725,2015-05-10,37.84,1
OFF-AR-10001725,2015-12-20,47.3,1
OFF-AR-10001725,2017-11-19,23.65,1
OFF-AR-10001725,2018-04-29,47.3,1
OFF-AR-10001725,2018-09-16,70.95,1
OFF-AR-10001761,2016-03-20,17.52,1
OFF-AR-10001761,2016-10-09,37.376,1
OFF-AR-10001761,2017-07-23,29.2,1
OFF-AR-10001761,2018-10-21,11.68,1
OFF-AR-10001761,2018-11-25,18.688,1
OFF-AR-10001770,2015-03-15,7.98,1
OFF-AR-10001770,2017-02-19,7.98,1
OFF-AR-10001770,2017-11-05,7.98,1
OFF-AR-10001770,2018-10-21,10.64,1
OFF-AR-10001860,2017-05-28,16.656,1
OFF-AR-10001860,2017-10-15,34.7,1
OFF-AR-10001860,2017-11-26,20.82,1
OFF-AR-10001860,2018-11-18,38.864,1
OFF-AR-10001860,2018-11-25,27.76,1
OFF-AR-10001860,2018-12-09,34.7,1
OFF-AR-10001868,2015-04-19,2.688,1
OFF-AR-10001868,2015-11-08,6.72,1
OFF-AR-10001868,2015-12-27,1.344,1
OFF-AR-10001868,2016-08-07,6.72,1
OFF-AR-10001868,2017-03-26,1.344,1
OFF-AR-10001868,2017-06-18,1.68,1
OFF-AR-10001868,2018-06-10,8.4,1
OFF-AR-10001868,2018-12-02,10.08,1
OFF-AR-10001897,2015-05-10,107.94,1
OFF-AR-10001897,2015-11-01,43.176,1
OFF-AR-10001897,2016-05-08,125.93,1
OFF-AR-10001897,2017-12-31,53.97,1
OFF-AR-10001897,2018-09-09,71.96,1
OFF-AR-10001915,2015-04-05,49.65,1
OFF-AR-10001915,2016-08-14,29.79,1
OFF-AR-10001915,2016-11-27,29.79,1
OFF-AR-10001915,2018-03-18,23.832,1
OFF-AR-10001915,2018-09-16,99.3,1
OFF-AR-10001915,2018-09-23,23.832,1
OFF-AR-10001915,2018-11-25,31.776,1
OFF-AR-10001919,2015-06-21,3.76,1
OFF-AR-10001919,2015-11-01,5.64,1
OFF-AR-10001919,2016-12-25,3.008,1
OFF-AR-10001919,2017-05-28,1.504,1
OFF-AR-10001919,2018-05-20,3.76,1
OFF-AR-10001919,2018-06-17,3.76,1
OFF-AR-10001919,2018-09-02,9.4,1
OFF-AR-10001940,2016-11-27,13.12,1
OFF-AR-10001940,2016-12-18,19.68,2
OFF-AR-10001940,2018-09-09,13.12,1
OFF-AR-10001953,2015-06-14,70.368,1
OFF-AR-10001953,2016-09-11,140.736,1
OFF-AR-10001953,2017-04-02,263.88,1
OFF-AR-10001953,2017-07-23,175.92,1
OFF-AR-10001953,2017-09-10,70.368,1
OFF-AR-10001953,2018-05-20,131.94,1
OFF-AR-10001953,2018-08-12,219.9,1
OFF-AR-10001954,2015-11-29,14.67,1
OFF-AR-10001954,2016-04-10,11.736,1
OFF-AR-10001954,2017-08-27,29.34,1
OFF-AR-10001954,2018-06-17,19.56,1
OFF-AR-10001955,2015-04-05,79.36,1
OFF-AR-10001955,2016-10-30,79.36,1
OFF-AR-10001955,2016-11-20,119.04,1
OFF-AR-10001955,2017-01-08,47.616,1
OFF-AR-10001955,2017-03-26,59.52,1
OFF-AR-10001955,2017-05-14,79.36,1
OFF-AR-10001955,2018-01-07,31.744,1
OFF-AR-10001955,2018-06-17,15.872,1
OFF-AR-10001958,2016-12-25,27.168,1
OFF-AR-10001958,2017-10-08,33.96,1
OFF-AR-10001958,2018-04-29,67.92,1
OFF-AR-10001958,2018-11-04,54.336,1
OFF-AR-10001958,2018-11-18,50.94,1
OFF-AR-10001958,2018-12-16,13.584,1
OFF-AR-10001958,2018-12-30,27.168,1
OFF-AR-10001972,2016-09-25,8.4,1
OFF-AR-10001972,2018-03-11,3.36,1
OFF-AR-10001972,2018-09-02,9.408,1
OFF-AR-10001988,2018-05-27,17.97,1
OFF-AR-10001988,2018-09-16,29.95,1
OFF-AR-10001988,2018-12-16,29.95,1
OFF-AR-10002053,2015-07-26,5.96,1
OFF-AR-10002053,2015-10-18,14.9,1
OFF-AR-10002053,2016-08-21,35.76,1
OFF-AR-10002053,2016-08-28,7.152,1
OFF-AR-10002053,2017-10-22,7.152,1
OFF-AR-10002053,2018-02-04,4.768,1
OFF-AR-10002053,2018-09-09,5.96,1
OFF-AR-10002067,2015-07-26,99.2,1
OFF-AR-10002067,2016-07-31,99.2,1
OFF-AR-10002067,2016-10-02,99.2,1
OFF-AR-10002067,2016-11-20,119.04,1
OFF-AR-10002067,2017-10-15,15.872,1
OFF-AR-10002067,2018-09-30,99.2,1
OFF-AR-10002135,2015-06-07,289.2,1
OFF-AR-10002135,2015-10-11,144.6,1
OFF-AR-10002135,2017-07-16,154.24,1
OFF-AR-10002135,2017-11-05,192.8,1
OFF-AR-10002135,2018-06-24,385.6,1
OFF-AR-10002221,2015-04-26,6.24,1
OFF-AR-10002221,2017-07-23,4.16,1
OFF-AR-10002221,2018-11-11,7.8,1
OFF-AR-10002240,2017-02-19,264.18,1
OFF-AR-10002240,2017-09-03,75.48,1
OFF-AR-10002240,2017-10-22,113.22,1
OFF-AR-10002255,2016-08-21,2.304,1
OFF-AR-10002255,2017-06-18,8.64,1
OFF-AR-10002255,2017-08-27,5.76,1
OFF-AR-10002255,2018-06-10,8.64,1
OFF-AR-10002257,2015-12-27,8.016,1
OFF-AR-10002257,2016-02-28,16.032,1
OFF-AR-10002257,2016-11-27,5.344,1
OFF-AR-10002257,2017-09-24,2.672,1
OFF-AR-10002257,2018-07-01,5.344,1
OFF-AR-10002257,2018-10-21,13.36,1
OFF-AR-10002280,2018-05-06,15.528,1
OFF-AR-10002280,2018-12-23,38.82,1
OFF-AR-10002335,2015-06-14,18.06,1
OFF-AR-10002335,2015-10-04,6.192,1
OFF-AR-10002335,2017-06-25,5.16,1
OFF-AR-10002335,2018-09-09,8.256,1
OFF-AR-10002335,2018-11-18,2.064,1
OFF-AR-10002335,2018-11-25,5.16,1
OFF-AR-10002375,2015-01-25,22.96,1
OFF-AR-10002375,2015-04-19,13.12,1
OFF-AR-10002375,2015-09-27,9.84,1
OFF-AR-10002375,2016-12-25,3.28,1
OFF-AR-10002375,2017-10-01,10.496,1
OFF-AR-10002375,2018-02-25,6.56,1
OFF-AR-10002375,2018-06-10,16.4,1
OFF-AR-10002399,2015-01-11,12.78,1
OFF-AR-10002399,2016-03-13,3.408,1
OFF-AR-10002399,2016-06-19,13.632,1
OFF-AR-10002399,2017-04-09,17.04,1
OFF-AR-10002399,2017-08-06,38.34,1
OFF-AR-10002399,2017-08-27,21.3,1
OFF-AR-10002399,2018-06-17,4.26,1
OFF-AR-10002445,2015-09-06,21.24,1
OFF-AR-10002445,2016-05-29,21.24,1
OFF-AR-10002445,2017-09-17,35.4,1
OFF-AR-10002445,2017-10-01,35.4,1
OFF-AR-10002445,2017-12-31,11.328,1
OFF-AR-10002445,2018-05-27,49.56,1
OFF-AR-10002445,2018-09-23,35.4,1
OFF-AR-10002467,2016-04-10,23.84,1
OFF-AR-10002467,2017-05-14,4.768,1
OFF-AR-10002578,2015-05-10,8.64,1
OFF-AR-10002578,2016-11-20,11.52,1
OFF-AR-10002578,2017-08-27,8.64,1
OFF-AR-10002578,2018-12-23,5.76,1
OFF-AR-10002656,2015-06-07,13.36,1
OFF-AR-10002656,2015-09-13,32.064,1
OFF-AR-10002656,2016-10-23,10.688,1
OFF-AR-10002656,2017-09-17,33.4,1
OFF-AR-10002656,2018-07-29,60.12,1
OFF-AR-10002671,2015-12-06,1113.024,1
OFF-AR-10002704,2016-03-13,14.98,1
OFF-AR-10002766,2015-06-28,20.016,1
OFF-AR-10002766,2017-03-12,13.9,1
OFF-AR-10002766,2017-10-22,8.34,1
OFF-AR-10002766,2018-03-18,13.9,1
OFF-AR-10002804,2015-08-23,3.912,1
OFF-AR-10002804,2016-04-10,14.67,1
OFF-AR-10002804,2017-09-10,3.912,1
OFF-AR-10002804,2018-04-15,4.89,1
OFF-AR-10002804,2018-05-06,9.78,1
OFF-AR-10002818,2018-10-21,87.92,1
OFF-AR-10002818,2018-11-11,109.9,1
OFF-AR-10002833,2015-06-14,7.28,1
OFF-AR-10002833,2015-07-05,4.368,1
OFF-AR-10002833,2015-09-13,5.46,1
OFF-AR-10002833,2015-11-22,5.46,1
OFF-AR-10002833,2017-04-09,3.64,1
OFF-AR-10002833,2018-07-29,4.368,1
OFF-AR-10002952,2015-04-05,26.7,1
OFF-AR-10002952,2015-12-20,40.05,1
OFF-AR-10002952,2016-08-07,106.8,1
OFF-AR-10002952,2016-12-11,120.15,1
OFF-AR-10002956,2015-09-27,66.03,1
OFF-AR-10002956,2017-04-02,88.04,1
OFF-AR-10002956,2017-07-23,35.216,1
OFF-AR-10002956,2017-11-19,44.02,1
OFF-AR-10002956,2018-06-17,88.04,1
OFF-AR-10002956,2018-10-21,123.256,1
OFF-AR-10002987,2016-07-10,79.36,1
OFF-AR-10002987,2017-09-10,31.744,1
OFF-AR-10002987,2017-11-05,39.68,1
OFF-AR-10002987,2018-07-15,119.04,1
OFF-AR-10002987,2018-09-16,31.744,1
OFF-AR-10002987,2018-12-16,95.232,1
OFF-AR-10003045,2015-09-13,5.88,1
OFF-AR-10003045,2015-12-06,26.46,1
OFF-AR-10003045,2016-11-27,14.7,1
OFF-AR-10003045,2017-07-02,14.7,1
OFF-AR-10003045,2018-04-08,7.056,1
OFF-AR-10003045,2018-05-20,14.7,1
OFF-AR-10003045,2018-10-28,7.056,1
OFF-AR-10003056,2015-06-21,21.4,1
OFF-AR-10003056,2015-08-30,8.56,1
OFF-AR-10003056,2016-11-27,17.12,1
OFF-AR-10003056,2017-04-16,12.84,1
OFF-AR-10003056,2017-05-21,21.4,1
OFF-AR-10003056,2017-12-10,8.56,1
OFF-AR-10003056,2018-04-29,6.848,1
OFF-AR-10003087,2016-12-11,1.78,1
OFF-AR-10003087,2018-02-11,7.12,1
OFF-AR-10003087,2018-03-25,16.02,1
OFF-AR-10003156,2015-11-15,30.48,1
OFF-AR-10003156,2016-03-06,10.16,1
OFF-AR-10003156,2016-08-14,50.8,1
OFF-AR-10003156,2017-04-02,30.48,1
OFF-AR-10003156,2018-04-08,16.256,1
OFF-AR-10003158,2015-07-12,22.288,1
OFF-AR-10003158,2018-01-07,12.736,1
OFF-AR-10003158,2018-03-11,23.88,1
OFF-AR-10003158,2018-07-01,15.92,1
OFF-AR-10003158,2018-09-16,15.92,1
OFF-AR-10003179,2015-02-01,36.44,1
OFF-AR-10003179,2015-09-13,21.864,1
OFF-AR-10003179,2015-09-27,14.576,1
OFF-AR-10003179,2015-11-29,51.016,1
OFF-AR-10003179,2016-09-25,14.576,1
OFF-AR-10003179,2018-05-06,54.66,1
OFF-AR-10003179,2018-10-28,36.44,1
OFF-AR-10003183,2015-03-22,8.016,1
OFF-AR-10003183,2015-11-15,2.672,1
OFF-AR-10003183,2016-01-17,6.68,1
OFF-AR-10003183,2016-06-12,8.016,1
OFF-AR-10003183,2016-10-16,8.016,1
OFF-AR-10003183,2017-10-15,5.344,1
OFF-AR-10003183,2018-08-19,8.016,1
OFF-AR-10003183,2018-12-23,18.704,1
OFF-AR-10003190,2015-07-26,11.52,1
OFF-AR-10003190,2015-10-18,11.52,1
OFF-AR-10003190,2015-12-13,8.64,1
OFF-AR-10003190,2016-07-17,6.912,1
OFF-AR-10003190,2016-07-24,5.76,1
OFF-AR-10003190,2017-04-23,2.88,1
OFF-AR-10003217,2016-03-27,19.56,1
OFF-AR-10003217,2017-05-07,27.384,1
OFF-AR-10003251,2015-07-12,5.56,1
OFF-AR-10003251,2016-04-17,5.56,1
OFF-AR-10003251,2016-12-04,13.9,1
OFF-AR-10003251,2017-12-17,6.672,1
OFF-AR-10003251,2018-09-09,5.56,1
OFF-AR-10003251,2018-09-30,2.224,1
OFF-AR-10003251,2018-10-21,4.448,1
OFF-AR-10003338,2015-03-29,14.88,1
OFF-AR-10003338,2017-07-16,22.32,1
OFF-AR-10003338,2017-09-10,14.88,1
OFF-AR-10003338,2018-03-18,29.76,1
OFF-AR-10003338,2018-05-20,37.2,1
OFF-AR-10003338,2018-09-02,5.952,1
OFF-AR-10003338,2018-09-16,14.88,1
OFF-AR-10003373,2016-01-03,99.136,1
OFF-AR-10003373,2016-04-24,74.352,1
OFF-AR-10003373,2016-05-15,198.272,1
OFF-AR-10003373,2017-05-28,185.88,1
OFF-AR-10003373,2017-11-12,92.94,1
OFF-AR-10003373,2018-04-29,123.92,1
OFF-AR-10003373,2018-11-25,99.136,1
OFF-AR-10003394,2015-12-27,11.76,1
OFF-AR-10003394,2017-11-05,8.82,1
OFF-AR-10003394,2017-11-12,34.692,2
OFF-AR-10003394,2018-11-25,11.76,1
OFF-AR-10003405,2015-07-05,32.76,1
OFF-AR-10003405,2016-12-25,14.04,1
OFF-AR-10003405,2017-11-26,14.04,1
OFF-AR-10003405,2018-06-03,35.1,1
OFF-AR-10003469,2015-06-21,3.52,1
OFF-AR-10003469,2015-09-13,3.52,1
OFF-AR-10003469,2015-09-20,2.816,1
OFF-AR-10003469,2015-10-04,4.224,1
OFF-AR-10003469,2017-06-18,11.264,1
OFF-AR-10003469,2017-09-10,5.28,1
OFF-AR-10003469,2018-07-22,3.52,1
OFF-AR-10003469,2018-11-04,8.8,1
OFF-AR-10003477,2017-01-29,8.04,1
OFF-AR-10003478,2015-01-11,19.536,1
OFF-AR-10003478,2015-03-22,16.28,1
OFF-AR-10003478,2015-04-19,39.072,1
OFF-AR-10003478,2015-06-28,71.632,1
OFF-AR-10003478,2018-09-16,16.28,1
OFF-AR-10003478,2018-10-07,56.98,1
OFF-AR-10003481,2015-07-26,13.12,1
OFF-AR-10003481,2016-04-24,7.872,1
OFF-AR-10003481,2017-09-24,7.872,1
OFF-AR-10003481,2017-11-26,23.616,1
OFF-AR-10003481,2018-01-28,7.872,1
OFF-AR-10003481,2018-05-13,5.248,1
OFF-AR-10003504,2015-04-26,21.4,1
OFF-AR-10003504,2016-06-05,10.272,1
OFF-AR-10003504,2016-09-25,17.12,1
OFF-AR-10003504,2018-01-21,21.4,1
OFF-AR-10003504,2018-05-13,10.272,1
OFF-AR-10003504,2018-11-18,34.24,1
OFF-AR-10003504,2018-12-02,12.84,1
OFF-AR-10003514,2015-01-18,19.9,1
OFF-AR-10003514,2015-05-24,31.84,1
OFF-AR-10003514,2016-10-16,19.9,1
OFF-AR-10003514,2017-05-14,27.86,1
OFF-AR-10003514,2017-11-19,6.368,1
OFF-AR-10003514,2018-06-24,35.82,1
OFF-AR-10003514,2018-07-08,9.552,1
OFF-AR-10003514,2018-11-04,19.9,1
OFF-AR-10003560,2015-03-01,19.456,1
OFF-AR-10003560,2015-03-08,19.456,1
OFF-AR-10003560,2017-09-03,19.456,1
OFF-AR-10003560,2018-04-15,14.592,1
OFF-AR-10003560,2018-07-08,18.24,1
OFF-AR-10003560,2018-08-26,9.728,1
OFF-AR-10003582,2015-11-15,67.56,1
OFF-AR-10003582,2016-06-12,56.3,1
OFF-AR-10003582,2016-12-04,56.3,1
OFF-AR-10003582,2016-12-11,101.34,2
OFF-AR-10003582,2016-12-18,56.3,1
OFF-AR-10003582,2017-11-19,140.75,1
OFF-AR-10003582,2018-11-18,45.04,1
OFF-AR-10003602,2016-08-21,17.52,1
OFF-AR-10003602,2016-09-18,11.68,1
OFF-AR-10003602,2018-02-04,9.344,1
OFF-AR-10003602,2018-06-17,14.016,1
OFF-AR-10003602,2018-07-29,11.68,1
OFF-AR-10003602,2018-08-12,11.68,1
OFF-AR-10003602,2018-09-09,4.672,1
OFF-AR-10003631,2015-02-22,54.208,1
OFF-AR-10003631,2015-06-14,14.52,1
OFF-AR-10003631,2017-10-01,30.976,1
OFF-AR-10003631,2018-01-21,24.2,1
OFF-AR-10003651,2015-05-10,6.56,1
OFF-AR-10003651,2015-11-15,7.872,1
OFF-AR-10003651,2016-01-03,9.84,1
OFF-AR-10003651,2018-05-06,22.96,1
OFF-AR-10003651,2018-05-27,9.84,1
OFF-AR-10003651,2018-11-04,5.248,1
OFF-AR-10003696,2016-03-06,55.328,1
OFF-AR-10003696,2017-01-08,34.58,1
OFF-AR-10003696,2018-12-30,34.58,1
OFF-AR-10003723,2015-03-15,3.38,1
OFF-AR-10003723,2016-12-04,16.9,1
OFF-AR-10003727,2017-03-05,16.99,1
OFF-AR-10003727,2017-09-24,40.776,1
OFF-AR-10003727,2018-07-22,101.94,1
OFF-AR-10003727,2018-10-07,95.144,1
OFF-AR-10003732,2015-03-22,4.448,1
OFF-AR-10003732,2016-04-03,5.56,1
OFF-AR-10003732,2016-07-10,11.12,1
OFF-AR-10003732,2016-07-17,11.12,1
OFF-AR-10003732,2016-11-20,19.46,1
OFF-AR-10003732,2017-06-04,10.008,2
OFF-AR-10003732,2017-12-17,13.9,1
OFF-AR-10003732,2018-05-27,2.78,1
OFF-AR-10003732,2018-09-09,2.78,1
OFF-AR-10003732,2018-09-30,5.56,1
OFF-AR-10003752,2015-06-14,23.1,1
OFF-AR-10003752,2015-11-22,57.75,1
OFF-AR-10003752,2016-12-04,36.96,1
OFF-AR-10003752,2017-11-19,18.48,1
OFF-AR-10003752,2018-03-18,46.2,1
OFF-AR-10003759,2016-11-27,10.92,1
OFF-AR-10003759,2017-09-17,2.912,1
OFF-AR-10003759,2017-12-31,3.64,1
OFF-AR-10003759,2018-02-04,12.74,1
OFF-AR-10003759,2018-07-22,2.912,1
OFF-AR-10003759,2018-09-09,10.192,1
OFF-AR-10003759,2018-11-25,16.38,1
OFF-AR-10003770,2015-08-30,8.64,1
OFF-AR-10003770,2017-11-19,17.28,1
OFF-AR-10003772,2015-06-21,35.0,1
OFF-AR-10003772,2017-11-05,8.75,1
OFF-AR-10003811,2015-01-25,6.63,1
OFF-AR-10003811,2017-12-31,19.89,1
OFF-AR-10003811,2018-12-23,13.26,2
OFF-AR-10003829,2015-03-22,19.68,1
OFF-AR-10003829,2015-03-29,6.56,1
OFF-AR-10003829,2015-12-20,2.624,1
OFF-AR-10003829,2016-12-18,13.12,1
OFF-AR-10003829,2017-06-18,9.84,1
OFF-AR-10003829,2017-11-19,9.84,1
OFF-AR-10003829,2018-06-24,5.248,1
OFF-AR-10003829,2018-07-22,19.68,1
OFF-AR-10003829,2018-09-09,6.56,1
OFF-AR-10003856,2016-03-20,8.34,1
OFF-AR-10003856,2017-05-21,8.34,1
OFF-AR-10003856,2018-09-02,5.56,1
OFF-AR-10003856,2018-11-25,5.56,1
OFF-AR-10003856,2018-12-09,13.344,1
OFF-AR-10003876,2015-09-27,13.04,1
OFF-AR-10003876,2018-11-25,13.04,1
OFF-AR-10003896,2018-09-23,17.94,1
OFF-AR-10003903,2015-08-16,40.97,1
OFF-AR-10003903,2016-02-21,286.79,1
OFF-AR-10003903,2016-12-18,204.85,1
OFF-AR-10003903,2018-12-02,32.776,1
OFF-AR-10003958,2017-01-08,5.248,1
OFF-AR-10003958,2018-03-11,5.248,1
OFF-AR-10003986,2017-07-02,7.7,1
OFF-AR-10004010,2015-05-03,174.95,1
OFF-AR-10004010,2015-10-04,55.984,1
OFF-AR-10004010,2018-01-14,209.94,1
OFF-AR-10004010,2018-07-08,174.95,1
OFF-AR-10004010,2018-11-04,55.984,1
OFF-AR-10004022,2016-05-01,172.704,1
OFF-AR-10004022,2017-04-23,71.96,1
OFF-AR-10004022,2017-05-07,86.352,1
OFF-AR-10004022,2017-09-10,107.94,1
OFF-AR-10004022,2018-11-18,86.352,1
OFF-AR-10004022,2018-12-02,179.9,1
OFF-AR-10004027,2015-03-22,6.048,1
OFF-AR-10004027,2015-04-05,4.032,1
OFF-AR-10004027,2018-07-08,7.56,1
OFF-AR-10004042,2015-09-06,53.94,1
OFF-AR-10004042,2016-09-18,86.304,1
OFF-AR-10004042,2016-09-25,35.96,1
OFF-AR-10004042,2016-12-04,161.82,1
OFF-AR-10004042,2016-12-11,86.304,1
OFF-AR-10004042,2018-07-15,71.92,1
OFF-AR-10004062,2016-06-26,20.96,1
OFF-AR-10004062,2018-05-27,31.44,1
OFF-AR-10004062,2018-08-12,104.8,1
OFF-AR-10004078,2015-01-11,9.344,1
OFF-AR-10004078,2016-04-10,42.048,1
OFF-AR-10004078,2016-12-04,9.344,1
OFF-AR-10004078,2016-12-11,37.376,1
OFF-AR-10004078,2017-01-08,4.672,1
OFF-AR-10004078,2017-11-05,11.68,1
OFF-AR-10004078,2017-12-24,18.688,1
OFF-AR-10004078,2018-01-28,14.016,1
OFF-AR-10004078,2018-02-18,28.032,1
OFF-AR-10004078,2018-04-29,42.048,1
OFF-AR-10004078,2018-08-12,17.52,1
OFF-AR-10004165,2015-08-09,20.52,2
OFF-AR-10004165,2017-08-27,5.472,1
OFF-AR-10004260,2018-06-17,181.86,1
OFF-AR-10004260,2018-09-09,25.98,1
OFF-AR-10004260,2018-11-11,181.86,1
OFF-AR-10004269,2015-12-20,4.13,1
OFF-AR-10004269,2016-06-19,24.78,1
OFF-AR-10004269,2017-11-05,12.39,1
OFF-AR-10004269,2017-11-26,37.17,1
OFF-AR-10004269,2017-12-31,16.52,1
OFF-AR-10004272,2015-03-29,3.36,1
OFF-AR-10004272,2016-11-06,5.04,1
OFF-AR-10004344,2015-08-16,47.96,1
OFF-AR-10004344,2017-07-02,35.97,1
OFF-AR-10004344,2018-04-15,35.97,1
OFF-AR-10004344,2018-06-24,95.92,1
OFF-AR-10004344,2018-10-14,67.144,1
OFF-AR-10004344,2018-12-02,47.96,1
OFF-AR-10004441,2015-09-13,9.936,1
OFF-AR-10004441,2016-12-04,8.28,1
OFF-AR-10004441,2017-10-01,16.56,1
OFF-AR-10004441,2017-10-29,12.42,1
OFF-AR-10004441,2018-09-16,12.42,1
OFF-AR-10004441,2018-12-09,13.248,1
OFF-AR-10004441,2018-12-30,13.248,1
OFF-AR-10004456,2015-01-25,43.92,1
OFF-AR-10004456,2017-04-23,73.2,1
OFF-AR-10004456,2017-07-30,73.2,1
OFF-AR-10004456,2018-05-13,43.92,1
OFF-AR-10004511,2015-05-24,38.52,1
OFF-AR-10004511,2015-06-07,8.56,1
OFF-AR-10004582,2015-07-05,5.248,1
OFF-AR-10004582,2017-04-23,3.28,1
OFF-AR-10004582,2018-08-12,9.184,1
OFF-AR-10004582,2018-09-02,4.92,1
OFF-AR-10004582,2018-12-02,1.64,1
OFF-AR-10004587,2016-08-14,39.66,1
OFF-AR-10004587,2018-04-01,19.83,1
OFF-AR-10004602,2015-08-09,45.98,1
OFF-AR-10004602,2016-05-15,36.784,1
OFF-AR-10004602,2016-09-25,128.744,1
OFF-AR-10004602,2017-05-21,91.96,1
OFF-AR-10004602,2017-07-09,45.98,1
OFF-AR-10004602,2017-11-05,114.95,1
OFF-AR-10004602,2018-11-25,68.97,1
OFF-AR-10004648,2016-09-11,181.35,1
OFF-AR-10004648,2016-10-30,60.45,1
OFF-AR-10004648,2016-11-20,60.45,1
OFF-AR-10004648,2018-02-04,40.3,1
OFF-AR-10004685,2015-03-22,7.408,1
OFF-AR-10004685,2015-04-05,13.89,1
OFF-AR-10004685,2016-06-05,9.26,1
OFF-AR-10004685,2016-09-18,9.26,1
OFF-AR-10004685,2017-06-04,7.408,1
OFF-AR-10004685,2017-10-01,13.89,1
OFF-AR-10004685,2018-11-04,27.78,1
OFF-AR-10004691,2016-01-10,42.76,1
OFF-AR-10004691,2016-04-24,64.14,1
OFF-AR-10004691,2018-06-17,64.14,1
OFF-AR-10004707,2015-11-29,7.44,1
OFF-AR-10004707,2018-12-30,2.48,1
OFF-AR-10004752,2015-05-03,5.34,1
OFF-AR-10004752,2017-09-03,18.69,1
OFF-AR-10004752,2018-05-06,6.408,1
OFF-AR-10004757,2015-04-05,22.96,1
OFF-AR-10004757,2015-07-26,19.68,1
OFF-AR-10004757,2015-11-29,15.744,2
OFF-AR-10004757,2016-01-24,13.12,1
OFF-AR-10004757,2016-04-17,7.872,1
OFF-AR-10004757,2016-05-01,2.624,1
OFF-AR-10004757,2017-12-17,9.84,1
OFF-AR-10004757,2018-07-08,13.12,1
OFF-AR-10004757,2018-07-15,13.12,1
OFF-AR-10004757,2018-12-09,2.624,1
OFF-AR-10004790,2018-11-25,28.728,1
OFF-AR-10004817,2016-07-10,15.48,1
OFF-AR-10004817,2017-04-23,15.48,1
OFF-AR-10004817,2018-10-07,20.64,1
OFF-AR-10004930,2015-08-23,10.72,1
OFF-AR-10004930,2016-09-25,6.7,1
OFF-AR-10004930,2017-09-17,20.1,1
OFF-AR-10004956,2017-03-26,13.392,1
OFF-AR-10004956,2018-09-23,16.74,1
OFF-AR-10004956,2018-10-21,17.856,1
OFF-AR-10004974,2017-04-02,9.84,1
OFF-AR-10004999,2015-07-19,17.94,1
OFF-AR-10004999,2016-02-14,14.352,1
OFF-AR-10004999,2016-11-27,17.94,1
OFF-AR-10004999,2017-07-16,41.86,1
OFF-AR-10004999,2017-09-03,11.96,1
OFF-AR-10004999,2017-11-12,41.86,1
OFF-BI-10000014,2016-09-18,13.092,1
OFF-BI-10000014,2017-02-05,17.456,1
OFF-BI-10000014,2017-05-07,2.182,1
OFF-BI-10000014,2017-09-03,110.191,2
OFF-BI-10000014,2018-03-11,13.092,1
OFF-BI-10000014,2018-03-18,17.456,1
OFF-BI-10000014,2018-12-16,3.273,1
OFF-BI-10000042,2015-04-05,17.088,1
OFF-BI-10000042,2016-09-25,3.204,1
OFF-BI-10000042,2017-07-23,12.816,1
OFF-BI-10000050,2015-09-13,2.92,1
OFF-BI-10000050,2015-09-27,6.57,1
OFF-BI-10000050,2015-12-06,46.72,1
OFF-BI-10000050,2016-09-25,14.6,1
OFF-BI-10000050,2016-12-18,29.2,1
OFF-BI-10000050,2017-04-23,5.84,1
OFF-BI-10000050,2017-09-03,13.14,1
OFF-BI-10000050,2017-09-10,11.68,1
OFF-BI-10000050,2018-11-18,43.8,1
OFF-BI-10000050,2018-12-16,23.36,1
OFF-BI-10000069,2015-06-21,9.006,1
OFF-BI-10000069,2016-07-24,225.15,2
OFF-BI-10000069,2017-04-16,48.032,1
OFF-BI-10000069,2017-05-21,27.018,1
OFF-BI-10000069,2018-08-19,36.024,1
OFF-BI-10000069,2018-09-09,4.503,1
OFF-BI-10000069,2018-11-25,84.056,1
OFF-BI-10000088,2016-03-20,17.568,1
OFF-BI-10000088,2016-09-18,6.588,1
OFF-BI-10000088,2016-10-02,79.056,1
OFF-BI-10000088,2016-12-04,8.784,1
OFF-BI-10000088,2017-08-27,26.352,1
OFF-BI-10000088,2018-11-11,26.352,1
OFF-BI-10000088,2018-11-25,21.96,1
OFF-BI-10000088,2018-12-09,54.9,1
OFF-BI-10000136,2015-03-22,35.88,1
OFF-BI-10000136,2015-05-03,17.94,1
OFF-BI-10000136,2015-10-18,14.352,1
OFF-BI-10000138,2016-09-25,2.808,1
OFF-BI-10000138,2017-06-04,11.232,1
OFF-BI-10000138,2017-08-13,11.232,1
OFF-BI-10000138,2017-12-31,11.232,1
OFF-BI-10000138,2018-01-21,18.72,1
OFF-BI-10000138,2018-08-26,3.744,1
OFF-BI-10000138,2018-09-02,18.72,1
OFF-BI-10000145,2015-04-05,6.24,1
OFF-BI-10000145,2015-04-26,7.488,1
OFF-BI-10000145,2015-07-05,15.6,1
OFF-BI-10000145,2016-10-09,1.872,1
OFF-BI-10000145,2016-11-27,6.24,1
OFF-BI-10000145,2017-07-02,2.496,1
OFF-BI-10000145,2017-11-26,3.744,1
OFF-BI-10000145,2017-12-31,2.808,1
OFF-BI-10000145,2018-01-07,2.808,1
OFF-BI-10000145,2018-06-24,6.24,1
OFF-BI-10000145,2018-07-29,9.984,1
OFF-BI-10000145,2018-11-11,1.248,1
OFF-BI-10000145,2018-12-09,14.976,1
OFF-BI-10000174,2015-07-05,13.92,1
OFF-BI-10000174,2017-02-26,18.56,1
OFF-BI-10000174,2017-04-16,23.2,1
OFF-BI-10000174,2017-04-23,9.28,1
OFF-BI-10000174,2017-08-27,29.0,1
OFF-BI-10000174,2017-12-24,10.44,1
OFF-BI-10000174,2018-08-19,13.92,1
OFF-BI-10000174,2018-12-16,64.96,1
OFF-BI-10000201,2015-11-08,1.476,1
OFF-BI-10000201,2015-12-06,6.642,1
OFF-BI-10000201,2016-06-26,0.984,1
OFF-BI-10000201,2017-07-30,2.214,1
OFF-BI-10000201,2017-12-17,2.214,1
OFF-BI-10000201,2018-12-30,12.3,1
OFF-BI-10000216,2018-08-12,31.128,1
OFF-BI-10000216,2018-11-04,11.673,1
OFF-BI-10000216,2018-11-25,11.673,1
OFF-BI-10000279,2017-05-21,2.89,1
OFF-BI-10000279,2017-12-17,23.12,1
OFF-BI-10000279,2018-02-11,46.24,1
OFF-BI-10000279,2018-12-09,13.005,1
OFF-BI-10000285,2016-03-27,14.112,1
OFF-BI-10000285,2017-01-29,31.36,1
OFF-BI-10000285,2017-08-06,12.544,1
OFF-BI-10000285,2017-11-19,3.136,1
OFF-BI-10000285,2018-04-29,11.76,1
OFF-BI-10000301,2015-09-27,12.94,1
OFF-BI-10000301,2016-10-23,5.176,1
OFF-BI-10000301,2016-12-04,3.882,1
OFF-BI-10000301,2017-05-21,7.764,1
OFF-BI-10000301,2017-07-23,1.941,1
OFF-BI-10000301,2017-09-17,20.704,1
OFF-BI-10000301,2017-12-10,15.528,1
OFF-BI-10000301,2018-01-07,6.47,1
OFF-BI-10000301,2018-02-04,36.232,2
OFF-BI-10000301,2018-09-16,3.882,1
OFF-BI-10000301,2018-09-30,11.646,1
OFF-BI-10000301,2018-10-21,38.82,1
OFF-BI-10000309,2015-03-22,30.44,1
OFF-BI-10000309,2015-10-25,13.698,1
OFF-BI-10000309,2015-11-29,45.66,1
OFF-BI-10000309,2016-03-13,30.44,1
OFF-BI-10000309,2016-05-01,24.352,2
OFF-BI-10000309,2017-05-07,85.232,1
OFF-BI-10000309,2018-06-10,12.176,1
OFF-BI-10000309,2018-10-14,27.396,1
OFF-BI-10000315,2015-12-13,106.344,1
OFF-BI-10000315,2016-08-28,3.798,1
OFF-BI-10000315,2016-11-13,39.879,1
OFF-BI-10000315,2017-04-23,28.485,1
OFF-BI-10000315,2017-05-07,45.576,1
OFF-BI-10000315,2017-09-10,113.94,1
OFF-BI-10000315,2018-05-20,113.94,1
OFF-BI-10000320,2015-03-01,4.428,1
OFF-BI-10000320,2016-04-24,1.476,1
OFF-BI-10000320,2016-07-17,11.808,1
OFF-BI-10000320,2016-10-02,7.38,1
OFF-BI-10000320,2016-12-18,29.52,1
OFF-BI-10000320,2017-04-02,41.328,1
OFF-BI-10000320,2017-06-25,17.712,1
OFF-BI-10000320,2017-09-03,29.52,1
OFF-BI-10000320,2017-11-19,17.712,1
OFF-BI-10000320,2018-12-23,11.808,1
OFF-BI-10000343,2015-02-01,3.928,1
OFF-BI-10000343,2015-10-18,2.946,1
OFF-BI-10000343,2016-02-28,4.419,1
OFF-BI-10000343,2016-11-27,14.73,1
OFF-BI-10000343,2017-05-21,1.964,1
OFF-BI-10000343,2017-08-06,11.784,1
OFF-BI-10000343,2017-10-01,1.964,1
OFF-BI-10000343,2017-11-26,4.91,1
OFF-BI-10000343,2018-01-07,13.748,1
OFF-BI-10000343,2018-03-25,27.496,1
OFF-BI-10000343,2018-07-08,2.946,1
OFF-BI-10000343,2018-09-23,11.784,1
OFF-BI-10000404,2016-10-23,1.72,1
OFF-BI-10000404,2017-07-23,8.6,1
OFF-BI-10000404,2018-07-22,43.0,1
OFF-BI-10000404,2018-08-12,13.76,1
OFF-BI-10000404,2018-09-23,6.88,1
OFF-BI-10000404,2018-11-25,41.28,1
OFF-BI-10000474,2015-09-13,32.06,1
OFF-BI-10000474,2016-09-18,9.618,1
OFF-BI-10000474,2016-11-13,32.06,1
OFF-BI-10000474,2017-11-26,14.427,1
OFF-BI-10000474,2018-01-07,28.854,1
OFF-BI-10000474,2018-04-01,64.12,1
OFF-BI-10000474,2018-11-11,16.03,1
OFF-BI-10000494,2015-07-26,1.044,1
OFF-BI-10000494,2017-11-05,4.176,1
OFF-BI-10000494,2018-12-30,3.132,1
OFF-BI-10000545,2016-06-26,1217.568,1
OFF-BI-10000545,2016-08-14,1217.568,1
OFF-BI-10000545,2016-09-25,1369.764,1
OFF-BI-10000545,2016-12-04,1598.058,1
OFF-BI-10000545,2017-07-30,1369.764,1
OFF-BI-10000545,2017-09-03,1141.47,1
OFF-BI-10000545,2017-11-26,456.588,1
OFF-BI-10000545,2017-12-17,9892.74,1
OFF-BI-10000545,2018-01-14,760.98,1
OFF-BI-10000546,2015-07-05,5.184,1
OFF-BI-10000546,2015-11-08,5.76,1
OFF-BI-10000546,2015-11-15,11.52,1
OFF-BI-10000546,2016-02-21,11.52,1
OFF-BI-10000546,2016-07-24,2.88,1
OFF-BI-10000546,2016-12-04,6.048,1
OFF-BI-10000546,2017-02-05,1.728,1
OFF-BI-10000546,2018-01-21,14.4,1
OFF-BI-10000546,2018-06-17,2.304,1
OFF-BI-10000546,2018-09-23,20.16,1
OFF-BI-10000546,2018-10-07,2.88,1
OFF-BI-10000546,2018-11-25,2.88,1
OFF-BI-10000591,2015-12-20,1.167,1
OFF-BI-10000591,2017-04-23,9.336,1
OFF-BI-10000591,2017-06-11,11.67,1
OFF-BI-10000591,2018-06-03,3.89,1
OFF-BI-10000605,2015-01-25,19.05,1
OFF-BI-10000605,2015-03-22,11.43,1
OFF-BI-10000605,2016-05-29,6.096,1
OFF-BI-10000605,2016-07-31,9.144,1
OFF-BI-10000605,2016-09-11,6.096,1
OFF-BI-10000605,2017-11-26,12.192,1
OFF-BI-10000605,2018-03-18,9.144,1
OFF-BI-10000605,2018-05-20,3.048,1
OFF-BI-10000605,2018-12-23,15.24,1
OFF-BI-10000632,2015-08-23,69.456,1
OFF-BI-10000632,2015-10-25,8.682,1
OFF-BI-10000632,2015-11-08,26.046,1
OFF-BI-10000632,2017-03-12,69.456,1
OFF-BI-10000632,2017-12-03,104.184,1
OFF-BI-10000632,2018-04-22,26.046,1
OFF-BI-10000632,2018-06-03,43.41,1
OFF-BI-10000632,2018-07-01,312.552,1
OFF-BI-10000632,2018-08-12,477.51,1
OFF-BI-10000632,2018-12-02,69.456,1
OFF-BI-10000632,2018-12-30,13.023,1
OFF-BI-10000666,2015-02-08,18.336,1
OFF-BI-10000666,2015-05-17,91.68,1
OFF-BI-10000666,2015-11-08,48.896,1
OFF-BI-10000666,2016-12-11,152.8,1
OFF-BI-10000666,2017-08-20,146.688,1
OFF-BI-10000666,2017-11-26,91.68,1
OFF-BI-10000666,2018-04-29,73.344,1
OFF-BI-10000666,2018-11-18,30.56,1
OFF-BI-10000756,2015-06-21,3.392,1
OFF-BI-10000756,2015-11-15,12.72,1
OFF-BI-10000756,2016-11-27,4.24,2
OFF-BI-10000756,2017-09-24,25.44,1
OFF-BI-10000756,2018-06-17,5.936,1
OFF-BI-10000756,2018-10-07,4.24,1
OFF-BI-10000756,2018-11-11,38.16,1
OFF-BI-10000773,2015-03-15,7.218,1
OFF-BI-10000773,2015-12-20,4.812,1
OFF-BI-10000773,2016-04-10,12.832,1
OFF-BI-10000773,2016-11-06,7.218,1
OFF-BI-10000773,2017-05-07,3.208,1
OFF-BI-10000773,2017-07-02,8.02,1
OFF-BI-10000773,2018-04-22,12.03,1
OFF-BI-10000773,2018-09-23,11.228,1
OFF-BI-10000778,2016-10-02,72.588,1
OFF-BI-10000778,2017-12-24,254.058,1
OFF-BI-10000778,2018-06-10,72.588,1
OFF-BI-10000778,2018-10-14,96.784,1
OFF-BI-10000822,2015-09-13,8.608,1
OFF-BI-10000822,2016-09-25,10.76,1
OFF-BI-10000822,2017-11-26,17.216,1
OFF-BI-10000822,2018-05-06,4.842,1
OFF-BI-10000822,2018-09-23,25.824,1
OFF-BI-10000829,2015-05-24,17.96,1
OFF-BI-10000829,2015-08-23,17.96,1
OFF-BI-10000829,2016-10-02,22.45,1
OFF-BI-10000829,2017-06-11,21.552,1
OFF-BI-10000829,2018-03-18,40.41,1
OFF-BI-10000829,2018-04-15,10.776,1
OFF-BI-10000829,2018-09-23,10.776,1
OFF-BI-10000831,2017-04-09,5.28,1
OFF-BI-10000831,2017-06-04,2.376,1
OFF-BI-10000831,2018-10-28,3.168,1
OFF-BI-10000848,2015-05-24,3.282,1
OFF-BI-10000848,2016-09-11,4.923,1
OFF-BI-10000848,2017-06-04,3.282,1
OFF-BI-10000848,2018-06-17,13.128,1
OFF-BI-10000848,2018-07-29,13.128,1
OFF-BI-10000848,2018-12-23,1.641,1
OFF-BI-10000948,2015-09-13,42.81,1
OFF-BI-10000948,2016-03-27,12.843,1
OFF-BI-10000948,2017-07-23,11.416,1
OFF-BI-10000948,2017-12-17,11.416,1
OFF-BI-10000948,2017-12-24,34.248,1
OFF-BI-10000962,2015-11-08,52.064,1
OFF-BI-10000962,2016-05-15,48.81,1
OFF-BI-10000962,2016-09-04,9.762,1
OFF-BI-10000962,2016-09-11,16.27,1
OFF-BI-10000962,2016-09-18,65.08,1
OFF-BI-10000962,2017-03-19,32.54,1
OFF-BI-10000962,2017-04-02,32.54,1
OFF-BI-10000962,2018-05-13,26.032,1
OFF-BI-10000962,2018-08-26,117.144,1
OFF-BI-10000962,2018-10-28,9.762,1
OFF-BI-10000977,2015-05-24,18.24,1
OFF-BI-10000977,2015-07-26,27.36,1
OFF-BI-10000977,2015-12-27,18.24,1
OFF-BI-10000977,2016-10-23,6.08,1
OFF-BI-10000977,2017-01-01,364.8,1
OFF-BI-10000977,2017-09-24,48.64,1
OFF-BI-10000977,2017-10-08,30.4,1
OFF-BI-10000977,2017-10-15,121.6,1
OFF-BI-10000977,2017-12-03,152.0,1
OFF-BI-10000977,2018-06-17,91.2,1
OFF-BI-10000977,2018-09-23,72.96,1
OFF-BI-10000977,2018-10-07,27.36,1
OFF-BI-10000977,2018-11-11,121.6,1
OFF-BI-10001031,2015-02-15,21.36,1
OFF-BI-10001031,2015-11-29,17.088,1
OFF-BI-10001031,2016-05-22,6.408,1
OFF-BI-10001031,2016-12-11,21.36,1
OFF-BI-10001031,2017-07-16,8.544,1
OFF-BI-10001031,2017-09-10,3.204,1
OFF-BI-10001031,2018-03-25,8.544,1
OFF-BI-10001031,2018-10-14,12.816,1
OFF-BI-10001036,2015-11-08,21.936,1
OFF-BI-10001036,2016-04-17,9.14,1
OFF-BI-10001036,2016-05-29,19.194,1
OFF-BI-10001036,2017-03-19,51.184,1
OFF-BI-10001036,2017-09-10,14.624,1
OFF-BI-10001036,2018-02-04,18.28,1
OFF-BI-10001036,2018-04-22,36.56,1
OFF-BI-10001036,2018-11-11,38.388,1
OFF-BI-10001071,2015-05-24,447.86,1
OFF-BI-10001071,2015-09-13,51.184,1
OFF-BI-10001071,2015-11-22,319.9,1
OFF-BI-10001071,2017-03-05,447.86,1
OFF-BI-10001071,2018-03-11,127.96,1
OFF-BI-10001071,2018-07-01,102.368,1
OFF-BI-10001071,2018-08-05,76.776,1
OFF-BI-10001072,2015-06-07,45.48,1
OFF-BI-10001072,2017-01-01,60.64,1
OFF-BI-10001072,2017-12-03,18.192,1
OFF-BI-10001072,2018-02-04,12.128,1
OFF-BI-10001078,2015-05-10,16.14,1
OFF-BI-10001078,2015-11-29,12.912,1
OFF-BI-10001078,2016-10-02,26.9,1
OFF-BI-10001078,2016-11-27,25.824,1
OFF-BI-10001078,2016-12-04,4.304,1
OFF-BI-10001078,2017-06-04,51.648,1
OFF-BI-10001078,2018-10-14,37.66,1
OFF-BI-10001097,2015-04-05,1.869,1
OFF-BI-10001097,2015-08-09,9.345,1
OFF-BI-10001097,2016-08-07,6.23,1
OFF-BI-10001097,2016-09-25,14.952,1
OFF-BI-10001097,2016-12-25,19.936,1
OFF-BI-10001097,2018-03-11,18.69,1
OFF-BI-10001097,2018-10-07,19.936,1
OFF-BI-10001097,2018-10-28,5.607,1
OFF-BI-10001097,2018-12-16,19.936,1
OFF-BI-10001098,2015-07-19,29.932,1
OFF-BI-10001098,2015-11-08,19.242,1
OFF-BI-10001098,2016-08-21,12.828,1
OFF-BI-10001098,2016-10-09,32.07,1
OFF-BI-10001098,2016-12-11,12.828,1
OFF-BI-10001098,2016-12-18,51.312,1
OFF-BI-10001098,2018-01-21,4.276,1
OFF-BI-10001098,2018-06-24,51.312,1
OFF-BI-10001098,2018-08-19,21.38,1
OFF-BI-10001107,2015-11-22,14.48,1
OFF-BI-10001107,2016-06-19,5.792,1
OFF-BI-10001107,2016-12-11,26.064,1
OFF-BI-10001107,2017-12-03,115.84,1
OFF-BI-10001107,2018-04-22,2.896,1
OFF-BI-10001107,2018-07-08,23.168,1
OFF-BI-10001107,2018-10-07,81.088,1
OFF-BI-10001116,2015-06-21,11.088,1
OFF-BI-10001116,2015-08-30,12.672,1
OFF-BI-10001116,2016-09-25,6.336,1
OFF-BI-10001116,2016-11-06,25.344,1
OFF-BI-10001116,2017-07-23,11.088,1
OFF-BI-10001116,2017-09-03,26.4,1
OFF-BI-10001116,2018-11-18,8.448,1
OFF-BI-10001116,2018-12-09,11.088,1
OFF-BI-10001116,2018-12-30,3.168,1
OFF-BI-10001120,2015-09-27,9449.95,1
OFF-BI-10001120,2017-10-22,4535.976,1
OFF-BI-10001120,2018-12-09,1889.99,1
OFF-BI-10001132,2015-12-13,6.456,1
OFF-BI-10001132,2016-06-26,43.04,1
OFF-BI-10001132,2017-09-03,8.608,1
OFF-BI-10001132,2018-09-23,4.842,1
OFF-BI-10001153,2017-03-19,31.086,1
OFF-BI-10001153,2017-04-30,20.724,1
OFF-BI-10001153,2018-04-01,34.54,1
OFF-BI-10001191,2015-12-20,152.76,1
OFF-BI-10001191,2017-10-29,38.19,1
OFF-BI-10001191,2017-11-12,20.368,1
OFF-BI-10001191,2018-04-01,68.742,1
OFF-BI-10001191,2018-10-14,101.84,1
OFF-BI-10001191,2018-11-25,40.736,1
OFF-BI-10001196,2015-02-08,8.952,1
OFF-BI-10001196,2015-03-22,33.57,1
OFF-BI-10001196,2018-01-21,89.52,1
OFF-BI-10001196,2018-12-02,107.424,1
OFF-BI-10001249,2015-05-24,57.42,1
OFF-BI-10001249,2015-09-13,3.828,1
OFF-BI-10001249,2015-12-20,5.104,1
OFF-BI-10001249,2016-05-29,7.656,1
OFF-BI-10001249,2016-06-19,19.14,1
OFF-BI-10001249,2016-08-28,5.104,1
OFF-BI-10001249,2016-09-04,7.656,1
OFF-BI-10001249,2016-10-23,38.28,1
OFF-BI-10001249,2017-09-17,20.416,1
OFF-BI-10001249,2017-09-24,6.38,1
OFF-BI-10001267,2015-11-15,1.234,1
OFF-BI-10001267,2017-12-10,12.957,1
OFF-BI-10001267,2017-12-24,5.553,1
OFF-BI-10001267,2018-05-20,43.19,1
OFF-BI-10001294,2015-05-10,46.8,1
OFF-BI-10001294,2016-01-10,56.16,1
OFF-BI-10001294,2017-11-12,37.44,1
OFF-BI-10001294,2018-04-01,121.68,1
OFF-BI-10001294,2018-06-17,9.36,1
OFF-BI-10001308,2015-10-04,10.048,1
OFF-BI-10001308,2016-03-20,2.512,1
OFF-BI-10001308,2016-06-12,3.768,1
OFF-BI-10001308,2016-09-25,37.68,1
OFF-BI-10001308,2016-10-16,12.56,1
OFF-BI-10001308,2017-07-09,9.42,1
OFF-BI-10001308,2018-11-04,32.656,2
OFF-BI-10001359,2015-08-23,896.99,1
OFF-BI-10001359,2015-09-06,1793.98,1
OFF-BI-10001359,2015-11-15,896.99,1
OFF-BI-10001359,2015-11-22,2152.776,1
OFF-BI-10001359,2016-11-13,1345.485,1
OFF-BI-10001359,2017-12-24,1793.98,1
OFF-BI-10001359,2018-04-08,2690.97,1
OFF-BI-10001359,2018-08-19,1614.582,1
OFF-BI-10001359,2018-08-26,4305.552,1
OFF-BI-10001359,2018-09-16,538.194,1
OFF-BI-10001359,2018-10-07,1793.98,1
OFF-BI-10001460,2015-10-25,36.36,1
OFF-BI-10001460,2017-01-08,106.05,1
OFF-BI-10001460,2017-06-18,48.48,1
OFF-BI-10001460,2017-09-10,60.6,1
OFF-BI-10001460,2018-09-23,18.18,1
OFF-BI-10001510,2016-09-04,114.6,1
OFF-BI-10001510,2016-11-13,91.68,1
OFF-BI-10001510,2017-08-27,146.688,1
OFF-BI-10001510,2017-11-12,55.008,1
OFF-BI-10001510,2018-06-24,41.256,1
OFF-BI-10001510,2018-11-11,18.336,1
OFF-BI-10001510,2018-12-23,36.672,1
OFF-BI-10001524,2015-07-26,16.784,1
OFF-BI-10001524,2016-05-01,50.352,1
OFF-BI-10001524,2016-07-31,25.176,1
OFF-BI-10001524,2016-11-06,146.86,2
OFF-BI-10001524,2017-07-02,33.568,1
OFF-BI-10001524,2017-09-03,37.764,1
OFF-BI-10001524,2017-11-26,134.272,1
OFF-BI-10001524,2017-12-31,33.568,1
OFF-BI-10001524,2018-07-22,50.352,1
OFF-BI-10001524,2018-12-02,33.568,1
OFF-BI-10001524,2018-12-09,167.84,2
OFF-BI-10001524,2018-12-23,50.352,1
OFF-BI-10001525,2015-04-26,18.288,1
OFF-BI-10001525,2016-09-18,6.858,1
OFF-BI-10001525,2016-09-25,15.24,1
OFF-BI-10001525,2017-06-18,1.524,1
OFF-BI-10001525,2017-07-09,5.715,1
OFF-BI-10001525,2018-02-18,5.715,1
OFF-BI-10001525,2018-04-01,5.715,1
OFF-BI-10001525,2018-06-17,4.572,1
OFF-BI-10001543,2015-03-15,43.188,1
OFF-BI-10001543,2016-06-26,143.96,1
OFF-BI-10001543,2017-11-12,57.584,1
OFF-BI-10001543,2018-04-22,21.594,1
OFF-BI-10001543,2018-07-08,86.376,1
OFF-BI-10001543,2018-11-11,28.792,1
OFF-BI-10001543,2018-11-25,287.92,1
OFF-BI-10001543,2018-12-09,172.752,1
OFF-BI-10001553,2015-06-28,8.226,1
OFF-BI-10001553,2015-11-29,7.312,1
OFF-BI-10001553,2016-12-04,8.226,1
OFF-BI-10001553,2017-06-25,36.56,1
OFF-BI-10001553,2017-09-03,7.312,1
OFF-BI-10001553,2018-03-25,14.624,1
OFF-BI-10001553,2018-04-22,13.71,1
OFF-BI-10001553,2018-12-09,14.624,1
OFF-BI-10001575,2015-01-18,18.588,1
OFF-BI-10001575,2015-08-23,49.568,1
OFF-BI-10001575,2016-05-08,49.568,1
OFF-BI-10001575,2016-05-15,18.588,1
OFF-BI-10001575,2017-12-24,27.882,1
OFF-BI-10001575,2018-05-06,43.372,1
OFF-BI-10001597,2015-03-22,122.94,1
OFF-BI-10001597,2015-07-12,196.704,1
OFF-BI-10001597,2016-05-22,24.588,1
OFF-BI-10001597,2016-07-10,122.94,1
OFF-BI-10001597,2016-07-17,98.352,1
OFF-BI-10001597,2017-09-10,86.058,1
OFF-BI-10001597,2017-11-12,81.96,1
OFF-BI-10001597,2018-01-21,32.784,1
OFF-BI-10001597,2018-11-25,327.84,1
OFF-BI-10001597,2018-12-16,65.568,1
OFF-BI-10001597,2018-12-30,40.98,1
OFF-BI-10001617,2015-03-08,49.632,1
OFF-BI-10001617,2015-03-15,33.088,1
OFF-BI-10001617,2016-08-28,41.36,1
OFF-BI-10001617,2017-06-11,8.272,1
OFF-BI-10001617,2017-08-20,2.068,1
OFF-BI-10001617,2018-12-09,24.816,1
OFF-BI-10001617,2018-12-23,24.816,1
OFF-BI-10001628,2015-05-03,20.86,1
OFF-BI-10001628,2016-02-21,41.72,1
OFF-BI-10001628,2016-09-18,25.032,1
OFF-BI-10001628,2017-10-15,41.72,1
OFF-BI-10001628,2017-10-29,25.032,1
OFF-BI-10001628,2018-04-29,10.43,1
OFF-BI-10001628,2018-09-09,6.258,1
OFF-BI-10001628,2018-11-25,58.408,1
OFF-BI-10001628,2018-12-16,33.376,1
OFF-BI-10001634,2015-11-22,29.12,1
OFF-BI-10001634,2016-07-10,43.68,1
OFF-BI-10001634,2017-01-22,11.648,1
OFF-BI-10001634,2017-07-09,8.736,1
OFF-BI-10001634,2018-07-08,17.472,1
OFF-BI-10001634,2018-09-09,4.368,1
OFF-BI-10001636,2015-04-05,12.645,1
OFF-BI-10001636,2015-09-20,20.232,1
OFF-BI-10001636,2016-05-22,26.976,1
OFF-BI-10001636,2017-11-12,26.976,1
OFF-BI-10001636,2017-12-10,47.208,1
OFF-BI-10001636,2017-12-17,13.488,1
OFF-BI-10001636,2018-08-19,6.744,1
OFF-BI-10001636,2018-11-18,20.232,1
OFF-BI-10001636,2018-12-09,33.72,1
OFF-BI-10001658,2015-06-07,59.808,1
OFF-BI-10001658,2015-12-27,4.984,1
OFF-BI-10001658,2016-02-14,14.952,1
OFF-BI-10001658,2016-11-13,74.76,1
OFF-BI-10001658,2017-06-04,14.952,1
OFF-BI-10001658,2017-07-16,44.856,1
OFF-BI-10001658,2017-09-17,62.3,2
OFF-BI-10001658,2017-12-10,59.808,1
OFF-BI-10001658,2018-09-02,99.68,1
OFF-BI-10001658,2018-11-25,7.476,1
OFF-BI-10001670,2015-07-05,180.96,1
OFF-BI-10001670,2016-06-12,113.1,1
OFF-BI-10001670,2016-10-02,15.08,1
OFF-BI-10001670,2017-06-04,22.62,1
OFF-BI-10001670,2017-12-24,45.24,1
OFF-BI-10001670,2018-07-22,33.93,1
OFF-BI-10001670,2018-11-25,150.8,1
OFF-BI-10001670,2018-12-02,67.86,1
OFF-BI-10001670,2018-12-09,90.48,1
OFF-BI-10001670,2018-12-30,90.48,1
OFF-BI-10001679,2015-07-26,8.88,1
OFF-BI-10001679,2015-09-13,18.648,1
OFF-BI-10001679,2018-04-01,17.76,1
OFF-BI-10001679,2018-04-08,5.328,1
OFF-BI-10001679,2018-12-30,21.312,1
OFF-BI-10001718,2015-08-23,76.776,1
OFF-BI-10001718,2016-05-29,127.96,1
OFF-BI-10001718,2016-08-14,447.86,1
OFF-BI-10001718,2016-12-04,95.97,1
OFF-BI-10001718,2017-05-14,57.582,1
OFF-BI-10001718,2017-05-21,511.84,1
OFF-BI-10001718,2017-12-10,153.552,1
OFF-BI-10001718,2018-09-30,76.776,1
OFF-BI-10001718,2018-11-18,563.024,1
OFF-BI-10001718,2018-12-30,153.552,1
OFF-BI-10001721,2015-09-20,8.552,1
OFF-BI-10001721,2017-06-11,64.14,1
OFF-BI-10001721,2017-12-10,222.352,1
OFF-BI-10001721,2018-06-17,51.312,1
OFF-BI-10001757,2015-11-22,11.808,1
OFF-BI-10001757,2016-10-02,19.188,2
OFF-BI-10001757,2017-03-12,8.856,1
OFF-BI-10001757,2017-05-21,2.952,1
OFF-BI-10001757,2017-09-10,8.856,1
OFF-BI-10001757,2018-01-28,19.68,1
OFF-BI-10001757,2018-03-04,9.84,1
OFF-BI-10001757,2018-03-18,19.68,1
OFF-BI-10001757,2018-09-09,11.808,1
OFF-BI-10001758,2015-02-01,10.68,1
OFF-BI-10001758,2015-03-22,53.4,1
OFF-BI-10001758,2015-08-02,26.7,1
OFF-BI-10001758,2016-11-20,9.612,1
OFF-BI-10001759,2015-07-19,6.096,1
OFF-BI-10001759,2017-12-17,6.096,1
OFF-BI-10001759,2018-02-11,21.336,1
OFF-BI-10001759,2018-06-17,18.288,1
OFF-BI-10001759,2018-12-02,8.001,1
OFF-BI-10001765,2015-06-07,138.56,1
OFF-BI-10001765,2015-11-22,6.928,1
OFF-BI-10001765,2016-03-13,69.28,1
OFF-BI-10001765,2016-07-17,41.568,1
OFF-BI-10001765,2016-12-04,55.424,1
OFF-BI-10001765,2018-09-16,242.48,1
OFF-BI-10001787,2015-07-05,9.81,1
OFF-BI-10001787,2018-05-20,26.16,1
OFF-BI-10001787,2018-07-08,5.232,1
OFF-BI-10001787,2018-10-21,20.928,1
OFF-BI-10001890,2015-09-20,7.16,1
OFF-BI-10001890,2016-06-05,5.728,1
OFF-BI-10001890,2016-11-13,10.74,1
OFF-BI-10001890,2017-05-07,5.728,1
OFF-BI-10001890,2017-11-12,31.504,1
OFF-BI-10001890,2017-12-03,7.16,1
OFF-BI-10001890,2018-01-28,7.16,1
OFF-BI-10001890,2018-07-22,2.864,1
OFF-BI-10001900,2016-04-17,62.296,1
OFF-BI-10001900,2016-09-11,28.752,1
OFF-BI-10001900,2018-05-13,19.168,1
OFF-BI-10001900,2018-12-30,14.376,1
OFF-BI-10001922,2016-09-04,4.752,1
OFF-BI-10001922,2016-11-13,52.272,1
OFF-BI-10001922,2018-05-27,1.188,1
OFF-BI-10001922,2018-10-07,61.776,1
OFF-BI-10001922,2018-12-30,33.264,1
OFF-BI-10001982,2015-07-26,16.864,2
OFF-BI-10001982,2015-08-30,6.528,1
OFF-BI-10001982,2016-05-15,4.896,1
OFF-BI-10001982,2016-09-25,3.264,1
OFF-BI-10001982,2016-11-20,4.896,1
OFF-BI-10001982,2017-04-30,4.896,1
OFF-BI-10001989,2015-08-16,62.94,1
OFF-BI-10001989,2017-06-18,33.568,1
OFF-BI-10001989,2017-08-20,18.882,1
OFF-BI-10001989,2017-09-10,67.136,1
OFF-BI-10001989,2017-10-01,62.94,1
OFF-BI-10001989,2017-11-05,117.488,2
OFF-BI-10001989,2018-04-22,146.86,1
OFF-BI-10001989,2018-08-05,125.88,1
OFF-BI-10001989,2018-12-02,117.488,1
OFF-BI-10002003,2016-08-07,6.368,1
OFF-BI-10002003,2017-06-18,7.96,1
OFF-BI-10002003,2017-07-02,7.96,1
OFF-BI-10002003,2017-08-06,3.98,1
OFF-BI-10002003,2018-01-14,5.97,1
OFF-BI-10002003,2018-12-02,15.92,1
OFF-BI-10002003,2018-12-23,23.88,1
OFF-BI-10002012,2015-02-22,1.08,1
OFF-BI-10002012,2015-11-29,4.32,1
OFF-BI-10002012,2016-09-18,12.96,1
OFF-BI-10002012,2016-10-02,1.08,1
OFF-BI-10002012,2017-07-23,5.4,1
OFF-BI-10002012,2017-12-24,1.8,1
OFF-BI-10002012,2018-01-07,3.6,1
OFF-BI-10002012,2018-07-15,1.08,1
OFF-BI-10002012,2018-09-02,3.24,1
OFF-BI-10002012,2018-09-23,10.08,1
OFF-BI-10002012,2018-10-07,1.44,1
OFF-BI-10002012,2018-12-16,5.4,1
OFF-BI-10002026,2015-05-17,104.58,1
OFF-BI-10002026,2015-09-27,139.44,1
OFF-BI-10002026,2016-05-08,62.496,1
OFF-BI-10002026,2016-12-11,232.4,1
OFF-BI-10002026,2016-12-18,92.96,1
OFF-BI-10002026,2017-01-08,104.58,1
OFF-BI-10002026,2017-02-26,34.86,1
OFF-BI-10002026,2017-09-17,232.4,1
OFF-BI-10002026,2017-10-01,15.624,1
OFF-BI-10002026,2018-03-11,234.36,1
OFF-BI-10002026,2018-03-18,174.3,1
OFF-BI-10002026,2018-03-25,185.92,1
OFF-BI-10002026,2018-04-15,17.43,1
OFF-BI-10002049,2015-11-29,14.67,1
OFF-BI-10002049,2016-02-07,2.934,1
OFF-BI-10002049,2016-11-06,4.401,1
OFF-BI-10002049,2018-04-22,2.934,1
OFF-BI-10002049,2018-06-03,3.912,1
OFF-BI-10002071,2015-04-05,8.134,1
OFF-BI-10002071,2016-04-17,17.43,1
OFF-BI-10002071,2016-05-01,13.944,1
OFF-BI-10002071,2017-09-03,3.486,1
OFF-BI-10002071,2017-09-24,12.201,1
OFF-BI-10002071,2017-11-05,9.296,1
OFF-BI-10002071,2018-02-04,5.229,1
OFF-BI-10002071,2018-05-06,23.24,1
OFF-BI-10002071,2018-12-09,9.296,1
OFF-BI-10002072,2016-04-10,10.428,1
OFF-BI-10002072,2017-11-12,17.38,1
OFF-BI-10002072,2018-07-22,60.83,1
OFF-BI-10002072,2018-11-04,13.904,1
OFF-BI-10002082,2016-05-22,33.28,1
OFF-BI-10002082,2016-09-18,79.872,1
OFF-BI-10002082,2017-06-18,39.936,1
OFF-BI-10002082,2017-07-09,19.968,1
OFF-BI-10002082,2017-10-15,232.96,1
OFF-BI-10002082,2017-11-05,53.248,1
OFF-BI-10002082,2017-11-12,69.888,1
OFF-BI-10002082,2018-05-13,299.52,1
OFF-BI-10002082,2018-05-20,133.12,1
OFF-BI-10002082,2018-10-14,79.872,1
OFF-BI-10002103,2015-07-19,13.904,1
OFF-BI-10002103,2015-08-30,20.856,1
OFF-BI-10002103,2015-12-13,5.214,1
OFF-BI-10002103,2015-12-27,8.69,1
OFF-BI-10002103,2017-09-17,48.664,1
OFF-BI-10002103,2017-12-24,5.214,1
OFF-BI-10002103,2018-03-25,34.76,1
OFF-BI-10002103,2018-04-29,13.904,1
OFF-BI-10002103,2018-11-18,13.904,1
OFF-BI-10002103,2018-12-30,13.904,1
OFF-BI-10002133,2015-08-30,25.68,1
OFF-BI-10002133,2016-06-12,38.52,1
OFF-BI-10002133,2016-11-20,166.92,1
OFF-BI-10002133,2017-11-26,128.4,1
OFF-BI-10002133,2017-12-10,273.92,1
OFF-BI-10002133,2018-05-06,64.2,1
OFF-BI-10002133,2018-05-13,34.24,1
OFF-BI-10002133,2018-08-19,102.72,1
OFF-BI-10002160,2015-07-19,3.81,1
OFF-BI-10002160,2016-01-03,2.286,1
OFF-BI-10002160,2016-02-14,2.286,1
OFF-BI-10002160,2016-09-11,6.096,1
OFF-BI-10002160,2017-07-16,9.144,1
OFF-BI-10002160,2017-08-13,15.24,1
OFF-BI-10002160,2017-09-03,3.048,1
OFF-BI-10002194,2016-08-07,19.152,1
OFF-BI-10002194,2016-11-27,7.98,1
OFF-BI-10002194,2017-12-17,4.788,1
OFF-BI-10002194,2017-12-31,6.384,1
OFF-BI-10002215,2015-08-30,22.72,1
OFF-BI-10002215,2016-04-24,21.3,1
OFF-BI-10002215,2016-08-07,28.4,1
OFF-BI-10002215,2017-03-26,17.04,1
OFF-BI-10002215,2017-05-28,22.72,1
OFF-BI-10002215,2017-07-02,14.2,1
OFF-BI-10002215,2018-09-30,17.04,1
OFF-BI-10002225,2015-08-30,12.384,1
OFF-BI-10002225,2016-11-27,66.048,1
OFF-BI-10002225,2017-01-15,49.536,1
OFF-BI-10002225,2017-09-10,33.024,1
OFF-BI-10002225,2017-10-29,49.536,1
OFF-BI-10002225,2018-05-20,41.28,1
OFF-BI-10002225,2018-09-09,82.56,1
OFF-BI-10002309,2017-02-26,31.248,1
OFF-BI-10002309,2017-05-14,13.392,1
OFF-BI-10002309,2017-06-18,16.74,1
OFF-BI-10002309,2017-08-13,22.32,1
OFF-BI-10002309,2017-09-24,8.928,1
OFF-BI-10002353,2015-10-25,49.408,1
OFF-BI-10002353,2015-12-20,9.264,1
OFF-BI-10002353,2015-12-27,37.056,1
OFF-BI-10002353,2017-03-19,23.16,1
OFF-BI-10002353,2017-05-14,18.528,1
OFF-BI-10002353,2017-07-30,9.264,1
OFF-BI-10002353,2017-12-03,24.704,1
OFF-BI-10002353,2018-03-04,18.528,1
OFF-BI-10002353,2018-03-18,30.88,1
OFF-BI-10002353,2018-05-06,13.896,1
OFF-BI-10002353,2018-06-10,108.08,1
OFF-BI-10002393,2016-11-13,17.22,1
OFF-BI-10002393,2017-05-21,13.776,1
OFF-BI-10002393,2017-11-19,2.296,1
OFF-BI-10002393,2018-08-19,2.296,1
OFF-BI-10002393,2018-09-16,3.444,1
OFF-BI-10002393,2018-11-04,18.368,1
OFF-BI-10002412,2016-08-21,52.2,1
OFF-BI-10002412,2017-02-19,5.8,1
OFF-BI-10002412,2017-10-22,23.2,1
OFF-BI-10002412,2018-07-29,13.92,1
OFF-BI-10002412,2018-09-23,5.8,1
OFF-BI-10002414,2017-04-16,25.06,1
OFF-BI-10002414,2017-06-04,11.277,1
OFF-BI-10002414,2017-09-03,10.024,1
OFF-BI-10002414,2018-04-29,7.518,1
OFF-BI-10002414,2018-12-30,12.53,1
OFF-BI-10002429,2015-09-13,63.924,1
OFF-BI-10002429,2015-10-11,18.264,1
OFF-BI-10002429,2015-11-22,213.08,1
OFF-BI-10002429,2017-07-30,27.396,1
OFF-BI-10002429,2017-10-08,54.792,1
OFF-BI-10002429,2018-09-09,85.232,2
OFF-BI-10002429,2018-12-02,45.66,1
OFF-BI-10002432,2015-08-30,25.3,1
OFF-BI-10002432,2015-10-18,15.18,1
OFF-BI-10002432,2016-02-07,12.144,1
OFF-BI-10002432,2016-12-18,8.096,1
OFF-BI-10002432,2017-04-16,25.3,1
OFF-BI-10002432,2018-06-03,4.554,1
OFF-BI-10002432,2018-06-24,3.036,1
OFF-BI-10002432,2018-09-09,3.036,1
OFF-BI-10002437,2016-09-25,24.448,1
OFF-BI-10002437,2016-12-18,24.448,1
OFF-BI-10002437,2017-11-19,61.12,1
OFF-BI-10002498,2015-07-26,89.712,1
OFF-BI-10002498,2016-10-09,11.214,1
OFF-BI-10002498,2017-03-26,16.821,1
OFF-BI-10002498,2017-07-30,119.616,1
OFF-BI-10002498,2018-02-04,119.616,1
OFF-BI-10002498,2018-09-23,5.607,1
OFF-BI-10002498,2018-12-16,14.952,1
OFF-BI-10002557,2015-06-07,1.365,1
OFF-BI-10002557,2016-07-31,10.92,1
OFF-BI-10002557,2016-08-14,7.28,1
OFF-BI-10002557,2017-02-05,36.4,1
OFF-BI-10002557,2017-06-04,22.75,1
OFF-BI-10002557,2017-10-15,4.095,1
OFF-BI-10002557,2017-11-12,3.64,1
OFF-BI-10002557,2018-06-10,6.37,1
OFF-BI-10002571,2015-11-01,15.968,1
OFF-BI-10002571,2015-11-22,9.98,1
OFF-BI-10002571,2016-11-20,19.96,1
OFF-BI-10002571,2017-10-08,11.976,1
OFF-BI-10002571,2018-05-20,1.996,1
OFF-BI-10002571,2018-10-07,39.92,1
OFF-BI-10002609,2015-07-12,14.304,1
OFF-BI-10002609,2015-10-04,1.788,1
OFF-BI-10002609,2016-09-18,3.576,1
OFF-BI-10002609,2017-06-04,7.152,1
OFF-BI-10002609,2017-09-03,1.788,1
OFF-BI-10002609,2017-11-19,1.192,1
OFF-BI-10002609,2018-02-25,1.788,1
OFF-BI-10002706,2015-06-21,8.568,1
OFF-BI-10002706,2015-10-25,34.272,1
OFF-BI-10002706,2016-03-13,8.568,1
OFF-BI-10002706,2016-07-10,22.848,1
OFF-BI-10002706,2016-11-27,91.392,1
OFF-BI-10002706,2017-10-29,14.28,1
OFF-BI-10002706,2018-11-11,11.424,1
OFF-BI-10002735,2015-03-22,51.465,1
OFF-BI-10002735,2015-09-20,137.24,1
OFF-BI-10002735,2016-04-10,82.344,1
OFF-BI-10002735,2016-09-04,137.24,1
OFF-BI-10002735,2016-09-25,68.62,1
OFF-BI-10002735,2017-12-10,171.55,1
OFF-BI-10002735,2018-08-05,54.896,1
OFF-BI-10002735,2018-08-19,102.93,1
OFF-BI-10002735,2018-11-11,164.688,1
OFF-BI-10002764,2015-04-12,18.088,1
OFF-BI-10002764,2015-10-18,7.752,1
OFF-BI-10002764,2016-01-10,1.938,1
OFF-BI-10002764,2017-04-23,18.088,1
OFF-BI-10002764,2017-07-02,7.752,1
OFF-BI-10002764,2017-07-16,6.46,1
OFF-BI-10002764,2017-10-01,2.907,1
OFF-BI-10002764,2018-12-02,6.783,1
OFF-BI-10002794,2015-04-12,65.568,1
OFF-BI-10002794,2015-06-07,24.588,1
OFF-BI-10002794,2016-11-06,98.352,1
OFF-BI-10002794,2016-11-13,36.882,1
OFF-BI-10002794,2018-03-11,12.294,1
OFF-BI-10002794,2018-09-16,295.056,1
OFF-BI-10002794,2018-09-23,12.294,1
OFF-BI-10002799,2015-08-30,8.288,1
OFF-BI-10002799,2016-06-12,36.26,1
OFF-BI-10002799,2016-09-11,46.62,1
OFF-BI-10002799,2016-11-13,4.662,1
OFF-BI-10002799,2018-04-01,13.468,1
OFF-BI-10002799,2018-10-21,8.288,2
OFF-BI-10002813,2016-10-16,3.96,1
OFF-BI-10002813,2016-11-27,3.168,1
OFF-BI-10002813,2016-12-11,2.772,1
OFF-BI-10002813,2017-10-22,7.92,1
OFF-BI-10002813,2017-11-05,4.158,1
OFF-BI-10002813,2018-04-29,1.188,1
OFF-BI-10002813,2018-11-18,4.158,1
OFF-BI-10002813,2018-12-30,1.188,1
OFF-BI-10002824,2015-12-27,17.904,1
OFF-BI-10002824,2016-06-19,29.84,1
OFF-BI-10002824,2017-05-21,47.744,1
OFF-BI-10002824,2017-09-10,8.952,1
OFF-BI-10002824,2017-10-08,17.904,1
OFF-BI-10002824,2017-12-17,35.808,1
OFF-BI-10002824,2018-05-27,29.84,1
OFF-BI-10002824,2018-08-19,120.852,2
OFF-BI-10002827,2015-02-08,13.272,1
OFF-BI-10002827,2017-08-27,3.318,1
OFF-BI-10002827,2018-05-06,11.06,1
OFF-BI-10002827,2018-08-05,3.318,1
OFF-BI-10002827,2018-09-30,38.71,1
OFF-BI-10002827,2018-11-11,13.272,1
OFF-BI-10002852,2015-06-21,39.552,1
OFF-BI-10002852,2015-08-09,13.184,1
OFF-BI-10002852,2016-01-31,32.96,1
OFF-BI-10002852,2016-12-11,14.832,1
OFF-BI-10002852,2016-12-25,19.776,1
OFF-BI-10002852,2017-05-14,13.184,1
OFF-BI-10002852,2017-11-12,9.888,1
OFF-BI-10002852,2017-11-26,49.44,1
OFF-BI-10002852,2018-06-24,82.4,1
OFF-BI-10002854,2015-08-16,196.21,1
OFF-BI-10002854,2016-03-06,11.212,1
OFF-BI-10002854,2016-07-10,84.09,1
OFF-BI-10002854,2016-11-20,89.696,1
OFF-BI-10002854,2017-04-23,44.848,1
OFF-BI-10002854,2018-10-07,162.574,2
OFF-BI-10002854,2018-12-09,22.424,1
OFF-BI-10002867,2015-07-05,334.768,1
OFF-BI-10002867,2015-10-04,95.648,1
OFF-BI-10002867,2016-11-27,23.912,1
OFF-BI-10002867,2018-04-15,478.24,1
OFF-BI-10002867,2018-08-26,239.12,1
OFF-BI-10002897,2016-02-14,26.424,1
OFF-BI-10002897,2017-12-17,5.872,1
OFF-BI-10002897,2018-05-06,2.202,1
OFF-BI-10002897,2018-08-05,11.01,1
OFF-BI-10002931,2015-06-21,25.164,1
OFF-BI-10002931,2015-09-20,33.552,1
OFF-BI-10002931,2016-05-29,167.76,1
OFF-BI-10002931,2018-09-09,88.074,1
OFF-BI-10002949,2015-09-06,3.648,1
OFF-BI-10002949,2016-05-15,14.592,1
OFF-BI-10002949,2016-11-06,9.728,1
OFF-BI-10002949,2017-10-29,9.728,1
OFF-BI-10002949,2018-11-11,18.24,1
OFF-BI-10002949,2018-11-18,5.472,2
OFF-BI-10002949,2018-12-16,24.32,1
OFF-BI-10002954,2015-07-12,18.28,1
OFF-BI-10002954,2015-12-20,5.484,1
OFF-BI-10002954,2017-01-01,3.656,1
OFF-BI-10002954,2017-05-07,2.742,1
OFF-BI-10002954,2017-11-26,7.312,1
OFF-BI-10002954,2018-09-16,13.71,1
OFF-BI-10002976,2015-04-26,16.52,1
OFF-BI-10002976,2017-12-03,7.434,1
OFF-BI-10002976,2018-09-23,33.04,1
OFF-BI-10002976,2018-09-30,8.26,1
OFF-BI-10002982,2015-09-27,2.724,1
OFF-BI-10002982,2015-11-08,14.301,1
OFF-BI-10002982,2016-02-28,10.896,1
OFF-BI-10002982,2016-06-19,6.129,1
OFF-BI-10002982,2016-08-07,1.362,1
OFF-BI-10002982,2016-10-30,14.301,1
OFF-BI-10002982,2017-03-12,2.043,1
OFF-BI-10002982,2017-10-01,27.24,1
OFF-BI-10002982,2017-11-19,38.136,1
OFF-BI-10002982,2018-11-04,4.086,1
OFF-BI-10002982,2018-11-11,21.792,1
OFF-BI-10003007,2015-03-15,62.048,1
OFF-BI-10003007,2015-12-20,155.12,1
OFF-BI-10003007,2017-06-25,186.144,1
OFF-BI-10003007,2017-07-23,77.56,1
OFF-BI-10003007,2017-08-13,77.56,1
OFF-BI-10003007,2018-05-20,58.17,1
OFF-BI-10003007,2018-10-28,81.438,1
OFF-BI-10003091,2015-01-25,67.194,1
OFF-BI-10003091,2016-03-20,671.94,1
OFF-BI-10003091,2018-03-11,895.92,1
OFF-BI-10003091,2018-04-15,895.92,1
OFF-BI-10003091,2018-07-01,895.92,1
OFF-BI-10003091,2018-08-19,895.92,1
OFF-BI-10003094,2015-06-28,3.168,1
OFF-BI-10003094,2015-07-12,11.264,1
OFF-BI-10003094,2016-12-25,7.04,1
OFF-BI-10003094,2018-11-04,1.408,1
OFF-BI-10003166,2016-09-11,3.444,1
OFF-BI-10003166,2016-12-11,10.332,1
OFF-BI-10003166,2017-09-03,17.22,1
OFF-BI-10003166,2017-12-03,6.888,1
OFF-BI-10003166,2018-03-18,13.776,1
OFF-BI-10003166,2018-06-24,17.22,2
OFF-BI-10003196,2015-10-25,2.992,1
OFF-BI-10003196,2016-07-10,3.366,1
OFF-BI-10003196,2016-09-25,6.732,1
OFF-BI-10003196,2016-10-02,2.992,1
OFF-BI-10003196,2016-11-20,5.984,1
OFF-BI-10003196,2017-11-26,4.488,1
OFF-BI-10003196,2018-11-18,11.22,1
OFF-BI-10003196,2018-12-16,5.984,1
OFF-BI-10003274,2015-09-27,5.97,1
OFF-BI-10003274,2016-09-04,6.368,1
OFF-BI-10003274,2017-02-12,15.92,1
OFF-BI-10003274,2018-05-06,9.552,1
OFF-BI-10003274,2018-05-27,1.592,1
OFF-BI-10003274,2018-11-11,2.388,1
OFF-BI-10003274,2018-11-18,15.92,1
OFF-BI-10003274,2018-12-02,15.92,1
OFF-BI-10003274,2018-12-09,15.92,1
OFF-BI-10003291,2015-02-15,17.46,1
OFF-BI-10003291,2015-03-29,27.936,1
OFF-BI-10003291,2015-07-12,41.904,1
OFF-BI-10003291,2016-11-13,15.714000000000002,2
OFF-BI-10003291,2017-03-12,17.46,1
OFF-BI-10003291,2017-03-19,41.904,1
OFF-BI-10003291,2017-08-06,20.952,1
OFF-BI-10003291,2018-01-21,27.936,1
OFF-BI-10003291,2018-03-04,12.222,1
OFF-BI-10003291,2018-09-09,7.857,1
OFF-BI-10003291,2018-12-23,6.984,1
OFF-BI-10003305,2016-01-03,14.352,1
OFF-BI-10003305,2016-11-13,16.146,1
OFF-BI-10003305,2017-04-02,14.352,1
OFF-BI-10003305,2017-06-11,4.784,1
OFF-BI-10003305,2017-08-13,41.86,1
OFF-BI-10003305,2017-11-19,14.352,1
OFF-BI-10003314,2015-07-12,7.712,1
OFF-BI-10003314,2015-09-13,9.64,1
OFF-BI-10003314,2016-07-17,1.928,1
OFF-BI-10003314,2016-07-31,23.136,1
OFF-BI-10003314,2016-09-25,14.46,1
OFF-BI-10003314,2017-04-30,7.712,1
OFF-BI-10003314,2017-08-13,4.338,1
OFF-BI-10003314,2017-11-05,7.712,1
OFF-BI-10003314,2018-12-30,3.856,1
OFF-BI-10003350,2016-04-10,12.76,1
OFF-BI-10003350,2017-09-03,12.76,1
OFF-BI-10003350,2018-07-22,7.656,1
OFF-BI-10003355,2015-07-05,19.92,1
OFF-BI-10003355,2015-09-27,3.984,1
OFF-BI-10003355,2016-11-06,11.952,1
OFF-BI-10003355,2017-04-30,3.984,1
OFF-BI-10003355,2017-09-24,11.952,1
OFF-BI-10003355,2018-04-22,8.964,1
OFF-BI-10003355,2018-07-22,14.94,1
OFF-BI-10003355,2018-08-12,11.952,1
OFF-BI-10003364,2016-01-17,70.008,1
OFF-BI-10003364,2017-07-02,58.34,1
OFF-BI-10003364,2017-11-12,70.008,1
OFF-BI-10003364,2017-11-26,78.759,1
OFF-BI-10003364,2018-05-27,58.34,1
OFF-BI-10003364,2018-09-30,46.672,1
OFF-BI-10003364,2018-10-21,145.85,1
OFF-BI-10003364,2018-12-02,93.344,1
OFF-BI-10003364,2018-12-23,46.672,1
OFF-BI-10003429,2015-03-08,25.32,1
OFF-BI-10003429,2016-01-03,35.448,1
OFF-BI-10003429,2017-05-21,3.798,1
OFF-BI-10003429,2017-08-20,25.32,1
OFF-BI-10003429,2018-06-03,3.798,1
OFF-BI-10003429,2018-07-08,11.394,1
OFF-BI-10003429,2018-07-29,15.192,1
OFF-BI-10003429,2018-12-02,10.128,1
OFF-BI-10003429,2018-12-23,6.33,1
OFF-BI-10003460,2015-09-27,0.876,1
OFF-BI-10003460,2015-11-15,43.8,1
OFF-BI-10003460,2016-07-24,10.512,1
OFF-BI-10003460,2017-11-26,2.628,1
OFF-BI-10003460,2018-04-15,8.76,1
OFF-BI-10003460,2018-08-05,17.52,1
OFF-BI-10003460,2018-10-21,21.9,1
OFF-BI-10003460,2018-11-18,14.016,1
OFF-BI-10003460,2018-12-02,17.52,1
OFF-BI-10003476,2015-01-18,3.438,1
OFF-BI-10003476,2015-10-18,22.92,1
OFF-BI-10003476,2018-08-26,32.088,1
OFF-BI-10003476,2018-09-02,22.92,1
OFF-BI-10003476,2018-09-30,8.595,1
OFF-BI-10003476,2018-12-16,45.84,1
OFF-BI-10003527,2015-11-15,2033.584,1
OFF-BI-10003527,2016-02-21,2541.98,1
OFF-BI-10003527,2016-03-20,6354.95,1
OFF-BI-10003527,2016-05-01,3812.97,1
OFF-BI-10003527,2016-06-19,3050.376,1
OFF-BI-10003527,2017-02-05,1270.99,1
OFF-BI-10003527,2017-11-19,1016.792,1
OFF-BI-10003527,2018-09-16,762.594,1
OFF-BI-10003527,2018-10-14,5083.96,1
OFF-BI-10003527,2018-11-25,1525.188,1
OFF-BI-10003529,2015-04-05,0.852,1
OFF-BI-10003529,2016-03-06,2.556,1
OFF-BI-10003529,2016-04-10,9.088,1
OFF-BI-10003529,2016-08-14,11.36,1
OFF-BI-10003529,2017-03-19,4.544,1
OFF-BI-10003529,2017-08-13,8.52,1
OFF-BI-10003638,2015-04-19,58.05,1
OFF-BI-10003638,2015-08-16,30.96,1
OFF-BI-10003638,2016-11-27,11.61,1
OFF-BI-10003638,2017-05-21,40.635,1
OFF-BI-10003638,2018-02-04,30.96,1
OFF-BI-10003638,2018-04-29,92.88,1
OFF-BI-10003638,2018-10-07,58.05,1
OFF-BI-10003650,2015-12-13,210.392,1
OFF-BI-10003650,2015-12-27,946.764,1
OFF-BI-10003650,2016-04-10,157.794,1
OFF-BI-10003650,2017-09-17,841.568,1
OFF-BI-10003650,2018-09-02,2419.508,2
OFF-BI-10003650,2018-09-09,1577.94,1
OFF-BI-10003650,2018-12-02,631.176,1
OFF-BI-10003655,2016-07-10,19.0,1
OFF-BI-10003655,2018-10-14,18.24,1
OFF-BI-10003656,2015-04-19,509.97,1
OFF-BI-10003656,2015-11-22,50.997,1
OFF-BI-10003656,2016-12-04,152.991,1
OFF-BI-10003656,2017-09-24,271.984,1
OFF-BI-10003656,2017-12-10,1087.9360000000001,2
OFF-BI-10003656,2018-07-01,169.99,1
OFF-BI-10003656,2018-08-05,849.95,1
OFF-BI-10003669,2015-11-22,12.96,1
OFF-BI-10003669,2016-07-17,6.48,1
OFF-BI-10003669,2018-03-11,25.92,1
OFF-BI-10003669,2018-04-08,8.1,1
OFF-BI-10003669,2018-09-09,4.86,1
OFF-BI-10003669,2018-09-16,16.2,1
OFF-BI-10003669,2018-11-18,8.64,1
OFF-BI-10003676,2015-01-25,32.34,1
OFF-BI-10003676,2015-02-08,17.248,1
OFF-BI-10003676,2015-10-18,10.78,1
OFF-BI-10003676,2015-11-29,17.248,1
OFF-BI-10003676,2016-01-10,32.34,1
OFF-BI-10003676,2016-04-24,4.312,1
OFF-BI-10003676,2017-01-29,43.12,1
OFF-BI-10003676,2017-03-12,9.702,1
OFF-BI-10003676,2017-08-27,4.312,1
OFF-BI-10003676,2017-11-19,10.78,1
OFF-BI-10003676,2018-06-03,53.9,1
OFF-BI-10003676,2018-10-07,22.638,1
OFF-BI-10003684,2015-05-10,140.736,1
OFF-BI-10003684,2015-05-31,70.368,1
OFF-BI-10003684,2015-11-08,136.338,2
OFF-BI-10003684,2016-05-08,43.98,1
OFF-BI-10003684,2018-05-06,26.388,1
OFF-BI-10003684,2018-11-18,21.99,1
OFF-BI-10003684,2018-12-30,92.358,2
OFF-BI-10003694,2015-07-19,20.88,1
OFF-BI-10003694,2016-08-28,50.112,1
OFF-BI-10003694,2017-07-30,10.44,1
OFF-BI-10003694,2017-12-24,31.32,1
OFF-BI-10003694,2018-01-07,15.66,1
OFF-BI-10003694,2018-05-06,9.396,1
OFF-BI-10003707,2016-04-03,9.156,1
OFF-BI-10003707,2016-06-12,18.312,1
OFF-BI-10003707,2016-06-19,45.78,2
OFF-BI-10003707,2016-11-27,61.04,1
OFF-BI-10003707,2017-01-01,76.3,1
OFF-BI-10003707,2017-04-16,36.624,1
OFF-BI-10003707,2018-09-16,64.092,2
OFF-BI-10003707,2018-11-25,6.104,1
OFF-BI-10003707,2018-12-02,36.624,1
OFF-BI-10003708,2015-01-11,10.43,1
OFF-BI-10003708,2016-09-11,4.47,1
OFF-BI-10003708,2016-11-06,29.8,1
OFF-BI-10003708,2017-04-02,29.8,1
OFF-BI-10003708,2018-07-15,29.8,1
OFF-BI-10003708,2018-12-30,17.88,1
OFF-BI-10003712,2015-09-20,5.892,1
OFF-BI-10003712,2015-11-08,7.856,1
OFF-BI-10003712,2016-09-25,2.946,1
OFF-BI-10003712,2016-11-27,2.946,1
OFF-BI-10003712,2017-04-09,35.352,1
OFF-BI-10003712,2017-08-20,15.712,1
OFF-BI-10003712,2017-10-08,34.37,1
OFF-BI-10003712,2017-12-10,2.946,1
OFF-BI-10003712,2018-04-15,4.419,1
OFF-BI-10003712,2018-05-20,6.874,1
OFF-BI-10003712,2018-09-23,11.784,1
OFF-BI-10003718,2016-12-04,590.352,1
OFF-BI-10003718,2018-11-04,590.352,1
OFF-BI-10003719,2015-04-12,44.91,1
OFF-BI-10003719,2015-12-06,29.94,1
OFF-BI-10003719,2016-07-10,39.92,1
OFF-BI-10003719,2017-10-29,37.425,1
OFF-BI-10003719,2018-10-21,124.75,1
OFF-BI-10003727,2015-10-25,20.064,1
OFF-BI-10003727,2016-08-21,3.762,1
OFF-BI-10003727,2016-12-11,6.688,1
OFF-BI-10003727,2017-02-26,3.762,1
OFF-BI-10003727,2017-06-25,0.836,1
OFF-BI-10003727,2017-08-27,33.44,1
OFF-BI-10003727,2017-11-12,6.27,1
OFF-BI-10003727,2018-01-14,2.508,1
OFF-BI-10003784,2015-10-18,1.344,1
OFF-BI-10003784,2017-05-07,6.72,1
OFF-BI-10003784,2017-06-11,1.344,1
OFF-BI-10003784,2018-12-30,1.68,1
OFF-BI-10003876,2015-05-31,136.96,1
OFF-BI-10003876,2015-06-14,68.48,1
OFF-BI-10003876,2016-06-12,64.2,1
OFF-BI-10003876,2017-03-05,128.4,1
OFF-BI-10003876,2018-03-11,171.2,1
OFF-BI-10003910,2015-06-14,18.504,1
OFF-BI-10003910,2015-10-04,43.176,1
OFF-BI-10003910,2017-06-18,35.466,2
OFF-BI-10003910,2017-12-24,15.42,1
OFF-BI-10003910,2018-02-04,7.71,1
OFF-BI-10003910,2018-03-11,30.84,1
OFF-BI-10003910,2018-05-06,2.313,1
OFF-BI-10003910,2018-08-26,24.672,1
OFF-BI-10003910,2018-09-02,37.008,1
OFF-BI-10003925,2015-05-24,2715.93,1
OFF-BI-10003925,2016-04-24,310.392,1
OFF-BI-10003925,2018-08-19,3181.518,2
OFF-BI-10003925,2018-09-30,931.176,1
OFF-BI-10003925,2018-11-11,931.176,1
OFF-BI-10003963,2016-11-20,34.944,1
OFF-BI-10003963,2017-07-16,36.4,1
OFF-BI-10003963,2017-11-05,29.12,1
OFF-BI-10003981,2015-05-03,10.896,1
OFF-BI-10003981,2016-08-21,2.724,1
OFF-BI-10003981,2016-08-28,2.724,1
OFF-BI-10003981,2017-10-22,18.16,1
OFF-BI-10003981,2017-11-05,70.824,2
OFF-BI-10003981,2018-03-25,10.896,1
OFF-BI-10003982,2015-06-07,162.006,2
OFF-BI-10003982,2015-12-20,62.31,1
OFF-BI-10003982,2017-11-12,49.848,1
OFF-BI-10003982,2017-12-17,18.693,1
OFF-BI-10003982,2018-01-21,99.696,1
OFF-BI-10003982,2018-05-06,68.541,1
OFF-BI-10003982,2018-06-24,31.155,1
OFF-BI-10003982,2018-12-09,41.54,1
OFF-BI-10003984,2015-12-27,296.712,1
OFF-BI-10003984,2016-10-02,77.031,1
OFF-BI-10003984,2017-12-31,159.768,1
OFF-BI-10003984,2018-10-07,34.236,1
OFF-BI-10003984,2018-10-21,8.559,1
OFF-BI-10003984,2018-11-25,59.913,1
OFF-BI-10003984,2018-12-02,68.472,1
OFF-BI-10004001,2015-11-01,34.08,1
OFF-BI-10004001,2016-07-10,153.36,1
OFF-BI-10004001,2016-10-02,81.792,1
OFF-BI-10004001,2017-10-01,6.816,1
OFF-BI-10004001,2017-10-08,27.264,1
OFF-BI-10004001,2017-12-17,122.688,1
OFF-BI-10004001,2018-01-21,35.784,1
OFF-BI-10004001,2018-09-09,25.56,1
OFF-BI-10004002,2016-06-19,34.6,1
OFF-BI-10004002,2017-05-14,10.38,1
OFF-BI-10004002,2017-11-12,27.68,1
OFF-BI-10004002,2017-11-26,17.3,1
OFF-BI-10004002,2017-12-24,55.36,1
OFF-BI-10004002,2018-09-30,15.57,1
OFF-BI-10004002,2018-12-23,13.84,1
OFF-BI-10004022,2015-09-13,2.502,1
OFF-BI-10004022,2016-03-13,1.112,1
OFF-BI-10004022,2016-07-17,2.502,1
OFF-BI-10004022,2017-09-24,7.506,1
OFF-BI-10004022,2018-03-04,0.556,1
OFF-BI-10004022,2018-07-15,4.448,1
OFF-BI-10004022,2018-09-02,6.672,1
OFF-BI-10004022,2018-09-09,13.344,1
OFF-BI-10004040,2015-09-13,5.18,1
OFF-BI-10004040,2016-09-18,25.9,1
OFF-BI-10004040,2016-09-25,45.584,1
OFF-BI-10004040,2017-04-30,3.108,1
OFF-BI-10004040,2017-11-26,6.216,1
OFF-BI-10004040,2018-05-20,8.288,1
OFF-BI-10004040,2018-06-10,10.36,1
OFF-BI-10004040,2018-11-04,4.144,1
OFF-BI-10004040,2018-12-30,25.9,1
OFF-BI-10004094,2015-01-04,3.54,1
OFF-BI-10004094,2015-02-22,8.85,1
OFF-BI-10004094,2017-07-16,14.16,1
OFF-BI-10004094,2018-07-15,26.55,1
OFF-BI-10004094,2018-09-30,2.655,1
OFF-BI-10004099,2015-09-06,7.68,1
OFF-BI-10004099,2015-10-11,15.36,1
OFF-BI-10004099,2017-09-03,18.432,1
OFF-BI-10004099,2018-11-11,11.52,1
OFF-BI-10004139,2015-05-31,17.46,1
OFF-BI-10004139,2017-01-01,116.4,1
OFF-BI-10004140,2015-04-05,7.184,1
OFF-BI-10004140,2015-10-11,0.898,1
OFF-BI-10004140,2015-11-01,7.184,1
OFF-BI-10004140,2016-09-04,14.368,1
OFF-BI-10004140,2016-10-23,3.592,1
OFF-BI-10004140,2016-10-30,3.592,1
OFF-BI-10004140,2017-04-02,3.592,1
OFF-BI-10004140,2017-05-21,2.694,1
OFF-BI-10004140,2017-10-01,5.388,1
OFF-BI-10004140,2017-10-15,6.286,1
OFF-BI-10004140,2017-11-19,10.776,1
OFF-BI-10004140,2018-04-22,2.694,1
OFF-BI-10004140,2018-09-16,7.184,1
OFF-BI-10004141,2015-08-30,2.862,1
OFF-BI-10004141,2017-03-19,1.272,1
OFF-BI-10004141,2017-09-17,1.908,1
OFF-BI-10004141,2018-06-10,9.54,1
OFF-BI-10004141,2018-09-23,1.908,1
OFF-BI-10004182,2018-03-11,14.976,1
OFF-BI-10004182,2018-12-09,11.648,2
OFF-BI-10004187,2015-01-18,5.64,1
OFF-BI-10004187,2016-06-12,7.52,1
OFF-BI-10004187,2016-08-14,5.64,1
OFF-BI-10004187,2016-12-18,3.76,1
OFF-BI-10004187,2017-09-24,10.528,1
OFF-BI-10004187,2018-12-02,9.024,1
OFF-BI-10004209,2015-04-05,40.2,1
OFF-BI-10004209,2015-11-01,19.296,1
OFF-BI-10004209,2016-04-10,9.648,1
OFF-BI-10004209,2016-09-18,2.412,1
OFF-BI-10004209,2017-07-09,19.296,1
OFF-BI-10004209,2017-10-22,19.296,1
OFF-BI-10004209,2018-05-27,12.06,1
OFF-BI-10004209,2018-08-12,12.864,1
OFF-BI-10004209,2018-12-23,7.236,1
OFF-BI-10004224,2015-03-08,107.648,1
OFF-BI-10004224,2016-06-05,403.68,1
OFF-BI-10004224,2016-10-02,121.104,1
OFF-BI-10004224,2016-11-13,121.104,1
OFF-BI-10004224,2017-04-09,121.104,1
OFF-BI-10004224,2018-03-04,107.648,1
OFF-BI-10004224,2018-07-22,94.192,1
OFF-BI-10004224,2018-10-14,13.456,1
OFF-BI-10004230,2015-02-08,82.896,1
OFF-BI-10004230,2015-06-28,31.086,1
OFF-BI-10004230,2016-12-11,110.528,1
OFF-BI-10004230,2018-08-19,221.056,1
OFF-BI-10004230,2018-11-25,20.724,1
OFF-BI-10004233,2015-05-31,25.584,1
OFF-BI-10004233,2016-12-04,63.96,1
OFF-BI-10004233,2017-12-24,25.584,1
OFF-BI-10004233,2017-12-31,38.376,1
OFF-BI-10004233,2018-09-23,25.584,1
OFF-BI-10004233,2018-12-09,28.782,1
OFF-BI-10004236,2016-03-06,58.72,1
OFF-BI-10004236,2017-01-08,30.828,1
OFF-BI-10004236,2017-09-03,8.808,1
OFF-BI-10004236,2017-10-29,29.36,2
OFF-BI-10004236,2017-11-12,35.232,1
OFF-BI-10004236,2017-12-03,123.312,2
OFF-BI-10004236,2018-03-18,70.464,1
OFF-BI-10004236,2018-12-09,29.36,1
OFF-BI-10004308,2015-09-13,83.92,1
OFF-BI-10004308,2017-05-28,6.294,1
OFF-BI-10004308,2017-10-29,67.136,1
OFF-BI-10004308,2018-08-12,100.704,1
OFF-BI-10004318,2017-03-19,51.897,1
OFF-BI-10004318,2017-08-20,276.784,1
OFF-BI-10004318,2017-09-10,276.784,1
OFF-BI-10004318,2017-11-12,276.784,1
OFF-BI-10004318,2017-12-03,415.176,1
OFF-BI-10004318,2017-12-10,968.744,1
OFF-BI-10004318,2018-01-28,276.784,1
OFF-BI-10004318,2018-09-23,691.96,1
OFF-BI-10004330,2016-04-17,55.47,1
OFF-BI-10004330,2016-06-26,88.752,1
OFF-BI-10004330,2017-04-09,99.846,1
OFF-BI-10004330,2018-05-13,147.92,1
OFF-BI-10004330,2018-10-28,33.282,1
OFF-BI-10004330,2018-11-04,88.752,1
OFF-BI-10004352,2016-07-24,2.025,1
OFF-BI-10004352,2017-11-26,33.75,1
OFF-BI-10004364,2015-01-25,29.7,1
OFF-BI-10004364,2015-05-10,11.88,1
OFF-BI-10004364,2016-06-05,3.564,1
OFF-BI-10004364,2017-01-08,11.88,1
OFF-BI-10004364,2017-07-23,4.752,1
OFF-BI-10004364,2017-09-10,14.256,1
OFF-BI-10004364,2017-11-05,3.564,1
OFF-BI-10004364,2018-04-15,29.7,1
OFF-BI-10004364,2018-06-03,3.564,1
OFF-BI-10004364,2018-10-28,3.564,1
OFF-BI-10004364,2018-11-04,3.564,1
OFF-BI-10004364,2018-12-09,5.346,1
OFF-BI-10004390,2015-04-05,673.568,1
OFF-BI-10004390,2015-08-30,505.176,1
OFF-BI-10004390,2017-09-17,673.568,1
OFF-BI-10004390,2018-09-16,2357.488,1
OFF-BI-10004410,2015-03-22,7.644,1
OFF-BI-10004410,2016-04-24,38.22,1
OFF-BI-10004410,2017-09-10,9.555,1
OFF-BI-10004410,2018-03-25,30.576,1
OFF-BI-10004465,2017-03-26,3.168,1
OFF-BI-10004465,2017-08-13,11.88,1
OFF-BI-10004465,2017-08-27,12.672,1
OFF-BI-10004465,2018-05-20,4.752,1
OFF-BI-10004465,2018-11-25,19.008,1
OFF-BI-10004492,2016-07-17,221.06,1
OFF-BI-10004492,2016-12-25,157.9,1
OFF-BI-10004492,2017-01-01,94.74,1
OFF-BI-10004492,2018-04-15,37.896,1
OFF-BI-10004492,2018-07-01,75.792,1
OFF-BI-10004492,2018-07-08,6.316,1
OFF-BI-10004492,2018-10-07,75.792,1
OFF-BI-10004506,2015-08-02,19.752,1
OFF-BI-10004506,2016-01-10,13.168,1
OFF-BI-10004506,2016-09-25,2.469,1
OFF-BI-10004506,2017-01-22,26.336,1
OFF-BI-10004506,2018-01-28,4.938,1
OFF-BI-10004519,2015-05-17,398.352,1
OFF-BI-10004519,2015-09-13,331.96,1
OFF-BI-10004519,2016-06-26,165.98,1
OFF-BI-10004519,2016-08-21,99.588,1
OFF-BI-10004519,2016-11-06,398.352,1
OFF-BI-10004519,2017-02-19,398.352,1
OFF-BI-10004519,2018-05-27,663.92,1
OFF-BI-10004519,2018-12-02,497.94,1
OFF-BI-10004528,2015-07-05,2.688,1
OFF-BI-10004528,2016-11-20,24.192,1
OFF-BI-10004528,2016-12-04,10.752,1
OFF-BI-10004528,2018-09-16,2.688,1
OFF-BI-10004584,2017-04-16,189.588,1
OFF-BI-10004584,2017-09-24,442.372,1
OFF-BI-10004584,2017-10-22,315.98,1
OFF-BI-10004584,2018-01-07,2022.272,1
OFF-BI-10004584,2018-02-11,252.784,1
OFF-BI-10004593,2015-02-08,83.84,1
OFF-BI-10004593,2015-03-08,125.76,1
OFF-BI-10004593,2015-12-27,78.6,1
OFF-BI-10004593,2016-06-12,78.6,1
OFF-BI-10004593,2016-09-11,209.6,1
OFF-BI-10004593,2016-11-20,62.88,1
OFF-BI-10004593,2017-04-23,251.52,1
OFF-BI-10004593,2017-12-17,209.6,1
OFF-BI-10004600,2015-08-09,2060.744,1
OFF-BI-10004600,2015-12-20,1103.97,1
OFF-BI-10004600,2016-01-03,551.985,1
OFF-BI-10004600,2017-04-09,588.784,1
OFF-BI-10004600,2017-10-08,735.98,1
OFF-BI-10004600,2018-07-22,735.98,1
OFF-BI-10004600,2018-09-16,1471.96,1
OFF-BI-10004632,2015-01-11,609.98,1
OFF-BI-10004632,2015-09-13,304.99,1
OFF-BI-10004632,2015-12-20,487.984,1
OFF-BI-10004632,2016-08-14,64.75,1
OFF-BI-10004632,2017-01-01,487.984,1
OFF-BI-10004632,2017-03-12,51.8,1
OFF-BI-10004632,2017-11-26,1219.96,1
OFF-BI-10004632,2018-01-14,274.491,1
OFF-BI-10004632,2018-02-11,243.992,1
OFF-BI-10004632,2018-03-18,182.994,1
OFF-BI-10004632,2018-05-13,914.97,1
OFF-BI-10004632,2018-06-24,182.994,1
OFF-BI-10004632,2018-09-09,487.984,1
OFF-BI-10004632,2018-12-30,20.72,1
OFF-BI-10004654,2015-02-15,51.9,1
OFF-BI-10004654,2015-09-27,18.464,1
OFF-BI-10004654,2016-05-08,13.848,1
OFF-BI-10004654,2017-09-10,55.36,1
OFF-BI-10004654,2017-09-24,6.9239999999999995,2
OFF-BI-10004654,2017-10-08,28.85,1
OFF-BI-10004654,2017-12-31,6.924,1
OFF-BI-10004654,2018-03-18,5.193,1
OFF-BI-10004654,2018-04-15,15.57,1
OFF-BI-10004654,2018-07-01,11.54,1
OFF-BI-10004656,2015-11-22,1.944,1
OFF-BI-10004656,2015-11-29,12.096,1
OFF-BI-10004656,2016-06-19,4.536,1
OFF-BI-10004656,2017-03-12,1.728,1
OFF-BI-10004656,2017-11-12,5.184,1
OFF-BI-10004656,2017-12-10,1.728,1
OFF-BI-10004656,2018-12-16,10.8,1
OFF-BI-10004716,2015-09-06,23.744,1
OFF-BI-10004716,2017-04-16,8.904,1
OFF-BI-10004728,2015-02-15,9.64,1
OFF-BI-10004728,2015-11-22,2.892,1
OFF-BI-10004728,2016-07-03,2.892,1
OFF-BI-10004728,2016-07-10,7.23,1
OFF-BI-10004728,2016-11-20,7.23,1
OFF-BI-10004728,2017-05-21,15.424,1
OFF-BI-10004728,2017-05-28,9.64,1
OFF-BI-10004728,2017-06-11,53.984,1
OFF-BI-10004728,2017-07-16,24.1,1
OFF-BI-10004728,2017-09-03,24.1,1
OFF-BI-10004728,2018-01-07,33.74,1
OFF-BI-10004728,2018-11-11,9.64,1
OFF-BI-10004738,2015-10-18,18.94,1
OFF-BI-10004738,2016-11-20,11.364,1
OFF-BI-10004738,2016-12-18,37.88,1
OFF-BI-10004738,2017-03-05,56.82,1
OFF-BI-10004738,2018-04-15,11.364,1
OFF-BI-10004738,2018-11-11,5.682,1
OFF-BI-10004781,2016-09-11,9.522,1
OFF-BI-10004781,2017-02-05,50.784,1
OFF-BI-10004781,2017-06-25,38.088,1
OFF-BI-10004781,2017-10-15,76.176,1
OFF-BI-10004781,2017-12-31,38.088,1
OFF-BI-10004817,2015-04-12,9.584,1
OFF-BI-10004817,2015-10-11,11.98,1
OFF-BI-10004817,2016-10-02,57.504,1
OFF-BI-10004817,2017-05-21,9.584,1
OFF-BI-10004817,2017-11-05,28.752,1
OFF-BI-10004817,2018-08-19,10.782,1
OFF-BI-10004826,2016-06-19,33.02,1
OFF-BI-10004826,2017-04-16,13.208,1
OFF-BI-10004826,2017-06-25,29.718,1
OFF-BI-10004826,2017-09-10,39.624,1
OFF-BI-10004826,2017-09-24,49.53,1
OFF-BI-10004826,2018-10-21,39.624,1
OFF-BI-10004828,2015-05-03,40.176,1
OFF-BI-10004828,2016-10-02,53.568,1
OFF-BI-10004828,2017-09-24,83.7,1
OFF-BI-10004828,2017-10-01,5.022,1
OFF-BI-10004828,2018-07-29,33.48,1
OFF-BI-10004828,2018-09-23,40.176,1
OFF-BI-10004876,2015-04-26,2.502,1
OFF-BI-10004876,2015-09-27,11.12,1
OFF-BI-10004876,2018-09-16,2.78,1
OFF-BI-10004965,2015-09-27,34.5,1
OFF-BI-10004965,2015-12-06,4.6,1
OFF-BI-10004965,2016-04-10,6.9,1
OFF-BI-10004965,2016-12-11,23.0,1
OFF-BI-10004965,2017-03-19,46.0,1
OFF-BI-10004965,2018-05-06,34.5,1
OFF-BI-10004965,2018-12-16,34.5,1
OFF-BI-10004967,2016-10-02,2.08,1
OFF-BI-10004967,2017-04-23,8.32,1
OFF-BI-10004967,2017-07-23,1.872,1
OFF-BI-10004967,2017-11-12,4.368,1
OFF-BI-10004967,2017-11-19,8.32,1
OFF-BI-10004967,2017-12-31,4.992,1
OFF-BI-10004970,2015-04-26,9.912,1
OFF-BI-10004970,2015-11-08,12.39,1
OFF-BI-10004970,2015-12-13,12.39,1
OFF-BI-10004970,2016-06-19,8.26,1
OFF-BI-10004970,2016-08-07,3.304,1
OFF-BI-10004970,2016-08-14,6.608,1
OFF-BI-10004970,2017-09-03,8.26,1
OFF-BI-10004970,2017-09-24,13.216,1
OFF-BI-10004970,2017-11-12,13.216,1
OFF-BI-10004970,2017-11-19,8.26,1
OFF-BI-10004970,2018-02-25,4.956,1
OFF-BI-10004970,2018-03-25,19.824,1
OFF-BI-10004970,2018-09-02,26.432,1
OFF-BI-10004995,2015-06-21,3266.376,1
OFF-BI-10004995,2015-07-26,2177.584,1
OFF-BI-10004995,2017-04-09,1088.792,1
OFF-BI-10004995,2017-09-03,4355.168,1
OFF-BI-10004995,2018-01-21,5443.96,1
OFF-BI-10004995,2018-10-21,1633.188,1
OFF-EN-10000056,2015-04-19,149.352,1
OFF-EN-10000056,2015-12-06,348.488,1
OFF-EN-10000056,2016-02-07,311.15,1
OFF-EN-10000056,2016-05-29,186.69,1
OFF-EN-10000056,2016-06-19,186.69,1
OFF-EN-10000056,2016-10-02,124.46,1
OFF-EN-10000056,2017-03-05,149.352,1
OFF-EN-10000461,2015-06-07,13.984,1
OFF-EN-10000461,2016-01-10,17.48,1
OFF-EN-10000461,2016-09-25,17.48,1
OFF-EN-10000461,2016-12-04,17.48,1
OFF-EN-10000461,2016-12-18,55.936,1
OFF-EN-10000461,2018-09-09,17.48,1
OFF-EN-10000461,2018-09-30,27.968,1
OFF-EN-10000461,2018-12-16,43.7,1
OFF-EN-10000483,2016-07-17,137.25,1
OFF-EN-10000483,2016-07-24,106.75,1
OFF-EN-10000483,2016-11-13,24.4,1
OFF-EN-10000483,2017-03-05,36.6,1
OFF-EN-10000483,2018-03-04,15.25,1
OFF-EN-10000781,2015-08-02,48.944,1
OFF-EN-10000781,2016-11-13,26.22,1
OFF-EN-10000927,2016-05-15,200.984,1
OFF-EN-10000927,2016-09-04,200.984,1
OFF-EN-10000927,2017-12-10,35.89,1
OFF-EN-10000927,2018-09-23,114.848,1
OFF-EN-10001028,2016-06-19,28.752,1
OFF-EN-10001028,2018-09-30,71.88,1
OFF-EN-10001099,2015-09-20,68.46,1
OFF-EN-10001099,2015-12-13,23.472,1
OFF-EN-10001099,2017-03-12,29.34,1
OFF-EN-10001099,2017-09-10,23.472,1
OFF-EN-10001099,2017-10-08,15.648,1
OFF-EN-10001137,2016-11-06,6.608,1
OFF-EN-10001137,2017-01-15,16.52,1
OFF-EN-10001137,2017-04-09,8.26,1
OFF-EN-10001137,2018-11-04,9.912,1
OFF-EN-10001141,2017-05-14,54.9,1
OFF-EN-10001141,2018-06-03,43.92,1
OFF-EN-10001141,2018-08-05,8.784,1
OFF-EN-10001141,2018-09-16,17.568,1
OFF-EN-10001219,2015-10-11,22.919999999999998,2
OFF-EN-10001219,2017-12-03,22.92,1
OFF-EN-10001219,2018-01-14,18.336,1
OFF-EN-10001219,2018-05-06,30.56,1
OFF-EN-10001219,2018-09-09,24.448,1
OFF-EN-10001219,2018-11-11,15.28,1
OFF-EN-10001219,2018-11-18,12.224,1
OFF-EN-10001335,2015-10-18,52.512,1
OFF-EN-10001335,2016-07-31,98.46,1
OFF-EN-10001335,2016-09-04,52.512,1
OFF-EN-10001335,2017-09-03,21.88,1
OFF-EN-10001335,2017-10-15,35.008,1
OFF-EN-10001335,2018-11-04,76.58,1
OFF-EN-10001415,2016-10-16,4.464,1
OFF-EN-10001415,2017-10-01,8.928,1
OFF-EN-10001415,2018-09-23,13.392,1
OFF-EN-10001415,2018-11-25,16.74,1
OFF-EN-10001434,2015-05-10,158.13,1
OFF-EN-10001434,2016-10-30,210.84,1
OFF-EN-10001434,2017-01-01,105.42,1
OFF-EN-10001434,2017-11-05,158.13,1
OFF-EN-10001453,2015-09-20,182.94,1
OFF-EN-10001453,2016-09-25,121.96,1
OFF-EN-10001453,2017-03-12,146.352,1
OFF-EN-10001453,2017-09-24,304.9,1
OFF-EN-10001453,2018-12-23,182.94,1
OFF-EN-10001509,2015-03-29,6.12,1
OFF-EN-10001509,2015-09-27,3.264,1
OFF-EN-10001509,2015-11-22,1.632,1
OFF-EN-10001509,2016-09-18,3.264,1
OFF-EN-10001509,2016-11-06,14.28,1
OFF-EN-10001509,2016-11-13,12.24,1
OFF-EN-10001509,2017-04-16,6.12,1
OFF-EN-10001509,2017-07-16,10.2,1
OFF-EN-10001509,2017-09-24,4.08,1
OFF-EN-10001509,2018-01-21,2.04,1
OFF-EN-10001509,2018-09-09,4.896,1
OFF-EN-10001532,2015-01-18,50.94,1
OFF-EN-10001532,2016-03-06,101.88,1
OFF-EN-10001532,2016-11-20,33.96,1
OFF-EN-10001532,2017-11-26,40.752,1
OFF-EN-10001532,2018-04-08,16.98,1
OFF-EN-10001535,2017-05-14,7.072,1
OFF-EN-10001539,2015-01-25,23.34,1
OFF-EN-10001539,2015-06-21,24.896,1
OFF-EN-10001539,2015-09-27,15.56,1
OFF-EN-10001539,2016-09-18,31.12,1
OFF-EN-10001539,2016-11-13,15.56,1
OFF-EN-10001539,2016-12-04,62.24,1
OFF-EN-10001539,2018-09-30,23.34,1
OFF-EN-10001749,2015-08-30,29.808,1
OFF-EN-10001990,2015-01-18,11.36,1
OFF-EN-10001990,2015-03-08,11.36,1
OFF-EN-10001990,2015-11-22,11.36,1
OFF-EN-10001990,2017-11-19,28.4,1
OFF-EN-10001990,2017-12-24,39.76,1
OFF-EN-10001990,2018-04-01,28.4,1
OFF-EN-10002230,2015-04-05,335.72,1
OFF-EN-10002230,2015-10-11,201.432,1
OFF-EN-10002230,2016-07-31,167.86,1
OFF-EN-10002230,2017-08-27,134.288,1
OFF-EN-10002230,2017-11-05,251.79,1
OFF-EN-10002230,2018-01-21,268.576,1
OFF-EN-10002312,2017-04-09,8.872,1
OFF-EN-10002312,2017-09-17,11.09,1
OFF-EN-10002312,2017-10-15,66.54,1
OFF-EN-10002312,2018-09-16,22.18,1
OFF-EN-10002500,2015-08-09,38.34,1
OFF-EN-10002500,2015-12-13,30.672,1
OFF-EN-10002500,2016-10-02,51.12,1
OFF-EN-10002500,2017-04-16,63.9,1
OFF-EN-10002500,2017-06-18,115.02,1
OFF-EN-10002500,2017-09-03,12.78,1
OFF-EN-10002500,2018-10-28,63.9,1
OFF-EN-10002504,2015-01-25,108.72,1
OFF-EN-10002504,2015-08-30,130.464,1
OFF-EN-10002504,2016-09-18,27.18,1
OFF-EN-10002504,2017-08-06,81.54,1
OFF-EN-10002504,2017-08-27,135.9,1
OFF-EN-10002504,2018-01-14,21.744,1
OFF-EN-10002504,2018-05-13,65.232,1
OFF-EN-10002592,2015-11-22,34.74,1
OFF-EN-10002592,2017-12-31,27.792,1
OFF-EN-10002592,2018-07-22,57.9,1
OFF-EN-10002592,2018-11-18,55.584,1
OFF-EN-10002600,2015-08-30,4.72,1
OFF-EN-10002600,2015-11-22,7.08,1
OFF-EN-10002600,2016-10-23,11.8,1
OFF-EN-10002600,2016-11-06,21.83,2
OFF-EN-10002600,2017-06-04,26.55,1
OFF-EN-10002600,2018-05-06,21.24,1
OFF-EN-10002621,2015-11-29,23.472,1
OFF-EN-10002621,2016-03-06,29.34,1
OFF-EN-10002621,2016-09-18,7.824,1
OFF-EN-10002621,2018-01-14,9.78,1
OFF-EN-10002621,2018-12-23,7.824,1
OFF-EN-10002831,2016-12-04,71.88,1
OFF-EN-10002831,2017-11-12,287.52,1
OFF-EN-10002831,2018-10-28,251.58,1
OFF-EN-10002973,2017-04-09,17.92,1
OFF-EN-10002973,2017-05-28,26.88,1
OFF-EN-10002973,2018-10-21,8.96,1
OFF-EN-10002986,2017-01-01,113.328,1
OFF-EN-10002986,2018-05-06,62.96,1
OFF-EN-10003001,2015-11-15,604.656,1
OFF-EN-10003001,2017-02-05,167.96,1
OFF-EN-10003001,2017-07-23,419.9,1
OFF-EN-10003001,2018-11-25,167.96,1
OFF-EN-10003040,2015-11-29,62.808,1
OFF-EN-10003040,2017-01-15,52.34,1
OFF-EN-10003040,2017-07-30,20.936,1
OFF-EN-10003040,2018-12-02,104.68,1
OFF-EN-10003055,2016-11-06,79.96,1
OFF-EN-10003055,2016-11-13,223.888,1
OFF-EN-10003055,2017-03-19,199.9,1
OFF-EN-10003055,2017-09-10,95.952,1
OFF-EN-10003055,2018-12-02,79.96,1
OFF-EN-10003068,2016-09-25,15.84,1
OFF-EN-10003068,2016-12-25,7.92,1
OFF-EN-10003068,2018-10-28,47.519999999999996,2
OFF-EN-10003072,2015-09-13,21.728,1
OFF-EN-10003072,2016-06-19,6.208,1
OFF-EN-10003072,2016-12-18,15.52,1
OFF-EN-10003072,2018-03-18,19.4,1
OFF-EN-10003134,2015-05-24,56.064,1
OFF-EN-10003134,2017-02-05,23.36,1
OFF-EN-10003134,2017-02-26,46.72,1
OFF-EN-10003134,2017-05-14,9.344,1
OFF-EN-10003134,2018-04-29,18.688,1
OFF-EN-10003134,2018-08-12,70.08,1
OFF-EN-10003134,2018-08-19,23.36,1
OFF-EN-10003160,2015-10-18,36.4,1
OFF-EN-10003160,2015-11-29,21.84,1
OFF-EN-10003160,2018-12-16,7.28,1
OFF-EN-10003286,2015-06-21,41.4,1
OFF-EN-10003286,2016-02-07,74.52,1
OFF-EN-10003286,2016-10-09,57.96,1
OFF-EN-10003286,2016-11-27,16.56,1
OFF-EN-10003286,2017-01-01,19.872,1
OFF-EN-10003286,2017-09-10,16.56,1
OFF-EN-10003286,2018-03-04,57.96,1
OFF-EN-10003296,2016-04-24,180.96,1
OFF-EN-10003296,2016-12-04,271.44,1
OFF-EN-10003296,2017-01-01,271.44,1
OFF-EN-10003296,2017-12-10,361.92,1
OFF-EN-10003296,2018-05-13,180.96,1
OFF-EN-10003448,2018-05-06,23.16,1
OFF-EN-10003448,2018-11-25,64.848,1
OFF-EN-10003567,2015-07-26,87.92,1
OFF-EN-10003567,2017-07-09,43.96,1
OFF-EN-10003567,2017-09-03,65.94,1
OFF-EN-10003798,2016-12-25,27.312,1
OFF-EN-10003798,2017-11-19,40.968,1
OFF-EN-10003845,2015-09-20,11.07,1
OFF-EN-10003845,2016-03-20,7.38,1
OFF-EN-10003845,2018-03-25,8.856,1
OFF-EN-10003845,2018-08-19,14.76,1
OFF-EN-10003845,2018-11-04,8.856,1
OFF-EN-10003862,2015-11-29,64.02,1
OFF-EN-10003862,2016-05-01,21.34,1
OFF-EN-10003862,2016-10-30,10.67,1
OFF-EN-10003862,2017-10-08,59.752,1
OFF-EN-10003862,2018-03-11,42.68,1
OFF-EN-10004007,2015-12-06,62.28,1
OFF-EN-10004030,2015-10-04,14.48,1
OFF-EN-10004030,2016-03-13,8.688,1
OFF-EN-10004030,2017-08-20,10.86,1
OFF-EN-10004030,2018-09-02,2.896,1
OFF-EN-10004030,2018-09-23,10.86,1
OFF-EN-10004030,2018-12-16,10.86,1
OFF-EN-10004147,2016-05-15,17.94,1
OFF-EN-10004147,2016-12-04,17.94,1
OFF-EN-10004147,2018-09-23,14.352,1
OFF-EN-10004206,2018-04-01,325.86,1
OFF-EN-10004386,2017-02-26,57.576,1
OFF-EN-10004386,2017-04-23,71.97,1
OFF-EN-10004386,2018-10-28,47.98,1
OFF-EN-10004386,2018-12-09,57.576,1
OFF-EN-10004459,2015-06-07,15.28,1
OFF-EN-10004459,2016-04-03,22.92,1
OFF-EN-10004459,2016-05-29,12.224,1
OFF-EN-10004459,2016-09-04,15.28,1
OFF-EN-10004459,2016-12-11,12.224,1
OFF-EN-10004459,2017-03-12,30.56,1
OFF-EN-10004459,2018-08-26,15.28,1
OFF-EN-10004459,2018-09-30,24.448,1
OFF-EN-10004459,2018-11-18,15.28,1
OFF-EN-10004483,2015-09-27,78.35,1
OFF-EN-10004483,2015-11-22,78.35,1
OFF-EN-10004483,2016-10-02,12.536,1
OFF-EN-10004483,2017-02-05,125.36,1
OFF-EN-10004483,2018-03-25,47.01,1
OFF-EN-10004483,2018-06-24,37.608,1
OFF-EN-10004773,2015-04-26,247.84,1
OFF-EN-10004773,2015-11-08,74.352,1
OFF-EN-10004773,2016-01-03,49.568,1
OFF-EN-10004773,2017-12-24,61.96,1
OFF-EN-10004846,2015-10-04,12.768,1
OFF-EN-10004846,2018-02-25,10.64,1
OFF-EN-10004846,2018-09-30,7.98,1
OFF-EN-10004846,2018-11-04,5.32,1
OFF-EN-10004955,2015-11-22,16.23,1
OFF-EN-10004955,2016-01-03,12.984,1
OFF-EN-10004955,2018-05-20,48.69,1
OFF-FA-10000053,2015-09-20,11.718,2
OFF-FA-10000053,2016-12-04,10.584,1
OFF-FA-10000053,2017-02-05,9.45,1
OFF-FA-10000053,2017-09-03,10.584,1
OFF-FA-10000053,2018-01-28,5.67,1
OFF-FA-10000089,2018-12-30,19.6,1
OFF-FA-10000134,2015-04-19,11.62,1
OFF-FA-10000134,2016-02-14,5.81,1
OFF-FA-10000134,2017-04-23,29.05,1
OFF-FA-10000134,2017-10-29,40.67,1
OFF-FA-10000134,2018-12-02,52.29,1
OFF-FA-10000254,2015-10-04,19.782,2
OFF-FA-10000304,2015-07-19,6.54,1
OFF-FA-10000304,2016-11-20,8.72,1
OFF-FA-10000304,2017-02-19,15.696000000000002,2
OFF-FA-10000304,2017-09-10,4.36,1
OFF-FA-10000304,2017-12-17,15.26,1
OFF-FA-10000304,2018-09-23,4.36,1
OFF-FA-10000490,2015-12-20,1.984,1
OFF-FA-10000490,2016-06-26,4.96,1
OFF-FA-10000490,2016-09-18,1.24,1
OFF-FA-10000490,2016-11-13,2.48,1
OFF-FA-10000490,2018-07-15,4.96,1
OFF-FA-10000585,2015-11-08,8.376,1
OFF-FA-10000585,2016-11-06,17.45,1
OFF-FA-10000585,2016-12-25,5.584,1
OFF-FA-10000585,2017-08-13,11.168,1
OFF-FA-10000585,2017-09-17,10.47,1
OFF-FA-10000585,2017-11-12,16.752,1
OFF-FA-10000585,2018-09-02,8.376,1
OFF-FA-10000585,2018-12-30,13.96,1
OFF-FA-10000611,2015-04-12,2.368,1
OFF-FA-10000611,2015-11-08,5.92,1
OFF-FA-10000611,2016-03-06,7.104,1
OFF-FA-10000611,2018-01-28,11.84,1
OFF-FA-10000611,2018-11-18,2.96,1
OFF-FA-10000611,2018-12-02,2.368,1
OFF-FA-10000611,2018-12-09,3.552,1
OFF-FA-10000621,2015-08-02,14.32,1
OFF-FA-10000621,2015-08-30,40.096,1
OFF-FA-10000621,2017-11-05,10.74,1
OFF-FA-10000621,2017-12-17,21.48,1
OFF-FA-10000621,2017-12-31,17.184,1
OFF-FA-10000621,2018-09-16,17.9,1
OFF-FA-10000621,2018-10-14,17.9,1
OFF-FA-10000624,2015-06-21,17.9,1
OFF-FA-10000624,2015-09-20,7.16,1
OFF-FA-10000624,2016-11-13,31.504,1
OFF-FA-10000624,2017-07-02,17.9,1
OFF-FA-10000624,2017-07-30,21.48,1
OFF-FA-10000624,2018-04-15,7.16,1
OFF-FA-10000624,2018-11-25,25.06,1
OFF-FA-10000735,2015-10-04,4.672,1
OFF-FA-10000735,2016-04-10,5.84,1
OFF-FA-10000735,2017-07-30,20.44,1
OFF-FA-10000735,2017-08-27,11.68,1
OFF-FA-10000735,2018-10-28,11.68,1
OFF-FA-10000840,2015-05-10,5.472,1
OFF-FA-10000840,2015-09-13,5.7,1
OFF-FA-10000840,2018-05-27,1.824,1
OFF-FA-10000936,2015-09-13,13.16,1
OFF-FA-10000936,2017-05-21,7.896,1
OFF-FA-10000936,2017-07-09,2.632,1
OFF-FA-10000936,2017-07-16,29.61,1
OFF-FA-10000936,2018-05-27,3.29,1
OFF-FA-10000936,2018-09-16,10.528,1
OFF-FA-10000992,2015-08-02,5.68,1
OFF-FA-10000992,2016-08-14,10.65,1
OFF-FA-10000992,2017-02-26,10.65,1
OFF-FA-10000992,2017-12-24,24.85,1
OFF-FA-10000992,2018-09-16,14.2,1
OFF-FA-10001135,2016-11-06,3.168,1
OFF-FA-10001135,2017-07-09,3.96,1
OFF-FA-10001135,2018-07-08,5.94,1
OFF-FA-10001229,2016-04-17,12.576,1
OFF-FA-10001229,2016-12-18,7.86,1
OFF-FA-10001229,2018-02-25,9.432,1
OFF-FA-10001332,2015-04-12,6.912,1
OFF-FA-10001332,2016-07-17,11.52,1
OFF-FA-10001332,2017-03-05,2.304,1
OFF-FA-10001332,2018-06-24,2.88,1
OFF-FA-10001332,2018-12-16,17.28,1
OFF-FA-10001561,2015-03-15,10.464,1
OFF-FA-10001561,2015-07-12,3.488,1
OFF-FA-10001561,2015-10-04,8.72,1
OFF-FA-10001561,2016-03-20,10.9,1
OFF-FA-10001561,2017-01-01,3.488,1
OFF-FA-10001561,2017-11-05,15.26,1
OFF-FA-10001561,2018-04-22,10.9,1
OFF-FA-10001561,2018-12-16,6.54,1
OFF-FA-10001754,2017-11-26,4.416,1
OFF-FA-10001754,2017-12-17,3.68,1
OFF-FA-10001843,2015-02-08,12.35,1
OFF-FA-10001843,2017-09-10,15.808,1
OFF-FA-10001843,2018-05-20,7.41,1
OFF-FA-10001843,2018-09-09,14.82,1
OFF-FA-10001883,2015-01-11,31.12,1
OFF-FA-10001883,2015-04-12,49.792,1
OFF-FA-10001883,2017-08-13,23.34,1
OFF-FA-10001883,2017-10-08,93.36,1
OFF-FA-10002280,2015-09-13,45.0,1
OFF-FA-10002280,2015-12-06,15.0,1
OFF-FA-10002280,2016-05-15,16.0,1
OFF-FA-10002280,2016-11-13,5.0,1
OFF-FA-10002280,2017-04-09,30.0,1
OFF-FA-10002280,2017-11-05,20.0,1
OFF-FA-10002280,2018-05-06,8.0,1
OFF-FA-10002280,2018-08-26,35.0,1
OFF-FA-10002280,2018-09-02,16.0,1
OFF-FA-10002280,2018-09-30,35.0,1
OFF-FA-10002676,2015-08-23,12.67,1
OFF-FA-10002676,2015-10-04,4.344,1
OFF-FA-10002676,2017-09-03,1.81,1
OFF-FA-10002676,2017-11-26,4.344,1
OFF-FA-10002676,2018-04-29,1.81,1
OFF-FA-10002701,2016-11-13,5.04,1
OFF-FA-10002701,2018-02-25,8.4,1
OFF-FA-10002763,2015-10-25,11.85,1
OFF-FA-10002763,2016-07-10,15.8,1
OFF-FA-10002763,2016-09-25,7.9,1
OFF-FA-10002763,2017-09-10,28.44,1
OFF-FA-10002763,2017-11-26,15.8,1
OFF-FA-10002763,2018-03-11,7.9,1
OFF-FA-10002780,2015-04-19,30.992,1
OFF-FA-10002780,2017-09-03,16.688,1
OFF-FA-10002780,2018-02-04,21.456,1
OFF-FA-10002780,2018-10-07,23.84,2
OFF-FA-10002815,2015-05-17,7.104,1
OFF-FA-10002815,2015-07-05,21.312,1
OFF-FA-10002815,2017-01-01,22.2,1
OFF-FA-10002975,2015-11-01,11.34,1
OFF-FA-10002975,2017-09-17,11.34,1
OFF-FA-10002975,2018-01-28,15.12,1
OFF-FA-10002975,2018-12-30,39.312,1
OFF-FA-10002983,2017-08-27,10.23,1
OFF-FA-10002983,2017-10-29,17.05,1
OFF-FA-10002983,2017-11-26,19.096,1
OFF-FA-10002988,2015-09-13,4.02,1
OFF-FA-10002988,2016-05-29,8.04,1
OFF-FA-10002988,2017-04-16,8.04,1
OFF-FA-10002988,2017-06-11,9.648,1
OFF-FA-10002988,2017-07-16,14.07,1
OFF-FA-10002988,2017-10-15,4.02,1
OFF-FA-10002988,2018-12-23,4.824,1
OFF-FA-10002988,2018-12-30,6.03,1
OFF-FA-10003021,2015-11-01,7.52,1
OFF-FA-10003021,2015-11-29,3.76,1
OFF-FA-10003021,2016-08-28,12.032,1
OFF-FA-10003021,2016-10-02,4.512,1
OFF-FA-10003021,2016-12-04,3.008,1
OFF-FA-10003021,2018-04-01,3.76,1
OFF-FA-10003059,2015-12-20,2.896,1
OFF-FA-10003059,2016-04-17,1.448,1
OFF-FA-10003059,2016-06-26,5.43,1
OFF-FA-10003059,2016-09-11,14.48,2
OFF-FA-10003059,2017-11-05,3.62,1
OFF-FA-10003059,2018-07-29,2.896,1
OFF-FA-10003059,2018-12-30,3.62,1
OFF-FA-10003112,2015-03-22,18.936,1
OFF-FA-10003112,2015-11-29,12.624,1
OFF-FA-10003112,2016-03-27,31.56,1
OFF-FA-10003112,2017-04-02,31.56,1
OFF-FA-10003112,2017-10-22,25.248,1
OFF-FA-10003112,2018-01-07,7.89,1
OFF-FA-10003112,2018-10-07,18.936,1
OFF-FA-10003467,2016-12-11,3.96,1
OFF-FA-10003467,2017-05-28,5.94,1
OFF-FA-10003472,2016-06-05,7.56,1
OFF-FA-10003472,2016-12-25,5.04,1
OFF-FA-10003472,2017-01-22,7.56,1
OFF-FA-10003472,2018-12-30,3.024,1
OFF-FA-10003485,2015-12-27,7.86,1
OFF-FA-10003485,2016-03-20,18.864,1
OFF-FA-10003495,2015-06-28,6.08,1
OFF-FA-10003495,2015-11-29,30.4,1
OFF-FA-10003495,2017-03-05,36.48,1
OFF-FA-10003495,2017-11-19,58.368,1
OFF-FA-10003495,2018-08-19,24.32,1
OFF-FA-10003495,2018-11-04,18.24,1
OFF-FA-10003495,2018-11-18,18.24,1
OFF-FA-10004076,2017-06-25,3.96,1
OFF-FA-10004076,2017-12-03,12.672,1
OFF-FA-10004076,2018-04-15,7.92,1
OFF-FA-10004248,2015-12-20,22.55,1
OFF-FA-10004248,2016-07-17,14.432,1
OFF-FA-10004248,2017-05-07,7.216,1
OFF-FA-10004248,2018-11-25,19.844,2
OFF-FA-10004395,2015-03-01,18.84,1
OFF-FA-10004395,2016-07-31,9.42,1
OFF-FA-10004395,2018-06-03,23.55,1
OFF-FA-10004395,2018-06-10,14.13,1
OFF-FA-10004395,2018-07-01,11.304,1
OFF-FA-10004838,2015-08-09,4.464,1
OFF-FA-10004838,2016-04-17,10.416,1
OFF-FA-10004838,2018-03-25,13.02,1
OFF-FA-10004838,2018-11-04,5.58,1
OFF-FA-10004854,2015-08-16,22.96,1
OFF-FA-10004854,2015-12-27,27.552,1
OFF-FA-10004854,2016-10-02,34.44,1
OFF-FA-10004854,2016-11-27,55.104,1
OFF-FA-10004854,2016-12-25,45.92,1
OFF-FA-10004854,2018-02-18,18.368,1
OFF-FA-10004854,2018-09-09,45.92,1
OFF-FA-10004854,2018-11-11,45.92,1
OFF-FA-10004968,2016-11-13,26.18,1
OFF-FA-10004968,2017-03-12,5.984,1
OFF-FA-10004968,2017-11-12,14.96,1
OFF-FA-10004968,2018-02-25,11.22,1
OFF-LA-10000081,2017-05-07,6.0,1
OFF-LA-10000081,2017-06-18,22.5,1
OFF-LA-10000081,2018-03-18,18.75,1
OFF-LA-10000081,2018-04-29,3.0,1
OFF-LA-10000121,2015-10-04,18.9,1
OFF-LA-10000121,2018-04-15,15.12,1
OFF-LA-10000121,2018-09-16,56.7,1
OFF-LA-10000134,2016-08-28,3.08,1
OFF-LA-10000134,2017-10-08,4.928,1
OFF-LA-10000134,2018-03-11,4.928,1
OFF-LA-10000134,2018-09-09,9.856,1
OFF-LA-10000134,2018-09-23,27.72,1
OFF-LA-10000134,2018-10-28,6.16,1
OFF-LA-10000240,2015-08-02,17.544,1
OFF-LA-10000240,2015-10-11,7.31,1
OFF-LA-10000240,2016-03-20,14.62,1
OFF-LA-10000240,2016-11-27,11.696,1
OFF-LA-10000240,2017-06-18,14.62,1
OFF-LA-10000240,2017-09-03,29.24,1
OFF-LA-10000240,2018-05-13,58.48,1
OFF-LA-10000248,2015-11-29,5.904,1
OFF-LA-10000248,2017-06-25,18.45,1
OFF-LA-10000248,2017-09-10,14.76,1
OFF-LA-10000248,2017-11-19,7.38,1
OFF-LA-10000248,2018-10-14,11.07,1
OFF-LA-10000248,2018-12-09,11.07,1
OFF-LA-10000262,2015-08-09,20.88,1
OFF-LA-10000262,2016-05-29,13.05,1
OFF-LA-10000262,2017-07-23,6.264,1
OFF-LA-10000262,2017-10-01,7.83,1
OFF-LA-10000262,2017-11-26,2.088,1
OFF-LA-10000262,2018-04-01,6.264,1
OFF-LA-10000305,2015-03-08,15.12,1
OFF-LA-10000305,2015-04-26,12.6,1
OFF-LA-10000305,2017-07-30,18.9,1
OFF-LA-10000305,2018-08-19,50.4,1
OFF-LA-10000407,2015-11-15,39.84,1
OFF-LA-10000407,2017-06-11,14.94,1
OFF-LA-10000407,2017-10-15,24.9,1
OFF-LA-10000407,2017-12-24,15.936,1
OFF-LA-10000414,2016-09-11,31.05,1
OFF-LA-10000414,2017-11-05,51.75,1
OFF-LA-10000414,2018-11-11,41.4,1
OFF-LA-10000443,2015-03-22,11.808,1
OFF-LA-10000443,2015-08-16,2.952,1
OFF-LA-10000443,2016-05-08,8.856,1
OFF-LA-10000443,2016-06-05,13.283999999999999,2
OFF-LA-10000443,2016-07-03,5.904,1
OFF-LA-10000443,2018-05-13,5.904,1
OFF-LA-10000443,2018-09-09,17.712,1
OFF-LA-10000452,2015-05-03,3.15,1
OFF-LA-10000452,2015-11-29,5.04,1
OFF-LA-10000452,2016-08-21,5.04,1
OFF-LA-10000452,2016-12-11,12.6,1
OFF-LA-10000452,2017-06-11,22.05,1
OFF-LA-10000452,2017-08-20,3.15,1
OFF-LA-10000476,2016-07-10,12.39,1
OFF-LA-10000476,2018-04-01,8.26,1
OFF-LA-10000634,2015-12-06,15.66,1
OFF-LA-10000634,2016-12-11,2.61,1
OFF-LA-10000634,2017-09-17,6.264,1
OFF-LA-10000634,2018-07-15,7.83,1
OFF-LA-10000973,2017-05-07,5.04,1
OFF-LA-10000973,2017-06-11,7.56,1
OFF-LA-10000973,2018-05-20,5.04,1
OFF-LA-10001045,2015-11-22,5.22,1
OFF-LA-10001045,2016-12-11,2.61,1
OFF-LA-10001045,2017-02-12,7.83,1
OFF-LA-10001045,2018-02-04,5.22,1
OFF-LA-10001045,2018-10-21,13.05,1
OFF-LA-10001045,2018-11-11,10.44,1
OFF-LA-10001074,2015-01-18,30.072,1
OFF-LA-10001074,2015-06-07,100.24,1
OFF-LA-10001074,2016-02-14,40.096,1
OFF-LA-10001074,2017-07-23,87.71,1
OFF-LA-10001074,2017-09-03,100.24,1
OFF-LA-10001074,2018-12-02,62.65,1
OFF-LA-10001158,2015-11-29,93.15,1
OFF-LA-10001158,2017-09-24,16.56,1
OFF-LA-10001158,2018-03-11,20.7,1
OFF-LA-10001158,2018-04-29,33.12,1
OFF-LA-10001158,2018-07-29,41.4,1
OFF-LA-10001158,2018-08-26,51.75,1
OFF-LA-10001158,2018-09-30,20.7,1
OFF-LA-10001175,2015-07-12,14.4,1
OFF-LA-10001175,2015-09-06,14.4,1
OFF-LA-10001175,2016-03-13,4.608,1
OFF-LA-10001175,2018-09-23,14.4,1
OFF-LA-10001297,2017-04-02,20.7,1
OFF-LA-10001297,2017-06-04,62.1,1
OFF-LA-10001297,2017-06-11,20.7,1
OFF-LA-10001297,2018-02-11,20.7,1
OFF-LA-10001297,2018-08-05,51.75,1
OFF-LA-10001297,2018-12-30,72.45,1
OFF-LA-10001317,2015-11-29,2.52,1
OFF-LA-10001317,2016-09-18,12.6,1
OFF-LA-10001317,2017-09-10,22.05,1
OFF-LA-10001317,2017-12-03,6.3,1
OFF-LA-10001317,2018-12-09,3.15,1
OFF-LA-10001404,2017-12-10,3.69,1
OFF-LA-10001404,2018-04-22,7.38,1
OFF-LA-10001404,2018-10-28,14.76,1
OFF-LA-10001404,2018-12-23,18.45,1
OFF-LA-10001474,2016-01-03,274.77,1
OFF-LA-10001474,2016-10-30,146.544,1
OFF-LA-10001474,2017-07-02,30.53,1
OFF-LA-10001474,2017-12-10,122.12,1
OFF-LA-10001569,2015-09-20,9.96,1
OFF-LA-10001569,2015-11-08,34.86,1
OFF-LA-10001569,2015-11-22,9.96,1
OFF-LA-10001569,2015-12-13,27.888,1
OFF-LA-10001569,2016-04-10,23.904,1
OFF-LA-10001569,2017-05-07,3.984,1
OFF-LA-10001569,2017-10-01,15.936,1
OFF-LA-10001569,2017-11-19,14.94,1
OFF-LA-10001569,2018-04-08,14.94,1
OFF-LA-10001569,2018-05-06,11.952,1
OFF-LA-10001569,2018-09-30,7.968,1
OFF-LA-10001613,2015-05-03,6.912,1
OFF-LA-10001613,2015-09-27,4.608,1
OFF-LA-10001613,2015-11-29,11.52,1
OFF-LA-10001613,2016-06-26,4.608,1
OFF-LA-10001613,2016-08-14,4.608,1
OFF-LA-10001613,2016-12-11,5.76,1
OFF-LA-10001613,2017-11-12,9.216,1
OFF-LA-10001613,2017-12-31,20.16,1
OFF-LA-10001613,2018-01-21,11.52,1
OFF-LA-10001613,2018-04-15,8.64,1
OFF-LA-10001613,2018-08-19,5.76,1
OFF-LA-10001613,2018-11-18,8.64,1
OFF-LA-10001613,2018-11-25,11.52,1
OFF-LA-10001641,2015-04-05,18.9,1
OFF-LA-10001641,2015-05-10,9.45,1
OFF-LA-10001641,2016-02-28,3.15,1
OFF-LA-10001641,2016-03-13,5.04,1
OFF-LA-10001641,2017-03-05,10.08,1
OFF-LA-10001641,2017-06-18,9.45,1
OFF-LA-10001641,2018-09-02,18.9,1
OFF-LA-10001641,2018-10-21,31.5,1
OFF-LA-10001771,2015-11-01,47.808,1
OFF-LA-10001771,2016-12-18,9.96,1
OFF-LA-10001771,2018-11-04,14.94,1
OFF-LA-10001934,2015-07-05,14.62,1
OFF-LA-10001934,2015-09-06,58.48,1
OFF-LA-10001934,2015-12-20,14.62,1
OFF-LA-10001934,2017-06-25,21.93,1
OFF-LA-10001982,2015-03-29,18.75,1
OFF-LA-10001982,2016-09-04,7.5,1
OFF-LA-10001982,2017-09-17,6.0,1
OFF-LA-10001982,2018-11-04,30.0,1
OFF-LA-10002034,2017-08-06,9.82,1
OFF-LA-10002034,2018-04-29,39.28,1
OFF-LA-10002034,2018-10-21,39.28,2
OFF-LA-10002043,2015-11-29,41.4,1
OFF-LA-10002043,2015-12-20,31.05,1
OFF-LA-10002043,2016-08-14,41.4,1
OFF-LA-10002043,2016-09-18,20.7,1
OFF-LA-10002043,2018-10-14,24.84,1
OFF-LA-10002195,2015-05-03,21.56,1
OFF-LA-10002195,2017-05-21,27.72,1
OFF-LA-10002195,2017-09-17,12.32,1
OFF-LA-10002195,2018-08-12,24.64,1
OFF-LA-10002195,2018-11-04,4.928,1
OFF-LA-10002271,2015-10-04,4.928,1
OFF-LA-10002271,2016-02-21,9.24,1
OFF-LA-10002271,2016-12-25,21.56,1
OFF-LA-10002271,2017-10-08,6.16,1
OFF-LA-10002271,2018-05-13,6.16,1
OFF-LA-10002312,2015-04-05,74.0,2
OFF-LA-10002312,2016-05-15,47.36,1
OFF-LA-10002312,2017-11-05,11.84,1
OFF-LA-10002312,2018-06-17,44.4,1
OFF-LA-10002368,2015-04-19,7.83,1
OFF-LA-10002368,2016-07-17,6.264,1
OFF-LA-10002368,2017-12-31,2.61,1
OFF-LA-10002381,2017-01-01,21.56,1
OFF-LA-10002381,2018-03-04,2.464,1
OFF-LA-10002473,2017-08-27,9.216,1
OFF-LA-10002475,2015-10-04,29.24,1
OFF-LA-10002475,2017-05-21,14.62,1
OFF-LA-10002475,2017-11-26,14.62,1
OFF-LA-10002475,2018-09-02,11.696,1
OFF-LA-10002475,2018-09-09,29.24,1
OFF-LA-10002475,2018-10-28,21.93,1
OFF-LA-10002762,2015-07-26,162.89,1
OFF-LA-10002762,2015-09-20,75.18,1
OFF-LA-10002762,2015-11-29,25.06,1
OFF-LA-10002762,2016-02-21,87.71,1
OFF-LA-10002762,2016-04-24,75.18,1
OFF-LA-10002762,2016-09-18,87.71,1
OFF-LA-10002762,2016-11-20,50.12,1
OFF-LA-10002762,2018-07-08,75.18,1
OFF-LA-10002787,2015-02-08,15.0,1
OFF-LA-10002787,2015-10-25,18.75,1
OFF-LA-10002787,2015-11-22,22.5,1
OFF-LA-10002787,2016-08-14,3.75,1
OFF-LA-10002787,2017-09-24,3.0,1
OFF-LA-10002787,2018-08-05,26.25,1
OFF-LA-10002945,2015-10-04,55.44,1
OFF-LA-10002945,2016-09-25,12.6,1
OFF-LA-10002945,2016-11-13,5.04,1
OFF-LA-10002945,2017-07-09,10.08,1
OFF-LA-10002945,2017-08-27,25.2,1
OFF-LA-10002945,2017-12-24,45.36,1
OFF-LA-10003077,2016-01-24,14.62,1
OFF-LA-10003077,2018-11-04,43.86,1
OFF-LA-10003121,2015-05-10,20.65,1
OFF-LA-10003121,2016-11-27,16.52,1
OFF-LA-10003121,2018-03-25,28.91,1
OFF-LA-10003148,2015-09-20,20.16,1
OFF-LA-10003148,2016-01-03,18.9,1
OFF-LA-10003148,2016-11-20,18.9,1
OFF-LA-10003148,2017-06-18,18.9,1
OFF-LA-10003148,2017-09-24,18.9,1
OFF-LA-10003190,2016-08-28,15.552,2
OFF-LA-10003190,2016-09-11,8.64,1
OFF-LA-10003190,2016-12-25,16.128,2
OFF-LA-10003190,2017-12-17,5.76,1
OFF-LA-10003190,2018-03-18,4.608,1
OFF-LA-10003190,2018-04-22,23.04,1
OFF-LA-10003190,2018-05-06,4.608,1
OFF-LA-10003223,2015-01-04,11.784,1
OFF-LA-10003223,2016-01-17,9.82,1
OFF-LA-10003223,2016-07-10,11.784,1
OFF-LA-10003223,2017-02-05,14.73,1
OFF-LA-10003223,2017-10-15,29.46,1
OFF-LA-10003223,2018-06-24,9.82,1
OFF-LA-10003388,2018-05-06,5.76,1
OFF-LA-10003498,2015-11-01,44.4,1
OFF-LA-10003498,2017-01-22,44.4,1
OFF-LA-10003498,2018-08-05,133.2,1
OFF-LA-10003498,2018-12-16,44.4,1
OFF-LA-10003510,2015-10-25,24.424,1
OFF-LA-10003510,2016-02-21,61.06,1
OFF-LA-10003510,2016-05-15,97.696,1
OFF-LA-10003510,2016-09-25,24.424,1
OFF-LA-10003510,2016-11-06,427.42,1
OFF-LA-10003510,2017-06-25,122.12,1
OFF-LA-10003510,2017-11-19,48.848,1
OFF-LA-10003510,2018-03-11,91.59,1
OFF-LA-10003510,2018-05-06,122.12,1
OFF-LA-10003510,2018-10-21,152.65,1
OFF-LA-10003510,2018-12-09,61.06,1
OFF-LA-10003537,2017-08-27,37.59,1
OFF-LA-10003537,2018-03-11,25.06,1
OFF-LA-10003663,2017-07-30,9.248,1
OFF-LA-10003663,2018-04-01,5.78,1
OFF-LA-10003663,2018-07-29,20.23,1
OFF-LA-10003714,2016-09-25,12.0,1
OFF-LA-10003714,2018-01-21,6.0,1
OFF-LA-10003714,2018-10-21,3.75,1
OFF-LA-10003720,2015-12-20,3.69,1
OFF-LA-10003720,2017-06-11,23.616,1
OFF-LA-10003720,2017-06-25,25.83,1
OFF-LA-10003720,2017-09-10,7.38,1
OFF-LA-10003720,2017-09-17,11.07,1
OFF-LA-10003720,2017-12-31,5.904,1
OFF-LA-10003720,2018-11-18,7.38,1
OFF-LA-10003766,2016-06-05,15.75,1
OFF-LA-10003766,2017-07-23,9.45,2
OFF-LA-10003766,2018-09-30,15.75,1
OFF-LA-10003766,2018-12-09,37.8,2
OFF-LA-10003923,2015-09-13,103.6,1
OFF-LA-10003923,2015-11-29,23.68,1
OFF-LA-10003923,2016-01-03,88.8,1
OFF-LA-10003923,2017-05-07,44.4,1
OFF-LA-10003923,2017-08-13,103.6,1
OFF-LA-10003923,2018-06-10,29.6,1
OFF-LA-10003923,2018-07-01,71.04,1
OFF-LA-10003923,2018-11-04,23.68,1
OFF-LA-10003930,2015-06-14,491.55,1
OFF-LA-10003930,2015-11-29,196.62,1
OFF-LA-10003930,2016-03-20,491.55,1
OFF-LA-10003930,2016-07-03,294.93,1
OFF-LA-10003930,2016-12-11,196.62,1
OFF-LA-10003930,2017-11-05,629.184,1
OFF-LA-10003930,2018-07-08,786.48,1
OFF-LA-10003930,2018-09-30,235.944,1
OFF-LA-10004008,2016-10-30,5.76,1
OFF-LA-10004008,2016-12-18,18.432,1
OFF-LA-10004055,2018-04-15,9.82,1
OFF-LA-10004055,2018-04-29,4.91,1
OFF-LA-10004093,2016-04-24,21.93,1
OFF-LA-10004093,2016-12-11,7.31,1
OFF-LA-10004093,2016-12-25,11.696,1
OFF-LA-10004093,2017-06-11,14.62,1
OFF-LA-10004093,2017-09-03,58.48,1
OFF-LA-10004093,2017-11-12,14.62,1
OFF-LA-10004093,2018-03-18,7.31,1
OFF-LA-10004093,2018-07-22,14.62,1
OFF-LA-10004093,2018-08-19,17.544,1
OFF-LA-10004178,2016-06-05,28.91,1
OFF-LA-10004178,2018-05-20,13.216,1
OFF-LA-10004178,2018-07-29,3.304,1
OFF-LA-10004272,2015-01-11,2.89,1
OFF-LA-10004272,2018-07-15,8.67,1
OFF-LA-10004345,2017-04-30,15.712,1
OFF-LA-10004345,2017-05-28,14.73,1
OFF-LA-10004345,2017-07-30,15.712,1
OFF-LA-10004345,2018-02-18,9.82,1
OFF-LA-10004409,2015-03-22,14.4,1
OFF-LA-10004409,2015-12-13,11.52,1
OFF-LA-10004409,2015-12-27,17.28,1
OFF-LA-10004409,2018-05-06,4.608,1
OFF-LA-10004409,2018-12-09,5.76,1
OFF-LA-10004425,2015-03-01,6.936,1
OFF-LA-10004425,2015-05-10,5.78,1
OFF-LA-10004425,2015-09-27,20.808,1
OFF-LA-10004425,2015-12-27,11.56,1
OFF-LA-10004425,2017-02-19,8.67,1
OFF-LA-10004484,2015-03-29,9.912,1
OFF-LA-10004484,2016-03-20,16.52,1
OFF-LA-10004484,2016-05-22,8.26,1
OFF-LA-10004484,2016-05-29,12.39,1
OFF-LA-10004484,2016-11-06,19.824,1
OFF-LA-10004484,2017-01-22,20.65,1
OFF-LA-10004484,2017-08-06,4.13,1
OFF-LA-10004484,2017-09-24,16.52,1
OFF-LA-10004484,2018-11-04,12.39,1
OFF-LA-10004544,2015-03-22,59.2,1
OFF-LA-10004544,2016-01-03,23.68,1
OFF-LA-10004544,2016-08-07,35.52,1
OFF-LA-10004544,2018-05-06,59.2,1
OFF-LA-10004544,2018-05-20,74.0,1
OFF-LA-10004544,2018-09-02,121.36,2
OFF-LA-10004545,2016-08-07,25.06,1
OFF-LA-10004545,2017-09-10,25.06,1
OFF-LA-10004545,2017-10-08,60.144,1
OFF-LA-10004545,2017-11-05,87.71,1
OFF-LA-10004545,2018-05-13,37.59,1
OFF-LA-10004559,2015-07-12,2.88,1
OFF-LA-10004559,2017-08-27,9.216,1
OFF-LA-10004559,2017-09-17,14.4,1
OFF-LA-10004559,2017-10-15,20.16,1
OFF-LA-10004559,2018-03-11,11.52,1
OFF-LA-10004559,2018-12-16,8.64,1
OFF-LA-10004677,2016-06-19,5.904,1
OFF-LA-10004677,2018-09-30,20.664,1
OFF-LA-10004689,2015-10-04,14.45,1
OFF-LA-10004689,2017-02-05,26.01,1
OFF-LA-10004689,2017-11-26,18.496,1
OFF-LA-10004689,2018-06-10,11.56,1
OFF-LA-10004689,2018-07-01,13.872,1
OFF-LA-10004853,2015-02-15,14.94,1
OFF-LA-10004853,2016-12-11,14.94,1
OFF-LA-10004853,2017-10-01,15.936,1
OFF-LA-10004853,2017-12-10,11.952,1
OFF-LA-10004853,2018-11-18,9.96,1
OFF-LA-10004853,2018-12-02,15.936,1
OFF-PA-10000007,2017-01-29,18.0,1
OFF-PA-10000007,2018-09-09,11.52,1
OFF-PA-10000007,2018-12-09,21.6,1
OFF-PA-10000019,2015-08-23,31.104,1
OFF-PA-10000019,2015-12-13,25.92,1
OFF-PA-10000019,2016-07-17,38.88,1
OFF-PA-10000019,2017-04-09,12.96,1
OFF-PA-10000019,2017-08-20,32.4,1
OFF-PA-10000019,2017-08-27,6.48,1
OFF-PA-10000019,2018-01-14,36.288,1
OFF-PA-10000019,2018-12-23,25.92,1
OFF-PA-10000029,2015-04-12,10.368,1
OFF-PA-10000029,2015-09-27,6.48,1
OFF-PA-10000029,2015-12-20,36.288,1
OFF-PA-10000029,2017-05-28,10.368,1
OFF-PA-10000029,2017-08-13,6.48,1
OFF-PA-10000029,2017-09-17,25.92,1
OFF-PA-10000048,2016-12-11,6.48,1
OFF-PA-10000061,2015-06-07,25.92,1
OFF-PA-10000061,2016-03-20,51.84,1
OFF-PA-10000061,2016-10-16,51.84,1
OFF-PA-10000061,2018-09-09,20.736,1
OFF-PA-10000062,2015-12-13,164.88,1
OFF-PA-10000062,2017-12-03,54.96,1
OFF-PA-10000062,2018-09-23,164.88,1
OFF-PA-10000062,2018-09-30,164.88,1
OFF-PA-10000062,2018-10-21,307.776,1
OFF-PA-10000069,2015-03-01,22.776,1
OFF-PA-10000069,2016-10-23,60.736,1
OFF-PA-10000069,2018-10-14,18.98,1
OFF-PA-10000100,2015-04-12,122.97,1
OFF-PA-10000100,2016-12-11,360.712,1
OFF-PA-10000100,2017-04-16,40.99,1
OFF-PA-10000100,2017-09-10,81.98,1
OFF-PA-10000100,2017-09-24,368.91,1
OFF-PA-10000100,2018-05-20,286.93,1
OFF-PA-10000100,2018-09-02,229.544,1
OFF-PA-10000130,2015-11-15,12.84,1
OFF-PA-10000130,2016-08-21,10.272,1
OFF-PA-10000130,2017-08-13,30.816,1
OFF-PA-10000130,2018-08-26,3.424,1
OFF-PA-10000141,2015-11-08,3.488,1
OFF-PA-10000141,2016-09-04,4.36,1
OFF-PA-10000141,2018-08-26,8.72,1
OFF-PA-10000143,2015-12-13,8.448,1
OFF-PA-10000143,2016-12-11,26.4,1
OFF-PA-10000143,2017-10-08,10.56,1
OFF-PA-10000143,2017-12-31,25.344,1
OFF-PA-10000143,2018-09-09,47.52,1
OFF-PA-10000143,2018-11-11,26.4,1
OFF-PA-10000157,2016-08-21,59.94,1
OFF-PA-10000157,2016-11-06,19.98,1
OFF-PA-10000157,2016-11-20,179.82,1
OFF-PA-10000157,2017-06-11,59.94,1
OFF-PA-10000157,2018-01-21,79.92,1
OFF-PA-10000157,2018-09-02,79.92,1
OFF-PA-10000157,2018-09-09,39.96,1
OFF-PA-10000157,2018-11-04,139.86,1
OFF-PA-10000157,2018-11-11,107.892,2
OFF-PA-10000167,2015-10-18,61.96,1
OFF-PA-10000167,2017-07-09,123.92,1
OFF-PA-10000167,2017-10-08,61.96,1
OFF-PA-10000167,2017-11-26,74.352,1
OFF-PA-10000167,2018-06-24,74.352,1
OFF-PA-10000174,2015-01-04,16.448,1
OFF-PA-10000174,2015-03-01,32.896,1
OFF-PA-10000174,2015-09-13,20.56,1
OFF-PA-10000174,2015-09-27,32.896,1
OFF-PA-10000174,2016-12-04,16.448,1
OFF-PA-10000174,2018-07-08,32.896,1
OFF-PA-10000176,2015-03-15,91.056,1
OFF-PA-10000176,2016-11-27,37.94,1
OFF-PA-10000176,2016-12-25,132.79,1
OFF-PA-10000176,2017-10-01,18.97,1
OFF-PA-10000176,2017-11-05,15.176,1
OFF-PA-10000176,2018-10-21,45.528,1
OFF-PA-10000176,2018-12-23,75.88,1
OFF-PA-10000210,2017-06-11,99.9,1
OFF-PA-10000213,2015-03-15,14.94,1
OFF-PA-10000213,2015-09-20,44.82,1
OFF-PA-10000213,2016-05-08,15.936,1
OFF-PA-10000223,2015-09-13,12.96,1
OFF-PA-10000223,2015-11-08,19.44,1
OFF-PA-10000223,2015-11-22,25.92,1
OFF-PA-10000223,2015-12-27,5.184,1
OFF-PA-10000223,2018-08-12,20.736,1
OFF-PA-10000232,2017-06-18,15.552,1
OFF-PA-10000232,2017-11-26,12.96,1
OFF-PA-10000232,2018-04-01,12.96,1
OFF-PA-10000232,2018-07-08,15.552,1
OFF-PA-10000232,2018-12-16,12.96,1
OFF-PA-10000241,2017-06-18,278.82,2
OFF-PA-10000241,2017-11-26,24.784,1
OFF-PA-10000241,2017-12-17,30.98,1
OFF-PA-10000241,2018-08-26,49.568,1
OFF-PA-10000241,2018-12-09,74.352,1
OFF-PA-10000246,2015-08-23,20.12,1
OFF-PA-10000246,2015-09-20,40.24,1
OFF-PA-10000246,2015-11-08,30.18,1
OFF-PA-10000246,2017-06-04,30.18,1
OFF-PA-10000246,2018-07-22,16.096,1
OFF-PA-10000249,2016-02-21,49.12,1
OFF-PA-10000249,2016-10-23,24.56,1
OFF-PA-10000249,2017-08-06,19.648,1
OFF-PA-10000249,2018-06-10,49.12,1
OFF-PA-10000249,2018-07-08,24.56,1
OFF-PA-10000249,2018-10-21,29.472,1
OFF-PA-10000289,2015-04-12,32.4,1
OFF-PA-10000289,2015-05-24,10.368,1
OFF-PA-10000289,2016-12-18,12.96,1
OFF-PA-10000289,2017-07-09,12.96,1
OFF-PA-10000289,2018-09-09,10.368,1
OFF-PA-10000289,2018-12-23,32.4,1
OFF-PA-10000295,2015-08-16,31.104,1
OFF-PA-10000295,2015-12-20,15.552,1
OFF-PA-10000295,2017-11-05,38.88,1
OFF-PA-10000300,2016-11-27,59.94,1
OFF-PA-10000300,2018-05-20,47.952,1
OFF-PA-10000300,2018-10-28,47.952,1
OFF-PA-10000304,2015-06-28,41.472,1
OFF-PA-10000304,2015-07-05,19.44,1
OFF-PA-10000304,2016-06-12,12.96,1
OFF-PA-10000304,2017-09-17,6.48,1
OFF-PA-10000304,2018-12-09,15.552,1
OFF-PA-10000308,2018-11-25,16.896,1
OFF-PA-10000312,2015-08-16,91.36,1
OFF-PA-10000312,2018-06-17,91.36,1
OFF-PA-10000327,2015-09-27,38.52,1
OFF-PA-10000327,2016-11-27,42.8,1
OFF-PA-10000327,2017-09-10,10.272,1
OFF-PA-10000327,2018-06-24,10.272,1
OFF-PA-10000327,2018-11-04,8.56,1
OFF-PA-10000349,2015-09-06,14.94,1
OFF-PA-10000349,2015-09-20,14.94,1
OFF-PA-10000349,2015-11-01,11.952,1
OFF-PA-10000349,2016-07-03,11.952,1
OFF-PA-10000349,2016-07-17,9.96,1
OFF-PA-10000349,2016-12-04,19.92,1
OFF-PA-10000349,2017-06-04,14.94,1
OFF-PA-10000349,2018-12-09,14.94,1
OFF-PA-10000350,2015-02-08,34.24,1
OFF-PA-10000350,2017-06-25,17.12,1
OFF-PA-10000357,2015-11-22,166.44,1
OFF-PA-10000357,2015-12-20,221.92,1
OFF-PA-10000357,2016-04-03,98.376,1
OFF-PA-10000357,2017-02-05,122.97,1
OFF-PA-10000357,2017-06-04,32.792,1
OFF-PA-10000357,2017-07-02,368.91,1
OFF-PA-10000357,2018-03-25,221.92,1
OFF-PA-10000357,2018-06-17,122.97,1
OFF-PA-10000357,2018-07-08,163.96,1
OFF-PA-10000357,2018-08-26,277.4,1
OFF-PA-10000357,2018-09-09,177.536,1
OFF-PA-10000357,2018-12-09,166.44,1
OFF-PA-10000380,2015-02-01,16.68,1
OFF-PA-10000380,2016-03-27,33.36,1
OFF-PA-10000380,2017-09-24,41.7,1
OFF-PA-10000380,2017-10-01,60.048,1
OFF-PA-10000380,2017-12-03,33.36,1
OFF-PA-10000380,2018-06-10,40.032,1
OFF-PA-10000380,2018-10-21,6.672,1
OFF-PA-10000380,2018-12-09,50.04,1
OFF-PA-10000418,2015-07-26,104.85,1
OFF-PA-10000418,2017-04-23,419.4,1
OFF-PA-10000418,2017-06-25,104.85,1
OFF-PA-10000418,2017-11-26,314.55,1
OFF-PA-10000418,2018-02-04,419.4,1
OFF-PA-10000418,2018-09-09,419.4,1
OFF-PA-10000466,2015-02-15,16.176,1
OFF-PA-10000466,2015-03-22,47.18,1
OFF-PA-10000466,2017-04-02,13.48,1
OFF-PA-10000474,2015-05-10,35.44,1
OFF-PA-10000474,2015-07-12,177.2,1
OFF-PA-10000474,2016-01-10,106.32,1
OFF-PA-10000474,2016-10-02,141.76,1
OFF-PA-10000474,2016-11-20,106.32,1
OFF-PA-10000474,2017-08-06,70.88,1
OFF-PA-10000474,2017-10-01,28.352,1
OFF-PA-10000474,2018-03-25,56.704,1
OFF-PA-10000474,2018-04-08,106.32,1
OFF-PA-10000474,2018-06-10,85.056,1
OFF-PA-10000474,2018-09-23,106.32,1
OFF-PA-10000477,2015-11-01,64.74,1
OFF-PA-10000477,2016-02-21,19.44,1
OFF-PA-10000477,2016-09-11,14.94,1
OFF-PA-10000477,2017-11-05,19.44,1
OFF-PA-10000477,2017-12-24,7.968,1
OFF-PA-10000477,2018-11-25,36.288,1
OFF-PA-10000482,2015-09-13,182.112,1
OFF-PA-10000482,2015-11-01,75.88,1
OFF-PA-10000482,2016-11-27,113.82,1
OFF-PA-10000482,2017-06-04,75.88,1
OFF-PA-10000482,2017-10-29,379.4,1
OFF-PA-10000482,2017-12-10,189.7,1
OFF-PA-10000483,2016-04-24,61.96,1
OFF-PA-10000483,2017-06-18,173.488,1
OFF-PA-10000483,2018-01-14,154.9,1
OFF-PA-10000483,2018-05-20,24.784,1
OFF-PA-10000501,2016-07-17,80.88,1
OFF-PA-10000501,2016-10-02,86.272,1
OFF-PA-10000501,2017-09-10,64.704,1
OFF-PA-10000520,2016-12-11,25.92,1
OFF-PA-10000520,2017-07-02,41.472,1
OFF-PA-10000520,2018-05-27,12.96,1
OFF-PA-10000520,2018-11-11,19.44,1
OFF-PA-10000520,2018-12-02,10.368,1
OFF-PA-10000528,2016-01-03,21.12,1
OFF-PA-10000528,2016-06-05,10.56,1
OFF-PA-10000528,2016-07-24,26.4,1
OFF-PA-10000528,2018-09-02,12.672,1
OFF-PA-10000533,2015-10-04,20.928,1
OFF-PA-10000533,2015-11-01,15.696,1
OFF-PA-10000533,2016-04-03,5.232,1
OFF-PA-10000533,2016-12-11,15.696,1
OFF-PA-10000533,2017-09-24,13.08,1
OFF-PA-10000551,2017-08-20,15.54,1
OFF-PA-10000551,2017-10-15,8.288,1
OFF-PA-10000551,2018-09-30,31.08,1
OFF-PA-10000552,2015-07-12,10.368,1
OFF-PA-10000552,2016-06-12,25.92,1
OFF-PA-10000552,2017-07-09,12.96,1
OFF-PA-10000552,2017-08-20,15.552,1
OFF-PA-10000552,2018-08-19,19.44,1
OFF-PA-10000556,2016-09-11,38.88,1
OFF-PA-10000556,2018-10-07,15.552,1
OFF-PA-10000565,2017-05-21,111.96,1
OFF-PA-10000565,2018-11-11,167.94,1
OFF-PA-10000575,2015-11-29,26.76,1
OFF-PA-10000575,2017-05-28,13.38,1
OFF-PA-10000575,2017-07-02,37.464,1
OFF-PA-10000575,2017-09-10,6.69,1
OFF-PA-10000575,2017-12-10,80.28,1
OFF-PA-10000575,2018-07-01,20.07,1
OFF-PA-10000575,2018-12-09,33.45,1
OFF-PA-10000587,2015-03-08,36.4,1
OFF-PA-10000587,2015-06-21,11.648,1
OFF-PA-10000587,2017-06-18,14.56,1
OFF-PA-10000595,2015-08-23,114.2,1
OFF-PA-10000595,2015-12-20,114.2,1
OFF-PA-10000595,2017-01-01,68.52,1
OFF-PA-10000595,2017-10-29,54.816,1
OFF-PA-10000605,2017-01-01,28.9,1
OFF-PA-10000605,2017-08-27,11.56,1
OFF-PA-10000605,2018-07-15,9.248,1
OFF-PA-10000659,2015-01-25,56.064,1
OFF-PA-10000659,2015-08-09,20.94,1
OFF-PA-10000659,2016-03-27,192.72,1
OFF-PA-10000659,2016-07-03,11.168,1
OFF-PA-10000659,2017-03-19,70.08,1
OFF-PA-10000659,2017-12-10,62.82,1
OFF-PA-10000659,2018-05-13,87.6,1
OFF-PA-10000673,2018-09-23,50.96,1
OFF-PA-10000673,2018-10-14,11.648,1
OFF-PA-10000675,2015-03-22,122.97,1
OFF-PA-10000675,2015-09-27,81.98,1
OFF-PA-10000675,2016-11-27,368.91,1
OFF-PA-10000675,2017-08-27,122.97,1
OFF-PA-10000675,2018-05-06,163.96,1
OFF-PA-10000675,2018-07-01,204.95,1
OFF-PA-10000675,2018-10-21,204.95,1
OFF-PA-10000675,2018-11-25,229.544,1
OFF-PA-10000682,2015-09-20,4.624,1
OFF-PA-10000682,2017-11-12,4.624,1
OFF-PA-10000682,2018-03-04,23.12,1
OFF-PA-10000682,2018-06-03,27.744,1
OFF-PA-10000697,2017-05-21,15.232,1
OFF-PA-10000697,2017-11-19,15.232,1
OFF-PA-10000697,2018-06-17,19.04,1
OFF-PA-10000726,2016-11-13,63.77,1
OFF-PA-10000726,2016-12-18,36.44,1
OFF-PA-10000726,2017-10-22,51.016,1
OFF-PA-10000726,2018-05-06,9.11,1
OFF-PA-10000740,2017-10-15,45.68,1
OFF-PA-10000740,2018-04-01,45.68,1
OFF-PA-10000740,2018-06-24,146.176,1
OFF-PA-10000743,2016-04-03,33.4,1
OFF-PA-10000743,2016-11-27,40.08,1
OFF-PA-10000743,2018-04-01,20.04,1
OFF-PA-10000743,2018-06-03,10.688,1
OFF-PA-10000743,2018-07-22,13.36,1
OFF-PA-10000788,2015-09-13,15.552,1
OFF-PA-10000788,2015-10-25,10.368,1
OFF-PA-10000788,2016-04-17,31.104,1
OFF-PA-10000788,2017-07-02,12.96,1
OFF-PA-10000788,2018-12-02,15.552,1
OFF-PA-10000788,2018-12-16,10.368,1
OFF-PA-10000791,2016-02-14,9.54,1
OFF-PA-10000791,2017-02-19,4.77,1
OFF-PA-10000791,2017-05-21,30.528,1
OFF-PA-10000791,2018-04-01,42.93,1
OFF-PA-10000791,2018-07-15,3.816,1
OFF-PA-10000791,2018-11-04,23.85,1
OFF-PA-10000806,2015-08-09,447.84,1
OFF-PA-10000806,2015-11-01,167.94,1
OFF-PA-10000806,2017-06-18,111.96,1
OFF-PA-10000806,2018-01-28,279.9,1
OFF-PA-10000806,2018-03-04,89.568,1
OFF-PA-10000807,2017-04-16,10.272,1
OFF-PA-10000807,2017-09-17,21.4,1
OFF-PA-10000807,2018-09-23,38.52,1
OFF-PA-10000809,2016-08-28,10.368,1
OFF-PA-10000809,2017-02-19,5.184,1
OFF-PA-10000809,2017-04-16,19.44,1
OFF-PA-10000809,2017-06-25,10.368,1
OFF-PA-10000809,2018-06-03,15.552,1
OFF-PA-10000859,2018-04-01,11.94,1
OFF-PA-10000859,2018-09-09,6.368,1
OFF-PA-10000919,2015-03-22,155.04,1
OFF-PA-10000955,2015-01-11,6.54,1
OFF-PA-10000955,2015-11-29,15.696,1
OFF-PA-10000955,2017-11-26,15.696,1
OFF-PA-10000994,2016-11-27,335.52,1
OFF-PA-10000994,2017-05-28,314.55,1
OFF-PA-10000994,2017-06-04,629.1,1
OFF-PA-10000994,2017-12-10,104.85,1
OFF-PA-10000994,2018-04-15,251.64,1
OFF-PA-10000994,2018-10-07,104.85,1
OFF-PA-10000994,2018-12-30,838.8,2
OFF-PA-10001001,2017-05-07,93.248,1
OFF-PA-10001019,2015-08-09,39.96,1
OFF-PA-10001019,2015-11-08,143.856,1
OFF-PA-10001019,2016-04-10,47.952,1
OFF-PA-10001019,2016-06-26,47.952,1
OFF-PA-10001019,2016-11-27,59.94,1
OFF-PA-10001019,2017-06-25,19.98,1
OFF-PA-10001019,2018-10-21,39.96,1
OFF-PA-10001019,2018-12-09,143.856,1
OFF-PA-10001033,2015-11-15,262.336,1
OFF-PA-10001033,2015-11-29,81.98,1
OFF-PA-10001033,2015-12-06,98.376,1
OFF-PA-10001033,2017-01-15,81.98,1
OFF-PA-10001033,2017-07-23,245.94,1
OFF-PA-10001033,2018-02-04,65.584,1
OFF-PA-10001033,2018-03-11,286.93,1
OFF-PA-10001033,2018-04-15,65.584,1
OFF-PA-10001033,2018-09-16,163.96,1
OFF-PA-10001033,2018-10-07,40.99,1
OFF-PA-10001033,2018-11-04,40.99,1
OFF-PA-10001125,2015-08-23,223.056,1
OFF-PA-10001125,2016-03-27,74.352,1
OFF-PA-10001125,2016-06-05,173.488,1
OFF-PA-10001125,2016-10-02,154.9,1
OFF-PA-10001125,2016-11-13,92.94,1
OFF-PA-10001125,2017-12-10,123.92,1
OFF-PA-10001125,2018-02-25,123.92,1
OFF-PA-10001125,2018-03-25,61.96,1
OFF-PA-10001125,2018-09-16,74.352,1
OFF-PA-10001144,2015-07-05,310.688,1
OFF-PA-10001144,2015-08-09,110.96,1
OFF-PA-10001144,2015-09-13,166.44,1
OFF-PA-10001144,2018-04-01,110.96,1
OFF-PA-10001144,2018-12-23,166.44,1
OFF-PA-10001166,2015-06-21,15.552,1
OFF-PA-10001166,2015-11-01,10.368,1
OFF-PA-10001166,2015-11-29,15.552,1
OFF-PA-10001166,2016-04-24,12.96,1
OFF-PA-10001166,2016-10-30,10.368,1
OFF-PA-10001166,2016-12-11,85.056,1
OFF-PA-10001166,2017-01-15,15.552,1
OFF-PA-10001166,2018-02-04,5.184,1
OFF-PA-10001166,2018-05-06,25.92,1
OFF-PA-10001166,2018-05-27,25.92,1
OFF-PA-10001184,2015-10-18,19.136,1
OFF-PA-10001184,2016-04-17,11.96,1
OFF-PA-10001184,2016-10-23,17.94,1
OFF-PA-10001184,2016-12-11,41.86,1
OFF-PA-10001184,2016-12-25,29.9,1
OFF-PA-10001184,2018-02-18,17.94,1
OFF-PA-10001204,2015-02-01,10.56,1
OFF-PA-10001204,2015-03-15,10.56,1
OFF-PA-10001204,2017-09-17,8.448,1
OFF-PA-10001204,2018-10-28,8.448,1
OFF-PA-10001204,2018-11-25,8.448,1
OFF-PA-10001215,2015-03-15,8.448,1
OFF-PA-10001215,2018-11-04,26.4,1
OFF-PA-10001243,2015-12-27,23.92,1
OFF-PA-10001243,2017-04-02,5.98,1
OFF-PA-10001246,2018-06-17,19.44,1
OFF-PA-10001260,2017-05-14,32.04,1
OFF-PA-10001260,2018-01-21,56.07,1
OFF-PA-10001274,2016-11-13,7.3,1
OFF-PA-10001274,2016-11-27,10.95,1
OFF-PA-10001281,2018-04-15,191.6,1
OFF-PA-10001289,2015-08-09,93.024,1
OFF-PA-10001289,2015-10-04,77.52,1
OFF-PA-10001289,2015-12-27,124.032,1
OFF-PA-10001289,2016-12-25,116.28,1
OFF-PA-10001289,2017-02-05,348.84,1
OFF-PA-10001289,2017-11-19,217.056,1
OFF-PA-10001289,2017-12-31,186.048,1
OFF-PA-10001289,2018-09-02,116.28,1
OFF-PA-10001293,2016-10-09,20.736,1
OFF-PA-10001293,2017-05-28,45.36,1
OFF-PA-10001293,2018-12-09,12.96,1
OFF-PA-10001295,2015-12-27,45.528,1
OFF-PA-10001295,2016-10-02,94.85,1
OFF-PA-10001295,2016-12-25,106.232,1
OFF-PA-10001295,2017-04-02,45.528,1
OFF-PA-10001295,2017-10-15,37.94,1
OFF-PA-10001295,2017-12-24,37.94,1
OFF-PA-10001295,2018-10-07,37.94,1
OFF-PA-10001307,2016-07-03,6.72,1
OFF-PA-10001307,2016-08-07,8.4,1
OFF-PA-10001307,2016-12-25,12.6,1
OFF-PA-10001307,2018-03-04,26.88,1
OFF-PA-10001357,2016-08-14,143.7,1
OFF-PA-10001357,2016-11-13,76.64,1
OFF-PA-10001357,2017-09-10,239.5,1
OFF-PA-10001357,2017-12-03,47.9,1
OFF-PA-10001357,2018-10-07,143.7,1
OFF-PA-10001363,2015-05-10,24.56,1
OFF-PA-10001363,2015-11-29,85.96,1
OFF-PA-10001363,2015-12-06,49.12,1
OFF-PA-10001363,2017-11-12,61.4,1
OFF-PA-10001363,2018-11-18,73.68,1
OFF-PA-10001450,2016-09-18,19.92,1
OFF-PA-10001457,2015-10-04,96.256,1
OFF-PA-10001457,2015-12-13,90.24,1
OFF-PA-10001461,2017-07-16,60.12,1
OFF-PA-10001461,2018-09-02,26.72,1
OFF-PA-10001471,2015-05-31,14.62,1
OFF-PA-10001471,2017-07-23,21.93,1
OFF-PA-10001471,2017-09-24,65.79,1
OFF-PA-10001471,2017-12-17,14.62,1
OFF-PA-10001497,2016-10-30,131.904,1
OFF-PA-10001497,2017-05-07,109.92,1
OFF-PA-10001497,2017-06-18,219.84,1
OFF-PA-10001497,2017-07-16,219.84,1
OFF-PA-10001497,2018-07-15,274.8,1
OFF-PA-10001509,2015-11-15,62.65,1
OFF-PA-10001509,2016-12-11,44.75,1
OFF-PA-10001509,2017-10-15,71.6,1
OFF-PA-10001509,2017-11-19,44.75,1
OFF-PA-10001509,2018-12-30,44.75,1
OFF-PA-10001526,2015-05-24,15.936,1
OFF-PA-10001526,2015-07-12,35.856,1
OFF-PA-10001526,2016-04-10,7.968,1
OFF-PA-10001526,2016-05-01,7.968,1
OFF-PA-10001526,2016-12-25,9.96,1
OFF-PA-10001526,2017-05-28,4.98,1
OFF-PA-10001526,2018-05-20,27.888,1
OFF-PA-10001534,2017-06-11,12.96,1
OFF-PA-10001534,2018-03-18,45.36,1
OFF-PA-10001534,2018-04-22,20.736,1
OFF-PA-10001534,2018-06-03,15.552,1
OFF-PA-10001534,2018-06-24,32.4,1
OFF-PA-10001560,2015-05-24,4.832,1
OFF-PA-10001560,2016-03-20,14.496,1
OFF-PA-10001560,2016-11-13,42.28,1
OFF-PA-10001560,2017-04-23,9.664,1
OFF-PA-10001560,2018-11-04,9.664,1
OFF-PA-10001569,2015-04-19,71.28,1
OFF-PA-10001569,2015-12-13,10.368,1
OFF-PA-10001569,2017-06-18,32.4,1
OFF-PA-10001569,2017-09-24,6.48,1
OFF-PA-10001583,2015-11-22,5.88,1
OFF-PA-10001583,2016-11-27,44.1,1
OFF-PA-10001593,2015-04-05,33.488,1
OFF-PA-10001593,2017-10-15,19.136,1
OFF-PA-10001593,2018-02-11,29.9,1
OFF-PA-10001593,2018-06-03,11.96,1
OFF-PA-10001593,2018-12-02,41.86,1
OFF-PA-10001609,2015-11-22,6.58,1
OFF-PA-10001609,2016-04-03,9.87,1
OFF-PA-10001609,2016-07-10,6.58,1
OFF-PA-10001609,2017-07-09,23.688,1
OFF-PA-10001609,2017-11-19,16.45,1
OFF-PA-10001609,2017-11-26,10.528,1
OFF-PA-10001622,2015-05-31,13.62,1
OFF-PA-10001622,2015-09-13,10.896,1
OFF-PA-10001622,2017-11-26,9.08,1
OFF-PA-10001622,2018-07-01,4.54,1
OFF-PA-10001639,2015-08-23,15.552,1
OFF-PA-10001639,2016-11-20,32.4,1
OFF-PA-10001639,2018-06-17,19.44,1
OFF-PA-10001639,2018-06-24,31.104,1
OFF-PA-10001639,2018-08-26,25.92,1
OFF-PA-10001639,2018-09-23,19.44,1
OFF-PA-10001661,2016-06-19,11.952,1
OFF-PA-10001667,2015-08-09,5.98,1
OFF-PA-10001667,2016-11-13,17.94,1
OFF-PA-10001667,2016-12-25,17.94,1
OFF-PA-10001667,2017-05-28,62.192,1
OFF-PA-10001667,2017-09-17,9.568,1
OFF-PA-10001667,2017-10-01,29.9,1
OFF-PA-10001667,2018-01-28,11.96,1
OFF-PA-10001667,2018-10-21,14.352,1
OFF-PA-10001685,2015-06-07,16.224,1
OFF-PA-10001685,2017-11-26,70.98,1
OFF-PA-10001685,2017-12-10,40.56,1
OFF-PA-10001685,2018-09-09,73.008,1
OFF-PA-10001685,2018-10-28,56.784,1
OFF-PA-10001712,2015-05-31,39.96,1
OFF-PA-10001712,2016-09-18,69.93,1
OFF-PA-10001712,2018-04-15,39.96,1
OFF-PA-10001725,2017-11-05,116.28,1
OFF-PA-10001736,2016-04-03,212.64,1
OFF-PA-10001736,2017-02-19,70.88,1
OFF-PA-10001736,2017-10-15,35.44,1
OFF-PA-10001736,2017-12-10,248.08,1
OFF-PA-10001736,2018-05-20,56.704,1
OFF-PA-10001745,2017-06-25,45.056,1
OFF-PA-10001745,2018-10-14,35.2,1
OFF-PA-10001745,2018-12-23,28.16,1
OFF-PA-10001752,2015-11-22,9.96,1
OFF-PA-10001752,2018-05-13,14.94,1
OFF-PA-10001752,2018-08-05,7.968,1
OFF-PA-10001763,2016-07-17,29.97,1
OFF-PA-10001763,2017-11-12,19.98,1
OFF-PA-10001776,2016-09-18,18.54,1
OFF-PA-10001776,2016-12-04,18.54,1
OFF-PA-10001776,2017-04-09,27.81,1
OFF-PA-10001776,2017-06-18,46.35,1
OFF-PA-10001776,2017-11-12,22.248,1
OFF-PA-10001776,2017-12-10,18.54,1
OFF-PA-10001776,2018-06-17,18.54,1
OFF-PA-10001776,2018-08-12,29.664,1
OFF-PA-10001790,2016-11-13,211.376,2
OFF-PA-10001790,2017-05-28,144.12,1
OFF-PA-10001790,2017-11-26,38.432,1
OFF-PA-10001790,2018-08-26,192.16,1
OFF-PA-10001800,2015-02-22,19.44,1
OFF-PA-10001800,2015-09-13,10.368,1
OFF-PA-10001800,2015-11-29,25.92,1
OFF-PA-10001800,2018-09-09,28.512,2
OFF-PA-10001800,2018-09-30,10.368,1
OFF-PA-10001800,2018-11-04,19.44,1
OFF-PA-10001800,2018-11-11,31.104,1
OFF-PA-10001801,2016-09-25,23.92,1
OFF-PA-10001801,2017-03-12,17.94,1
OFF-PA-10001801,2017-10-22,35.88,1
OFF-PA-10001804,2015-01-25,40.08,1
OFF-PA-10001804,2015-03-22,21.376,1
OFF-PA-10001804,2015-07-12,16.032,1
OFF-PA-10001804,2015-10-04,10.688,1
OFF-PA-10001804,2015-12-13,10.688,1
OFF-PA-10001804,2017-10-15,20.04,1
OFF-PA-10001804,2018-01-14,40.08,1
OFF-PA-10001804,2018-04-29,5.344,1
OFF-PA-10001815,2015-11-29,144.12,1
OFF-PA-10001815,2016-08-14,144.12,1
OFF-PA-10001815,2017-09-10,192.16,1
OFF-PA-10001815,2018-03-18,288.24,1
OFF-PA-10001815,2018-06-17,192.16,1
OFF-PA-10001826,2016-12-04,19.44,1
OFF-PA-10001826,2018-04-15,20.736,1
OFF-PA-10001837,2015-08-23,15.552,1
OFF-PA-10001837,2017-09-17,20.736,1
OFF-PA-10001838,2015-10-04,9.408,1
OFF-PA-10001838,2016-04-03,23.52,1
OFF-PA-10001838,2016-06-05,11.76,1
OFF-PA-10001838,2017-03-26,17.64,1
OFF-PA-10001838,2017-09-17,17.64,1
OFF-PA-10001838,2018-02-18,11.76,1
OFF-PA-10001838,2018-09-30,11.76,1
OFF-PA-10001838,2018-11-04,11.76,1
OFF-PA-10001838,2018-11-25,5.88,1
OFF-PA-10001838,2018-12-09,11.76,1
OFF-PA-10001846,2015-08-23,11.56,1
OFF-PA-10001846,2016-07-17,18.496,1
OFF-PA-10001846,2017-06-04,18.496,1
OFF-PA-10001846,2018-09-23,9.248,1
OFF-PA-10001846,2018-11-18,11.56,1
OFF-PA-10001870,2016-06-19,6.48,1
OFF-PA-10001870,2016-10-02,19.44,1
OFF-PA-10001870,2017-06-25,54.432,2
OFF-PA-10001870,2017-08-13,32.4,1
OFF-PA-10001870,2017-08-27,19.44,1
OFF-PA-10001870,2017-09-10,25.92,1
OFF-PA-10001870,2018-11-11,12.96,1
OFF-PA-10001878,2015-03-08,97.82,1
OFF-PA-10001878,2015-04-26,48.91,1
OFF-PA-10001878,2016-08-21,313.024,1
OFF-PA-10001878,2017-10-08,97.82,1
OFF-PA-10001878,2018-04-08,244.55,1
OFF-PA-10001878,2018-07-08,273.896,1
OFF-PA-10001878,2018-08-12,244.55,1
OFF-PA-10001892,2017-03-05,42.784,1
OFF-PA-10001892,2017-07-23,7.64,1
OFF-PA-10001892,2017-10-22,22.92,1
OFF-PA-10001892,2018-06-17,12.224,1
OFF-PA-10001892,2018-12-09,24.448,1
OFF-PA-10001934,2015-08-23,19.44,1
OFF-PA-10001934,2017-03-12,12.96,1
OFF-PA-10001934,2017-03-19,5.184,1
OFF-PA-10001934,2017-04-09,25.92,1
OFF-PA-10001934,2017-07-23,51.84,1
OFF-PA-10001934,2018-03-18,15.552,1
OFF-PA-10001934,2018-07-22,6.48,1
OFF-PA-10001934,2018-10-14,10.368,1
OFF-PA-10001937,2015-08-09,15.552,1
OFF-PA-10001937,2016-01-03,10.368,1
OFF-PA-10001937,2016-06-19,20.736,1
OFF-PA-10001937,2016-08-21,36.288,1
OFF-PA-10001937,2016-09-18,15.552,1
OFF-PA-10001937,2018-10-28,15.552,1
OFF-PA-10001937,2018-12-16,10.368,1
OFF-PA-10001947,2015-11-15,11.96,1
OFF-PA-10001947,2015-12-27,9.568,1
OFF-PA-10001947,2016-03-20,11.96,1
OFF-PA-10001947,2016-08-21,23.92,1
OFF-PA-10001950,2016-03-27,40.032,1
OFF-PA-10001950,2016-06-05,58.38,1
OFF-PA-10001950,2017-07-02,75.06,1
OFF-PA-10001950,2017-07-16,20.016,1
OFF-PA-10001952,2015-06-21,36.544,1
OFF-PA-10001952,2016-05-08,45.68,1
OFF-PA-10001954,2015-12-13,45.68,1
OFF-PA-10001954,2016-05-15,127.904,1
OFF-PA-10001954,2017-03-19,365.44,2
OFF-PA-10001954,2017-12-03,182.72,1
OFF-PA-10001970,2015-07-12,49.12,1
OFF-PA-10001970,2016-02-21,36.84,1
OFF-PA-10001970,2016-09-04,279.9,1
OFF-PA-10001970,2016-09-11,36.84,1
OFF-PA-10001970,2016-09-25,61.4,1
OFF-PA-10001970,2016-12-04,85.96,1
OFF-PA-10001970,2017-04-30,29.472,1
OFF-PA-10001970,2017-06-18,313.488,1
OFF-PA-10001970,2017-09-03,73.67999999999999,2
OFF-PA-10001970,2017-10-15,111.96,1
OFF-PA-10001970,2017-11-19,19.648,1
OFF-PA-10001970,2018-01-21,12.28,1
OFF-PA-10001970,2018-03-04,223.92,1
OFF-PA-10001970,2018-06-24,447.84,1
OFF-PA-10001970,2018-07-08,24.56,1
OFF-PA-10001970,2018-08-12,24.56,1
OFF-PA-10001970,2018-12-09,55.98,1
OFF-PA-10001970,2018-12-23,279.9,1
OFF-PA-10001972,2015-12-06,62.208,2
OFF-PA-10001972,2016-09-25,32.4,1
OFF-PA-10001972,2017-12-17,51.84,1
OFF-PA-10001972,2017-12-31,10.368,1
OFF-PA-10001972,2018-03-18,6.48,1
OFF-PA-10001972,2018-11-25,12.96,1
OFF-PA-10001972,2018-12-02,19.44,1
OFF-PA-10001972,2018-12-30,19.44,1
OFF-PA-10001977,2015-04-12,55.48,1
OFF-PA-10001977,2015-07-05,177.536,1
OFF-PA-10001977,2017-03-05,166.44,1
OFF-PA-10001977,2018-11-18,44.384,1
OFF-PA-10001994,2017-03-26,22.48,1
OFF-PA-10001994,2017-08-13,53.952,1
OFF-PA-10001994,2018-12-23,44.96,1
OFF-PA-10002001,2018-09-23,12.96,1
OFF-PA-10002005,2015-01-11,19.44,1
OFF-PA-10002005,2015-07-05,25.92,1
OFF-PA-10002005,2016-11-27,19.44,1
OFF-PA-10002005,2017-03-26,20.736,1
OFF-PA-10002005,2017-12-31,45.36,1
OFF-PA-10002005,2018-04-22,20.736,1
OFF-PA-10002005,2018-09-16,19.44,1
OFF-PA-10002005,2018-09-23,12.96,1
OFF-PA-10002005,2018-12-16,12.96,1
OFF-PA-10002036,2016-12-18,32.4,1
OFF-PA-10002036,2017-09-10,10.368,1
OFF-PA-10002036,2018-06-03,25.92,1
OFF-PA-10002036,2018-06-24,38.88,1
OFF-PA-10002036,2018-09-09,31.104,1
OFF-PA-10002105,2015-10-04,6.48,1
OFF-PA-10002105,2016-03-20,19.44,1
OFF-PA-10002105,2017-10-29,32.4,1
OFF-PA-10002109,2015-10-25,3.808,1
OFF-PA-10002109,2018-09-30,11.424,1
OFF-PA-10002120,2015-03-15,131.904,1
OFF-PA-10002120,2016-06-05,274.8,1
OFF-PA-10002120,2017-07-30,109.92,1
OFF-PA-10002137,2015-03-15,108.92,1
OFF-PA-10002137,2015-11-15,87.136,2
OFF-PA-10002137,2015-11-22,12.448,1
OFF-PA-10002137,2018-03-04,7.78,1
OFF-PA-10002137,2018-11-25,7.78,1
OFF-PA-10002137,2018-12-09,38.9,1
OFF-PA-10002160,2015-08-30,17.34,1
OFF-PA-10002160,2016-05-29,32.368,1
OFF-PA-10002160,2016-11-13,17.34,1
OFF-PA-10002160,2016-12-25,17.34,1
OFF-PA-10002160,2017-06-18,23.12,1
OFF-PA-10002160,2017-08-27,34.68,1
OFF-PA-10002160,2017-11-05,9.248,1
OFF-PA-10002160,2018-11-18,23.12,1
OFF-PA-10002195,2015-03-22,5.184,1
OFF-PA-10002195,2015-04-05,12.96,1
OFF-PA-10002195,2015-07-26,6.48,1
OFF-PA-10002195,2015-11-01,10.16,1
OFF-PA-10002195,2015-12-06,15.24,1
OFF-PA-10002195,2017-09-10,12.192,1
OFF-PA-10002195,2017-09-17,12.96,1
OFF-PA-10002195,2018-07-08,31.104,1
OFF-PA-10002195,2018-08-26,10.368,1
OFF-PA-10002195,2018-09-02,12.192,1
OFF-PA-10002195,2018-10-21,4.064,1
OFF-PA-10002222,2015-12-13,91.36,1
OFF-PA-10002222,2016-09-25,45.68,1
OFF-PA-10002222,2016-12-04,114.2,1
OFF-PA-10002222,2017-09-10,91.36,1
OFF-PA-10002222,2017-09-24,159.88,1
OFF-PA-10002222,2018-12-23,91.36,1
OFF-PA-10002230,2015-07-26,19.92,1
OFF-PA-10002230,2015-10-18,7.968,1
OFF-PA-10002230,2016-05-08,7.968,1
OFF-PA-10002230,2018-09-16,31.872,1
OFF-PA-10002245,2015-07-12,14.352,1
OFF-PA-10002245,2015-11-22,53.82,1
OFF-PA-10002245,2016-06-19,9.568,1
OFF-PA-10002245,2016-10-09,23.92,1
OFF-PA-10002245,2017-09-24,35.88,1
OFF-PA-10002245,2018-09-30,35.88,1
OFF-PA-10002245,2018-12-16,17.94,1
OFF-PA-10002246,2015-09-27,19.35,1
OFF-PA-10002246,2017-09-03,46.44,2
OFF-PA-10002246,2017-11-12,12.9,1
OFF-PA-10002246,2018-07-08,30.96,1
OFF-PA-10002246,2018-12-09,10.32,1
OFF-PA-10002250,2016-05-22,14.088,1
OFF-PA-10002250,2016-07-03,9.392,1
OFF-PA-10002250,2017-09-17,17.61,1
OFF-PA-10002250,2017-12-10,9.392,1
OFF-PA-10002250,2017-12-31,23.48,1
OFF-PA-10002250,2018-05-06,17.61,1
OFF-PA-10002250,2018-11-04,46.96,1
OFF-PA-10002254,2016-03-27,295.456,1
OFF-PA-10002254,2016-06-05,105.52,1
OFF-PA-10002254,2016-12-11,184.66,1
OFF-PA-10002254,2017-02-05,105.52,1
OFF-PA-10002254,2018-03-11,26.38,1
OFF-PA-10002254,2018-04-15,79.14,1
OFF-PA-10002254,2018-05-06,84.416,1
OFF-PA-10002259,2015-03-15,22.38,1
OFF-PA-10002259,2015-09-13,17.904,1
OFF-PA-10002259,2015-11-22,35.808,1
OFF-PA-10002262,2015-11-15,32.4,1
OFF-PA-10002262,2016-04-10,25.92,1
OFF-PA-10002262,2017-07-23,32.4,1
OFF-PA-10002262,2017-12-03,25.92,1
OFF-PA-10002262,2018-01-28,6.48,1
OFF-PA-10002262,2018-09-16,19.44,1
OFF-PA-10002319,2015-05-24,116.28,1
OFF-PA-10002319,2015-06-07,62.016,1
OFF-PA-10002319,2016-08-28,193.8,1
OFF-PA-10002319,2017-08-27,31.008,1
OFF-PA-10002319,2017-09-24,77.52,1
OFF-PA-10002319,2017-10-15,93.024,1
OFF-PA-10002333,2018-05-20,15.552,1
OFF-PA-10002365,2015-03-22,15.552,1
OFF-PA-10002365,2015-07-12,32.4,1
OFF-PA-10002365,2016-09-18,12.96,1
OFF-PA-10002365,2016-12-25,12.96,1
OFF-PA-10002365,2018-04-15,15.552,1
OFF-PA-10002377,2015-08-02,78.304,1
OFF-PA-10002377,2016-02-28,22.72,1
OFF-PA-10002377,2016-04-24,117.456,1
OFF-PA-10002377,2016-10-02,146.82,1
OFF-PA-10002377,2016-12-18,97.88,1
OFF-PA-10002377,2017-04-23,22.72,1
OFF-PA-10002377,2017-09-24,17.04,1
OFF-PA-10002377,2017-10-15,39.152,1
OFF-PA-10002377,2018-02-04,78.304,1
OFF-PA-10002377,2018-03-25,274.064,1
OFF-PA-10002377,2018-06-10,36.352,1
OFF-PA-10002377,2018-09-23,22.72,1
OFF-PA-10002377,2018-10-07,17.04,1
OFF-PA-10002377,2018-11-25,34.08,1
OFF-PA-10002421,2017-04-23,108.336,1
OFF-PA-10002421,2017-11-12,103.822,2
OFF-PA-10002421,2017-12-31,72.224,1
OFF-PA-10002464,2016-09-18,28.9,1
OFF-PA-10002464,2017-12-03,40.46,1
OFF-PA-10002464,2018-02-11,23.12,1
OFF-PA-10002464,2018-06-03,13.872,1
OFF-PA-10002479,2015-11-15,15.84,1
OFF-PA-10002479,2017-11-19,5.28,1
OFF-PA-10002479,2018-04-15,5.28,1
OFF-PA-10002479,2018-06-03,25.344,1
OFF-PA-10002479,2018-09-02,25.344,1
OFF-PA-10002479,2018-10-28,26.4,1
OFF-PA-10002479,2018-11-18,10.56,1
OFF-PA-10002479,2018-12-02,25.344,1
OFF-PA-10002499,2016-08-28,97.88,1
OFF-PA-10002499,2018-09-02,146.82,1
OFF-PA-10002552,2017-12-17,19.44,1
OFF-PA-10002552,2018-10-21,12.96,1
OFF-PA-10002558,2018-11-18,268.24,1
OFF-PA-10002581,2015-03-22,74.352,1
OFF-PA-10002581,2015-10-18,322.192,1
OFF-PA-10002581,2017-05-07,49.568,1
OFF-PA-10002581,2018-04-01,74.352,1
OFF-PA-10002581,2018-10-07,61.96,1
OFF-PA-10002586,2015-11-29,14.94,1
OFF-PA-10002586,2016-01-03,14.94,1
OFF-PA-10002586,2016-11-27,14.94,1
OFF-PA-10002586,2016-12-11,19.92,1
OFF-PA-10002586,2017-09-24,11.952,1
OFF-PA-10002586,2018-09-16,24.9,1
OFF-PA-10002606,2016-06-05,42.24,1
OFF-PA-10002606,2016-09-11,26.4,1
OFF-PA-10002606,2017-08-27,47.52,1
OFF-PA-10002606,2018-09-30,8.448,1
OFF-PA-10002615,2016-04-03,17.64,1
OFF-PA-10002615,2017-08-27,3.528,1
OFF-PA-10002615,2017-09-10,30.87,1
OFF-PA-10002615,2017-12-10,10.584,1
OFF-PA-10002615,2018-04-01,17.64,1
OFF-PA-10002615,2018-09-16,8.82,1
OFF-PA-10002615,2018-11-11,4.41,1
OFF-PA-10002615,2018-12-23,13.23,1
OFF-PA-10002659,2015-08-30,3.38,1
OFF-PA-10002659,2016-11-06,13.52,1
OFF-PA-10002659,2016-12-04,23.66,1
OFF-PA-10002659,2018-09-09,16.9,1
OFF-PA-10002659,2018-10-14,10.816,1
OFF-PA-10002666,2017-04-23,36.24,1
OFF-PA-10002666,2017-08-27,81.54,1
OFF-PA-10002666,2018-06-24,21.744,1
OFF-PA-10002666,2018-09-23,27.18,1
OFF-PA-10002689,2015-05-10,45.36,1
OFF-PA-10002689,2015-12-20,25.92,1
OFF-PA-10002689,2016-05-01,6.48,1
OFF-PA-10002689,2017-05-28,19.44,1
OFF-PA-10002689,2018-07-29,58.32,1
OFF-PA-10002709,2015-08-02,65.78,1
OFF-PA-10002709,2018-12-09,23.92,1
OFF-PA-10002713,2016-12-11,41.28,1
OFF-PA-10002713,2017-04-09,34.4,1
OFF-PA-10002713,2017-09-03,48.16,1
OFF-PA-10002713,2017-12-03,13.76,1
OFF-PA-10002713,2018-05-06,34.4,1
OFF-PA-10002713,2018-08-05,13.76,1
OFF-PA-10002713,2018-09-23,13.76,1
OFF-PA-10002713,2018-12-09,27.52,1
OFF-PA-10002741,2018-03-25,25.68,1
OFF-PA-10002741,2018-09-16,8.56,1
OFF-PA-10002749,2016-03-20,40.14,1
OFF-PA-10002749,2018-07-08,16.056,1
OFF-PA-10002749,2018-11-18,16.056,1
OFF-PA-10002751,2016-02-07,29.9,1
OFF-PA-10002751,2016-02-21,35.88,1
OFF-PA-10002751,2017-05-14,23.92,2
OFF-PA-10002764,2017-02-05,56.7,1
OFF-PA-10002764,2018-03-04,68.04,1
OFF-PA-10002764,2018-11-11,45.36,1
OFF-PA-10002787,2016-08-21,10.368,1
OFF-PA-10002787,2016-12-25,10.368,1
OFF-PA-10002787,2017-04-16,12.96,1
OFF-PA-10002787,2017-11-12,31.104,1
OFF-PA-10002787,2018-06-10,20.736,1
OFF-PA-10002787,2018-07-29,12.96,1
OFF-PA-10002787,2018-09-30,15.552,1
OFF-PA-10002787,2018-12-23,6.48,1
OFF-PA-10002870,2016-07-03,24.96,1
OFF-PA-10002870,2017-07-02,12.48,1
OFF-PA-10002870,2018-02-25,37.44,1
OFF-PA-10002870,2018-05-13,37.44,1
OFF-PA-10002870,2018-06-10,12.48,1
OFF-PA-10002893,2015-01-25,19.36,1
OFF-PA-10002893,2015-05-31,48.4,1
OFF-PA-10002893,2016-01-24,29.04,1
OFF-PA-10002893,2017-05-28,19.36,1
OFF-PA-10002893,2018-12-09,9.68,1
OFF-PA-10002923,2015-09-13,48.94,1
OFF-PA-10002923,2015-12-06,146.82,1
OFF-PA-10002923,2017-04-23,78.304,1
OFF-PA-10002923,2017-07-09,48.94,1
OFF-PA-10002923,2018-04-08,195.76,1
OFF-PA-10002923,2018-11-25,78.304,1
OFF-PA-10002947,2015-01-18,37.408,1
OFF-PA-10002947,2016-09-25,20.04,1
OFF-PA-10002947,2017-04-09,20.04,1
OFF-PA-10002947,2018-05-06,6.68,1
OFF-PA-10002947,2018-11-04,10.688,1
OFF-PA-10002960,2015-03-22,34.86,1
OFF-PA-10002968,2016-04-17,54.816,1
OFF-PA-10002968,2016-08-28,114.2,1
OFF-PA-10002986,2015-04-05,26.72,1
OFF-PA-10002986,2015-08-30,13.36,1
OFF-PA-10002986,2016-10-30,33.4,1
OFF-PA-10002986,2017-05-14,10.688,1
OFF-PA-10002986,2017-06-25,46.76,1
OFF-PA-10002986,2017-11-05,32.064,1
OFF-PA-10002986,2017-12-24,33.4,1
OFF-PA-10002986,2017-12-31,37.408,1
OFF-PA-10002986,2018-03-25,20.04,1
OFF-PA-10002986,2018-11-25,13.36,1
OFF-PA-10002986,2018-12-16,13.36,1
OFF-PA-10003001,2015-08-30,13.36,1
OFF-PA-10003001,2016-10-16,5.344,1
OFF-PA-10003001,2017-10-15,60.12,1
OFF-PA-10003001,2017-10-22,6.68,1
OFF-PA-10003016,2015-05-10,9.42,1
OFF-PA-10003016,2015-10-18,10.048,1
OFF-PA-10003016,2015-11-22,21.98,1
OFF-PA-10003016,2016-11-13,15.7,1
OFF-PA-10003016,2018-05-06,15.7,1
OFF-PA-10003022,2015-05-24,17.94,1
OFF-PA-10003022,2017-04-16,123.088,1
OFF-PA-10003022,2018-06-17,17.94,1
OFF-PA-10003022,2018-09-30,14.352,1
OFF-PA-10003022,2018-11-04,35.88,1
OFF-PA-10003022,2018-12-09,87.92,1
OFF-PA-10003036,2015-03-01,17.472,1
OFF-PA-10003036,2015-05-17,17.472,1
OFF-PA-10003036,2015-12-06,17.472,1
OFF-PA-10003036,2017-12-24,11.648,1
OFF-PA-10003039,2015-09-20,148.704,1
OFF-PA-10003039,2016-09-11,278.82,1
OFF-PA-10003039,2016-12-11,198.272,1
OFF-PA-10003039,2017-07-02,61.96,1
OFF-PA-10003039,2017-10-01,99.136,1
OFF-PA-10003039,2018-12-09,92.94,1
OFF-PA-10003063,2015-03-22,16.0,1
OFF-PA-10003063,2015-05-17,8.0,1
OFF-PA-10003063,2015-09-27,28.8,1
OFF-PA-10003072,2015-02-01,19.44,1
OFF-PA-10003072,2015-07-12,10.368,1
OFF-PA-10003072,2017-10-29,15.552,1
OFF-PA-10003072,2017-12-24,38.88,1
OFF-PA-10003072,2018-09-09,15.552,1
OFF-PA-10003127,2016-03-27,105.52,1
OFF-PA-10003127,2016-04-17,52.76,1
OFF-PA-10003127,2017-03-05,26.38,1
OFF-PA-10003127,2018-07-08,52.76,1
OFF-PA-10003127,2018-10-14,63.312,1
OFF-PA-10003127,2018-11-11,26.38,1
OFF-PA-10003129,2016-07-24,97.82,1
OFF-PA-10003129,2017-06-25,146.73,1
OFF-PA-10003129,2018-05-20,195.64,1
OFF-PA-10003129,2018-12-02,244.55,1
OFF-PA-10003134,2016-05-29,153.728,1
OFF-PA-10003134,2017-06-18,76.864,1
OFF-PA-10003134,2018-05-20,76.864,1
OFF-PA-10003134,2018-08-12,192.16,1
OFF-PA-10003172,2016-10-02,25.92,1
OFF-PA-10003172,2017-11-12,32.4,1
OFF-PA-10003172,2018-09-16,12.96,1
OFF-PA-10003172,2018-10-07,20.736,1
OFF-PA-10003172,2018-11-11,12.96,1
OFF-PA-10003172,2018-12-09,19.44,1
OFF-PA-10003172,2018-12-16,38.88,1
OFF-PA-10003172,2018-12-23,12.96,1
OFF-PA-10003177,2015-05-24,12.96,1
OFF-PA-10003177,2016-01-31,12.96,1
OFF-PA-10003177,2016-04-03,15.552,1
OFF-PA-10003177,2016-07-03,15.552,1
OFF-PA-10003177,2016-10-30,15.552,1
OFF-PA-10003177,2017-10-15,12.96,1
OFF-PA-10003177,2018-07-15,12.96,1
OFF-PA-10003205,2018-07-22,16.34,1
OFF-PA-10003205,2018-11-18,19.608,1
OFF-PA-10003228,2015-10-25,146.73,1
OFF-PA-10003228,2016-01-03,195.64,1
OFF-PA-10003228,2017-01-01,195.64,1
OFF-PA-10003228,2018-05-20,440.19,1
OFF-PA-10003228,2018-09-23,244.55,1
OFF-PA-10003256,2016-12-11,27.696,1
OFF-PA-10003256,2017-09-03,64.624,1
OFF-PA-10003256,2018-08-05,11.54,1
OFF-PA-10003270,2015-09-27,33.792,1
OFF-PA-10003270,2015-11-22,31.68,1
OFF-PA-10003270,2015-12-20,8.448,1
OFF-PA-10003270,2017-08-13,10.56,1
OFF-PA-10003302,2016-01-03,141.76,1
OFF-PA-10003302,2016-08-07,56.704,1
OFF-PA-10003302,2017-01-01,212.64,1
OFF-PA-10003302,2017-12-31,106.32,1
OFF-PA-10003302,2018-08-12,177.2,1
OFF-PA-10003302,2018-09-16,85.056,1
OFF-PA-10003302,2018-11-11,318.96,1
OFF-PA-10003309,2015-04-12,19.44,1
OFF-PA-10003309,2015-11-22,12.96,1
OFF-PA-10003309,2016-06-26,31.104,1
OFF-PA-10003309,2018-11-18,41.472,1
OFF-PA-10003349,2015-03-22,12.96,1
OFF-PA-10003349,2015-04-05,12.96,1
OFF-PA-10003349,2016-02-07,12.96,1
OFF-PA-10003349,2016-07-03,15.552,1
OFF-PA-10003349,2016-11-13,15.552,1
OFF-PA-10003349,2017-06-04,25.92,1
OFF-PA-10003363,2015-02-22,12.96,1
OFF-PA-10003363,2016-05-08,19.44,1
OFF-PA-10003363,2016-06-19,32.4,1
OFF-PA-10003363,2017-12-10,45.36,1
OFF-PA-10003395,2015-06-28,335.52,1
OFF-PA-10003395,2015-11-22,733.95,1
OFF-PA-10003395,2016-12-04,335.52,1
OFF-PA-10003395,2018-08-26,83.88,1
OFF-PA-10003395,2018-09-23,251.64,1
OFF-PA-10003424,2018-09-09,8.904,1
OFF-PA-10003424,2018-11-04,7.42,1
OFF-PA-10003424,2018-11-18,8.904,1
OFF-PA-10003441,2015-04-12,58.32,1
OFF-PA-10003441,2016-09-04,58.32,1
OFF-PA-10003441,2016-10-02,12.96,1
OFF-PA-10003441,2016-11-27,38.88,1
OFF-PA-10003441,2016-12-18,20.736,1
OFF-PA-10003441,2017-04-30,15.552,1
OFF-PA-10003441,2017-06-11,64.8,2
OFF-PA-10003441,2017-07-09,12.96,1
OFF-PA-10003441,2018-07-01,25.92,1
OFF-PA-10003441,2018-08-12,25.92,1
OFF-PA-10003465,2015-11-15,94.85,1
OFF-PA-10003465,2016-05-08,37.94,1
OFF-PA-10003465,2017-02-12,30.352,1
OFF-PA-10003465,2018-02-18,37.94,1
OFF-PA-10003543,2015-04-26,10.368,1
OFF-PA-10003543,2015-09-13,15.552,1
OFF-PA-10003591,2015-11-22,34.44,1
OFF-PA-10003591,2016-10-23,34.44,1
OFF-PA-10003591,2017-05-21,82.656,1
OFF-PA-10003625,2015-11-15,123.92,1
OFF-PA-10003625,2016-08-21,49.568,1
OFF-PA-10003625,2017-08-27,154.9,1
OFF-PA-10003641,2015-03-22,126.624,1
OFF-PA-10003641,2015-06-14,79.14,1
OFF-PA-10003641,2015-12-06,42.208,1
OFF-PA-10003641,2015-12-13,105.52,1
OFF-PA-10003641,2017-05-07,79.14,1
OFF-PA-10003641,2017-07-16,105.52,1
OFF-PA-10003641,2018-07-29,63.312,1
OFF-PA-10003641,2018-09-23,211.04,1
OFF-PA-10003641,2018-12-02,158.28,1
OFF-PA-10003651,2017-09-17,5.344,1
OFF-PA-10003651,2018-04-01,26.72,1
OFF-PA-10003651,2018-11-18,26.72,1
OFF-PA-10003651,2018-11-25,46.76,1
OFF-PA-10003651,2018-12-09,60.12,1
OFF-PA-10003656,2016-12-04,184.66,1
OFF-PA-10003656,2017-01-15,63.312,1
OFF-PA-10003656,2017-06-11,105.52,1
OFF-PA-10003656,2018-09-16,184.66,1
OFF-PA-10003657,2015-12-27,12.84,1
OFF-PA-10003657,2016-08-21,4.28,1
OFF-PA-10003657,2018-05-13,6.848,1
OFF-PA-10003657,2018-09-16,41.088,2
OFF-PA-10003673,2017-12-24,33.9,1
OFF-PA-10003673,2017-12-31,33.9,1
OFF-PA-10003673,2018-01-21,21.696,1
OFF-PA-10003673,2018-03-18,27.12,1
OFF-PA-10003673,2018-04-29,20.34,1
OFF-PA-10003673,2018-07-15,13.56,1
OFF-PA-10003673,2018-11-04,16.272,1
OFF-PA-10003673,2018-11-11,67.8,1
OFF-PA-10003673,2018-11-18,10.848,1
OFF-PA-10003724,2015-09-20,21.72,1
OFF-PA-10003724,2015-11-15,21.72,1
OFF-PA-10003724,2016-05-22,10.86,1
OFF-PA-10003724,2018-10-28,43.44,1
OFF-PA-10003724,2018-11-25,48.87,1
OFF-PA-10003724,2018-12-02,10.86,1
OFF-PA-10003724,2018-12-09,27.15,1
OFF-PA-10003729,2018-08-05,36.288,1
OFF-PA-10003729,2018-12-09,10.368,1
OFF-PA-10003739,2018-10-28,11.56,1
OFF-PA-10003790,2016-01-31,182.72,1
OFF-PA-10003790,2016-05-29,18.272,1
OFF-PA-10003790,2017-05-28,182.72,1
OFF-PA-10003790,2017-09-17,68.52,1
OFF-PA-10003790,2018-07-01,68.52,1
OFF-PA-10003790,2018-08-05,54.816,1
OFF-PA-10003797,2015-04-05,19.44,1
OFF-PA-10003797,2016-07-03,19.44,1
OFF-PA-10003797,2017-04-23,51.84,1
OFF-PA-10003797,2018-09-16,45.36,1
OFF-PA-10003797,2018-11-25,51.84,1
OFF-PA-10003823,2015-10-11,123.92,1
OFF-PA-10003823,2016-11-27,154.9,1
OFF-PA-10003823,2018-11-18,223.056,1
OFF-PA-10003845,2015-12-13,34.68,1
OFF-PA-10003845,2017-11-26,40.46,1
OFF-PA-10003845,2018-09-16,11.56,1
OFF-PA-10003845,2018-11-11,5.78,1
OFF-PA-10003848,2016-03-13,19.44,1
OFF-PA-10003848,2016-06-12,20.736,1
OFF-PA-10003848,2016-12-04,25.92,1
OFF-PA-10003848,2017-08-27,12.96,1
OFF-PA-10003848,2018-05-13,41.472,1
OFF-PA-10003848,2018-07-01,19.44,1
OFF-PA-10003848,2018-09-23,25.92,1
OFF-PA-10003883,2015-06-21,19.65,1
OFF-PA-10003883,2016-09-04,20.96,1
OFF-PA-10003883,2016-11-20,19.65,1
OFF-PA-10003883,2016-12-11,32.75,1
OFF-PA-10003883,2018-07-29,26.2,1
OFF-PA-10003892,2016-11-27,146.73,1
OFF-PA-10003892,2017-02-05,498.882,2
OFF-PA-10003892,2018-06-24,97.82,1
OFF-PA-10003893,2016-05-15,12.84,1
OFF-PA-10003893,2016-08-28,21.4,1
OFF-PA-10003893,2017-04-09,10.272,1
OFF-PA-10003893,2017-12-03,30.816,1
OFF-PA-10003893,2018-08-19,8.56,1
OFF-PA-10003893,2018-09-02,17.12,1
OFF-PA-10003893,2018-12-02,8.56,1
OFF-PA-10003919,2018-10-14,7.968,1
OFF-PA-10003936,2015-08-23,25.92,1
OFF-PA-10003936,2016-04-24,15.552,1
OFF-PA-10003936,2017-02-05,15.552,1
OFF-PA-10003936,2017-05-07,19.44,1
OFF-PA-10003953,2016-12-11,12.96,1
OFF-PA-10003953,2017-01-22,12.96,1
OFF-PA-10003953,2017-03-12,12.96,1
OFF-PA-10003953,2018-07-01,5.184,1
OFF-PA-10003953,2018-10-21,5.184,1
OFF-PA-10003971,2015-07-26,11.96,1
OFF-PA-10003971,2017-05-07,14.352,1
OFF-PA-10003971,2017-05-14,11.96,1
OFF-PA-10003971,2017-10-01,17.94,1
OFF-PA-10004000,2015-09-27,11.352,1
OFF-PA-10004000,2016-11-13,11.352,1
OFF-PA-10004000,2016-12-25,22.704,1
OFF-PA-10004000,2017-06-11,4.73,1
OFF-PA-10004022,2017-03-12,19.98,1
OFF-PA-10004022,2017-10-01,9.99,1
OFF-PA-10004039,2017-01-15,89.568,1
OFF-PA-10004039,2017-11-12,89.568,1
OFF-PA-10004039,2018-09-30,167.94,1
OFF-PA-10004039,2018-10-28,44.784,1
OFF-PA-10004040,2016-06-26,43.056,1
OFF-PA-10004040,2017-05-21,17.94,1
OFF-PA-10004040,2017-05-28,14.352,1
OFF-PA-10004040,2017-10-01,29.9,1
OFF-PA-10004040,2017-12-03,23.92,1
OFF-PA-10004041,2016-01-10,29.6,1
OFF-PA-10004041,2016-11-20,37.0,1
OFF-PA-10004041,2017-12-31,23.68,1
OFF-PA-10004041,2018-09-09,17.76,1
OFF-PA-10004041,2018-10-21,23.68,1
OFF-PA-10004071,2015-04-05,55.48,1
OFF-PA-10004071,2015-10-11,88.768,1
OFF-PA-10004071,2016-09-18,110.96,1
OFF-PA-10004071,2016-12-25,55.48,1
OFF-PA-10004071,2017-07-23,55.48,1
OFF-PA-10004071,2017-11-12,88.768,1
OFF-PA-10004071,2018-03-25,277.4,1
OFF-PA-10004071,2018-09-16,166.44,1
OFF-PA-10004071,2018-11-11,110.96,1
OFF-PA-10004071,2018-12-02,88.768,1
OFF-PA-10004082,2015-06-07,47.88,1
OFF-PA-10004082,2015-11-29,15.96,1
OFF-PA-10004082,2016-01-10,39.9,1
OFF-PA-10004082,2018-06-03,7.98,1
OFF-PA-10004082,2018-09-16,39.9,1
OFF-PA-10004082,2018-09-23,71.82,2
OFF-PA-10004092,2015-10-04,48.94,1
OFF-PA-10004092,2017-02-19,146.82,1
OFF-PA-10004092,2018-11-18,146.82,1
OFF-PA-10004100,2015-09-06,31.104,1
OFF-PA-10004100,2015-11-15,36.288,1
OFF-PA-10004100,2016-09-18,32.4,1
OFF-PA-10004100,2016-10-02,31.104,1
OFF-PA-10004100,2017-07-23,51.84,1
OFF-PA-10004100,2017-12-10,19.44,1
OFF-PA-10004100,2018-07-08,15.552,1
OFF-PA-10004100,2018-07-29,20.736,1
OFF-PA-10004101,2016-05-29,32.4,1
OFF-PA-10004101,2016-10-16,45.36,1
OFF-PA-10004101,2017-03-26,10.368,1
OFF-PA-10004101,2018-04-15,10.368,1
OFF-PA-10004101,2018-09-16,71.28,1
OFF-PA-10004156,2016-06-19,27.216,1
OFF-PA-10004156,2016-08-07,27.216,1
OFF-PA-10004156,2016-12-11,56.7,2
OFF-PA-10004156,2017-04-02,11.34,1
OFF-PA-10004156,2018-06-03,45.36,1
OFF-PA-10004156,2018-12-23,34.02,1
OFF-PA-10004239,2016-05-15,25.68,1
OFF-PA-10004239,2018-03-25,6.848,1
OFF-PA-10004239,2018-09-16,10.272,1
OFF-PA-10004239,2018-12-30,4.28,1
OFF-PA-10004243,2017-04-09,37.94,1
OFF-PA-10004243,2017-10-29,56.91,1
OFF-PA-10004243,2018-06-17,37.94,1
OFF-PA-10004243,2018-09-16,94.85,1
OFF-PA-10004243,2018-11-04,189.7,1
OFF-PA-10004248,2015-04-05,15.84,1
OFF-PA-10004248,2016-07-10,21.12,1
OFF-PA-10004255,2016-05-29,45.36,1
OFF-PA-10004255,2016-12-04,32.4,1
OFF-PA-10004255,2016-12-11,6.48,1
OFF-PA-10004255,2018-09-23,12.96,1
OFF-PA-10004285,2016-01-03,20.04,1
OFF-PA-10004285,2016-02-21,13.36,1
OFF-PA-10004285,2017-01-15,60.12,1
OFF-PA-10004285,2017-11-26,13.36,1
OFF-PA-10004285,2018-11-25,10.688,1
OFF-PA-10004285,2018-12-30,16.032,1
OFF-PA-10004327,2017-04-16,143.7,1
OFF-PA-10004327,2017-05-14,76.64,1
OFF-PA-10004327,2017-05-28,191.6,1
OFF-PA-10004327,2017-12-24,47.9,1
OFF-PA-10004327,2018-09-23,143.7,1
OFF-PA-10004353,2015-05-10,39.96,1
OFF-PA-10004353,2015-08-09,259.74,1
OFF-PA-10004353,2017-08-27,79.92,1
OFF-PA-10004353,2017-11-05,47.952,1
OFF-PA-10004353,2018-07-22,99.9,1
OFF-PA-10004355,2016-06-19,6.48,1
OFF-PA-10004355,2017-07-23,5.184,1
OFF-PA-10004355,2018-09-16,20.736,1
OFF-PA-10004355,2018-10-14,25.92,1
OFF-PA-10004355,2018-11-04,20.736,1
OFF-PA-10004359,2015-11-22,629.1,1
OFF-PA-10004359,2016-03-20,209.7,1
OFF-PA-10004359,2017-11-05,314.55,1
OFF-PA-10004359,2018-03-18,314.55,1
OFF-PA-10004359,2018-12-09,419.4,1
OFF-PA-10004381,2017-09-10,96.08,1
OFF-PA-10004381,2018-02-04,115.296,1
OFF-PA-10004381,2018-08-12,115.296,1
OFF-PA-10004381,2018-12-30,96.08,1
OFF-PA-10004405,2016-01-31,14.304,1
OFF-PA-10004405,2017-03-12,14.9,1
OFF-PA-10004438,2017-12-17,49.12,1
OFF-PA-10004438,2018-10-07,49.12,1
OFF-PA-10004451,2016-06-12,32.4,1
OFF-PA-10004451,2016-12-18,19.44,1
OFF-PA-10004451,2017-05-14,10.368,1
OFF-PA-10004451,2017-11-26,32.4,1
OFF-PA-10004451,2018-05-06,10.368,1
OFF-PA-10004451,2018-10-07,19.44,1
OFF-PA-10004451,2018-11-11,10.368,1
OFF-PA-10004470,2015-11-15,11.36,1
OFF-PA-10004470,2015-12-13,11.36,1
OFF-PA-10004470,2018-10-14,18.176,1
OFF-PA-10004475,2015-08-30,109.92,1
OFF-PA-10004475,2018-09-23,219.84,1
OFF-PA-10004475,2018-12-02,109.92,1
OFF-PA-10004475,2018-12-23,175.872,1
OFF-PA-10004519,2015-10-25,13.44,1
OFF-PA-10004519,2016-12-11,8.96,1
OFF-PA-10004519,2018-07-15,8.96,1
OFF-PA-10004519,2018-12-23,28.672,1
OFF-PA-10004530,2015-08-23,45.92,1
OFF-PA-10004530,2016-09-18,160.72,1
OFF-PA-10004530,2016-09-25,22.96,1
OFF-PA-10004530,2018-10-07,91.84,1
OFF-PA-10004569,2015-07-26,22.83,1
OFF-PA-10004569,2015-12-27,18.264,1
OFF-PA-10004569,2016-06-05,30.44,1
OFF-PA-10004569,2017-09-17,7.61,1
OFF-PA-10004569,2018-04-15,7.61,1
OFF-PA-10004569,2018-12-16,22.83,1
OFF-PA-10004609,2015-11-15,20.736,1
OFF-PA-10004609,2018-07-22,32.4,1
OFF-PA-10004609,2018-11-18,20.736,1
OFF-PA-10004610,2015-09-20,15.408000000000001,2
OFF-PA-10004610,2017-06-18,6.848,1
OFF-PA-10004610,2017-09-10,34.24,1
OFF-PA-10004610,2017-10-08,8.56,1
OFF-PA-10004610,2018-03-18,10.272,1
OFF-PA-10004621,2016-07-31,19.44,1
OFF-PA-10004621,2016-10-23,36.288,1
OFF-PA-10004621,2017-01-08,25.92,1
OFF-PA-10004621,2017-05-28,10.368,1
OFF-PA-10004621,2017-06-04,10.368,1
OFF-PA-10004621,2018-01-28,25.92,1
OFF-PA-10004621,2018-04-15,12.96,1
OFF-PA-10004665,2015-09-13,26.2,1
OFF-PA-10004665,2016-09-25,10.48,1
OFF-PA-10004665,2017-07-30,65.5,1
OFF-PA-10004665,2017-08-20,83.84,1
OFF-PA-10004665,2017-09-10,41.92,1
OFF-PA-10004675,2017-05-28,12.7,1
OFF-PA-10004675,2017-09-03,30.48,1
OFF-PA-10004675,2017-11-26,5.08,1
OFF-PA-10004675,2018-01-21,12.7,1
OFF-PA-10004675,2018-04-29,19.05,1
OFF-PA-10004675,2018-09-16,19.05,1
OFF-PA-10004733,2015-04-12,19.008,1
OFF-PA-10004733,2018-05-20,38.016,1
OFF-PA-10004733,2018-06-03,25.344,1
OFF-PA-10004734,2015-07-05,21.84,1
OFF-PA-10004734,2017-10-29,50.96,1
OFF-PA-10004735,2017-10-01,12.96,1
OFF-PA-10004735,2017-11-19,10.368,1
OFF-PA-10004735,2018-01-07,38.88,1
OFF-PA-10004735,2018-11-18,38.88,1
OFF-PA-10004735,2018-12-02,45.36,1
OFF-PA-10004782,2016-07-31,12.96,1
OFF-PA-10004782,2017-06-04,38.88,1
OFF-PA-10004782,2017-06-18,12.96,1
OFF-PA-10004782,2018-09-23,32.4,1
OFF-PA-10004888,2015-09-27,51.84,2
OFF-PA-10004888,2015-10-04,15.552,1
OFF-PA-10004888,2017-06-04,45.36,1
OFF-PA-10004888,2017-11-26,6.48,1
OFF-PA-10004888,2018-09-02,5.184,1
OFF-PA-10004888,2018-09-23,20.736,1
OFF-PA-10004888,2018-10-07,6.48,1
OFF-PA-10004911,2017-08-20,37.52,1
OFF-PA-10004911,2018-04-01,75.04,1
OFF-PA-10004911,2018-04-22,28.14,1
OFF-PA-10004911,2018-06-03,37.52,1
OFF-PA-10004911,2018-09-16,18.76,1
OFF-PA-10004947,2015-11-01,21.4,1
OFF-PA-10004947,2016-12-25,17.12,1
OFF-PA-10004947,2017-08-13,10.272,1
OFF-PA-10004948,2015-03-29,24.9,1
OFF-PA-10004948,2016-12-18,4.98,1
OFF-PA-10004965,2015-08-30,23.976,1
OFF-PA-10004965,2017-07-09,15.984,1
OFF-PA-10004965,2018-12-09,15.984,1
OFF-PA-10004971,2016-10-23,11.56,1
OFF-PA-10004971,2017-05-21,17.34,1
OFF-PA-10004971,2017-07-23,18.496,1
OFF-PA-10004971,2017-08-27,4.624,1
OFF-PA-10004971,2017-09-10,9.248,1
OFF-PA-10004971,2017-11-26,11.56,1
OFF-PA-10004971,2018-03-25,5.78,1
OFF-PA-10004971,2018-04-15,13.872,1
OFF-PA-10004983,2015-08-30,25.92,1
OFF-PA-10004983,2017-05-14,31.104,1
OFF-PA-10004983,2017-11-12,12.96,1
OFF-PA-10004983,2018-01-14,32.4,1
OFF-PA-10004983,2018-05-06,32.4,1
OFF-PA-10004996,2016-01-10,51.55,1
OFF-PA-10004996,2017-02-26,16.496,1
OFF-PA-10004996,2017-03-19,41.24,1
OFF-PA-10004996,2018-09-30,51.55,1
OFF-ST-10000025,2015-01-18,572.58,1
OFF-ST-10000025,2015-11-22,381.72,1
OFF-ST-10000025,2016-09-18,190.86,1
OFF-ST-10000025,2017-01-01,152.688,1
OFF-ST-10000025,2018-05-06,763.44,1
OFF-ST-10000025,2018-05-27,477.15,1
OFF-ST-10000025,2018-08-26,572.58,1
OFF-ST-10000025,2018-09-16,286.29,1
OFF-ST-10000036,2015-11-29,197.58,1
OFF-ST-10000036,2015-12-13,237.096,1
OFF-ST-10000036,2017-02-26,296.37,1
OFF-ST-10000036,2017-12-17,296.37,1
OFF-ST-10000036,2018-12-09,592.74,1
OFF-ST-10000046,2015-10-04,807.75,1
OFF-ST-10000046,2015-11-29,646.2,1
OFF-ST-10000046,2016-06-05,323.1,1
OFF-ST-10000046,2016-08-21,323.1,1
OFF-ST-10000046,2016-08-28,484.65,1
OFF-ST-10000046,2017-01-01,323.1,1
OFF-ST-10000046,2018-08-19,323.1,1
OFF-ST-10000046,2018-09-09,258.48,1
OFF-ST-10000060,2016-11-27,454.86,1
OFF-ST-10000060,2017-04-16,51.984,1
OFF-ST-10000060,2017-06-25,324.9,1
OFF-ST-10000060,2017-09-10,194.94,1
OFF-ST-10000060,2017-12-10,584.82,1
OFF-ST-10000060,2018-07-29,259.92,1
OFF-ST-10000060,2018-11-25,415.872,1
OFF-ST-10000060,2018-12-16,324.9,1
OFF-ST-10000078,2015-01-18,1325.85,1
OFF-ST-10000078,2015-03-15,636.408,1
OFF-ST-10000078,2015-03-22,1856.19,1
OFF-ST-10000078,2015-09-13,1325.85,1
OFF-ST-10000078,2015-12-27,424.272,1
OFF-ST-10000078,2016-11-13,795.51,1
OFF-ST-10000078,2016-12-11,1325.85,1
OFF-ST-10000078,2017-07-23,265.17,1
OFF-ST-10000078,2017-08-13,1591.02,1
OFF-ST-10000078,2018-05-13,530.34,1
OFF-ST-10000107,2015-05-10,83.25,1
OFF-ST-10000107,2015-05-17,55.5,1
OFF-ST-10000107,2015-07-12,249.75,1
OFF-ST-10000107,2016-12-25,88.8,1
OFF-ST-10000129,2016-11-13,177.648,1
OFF-ST-10000129,2016-11-20,777.21,1
OFF-ST-10000129,2018-10-28,333.09,1
OFF-ST-10000136,2017-10-08,119.1,1
OFF-ST-10000136,2018-07-22,222.32,1
OFF-ST-10000142,2016-03-20,1247.64,1
OFF-ST-10000142,2017-12-03,2079.4,1
OFF-ST-10000142,2018-04-22,332.704,1
OFF-ST-10000142,2018-10-21,665.408,1
OFF-ST-10000142,2018-11-18,1247.64,1
OFF-ST-10000321,2015-02-22,12.624,1
OFF-ST-10000321,2015-08-09,15.78,1
OFF-ST-10000321,2017-05-07,18.936,1
OFF-ST-10000321,2017-07-30,7.89,1
OFF-ST-10000321,2017-09-03,23.67,1
OFF-ST-10000321,2018-09-23,12.624,1
OFF-ST-10000344,2016-04-17,10.744,1
OFF-ST-10000344,2016-11-20,21.488,1
OFF-ST-10000344,2018-03-18,107.44,1
OFF-ST-10000344,2018-04-01,32.232,1
OFF-ST-10000344,2018-08-26,94.00999999999999,2
OFF-ST-10000344,2018-09-02,10.744,1
OFF-ST-10000352,2017-09-10,59.48,1
OFF-ST-10000352,2017-11-12,29.74,1
OFF-ST-10000352,2018-09-23,47.584,1
OFF-ST-10000352,2018-10-21,71.376,1
OFF-ST-10000419,2015-12-20,32.592,1
OFF-ST-10000419,2017-06-18,40.74,1
OFF-ST-10000419,2017-09-17,108.64000000000001,2
OFF-ST-10000419,2017-10-29,40.74,1
OFF-ST-10000419,2018-09-09,54.32,1
OFF-ST-10000464,2015-11-01,69.52,1
OFF-ST-10000464,2016-07-24,34.76,1
OFF-ST-10000464,2018-02-04,139.04,1
OFF-ST-10000464,2018-05-06,69.52,1
OFF-ST-10000464,2018-10-28,55.616,1
OFF-ST-10000532,2015-08-09,423.28,1
OFF-ST-10000532,2015-10-04,61.568,1
OFF-ST-10000532,2015-12-13,269.36,1
OFF-ST-10000532,2016-04-24,115.44,1
OFF-ST-10000532,2017-05-28,184.704,1
OFF-ST-10000532,2018-12-09,61.568,1
OFF-ST-10000563,2015-07-05,281.424,1
OFF-ST-10000563,2015-08-30,95.94,1
OFF-ST-10000563,2015-12-27,191.88,1
OFF-ST-10000563,2016-05-08,76.752,1
OFF-ST-10000563,2016-09-25,63.96,1
OFF-ST-10000563,2017-04-23,102.336,1
OFF-ST-10000563,2017-07-02,191.88,1
OFF-ST-10000563,2018-02-25,51.168,1
OFF-ST-10000563,2018-05-13,127.92,1
OFF-ST-10000563,2018-09-30,51.168,1
OFF-ST-10000563,2018-11-18,95.94,1
OFF-ST-10000563,2018-12-30,95.94,1
OFF-ST-10000585,2015-03-29,330.4,1
OFF-ST-10000585,2015-05-03,826.0,1
OFF-ST-10000585,2015-09-06,264.32,1
OFF-ST-10000585,2015-12-27,132.16,1
OFF-ST-10000585,2016-09-18,991.2,1
OFF-ST-10000585,2018-08-05,330.4,1
OFF-ST-10000585,2018-12-30,264.32,1
OFF-ST-10000604,2016-11-20,250.272,1
OFF-ST-10000604,2017-05-21,104.28,1
OFF-ST-10000604,2017-06-18,208.56,1
OFF-ST-10000604,2017-07-23,69.52,1
OFF-ST-10000604,2017-09-24,69.52,1
OFF-ST-10000604,2018-05-13,104.28,1
OFF-ST-10000604,2018-12-02,173.8,1
OFF-ST-10000615,2015-10-18,79.45,1
OFF-ST-10000615,2017-12-10,34.05,1
OFF-ST-10000615,2018-01-28,18.16,1
OFF-ST-10000615,2018-03-18,90.8,1
OFF-ST-10000615,2018-09-23,79.44999999999999,2
OFF-ST-10000615,2018-11-11,18.16,1
OFF-ST-10000615,2018-12-09,27.24,1
OFF-ST-10000617,2015-12-13,8.94,1
OFF-ST-10000617,2016-09-18,14.9,1
OFF-ST-10000617,2017-04-16,4.768,1
OFF-ST-10000617,2017-07-02,14.9,1
OFF-ST-10000617,2017-10-22,20.86,1
OFF-ST-10000617,2018-10-21,4.768,1
OFF-ST-10000636,2015-04-05,66.96,1
OFF-ST-10000636,2015-05-24,66.96,1
OFF-ST-10000636,2016-03-27,83.7,1
OFF-ST-10000636,2017-04-16,150.66,1
OFF-ST-10000636,2017-10-29,33.48,1
OFF-ST-10000636,2017-12-17,50.22,1
OFF-ST-10000636,2018-05-13,66.96,1
OFF-ST-10000642,2015-10-11,83.92,1
OFF-ST-10000642,2016-08-14,41.96,1
OFF-ST-10000642,2017-09-24,41.96,1
OFF-ST-10000642,2017-11-19,100.704,1
OFF-ST-10000642,2018-02-18,50.352,1
OFF-ST-10000642,2018-12-02,83.92,1
OFF-ST-10000649,2016-11-06,62.8,1
OFF-ST-10000649,2017-04-02,31.4,1
OFF-ST-10000649,2017-05-14,25.12,1
OFF-ST-10000649,2018-04-01,94.2,1
OFF-ST-10000649,2018-09-09,37.68,1
OFF-ST-10000675,2015-09-27,169.45,1
OFF-ST-10000675,2015-11-22,169.45,1
OFF-ST-10000675,2017-02-05,305.01,1
OFF-ST-10000675,2017-09-03,54.224,1
OFF-ST-10000675,2018-03-11,67.78,1
OFF-ST-10000675,2018-03-18,54.224,1
OFF-ST-10000675,2018-11-25,305.01,1
OFF-ST-10000676,2017-10-08,387.72,1
OFF-ST-10000676,2017-12-10,193.86,1
OFF-ST-10000689,2016-01-03,704.25,1
OFF-ST-10000689,2016-03-06,563.4,1
OFF-ST-10000689,2017-05-28,1267.65,1
OFF-ST-10000689,2017-07-02,704.25,1
OFF-ST-10000689,2017-07-16,338.04,1
OFF-ST-10000689,2017-07-23,338.04,1
OFF-ST-10000689,2017-11-26,563.4,1
OFF-ST-10000736,2015-03-15,80.98,1
OFF-ST-10000736,2015-09-13,485.88,1
OFF-ST-10000736,2015-09-27,404.9,1
OFF-ST-10000736,2016-03-27,129.568,1
OFF-ST-10000736,2016-08-21,80.98,1
OFF-ST-10000736,2016-08-28,728.82,1
OFF-ST-10000736,2017-02-19,242.94,1
OFF-ST-10000736,2017-06-04,64.784,1
OFF-ST-10000736,2018-01-21,242.94,1
OFF-ST-10000736,2018-03-18,242.94,1
OFF-ST-10000736,2018-11-11,259.136,1
OFF-ST-10000736,2018-12-30,64.784,1
OFF-ST-10000760,2015-01-25,13.98,1
OFF-ST-10000760,2015-07-19,55.92,1
OFF-ST-10000760,2016-10-16,22.368,1
OFF-ST-10000760,2017-04-23,55.92,1
OFF-ST-10000760,2018-01-07,153.78,1
OFF-ST-10000777,2015-12-13,60.416,1
OFF-ST-10000777,2016-03-06,60.416,1
OFF-ST-10000777,2017-06-18,226.56,1
OFF-ST-10000777,2018-08-26,226.56,1
OFF-ST-10000777,2018-11-18,37.76,1
OFF-ST-10000798,2015-05-03,99.92,1
OFF-ST-10000798,2016-10-02,119.904,1
OFF-ST-10000798,2017-01-01,74.94,1
OFF-ST-10000798,2018-10-21,49.96,1
OFF-ST-10000876,2015-04-12,87.08,1
OFF-ST-10000876,2016-05-01,37.32,1
OFF-ST-10000876,2016-10-23,9.952,1
OFF-ST-10000876,2017-06-04,49.76,1
OFF-ST-10000876,2017-11-19,24.88,1
OFF-ST-10000876,2017-12-03,39.808,1
OFF-ST-10000876,2018-10-14,59.712,1
OFF-ST-10000876,2018-12-23,37.32,1
OFF-ST-10000877,2015-05-03,497.61,1
OFF-ST-10000877,2015-11-22,221.16,1
OFF-ST-10000877,2018-03-11,221.16,1
OFF-ST-10000885,2015-11-22,67.15,1
OFF-ST-10000885,2016-11-13,67.15,1
OFF-ST-10000885,2017-12-17,26.86,1
OFF-ST-10000885,2018-09-30,40.29,1
OFF-ST-10000918,2015-03-22,26.16,1
OFF-ST-10000918,2016-11-20,17.44,1
OFF-ST-10000918,2017-09-03,54.5,1
OFF-ST-10000918,2018-03-04,8.72,1
OFF-ST-10000918,2018-09-02,10.9,1
OFF-ST-10000918,2018-10-21,32.7,1
OFF-ST-10000918,2018-12-23,26.16,1
OFF-ST-10000934,2015-03-08,204.9,1
OFF-ST-10000934,2015-10-25,98.352,1
OFF-ST-10000934,2016-10-16,81.96,1
OFF-ST-10000934,2017-09-10,131.136,1
OFF-ST-10000934,2018-09-16,81.96,1
OFF-ST-10000943,2015-09-20,57.93,1
OFF-ST-10000943,2016-02-14,77.24,1
OFF-ST-10000943,2016-07-31,61.792,1
OFF-ST-10000943,2016-10-02,270.34,1
OFF-ST-10000943,2016-12-11,46.344,1
OFF-ST-10000943,2018-09-16,38.62,1
OFF-ST-10000943,2018-11-18,61.792,1
OFF-ST-10000991,2015-02-01,229.94,1
OFF-ST-10000991,2015-04-05,689.82,1
OFF-ST-10000991,2015-08-23,344.91,1
OFF-ST-10000991,2015-09-13,275.928,1
OFF-ST-10000991,2015-11-22,344.91,1
OFF-ST-10000991,2017-04-23,459.88,1
OFF-ST-10000991,2018-10-07,344.91,1
OFF-ST-10000991,2018-11-18,344.91,1
OFF-ST-10001031,2015-04-05,52.096,1
OFF-ST-10001031,2015-12-13,39.072,1
OFF-ST-10001031,2018-04-01,81.4,1
OFF-ST-10001031,2018-09-09,65.12,1
OFF-ST-10001031,2018-12-23,32.56,1
OFF-ST-10001034,2015-09-13,79.4,1
OFF-ST-10001097,2015-06-28,501.81,1
OFF-ST-10001097,2015-11-29,669.08,1
OFF-ST-10001097,2018-04-15,501.81,1
OFF-ST-10001097,2018-11-25,501.81,1
OFF-ST-10001097,2018-12-30,1003.62,1
OFF-ST-10001128,2015-05-03,177.568,1
OFF-ST-10001128,2015-11-01,443.92,1
OFF-ST-10001128,2017-11-05,332.94,1
OFF-ST-10001128,2018-04-01,332.94,1
OFF-ST-10001128,2018-07-01,443.92,1
OFF-ST-10001172,2016-09-25,33.568,1
OFF-ST-10001172,2016-11-27,104.9,1
OFF-ST-10001172,2016-12-25,33.568,1
OFF-ST-10001172,2018-08-05,151.056,1
OFF-ST-10001228,2015-07-26,53.72,1
OFF-ST-10001228,2015-10-11,107.44,1
OFF-ST-10001228,2016-03-20,46.74,1
OFF-ST-10001228,2017-04-16,42.976,1
OFF-ST-10001228,2017-12-10,80.58,1
OFF-ST-10001228,2018-06-10,15.58,1
OFF-ST-10001228,2018-08-12,46.74,1
OFF-ST-10001228,2018-12-02,37.392,1
OFF-ST-10001228,2018-12-23,31.16,1
OFF-ST-10001272,2016-12-04,523.48,1
OFF-ST-10001272,2017-03-12,104.696,1
OFF-ST-10001272,2017-09-10,261.74,1
OFF-ST-10001272,2017-11-12,314.088,1
OFF-ST-10001272,2018-09-23,261.74,1
OFF-ST-10001291,2016-03-20,33.82,1
OFF-ST-10001291,2016-11-27,27.056,1
OFF-ST-10001291,2017-03-26,67.64,1
OFF-ST-10001291,2018-05-06,16.91,1
OFF-ST-10001291,2018-06-17,84.55,1
OFF-ST-10001321,2015-09-20,92.52,1
OFF-ST-10001321,2015-10-04,46.26,1
OFF-ST-10001321,2015-11-15,92.52,1
OFF-ST-10001321,2016-06-26,15.42,1
OFF-ST-10001321,2016-09-18,24.672,1
OFF-ST-10001321,2016-10-09,30.84,1
OFF-ST-10001321,2016-12-04,61.68,1
OFF-ST-10001321,2018-09-09,61.68,1
OFF-ST-10001321,2018-11-18,92.52,1
OFF-ST-10001325,2016-09-04,31.44,1
OFF-ST-10001325,2017-07-16,16.768,1
OFF-ST-10001325,2017-11-26,115.28,2
OFF-ST-10001325,2018-04-15,16.768,1
OFF-ST-10001325,2018-04-29,8.384,1
OFF-ST-10001325,2018-08-19,31.44,1
OFF-ST-10001325,2018-09-23,31.44,1
OFF-ST-10001325,2018-11-04,52.4,1
OFF-ST-10001325,2018-11-25,10.48,1
OFF-ST-10001325,2018-12-16,31.44,1
OFF-ST-10001328,2015-11-15,49.632,1
OFF-ST-10001328,2016-05-29,77.55,1
OFF-ST-10001328,2016-10-02,15.51,1
OFF-ST-10001328,2016-10-09,77.55,1
OFF-ST-10001328,2017-07-16,37.224,1
OFF-ST-10001328,2017-10-29,93.06,1
OFF-ST-10001328,2017-12-17,46.53,1
OFF-ST-10001328,2018-12-23,62.04,1
OFF-ST-10001370,2015-03-08,354.9,1
OFF-ST-10001370,2015-12-27,227.136,1
OFF-ST-10001370,2017-09-24,511.056,1
OFF-ST-10001370,2017-12-03,496.86,1
OFF-ST-10001370,2018-02-11,354.9,1
OFF-ST-10001370,2018-04-29,113.568,1
OFF-ST-10001370,2018-09-02,354.9,1
OFF-ST-10001370,2018-09-16,70.98,1
OFF-ST-10001414,2018-11-11,46.26,1
OFF-ST-10001418,2016-11-20,304.9,1
OFF-ST-10001418,2017-12-10,182.94,1
OFF-ST-10001418,2018-04-22,195.136,1
OFF-ST-10001418,2018-06-17,146.352,1
OFF-ST-10001418,2018-09-30,243.92,1
OFF-ST-10001469,2015-03-01,129.552,1
OFF-ST-10001469,2015-06-28,161.94,1
OFF-ST-10001469,2015-10-18,269.9,1
OFF-ST-10001469,2015-12-06,172.736,1
OFF-ST-10001469,2017-04-02,161.94,1
OFF-ST-10001469,2017-04-16,129.552,1
OFF-ST-10001469,2017-06-25,161.94,1
OFF-ST-10001476,2016-04-10,142.04,1
OFF-ST-10001476,2017-07-23,284.08,1
OFF-ST-10001476,2017-12-17,85.224,1
OFF-ST-10001476,2018-07-01,248.57,1
OFF-ST-10001476,2018-09-30,177.55,1
OFF-ST-10001490,2015-03-15,142.776,1
OFF-ST-10001490,2015-06-07,356.94,1
OFF-ST-10001490,2015-07-26,535.41,1
OFF-ST-10001490,2015-11-15,535.41,1
OFF-ST-10001490,2016-05-29,535.41,1
OFF-ST-10001490,2016-08-28,1891.7820000000002,2
OFF-ST-10001490,2017-05-14,856.656,1
OFF-ST-10001490,2017-09-10,535.41,1
OFF-ST-10001490,2017-09-24,1606.23,1
OFF-ST-10001490,2018-02-04,285.552,1
OFF-ST-10001490,2018-06-17,142.776,1
OFF-ST-10001490,2018-07-01,713.88,1
OFF-ST-10001496,2015-12-06,1261.33,1
OFF-ST-10001496,2016-05-29,540.57,1
OFF-ST-10001496,2016-12-18,360.38,1
OFF-ST-10001496,2017-02-26,432.456,1
OFF-ST-10001496,2017-05-28,1297.368,1
OFF-ST-10001496,2017-06-11,360.38,1
OFF-ST-10001496,2017-11-12,720.76,1
OFF-ST-10001496,2018-06-10,720.76,1
OFF-ST-10001496,2018-07-15,360.38,1
OFF-ST-10001496,2018-08-19,540.57,1
OFF-ST-10001505,2015-07-12,23.92,1
OFF-ST-10001505,2016-04-10,17.94,1
OFF-ST-10001505,2016-06-12,29.9,1
OFF-ST-10001505,2016-08-07,33.488,1
OFF-ST-10001505,2016-11-13,17.94,1
OFF-ST-10001505,2017-05-07,5.98,1
OFF-ST-10001505,2017-07-09,33.488,1
OFF-ST-10001505,2017-08-20,17.94,1
OFF-ST-10001511,2015-04-05,129.3,1
OFF-ST-10001511,2015-11-22,193.95,1
OFF-ST-10001511,2016-08-28,724.08,1
OFF-ST-10001511,2018-02-04,129.3,1
OFF-ST-10001511,2018-09-02,193.95,1
OFF-ST-10001511,2018-11-04,452.55,1
OFF-ST-10001522,2015-07-05,220.776,1
OFF-ST-10001522,2015-10-18,275.97,1
OFF-ST-10001522,2016-09-18,147.184,1
OFF-ST-10001522,2016-09-25,294.368,1
OFF-ST-10001522,2017-03-26,459.95,1
OFF-ST-10001522,2018-09-09,147.184,1
OFF-ST-10001522,2018-09-30,147.184,1
OFF-ST-10001522,2018-10-28,147.184,1
OFF-ST-10001522,2018-12-02,91.99,1
OFF-ST-10001522,2018-12-23,367.96,1
OFF-ST-10001526,2016-07-10,601.65,1
OFF-ST-10001526,2016-09-04,120.33,1
OFF-ST-10001526,2016-11-13,577.584,1
OFF-ST-10001526,2017-01-29,1564.29,1
OFF-ST-10001526,2017-03-12,481.32,1
OFF-ST-10001526,2017-12-31,481.32,1
OFF-ST-10001526,2018-11-25,1443.96,1
OFF-ST-10001526,2018-12-23,481.32,1
OFF-ST-10001558,2015-02-08,64.96,1
OFF-ST-10001558,2015-11-08,25.984,1
OFF-ST-10001558,2016-05-29,16.24,1
OFF-ST-10001558,2016-07-10,38.976,1
OFF-ST-10001558,2017-03-05,12.992,1
OFF-ST-10001558,2017-04-16,81.2,1
OFF-ST-10001558,2017-10-08,32.48,1
OFF-ST-10001558,2017-11-12,38.976,1
OFF-ST-10001558,2017-12-03,48.72,1
OFF-ST-10001558,2017-12-17,64.96,1
OFF-ST-10001558,2018-03-25,32.48,1
OFF-ST-10001580,2017-05-07,44.94,1
OFF-ST-10001580,2017-09-03,23.968,1
OFF-ST-10001580,2017-09-10,35.952,1
OFF-ST-10001580,2018-07-29,14.98,1
OFF-ST-10001580,2018-11-04,59.92,1
OFF-ST-10001590,2016-06-05,80.88,1
OFF-ST-10001590,2016-10-09,26.96,1
OFF-ST-10001590,2016-12-04,53.92,1
OFF-ST-10001590,2017-09-10,10.784,1
OFF-ST-10001590,2017-11-19,40.44,1
OFF-ST-10001590,2017-11-26,21.568,1
OFF-ST-10001590,2017-12-17,134.8,1
OFF-ST-10001590,2018-09-23,67.4,1
OFF-ST-10001713,2015-09-27,211.96,1
OFF-ST-10001713,2015-10-25,211.96,1
OFF-ST-10001713,2016-09-18,105.98,1
OFF-ST-10001713,2016-11-13,84.784,1
OFF-ST-10001713,2017-06-25,254.352,1
OFF-ST-10001713,2017-07-30,84.784,1
OFF-ST-10001780,2016-06-12,1036.624,1
OFF-ST-10001780,2017-04-23,1554.936,1
OFF-ST-10001780,2017-07-30,1036.624,1
OFF-ST-10001780,2018-04-08,2591.56,1
OFF-ST-10001780,2018-07-01,1295.78,1
OFF-ST-10001809,2015-05-31,359.32,1
OFF-ST-10001809,2015-09-20,449.15,1
OFF-ST-10001809,2016-09-18,269.49,1
OFF-ST-10001809,2016-10-30,718.64,1
OFF-ST-10001809,2016-12-18,646.776,1
OFF-ST-10001809,2017-02-26,449.15,1
OFF-ST-10001809,2018-03-25,503.048,2
OFF-ST-10001809,2018-06-17,215.592,1
OFF-ST-10001809,2018-09-09,628.81,1
OFF-ST-10001809,2018-12-02,269.49,1
OFF-ST-10001837,2015-05-31,102.624,1
OFF-ST-10001837,2016-01-03,85.52,1
OFF-ST-10001837,2016-08-28,470.36,1
OFF-ST-10001837,2017-07-02,171.04,1
OFF-ST-10001837,2018-07-15,239.456,1
OFF-ST-10001837,2018-10-07,85.52,1
OFF-ST-10001837,2018-10-14,42.76,1
OFF-ST-10001837,2018-12-09,42.76,1
OFF-ST-10001932,2015-10-11,386.34,1
OFF-ST-10001932,2016-09-11,772.68,1
OFF-ST-10001932,2017-04-16,579.51,1
OFF-ST-10001932,2017-07-23,965.85,1
OFF-ST-10001932,2017-12-03,772.68,1
OFF-ST-10001932,2018-02-18,579.51,1
OFF-ST-10001932,2018-05-06,772.68,1
OFF-ST-10001963,2015-11-01,405.64,1
OFF-ST-10001963,2016-06-26,304.23,1
OFF-ST-10001963,2017-12-17,243.384,1
OFF-ST-10001963,2018-11-18,811.28,1
OFF-ST-10002011,2015-08-02,838.38,1
OFF-ST-10002011,2015-11-22,2934.33,1
OFF-ST-10002011,2017-05-14,1006.056,1
OFF-ST-10002182,2016-03-27,150.408,1
OFF-ST-10002182,2018-05-27,50.136,1
OFF-ST-10002182,2018-12-02,83.56,1
OFF-ST-10002205,2015-12-06,53.424,1
OFF-ST-10002205,2017-11-12,155.82,1
OFF-ST-10002205,2018-06-03,53.424,1
OFF-ST-10002214,2015-05-03,27.096,1
OFF-ST-10002214,2015-11-08,22.58,1
OFF-ST-10002214,2016-04-10,22.58,1
OFF-ST-10002214,2017-02-05,56.45,1
OFF-ST-10002214,2017-12-03,33.87,1
OFF-ST-10002214,2018-05-20,22.58,1
OFF-ST-10002214,2018-09-09,56.45,1
OFF-ST-10002214,2018-10-07,22.58,1
OFF-ST-10002214,2018-11-04,54.192,1
OFF-ST-10002276,2015-06-07,166.72,1
OFF-ST-10002276,2017-07-23,66.688,1
OFF-ST-10002276,2017-11-12,83.36,1
OFF-ST-10002276,2018-08-19,200.064,1
OFF-ST-10002276,2018-12-23,166.72,1
OFF-ST-10002289,2015-08-09,158.9,1
OFF-ST-10002289,2016-09-25,25.424,1
OFF-ST-10002289,2018-11-11,63.56,1
OFF-ST-10002289,2018-12-16,158.9,1
OFF-ST-10002292,2017-07-23,593.568,1
OFF-ST-10002292,2017-12-03,1112.94,1
OFF-ST-10002301,2015-03-22,16.272,1
OFF-ST-10002301,2015-09-27,40.68,1
OFF-ST-10002301,2015-12-27,20.34,1
OFF-ST-10002301,2017-12-03,32.544,1
OFF-ST-10002301,2018-01-07,61.02,1
OFF-ST-10002301,2018-04-22,32.544,1
OFF-ST-10002301,2018-05-27,48.816,1
OFF-ST-10002301,2018-10-14,40.68,1
OFF-ST-10002301,2018-11-18,81.36,1
OFF-ST-10002344,2015-03-08,242.94,1
OFF-ST-10002344,2015-09-13,64.784,1
OFF-ST-10002344,2015-11-29,485.88,1
OFF-ST-10002344,2016-11-13,64.784,1
OFF-ST-10002344,2017-02-05,80.98,1
OFF-ST-10002344,2017-07-23,242.94,1
OFF-ST-10002344,2018-10-28,259.136,1
OFF-ST-10002344,2018-11-04,194.352,1
OFF-ST-10002352,2015-10-11,31.92,1
OFF-ST-10002352,2016-08-21,44.688,1
OFF-ST-10002352,2018-03-25,12.768,1
OFF-ST-10002352,2018-09-02,63.84,1
OFF-ST-10002352,2018-09-30,39.9,1
OFF-ST-10002352,2018-12-09,31.92,1
OFF-ST-10002370,2015-10-18,21.39,1
OFF-ST-10002370,2016-10-02,64.17,1
OFF-ST-10002370,2017-09-24,128.34,1
OFF-ST-10002370,2018-04-22,51.336,1
OFF-ST-10002370,2018-06-17,68.448,1
OFF-ST-10002370,2018-09-02,149.73,1
OFF-ST-10002406,2015-09-13,14.97,1
OFF-ST-10002406,2016-03-13,89.82,1
OFF-ST-10002406,2016-05-22,104.79,1
OFF-ST-10002406,2017-04-23,23.952,1
OFF-ST-10002406,2017-08-27,14.97,1
OFF-ST-10002406,2017-10-22,104.79,1
OFF-ST-10002444,2015-06-21,36.84,1
OFF-ST-10002444,2015-12-06,24.56,1
OFF-ST-10002444,2016-01-03,24.56,1
OFF-ST-10002444,2016-06-12,24.56,1
OFF-ST-10002444,2016-09-25,85.96,1
OFF-ST-10002444,2018-11-25,39.296,1
OFF-ST-10002485,2015-12-06,35.168,1
OFF-ST-10002485,2016-08-14,21.98,1
OFF-ST-10002485,2017-04-02,87.92,1
OFF-ST-10002485,2017-07-23,87.92,1
OFF-ST-10002485,2017-09-03,35.168,1
OFF-ST-10002485,2018-06-10,35.168,1
OFF-ST-10002485,2018-07-08,87.92,1
OFF-ST-10002485,2018-11-04,52.752,1
OFF-ST-10002486,2015-03-08,44.672,1
OFF-ST-10002486,2016-03-27,27.92,1
OFF-ST-10002486,2016-09-11,55.84,2
OFF-ST-10002486,2017-07-09,27.92,1
OFF-ST-10002486,2018-07-01,83.76,1
OFF-ST-10002486,2018-11-04,11.168,1
OFF-ST-10002486,2018-11-18,48.86,1
OFF-ST-10002554,2016-01-03,39.128,1
OFF-ST-10002554,2016-02-07,146.73,1
OFF-ST-10002554,2016-06-26,78.256,1
OFF-ST-10002554,2016-11-13,244.55,1
OFF-ST-10002554,2016-12-04,146.73,1
OFF-ST-10002554,2017-05-07,195.64,1
OFF-ST-10002554,2017-12-31,156.512,1
OFF-ST-10002554,2018-07-15,195.64,1
OFF-ST-10002554,2018-12-23,78.256,1
OFF-ST-10002562,2015-12-27,30.016,1
OFF-ST-10002562,2016-10-09,15.008,1
OFF-ST-10002562,2017-01-01,22.512,1
OFF-ST-10002562,2017-06-18,67.536,1
OFF-ST-10002562,2017-09-17,37.52,1
OFF-ST-10002562,2017-11-12,28.14,1
OFF-ST-10002574,2015-04-26,828.84,1
OFF-ST-10002574,2015-08-02,276.28,1
OFF-ST-10002574,2015-09-27,331.536,1
OFF-ST-10002574,2016-05-01,221.024,1
OFF-ST-10002574,2016-08-21,663.072,1
OFF-ST-10002574,2017-03-19,552.56,1
OFF-ST-10002574,2017-05-21,552.56,1
OFF-ST-10002574,2017-10-01,331.536,1
OFF-ST-10002574,2018-05-20,221.024,1
OFF-ST-10002574,2018-11-18,221.024,1
OFF-ST-10002583,2015-02-15,64.96,1
OFF-ST-10002583,2015-07-26,25.984,1
OFF-ST-10002583,2016-05-15,51.968,1
OFF-ST-10002583,2017-04-09,64.96,1
OFF-ST-10002583,2017-09-10,129.92,1
OFF-ST-10002583,2017-11-19,64.96,1
OFF-ST-10002583,2018-11-18,77.952,1
OFF-ST-10002615,2015-09-27,310.12,1
OFF-ST-10002615,2015-10-04,1395.54,1
OFF-ST-10002615,2016-01-17,465.18,1
OFF-ST-10002615,2017-11-05,1085.42,1
OFF-ST-10002615,2017-12-10,465.18,1
OFF-ST-10002615,2018-01-07,372.144,1
OFF-ST-10002615,2018-03-18,310.12,1
OFF-ST-10002615,2018-07-01,1085.42,1
OFF-ST-10002743,2015-01-04,272.736,1
OFF-ST-10002743,2015-11-15,340.92,1
OFF-ST-10002743,2016-07-17,272.736,1
OFF-ST-10002743,2016-10-02,363.648,1
OFF-ST-10002743,2017-08-27,727.296,1
OFF-ST-10002743,2017-10-22,340.92,1
OFF-ST-10002743,2017-12-24,227.28,1
OFF-ST-10002743,2018-01-07,454.56,1
OFF-ST-10002743,2018-04-01,795.48,1
OFF-ST-10002743,2018-10-21,909.12,1
OFF-ST-10002756,2016-04-24,947.17,1
OFF-ST-10002756,2016-11-20,541.24,1
OFF-ST-10002756,2017-03-12,676.55,1
OFF-ST-10002756,2017-10-29,1082.48,1
OFF-ST-10002756,2018-06-03,324.744,1
OFF-ST-10002756,2018-12-02,541.24,1
OFF-ST-10002756,2018-12-30,270.62,1
OFF-ST-10002790,2015-12-27,118.16,1
OFF-ST-10002790,2017-09-17,295.4,1
OFF-ST-10002790,2018-08-12,118.16,1
OFF-ST-10002790,2018-12-02,221.55,1
OFF-ST-10002790,2018-12-16,73.85,1
OFF-ST-10002957,2015-04-05,15.84,1
OFF-ST-10002957,2017-01-01,12.672,1
OFF-ST-10002957,2017-05-07,12.672,1
OFF-ST-10002957,2018-06-10,26.4,1
OFF-ST-10002957,2018-07-22,10.56,1
OFF-ST-10002974,2015-11-08,43.57,1
OFF-ST-10002974,2016-10-02,139.424,1
OFF-ST-10002974,2018-07-01,130.71,1
OFF-ST-10002974,2018-07-22,69.712,1
OFF-ST-10002974,2018-09-09,217.85,1
OFF-ST-10002974,2018-10-14,348.56,1
OFF-ST-10002974,2018-11-11,243.992,1
OFF-ST-10003058,2015-07-26,236.5,1
OFF-ST-10003058,2016-09-18,94.6,1
OFF-ST-10003058,2016-11-20,70.95,1
OFF-ST-10003058,2017-09-10,70.95,1
OFF-ST-10003058,2017-09-24,118.25,1
OFF-ST-10003058,2018-12-30,118.25,1
OFF-ST-10003123,2015-01-25,66.58,1
OFF-ST-10003123,2015-07-26,26.632,1
OFF-ST-10003123,2016-01-03,33.29,1
OFF-ST-10003123,2016-09-25,199.74,1
OFF-ST-10003123,2017-10-15,99.87,1
OFF-ST-10003123,2018-02-18,166.45,1
OFF-ST-10003123,2018-08-05,99.87,1
OFF-ST-10003123,2018-09-09,99.87,1
OFF-ST-10003123,2018-11-18,33.29,1
OFF-ST-10003123,2018-11-25,33.29,1
OFF-ST-10003208,2015-11-08,362.92,1
OFF-ST-10003208,2016-07-03,435.504,1
OFF-ST-10003208,2016-08-28,435.504,1
OFF-ST-10003208,2016-09-04,1088.76,1
OFF-ST-10003208,2017-03-05,362.92,1
OFF-ST-10003208,2018-03-25,725.84,1
OFF-ST-10003208,2018-10-07,580.672,1
OFF-ST-10003208,2018-11-11,2177.52,2
OFF-ST-10003208,2018-12-23,544.38,1
OFF-ST-10003208,2018-12-30,725.84,1
OFF-ST-10003221,2015-03-15,21.36,1
OFF-ST-10003221,2015-08-09,21.36,1
OFF-ST-10003221,2018-12-09,10.68,1
OFF-ST-10003282,2016-11-13,418.32,1
OFF-ST-10003282,2018-04-01,59.76,1
OFF-ST-10003282,2018-09-09,478.08,1
OFF-ST-10003282,2018-09-23,95.616,1
OFF-ST-10003306,2015-07-26,342.864,1
OFF-ST-10003306,2015-12-27,142.86,1
OFF-ST-10003306,2016-11-13,714.3,1
OFF-ST-10003306,2017-06-11,714.3,1
OFF-ST-10003306,2018-05-06,571.44,1
OFF-ST-10003306,2018-08-19,1000.02,1
OFF-ST-10003306,2018-12-02,114.288,1
OFF-ST-10003306,2018-12-23,1000.02,1
OFF-ST-10003324,2017-12-10,212.88,1
OFF-ST-10003324,2018-11-11,35.48,1
OFF-ST-10003327,2015-09-13,19.86,1
OFF-ST-10003327,2016-05-01,23.832,1
OFF-ST-10003327,2017-11-26,39.72,1
OFF-ST-10003327,2018-12-09,29.79,1
OFF-ST-10003442,2015-05-10,45.248,1
OFF-ST-10003442,2015-11-01,141.4,1
OFF-ST-10003442,2016-07-24,141.4,1
OFF-ST-10003442,2017-04-09,158.368,1
OFF-ST-10003442,2017-11-05,45.248,1
OFF-ST-10003442,2017-11-12,84.84,1
OFF-ST-10003442,2018-08-05,56.56,1
OFF-ST-10003442,2018-11-18,169.68,1
OFF-ST-10003442,2018-11-25,56.56,1
OFF-ST-10003455,2015-04-05,49.632,1
OFF-ST-10003455,2015-12-06,24.816,1
OFF-ST-10003455,2017-04-09,31.02,1
OFF-ST-10003455,2017-09-03,46.53,1
OFF-ST-10003455,2017-11-19,77.55,1
OFF-ST-10003455,2018-03-18,46.53,1
OFF-ST-10003455,2018-07-15,62.04,1
OFF-ST-10003470,2015-06-14,1676.88,1
OFF-ST-10003470,2015-11-29,1117.92,1
OFF-ST-10003470,2016-02-07,670.752,1
OFF-ST-10003470,2016-05-15,1117.92,1
OFF-ST-10003470,2017-11-19,1117.92,1
OFF-ST-10003470,2017-12-24,1117.92,1
OFF-ST-10003479,2015-10-18,186.912,1
OFF-ST-10003479,2015-10-25,194.7,1
OFF-ST-10003479,2016-10-23,77.88,1
OFF-ST-10003479,2017-06-11,124.608,1
OFF-ST-10003479,2017-07-23,77.88,1
OFF-ST-10003479,2017-09-10,93.456,1
OFF-ST-10003479,2017-11-12,116.82,1
OFF-ST-10003572,2016-11-13,84.96,1
OFF-ST-10003572,2017-08-27,14.16,1
OFF-ST-10003638,2016-08-21,70.26,1
OFF-ST-10003638,2016-09-11,70.26,1
OFF-ST-10003638,2016-11-06,46.84,1
OFF-ST-10003638,2017-06-25,93.68,1
OFF-ST-10003638,2018-01-14,168.624,1
OFF-ST-10003641,2015-10-18,315.2,1
OFF-ST-10003641,2016-09-11,78.8,1
OFF-ST-10003641,2017-03-19,126.08,1
OFF-ST-10003656,2015-11-22,76.792,1
OFF-ST-10003656,2016-09-11,671.93,1
OFF-ST-10003656,2017-04-23,230.376,1
OFF-ST-10003656,2018-06-24,153.584,1
OFF-ST-10003656,2018-11-18,230.376,1
OFF-ST-10003692,2015-02-01,57.23,1
OFF-ST-10003692,2015-03-01,137.352,1
OFF-ST-10003692,2016-06-19,228.92,1
OFF-ST-10003692,2017-01-08,114.46,1
OFF-ST-10003692,2018-04-15,286.15,1
OFF-ST-10003692,2018-07-15,228.92,1
OFF-ST-10003716,2015-11-08,1080.096,1
OFF-ST-10003716,2016-06-19,450.04,1
OFF-ST-10003716,2016-09-25,720.064,1
OFF-ST-10003716,2016-12-18,180.016,1
OFF-ST-10003716,2017-02-12,1350.12,1
OFF-ST-10003716,2017-09-24,900.08,1
OFF-ST-10003716,2017-12-24,1440.1280000000002,2
OFF-ST-10003716,2018-04-22,675.06,1
OFF-ST-10003716,2018-10-07,1575.14,1
OFF-ST-10003716,2018-11-18,1260.112,2
OFF-ST-10003722,2015-09-20,67.344,1
OFF-ST-10003722,2016-07-10,98.21,1
OFF-ST-10003722,2017-12-31,14.03,1
OFF-ST-10003722,2018-06-17,14.03,1
OFF-ST-10003805,2015-10-25,505.32,1
OFF-ST-10003805,2017-12-03,1263.3,1
OFF-ST-10003805,2018-06-10,1347.52,1
OFF-ST-10003805,2018-09-09,421.1,1
OFF-ST-10003816,2015-10-11,281.904,1
OFF-ST-10003816,2016-04-10,563.808,1
OFF-ST-10003816,2016-06-12,563.808,1
OFF-ST-10003816,2016-08-14,422.856,1
OFF-ST-10003816,2017-07-30,704.76,1
OFF-ST-10003816,2017-12-10,352.38,1
OFF-ST-10003816,2018-05-20,704.76,1
OFF-ST-10003816,2018-09-02,352.38,1
OFF-ST-10003994,2016-09-11,353.88,1
OFF-ST-10003994,2016-11-20,141.552,1
OFF-ST-10003994,2017-02-05,117.96,1
OFF-ST-10003994,2018-09-02,235.92,1
OFF-ST-10003996,2015-11-01,80.3,1
OFF-ST-10003996,2018-08-05,16.06,1
OFF-ST-10003996,2018-08-26,25.696,1
OFF-ST-10003996,2018-11-18,96.36,1
OFF-ST-10004123,2015-06-21,509.488,1
OFF-ST-10004123,2016-05-01,72.784,1
OFF-ST-10004123,2016-09-18,636.86,1
OFF-ST-10004123,2017-05-21,454.9,1
OFF-ST-10004123,2018-04-29,72.784,1
OFF-ST-10004123,2018-07-01,272.94,1
OFF-ST-10004123,2018-12-09,272.94,1
OFF-ST-10004123,2018-12-23,218.352,1
OFF-ST-10004180,2015-04-05,232.55,1
OFF-ST-10004180,2017-02-05,93.02,1
OFF-ST-10004180,2018-03-18,46.51,1
OFF-ST-10004180,2018-05-13,74.416,1
OFF-ST-10004180,2018-12-09,37.208,1
OFF-ST-10004186,2015-11-15,665.88,1
OFF-ST-10004186,2016-09-18,443.92,1
OFF-ST-10004186,2016-09-25,887.84,1
OFF-ST-10004186,2016-12-11,221.96,1
OFF-ST-10004186,2017-09-17,332.94,1
OFF-ST-10004258,2015-08-30,48.84,1
OFF-ST-10004258,2015-11-08,36.63,1
OFF-ST-10004258,2016-03-20,29.304,1
OFF-ST-10004258,2016-05-15,36.63,1
OFF-ST-10004258,2016-10-30,36.63,1
OFF-ST-10004258,2017-11-19,36.63,1
OFF-ST-10004337,2015-02-01,489.92,1
OFF-ST-10004337,2015-06-28,306.2,1
OFF-ST-10004337,2015-12-20,122.48,1
OFF-ST-10004337,2017-01-29,428.68,1
OFF-ST-10004337,2017-12-03,97.984,1
OFF-ST-10004340,2015-10-04,62.18,1
OFF-ST-10004340,2016-06-05,62.18,1
OFF-ST-10004340,2017-02-05,186.54,1
OFF-ST-10004340,2017-07-23,99.488,1
OFF-ST-10004340,2017-09-17,373.08,1
OFF-ST-10004340,2018-01-21,348.208,1
OFF-ST-10004340,2018-07-15,298.464,1
OFF-ST-10004340,2018-08-05,186.54,1
OFF-ST-10004340,2018-12-02,559.62,1
OFF-ST-10004340,2018-12-23,124.36,1
OFF-ST-10004459,2015-08-16,375.34,1
OFF-ST-10004459,2015-10-04,1801.632,1
OFF-ST-10004459,2016-10-16,1801.632,1
OFF-ST-10004459,2017-12-03,1126.02,1
OFF-ST-10004459,2018-01-28,1126.02,1
OFF-ST-10004459,2018-08-19,1801.632,1
OFF-ST-10004459,2018-12-23,375.34,1
OFF-ST-10004459,2018-12-30,750.68,1
OFF-ST-10004507,2015-12-27,51.45,1
OFF-ST-10004507,2016-05-29,51.45,1
OFF-ST-10004507,2016-07-03,68.6,1
OFF-ST-10004507,2017-10-01,51.45,1
OFF-ST-10004507,2017-11-19,68.6,1
OFF-ST-10004507,2017-12-17,17.15,1
OFF-ST-10004507,2018-01-28,51.45,1
OFF-ST-10004507,2018-06-03,27.44,1
OFF-ST-10004507,2018-09-02,27.44,1
OFF-ST-10004507,2018-10-28,13.72,1
OFF-ST-10004634,2015-04-26,44.84,1
OFF-ST-10004634,2016-11-27,33.63,1
OFF-ST-10004634,2017-03-12,11.21,1
OFF-ST-10004634,2017-07-16,11.21,1
OFF-ST-10004634,2017-12-03,33.63,1
OFF-ST-10004634,2018-11-18,11.21,1
OFF-ST-10004804,2015-07-26,123.552,1
OFF-ST-10004804,2016-06-19,82.368,1
OFF-ST-10004804,2016-12-04,82.368,1
OFF-ST-10004804,2016-12-11,247.104,1
OFF-ST-10004804,2017-02-05,154.44,1
OFF-ST-10004804,2017-05-14,82.368,1
OFF-ST-10004804,2017-10-22,154.44,1
OFF-ST-10004804,2018-04-22,205.92,1
OFF-ST-10004804,2018-06-17,267.69599999999997,2
OFF-ST-10004835,2018-05-20,8.928,1
OFF-ST-10004835,2018-06-24,13.392000000000001,2
OFF-ST-10004835,2018-07-08,13.392,1
OFF-ST-10004946,2015-12-27,216.4,1
OFF-ST-10004946,2018-03-11,43.28,1
OFF-ST-10004950,2015-11-15,62.94,1
OFF-ST-10004950,2015-12-13,100.704,1
OFF-ST-10004950,2015-12-27,83.92,1
OFF-ST-10004950,2016-09-18,41.96,1
OFF-ST-10004950,2017-01-01,24.816,1
OFF-ST-10004950,2017-10-22,111.672,1
OFF-ST-10004950,2017-11-05,111.672,1
OFF-ST-10004950,2018-08-19,67.136,1
OFF-ST-10004950,2018-09-09,16.784,1
OFF-ST-10004950,2018-09-23,15.51,1
OFF-ST-10004950,2018-09-30,15.51,1
OFF-ST-10004963,2015-09-20,30.28,1
OFF-ST-10004963,2016-09-04,36.336,1
OFF-ST-10004963,2017-10-01,24.224,1
OFF-ST-10004963,2018-06-03,136.26,1
OFF-ST-10004963,2018-11-04,105.98,1
OFF-ST-10004963,2018-12-09,15.14,1
OFF-SU-10000151,2015-07-26,8187.65,1
OFF-SU-10000151,2017-03-05,3930.072,1
OFF-SU-10000151,2017-03-19,4912.59,1
OFF-SU-10000157,2015-02-15,238.62,1
OFF-SU-10000157,2015-09-13,357.93,1
OFF-SU-10000157,2015-11-08,286.344,1
OFF-SU-10000157,2016-05-08,357.93,1
OFF-SU-10000157,2017-06-25,835.17,1
OFF-SU-10000157,2018-04-22,477.24,1
OFF-SU-10000157,2018-05-13,238.62,1
OFF-SU-10000157,2018-09-30,190.896,1
OFF-SU-10000381,2015-03-08,18.62,1
OFF-SU-10000381,2017-05-21,65.17,1
OFF-SU-10000381,2017-09-03,27.93,1
OFF-SU-10000381,2017-09-24,27.93,1
OFF-SU-10000381,2017-11-19,52.136,1
OFF-SU-10000381,2018-05-27,22.344,1
OFF-SU-10000381,2018-08-26,37.24,1
OFF-SU-10000381,2018-11-18,27.93,1
OFF-SU-10000432,2015-08-16,5.552,1
OFF-SU-10000432,2015-11-15,16.656,1
OFF-SU-10000432,2015-12-13,13.88,1
OFF-SU-10000432,2018-08-19,5.552,1
OFF-SU-10000646,2015-11-01,480.74,1
OFF-SU-10000646,2017-04-09,769.184,1
OFF-SU-10000646,2017-12-24,961.48,1
OFF-SU-10000646,2018-04-08,240.37,1
OFF-SU-10000646,2018-11-04,384.592,1
OFF-SU-10000898,2015-10-18,22.24,1
OFF-SU-10000898,2016-01-17,88.96,1
OFF-SU-10000898,2016-09-25,55.6,1
OFF-SU-10000898,2017-05-28,69.5,1
OFF-SU-10000898,2018-12-23,69.5,1
OFF-SU-10000946,2017-04-02,63.84,1
OFF-SU-10000946,2017-10-15,12.768,1
OFF-SU-10000946,2018-08-19,31.92,1
OFF-SU-10000946,2018-12-30,44.688,1
OFF-SU-10000952,2017-07-16,44.4,1
OFF-SU-10000952,2017-12-31,17.76,1
OFF-SU-10001165,2016-03-20,33.36,1
OFF-SU-10001165,2017-07-23,13.344,1
OFF-SU-10001165,2018-02-18,25.02,1
OFF-SU-10001165,2018-06-17,16.68,1
OFF-SU-10001165,2018-11-25,6.672,1
OFF-SU-10001212,2017-09-24,6.24,1
OFF-SU-10001212,2018-05-06,3.328,1
OFF-SU-10001218,2016-08-28,32.94,1
OFF-SU-10001218,2017-04-23,54.9,1
OFF-SU-10001218,2017-05-28,54.9,1
OFF-SU-10001218,2017-10-15,65.88,1
OFF-SU-10001218,2017-11-05,21.96,1
OFF-SU-10001218,2018-04-29,54.9,1
OFF-SU-10001218,2018-09-23,21.96,1
OFF-SU-10001225,2015-06-14,7.36,1
OFF-SU-10001225,2015-11-29,7.36,1
OFF-SU-10001225,2016-12-18,25.76,1
OFF-SU-10001225,2017-01-01,5.888,1
OFF-SU-10001225,2017-10-22,7.36,1
OFF-SU-10001225,2017-11-12,14.72,1
OFF-SU-10001225,2018-09-09,8.832,1
OFF-SU-10001225,2018-11-18,2.944,1
OFF-SU-10001574,2015-09-13,7.3,1
OFF-SU-10001574,2015-11-15,10.95,1
OFF-SU-10001574,2015-12-13,2.92,1
OFF-SU-10001574,2016-05-01,5.84,1
OFF-SU-10001574,2016-09-18,7.3,1
OFF-SU-10001574,2017-04-02,10.95,1
OFF-SU-10001574,2017-07-16,5.84,1
OFF-SU-10001574,2017-09-03,10.95,1
OFF-SU-10001574,2018-09-30,7.3,1
OFF-SU-10001664,2015-06-07,17.14,1
OFF-SU-10001664,2015-12-06,47.992,1
OFF-SU-10001664,2017-02-19,25.71,1
OFF-SU-10001664,2017-12-10,20.568,1
OFF-SU-10001664,2017-12-31,13.712,1
OFF-SU-10001664,2018-02-04,8.57,1
OFF-SU-10001664,2018-12-16,25.71,1
OFF-SU-10001935,2016-08-21,3.488,1
OFF-SU-10001935,2016-11-20,8.72,1
OFF-SU-10001935,2018-03-04,6.976,1
OFF-SU-10001935,2018-09-30,1.744,1
OFF-SU-10001935,2018-11-25,4.36,1
OFF-SU-10001935,2018-12-02,4.36,1
OFF-SU-10002189,2015-12-27,11.91,1
OFF-SU-10002189,2016-11-27,15.88,1
OFF-SU-10002189,2017-08-27,15.88,1
OFF-SU-10002301,2015-11-01,6.28,1
OFF-SU-10002301,2017-11-05,17.584,1
OFF-SU-10002503,2017-09-10,22.72,1
OFF-SU-10002503,2017-11-12,11.36,1
OFF-SU-10002503,2018-07-01,28.4,1
OFF-SU-10002503,2018-09-02,28.4,1
OFF-SU-10002522,2015-06-28,3.104,1
OFF-SU-10002522,2015-07-26,15.52,1
OFF-SU-10002522,2015-11-08,11.64,1
OFF-SU-10002522,2017-04-23,7.76,1
OFF-SU-10002522,2018-09-02,6.208,1
OFF-SU-10002537,2015-08-09,102.3,1
OFF-SU-10002537,2015-11-15,20.46,1
OFF-SU-10002537,2016-11-20,40.92,1
OFF-SU-10002537,2017-06-11,61.38,1
OFF-SU-10002537,2018-07-01,30.69,1
OFF-SU-10002557,2016-05-29,22.368,1
OFF-SU-10002557,2017-12-31,27.96,1
OFF-SU-10002557,2018-06-24,11.184,1
OFF-SU-10002557,2018-12-23,13.98,1
OFF-SU-10002573,2016-05-01,35.06,1
OFF-SU-10002573,2016-07-31,52.59,1
OFF-SU-10002573,2016-11-06,70.12,1
OFF-SU-10002573,2017-08-06,35.06,1
OFF-SU-10002573,2017-08-27,28.048,1
OFF-SU-10002573,2018-04-29,122.71,1
OFF-SU-10002573,2018-08-12,70.12,1
OFF-SU-10002573,2018-11-04,35.06,1
OFF-SU-10002881,2015-04-05,4164.05,1
OFF-SU-10002881,2016-09-04,666.248,1
OFF-SU-10002881,2018-01-14,4164.05,1
OFF-SU-10002881,2018-03-18,1332.496,1
OFF-SU-10002881,2018-09-23,4663.736,1
OFF-SU-10002881,2018-12-23,1665.62,1
OFF-SU-10003002,2015-05-24,5.04,1
OFF-SU-10003002,2017-09-24,5.04,1
OFF-SU-10003505,2017-04-23,185.376,1
OFF-SU-10003505,2017-07-02,231.72,1
OFF-SU-10003505,2017-08-13,185.376,1
OFF-SU-10003505,2017-11-05,185.376,1
OFF-SU-10003505,2017-12-24,579.3,1
OFF-SU-10003505,2018-03-25,347.58,1
OFF-SU-10003505,2018-07-22,231.72,1
OFF-SU-10003505,2018-12-23,695.16,1
OFF-SU-10003567,2015-10-04,15.36,1
OFF-SU-10003567,2016-08-07,23.04,1
OFF-SU-10003567,2016-09-11,69.12,1
OFF-SU-10003567,2017-04-16,28.8,1
OFF-SU-10003936,2015-08-23,7.632,1
OFF-SU-10004115,2015-11-08,40.712,1
OFF-SU-10004115,2015-12-20,7.27,1
OFF-SU-10004115,2017-07-16,11.632,1
OFF-SU-10004115,2018-09-02,21.81,1
OFF-SU-10004231,2016-08-28,31.68,1
OFF-SU-10004231,2016-11-06,29.7,1
OFF-SU-10004231,2017-11-19,49.5,1
OFF-SU-10004231,2018-02-04,31.68,1
OFF-SU-10004231,2018-04-01,29.7,1
OFF-SU-10004231,2018-06-10,23.76,1
OFF-SU-10004261,2016-05-01,41.376,1
OFF-SU-10004261,2017-07-23,86.2,1
OFF-SU-10004261,2017-08-27,55.168,1
OFF-SU-10004261,2018-09-23,34.48,1
OFF-SU-10004290,2015-09-13,27.36,1
OFF-SU-10004290,2016-10-02,10.944,1
OFF-SU-10004290,2017-04-23,6.84,1
OFF-SU-10004498,2015-04-12,10.304,1
OFF-SU-10004498,2016-04-17,12.88,1
OFF-SU-10004498,2016-09-11,51.52,1
OFF-SU-10004498,2017-08-27,51.52,1
OFF-SU-10004498,2017-10-15,20.608,1
OFF-SU-10004498,2018-05-20,64.4,1
OFF-SU-10004498,2018-05-27,25.76,1
OFF-SU-10004661,2015-08-23,6.8,1
OFF-SU-10004661,2015-08-30,25.5,1
OFF-SU-10004661,2016-11-06,27.2,1
OFF-SU-10004661,2018-05-13,17.0,1
OFF-SU-10004661,2018-11-11,25.5,1
OFF-SU-10004664,2015-07-26,40.7,1
OFF-SU-10004664,2017-07-09,45.584,1
OFF-SU-10004664,2017-12-03,40.7,1
OFF-SU-10004664,2018-10-07,39.072,1
OFF-SU-10004737,2015-05-10,41.04,1
OFF-SU-10004737,2015-05-24,34.2,1
OFF-SU-10004737,2017-09-24,13.68,1
OFF-SU-10004768,2015-08-23,9.184,1
OFF-SU-10004768,2018-07-22,9.184,1
OFF-SU-10004768,2018-08-26,17.22,1
OFF-SU-10004782,2016-09-18,16.9,1
OFF-SU-10004782,2017-03-05,25.35,1
OFF-SU-10004782,2017-07-23,33.8,1
OFF-SU-10004782,2017-09-17,16.9,1
OFF-SU-10004782,2017-11-26,25.35,1
OFF-SU-10004782,2017-12-17,13.52,1
OFF-SU-10004782,2018-12-09,47.32,1
OFF-SU-10004884,2016-10-02,47.19,1
OFF-SU-10004884,2018-01-07,110.11,1
OFF-SU-10004884,2018-07-29,37.752,1
TEC-AC-10000023,2015-07-26,41.94,1
TEC-AC-10000023,2015-08-09,62.91,1
TEC-AC-10000023,2015-09-13,83.88,1
TEC-AC-10000023,2015-11-08,41.94,1
TEC-AC-10000057,2016-10-09,47.984,1
TEC-AC-10000057,2017-11-05,89.97,1
TEC-AC-10000057,2017-12-17,119.96,1
TEC-AC-10000057,2018-09-23,149.95,1
TEC-AC-10000057,2018-12-16,149.95,1
TEC-AC-10000109,2015-05-10,167.97,1
TEC-AC-10000109,2015-06-28,223.96,1
TEC-AC-10000109,2016-01-03,89.584,1
TEC-AC-10000109,2016-09-04,134.376,1
TEC-AC-10000109,2017-06-04,335.94,2
TEC-AC-10000109,2017-09-10,279.95,1
TEC-AC-10000109,2018-09-02,167.97,1
TEC-AC-10000109,2018-09-23,89.584,1
TEC-AC-10000158,2015-06-28,86.376,1
TEC-AC-10000158,2016-11-27,107.97,1
TEC-AC-10000158,2017-08-13,71.98,1
TEC-AC-10000158,2017-09-10,57.584,1
TEC-AC-10000158,2018-04-01,143.96,1
TEC-AC-10000158,2018-04-29,107.97,1
TEC-AC-10000158,2018-08-26,71.98,1
TEC-AC-10000158,2018-09-23,71.98,1
TEC-AC-10000158,2018-12-09,179.95,1
TEC-AC-10000171,2016-03-27,18.392,1
TEC-AC-10000171,2016-12-04,36.784,1
TEC-AC-10000171,2017-01-22,55.176,1
TEC-AC-10000171,2017-03-12,45.98,1
TEC-AC-10000171,2018-09-09,91.96,1
TEC-AC-10000199,2015-12-06,5.95,1
TEC-AC-10000199,2017-12-10,19.04,1
TEC-AC-10000199,2018-09-09,19.04,1
TEC-AC-10000290,2016-01-03,47.53,1
TEC-AC-10000290,2016-08-21,21.728,1
TEC-AC-10000290,2017-09-03,6.79,1
TEC-AC-10000290,2018-12-02,20.37,1
TEC-AC-10000303,2015-06-14,63.984,1
TEC-AC-10000303,2018-09-23,79.98,1
TEC-AC-10000303,2018-11-04,95.976,1
TEC-AC-10000358,2016-01-03,113.97,1
TEC-AC-10000358,2016-06-05,151.96,1
TEC-AC-10000358,2016-11-20,91.176,1
TEC-AC-10000358,2017-07-16,75.98,1
TEC-AC-10000358,2018-03-25,265.93,1
TEC-AC-10000358,2018-12-16,189.95,1
TEC-AC-10000387,2016-03-20,15.02,1
TEC-AC-10000387,2017-11-26,24.032,1
TEC-AC-10000387,2018-05-20,36.048,1
TEC-AC-10000397,2016-11-27,104.97,1
TEC-AC-10000397,2017-07-02,139.96,1
TEC-AC-10000397,2018-08-12,174.95,1
TEC-AC-10000420,2017-01-15,349.95,1
TEC-AC-10000420,2017-08-20,279.96,1
TEC-AC-10000420,2017-10-01,209.97,1
TEC-AC-10000420,2017-11-26,559.92,1
TEC-AC-10000474,2015-04-19,227.976,1
TEC-AC-10000474,2015-11-22,94.99,1
TEC-AC-10000474,2017-03-19,379.96,1
TEC-AC-10000474,2018-09-09,284.97,1
TEC-AC-10000474,2018-12-16,227.976,1
TEC-AC-10000474,2018-12-23,474.95,1
TEC-AC-10000487,2016-01-17,10.384,1
TEC-AC-10000487,2017-07-23,15.576,1
TEC-AC-10000521,2016-10-23,27.696,1
TEC-AC-10000521,2017-06-18,18.464,1
TEC-AC-10000521,2018-04-22,11.54,1
TEC-AC-10000521,2018-05-27,23.08,1
TEC-AC-10000580,2017-05-28,63.992,1
TEC-AC-10000580,2018-01-28,239.97,1
TEC-AC-10000580,2018-03-04,479.94,1
TEC-AC-10000580,2018-12-09,255.968,1
TEC-AC-10000682,2016-09-25,66.36,1
TEC-AC-10000682,2017-11-05,82.95,1
TEC-AC-10000682,2018-01-07,16.59,1
TEC-AC-10000682,2018-08-05,39.816,1
TEC-AC-10000682,2018-08-26,33.18,1
TEC-AC-10000682,2018-11-18,82.95,1
TEC-AC-10000710,2015-02-08,115.36,1
TEC-AC-10000710,2015-03-15,32.96,1
TEC-AC-10000710,2016-10-23,148.32,1
TEC-AC-10000736,2015-02-15,239.97,1
TEC-AC-10000736,2015-05-03,159.98,1
TEC-AC-10000736,2016-03-27,239.97,1
TEC-AC-10000736,2016-12-25,255.968,1
TEC-AC-10000736,2018-05-13,79.99,1
TEC-AC-10000736,2018-07-29,399.95,1
TEC-AC-10000844,2015-08-23,339.96,1
TEC-AC-10000844,2015-09-06,475.944,1
TEC-AC-10000844,2016-05-08,339.96,1
TEC-AC-10000844,2016-10-16,339.96,1
TEC-AC-10000844,2017-01-15,254.97,1
TEC-AC-10000844,2017-08-27,254.97,1
TEC-AC-10000844,2018-06-03,271.968,1
TEC-AC-10000844,2018-12-23,84.99,1
TEC-AC-10000865,2015-09-13,118.0,1
TEC-AC-10000865,2015-10-18,177.0,1
TEC-AC-10000865,2016-12-11,236.0,1
TEC-AC-10000865,2017-10-15,177.0,1
TEC-AC-10000892,2015-11-08,360.0,1
TEC-AC-10000892,2016-10-02,90.0,1
TEC-AC-10000892,2016-10-09,288.0,1
TEC-AC-10000892,2016-10-23,270.0,1
TEC-AC-10000892,2017-10-29,450.0,1
TEC-AC-10000892,2017-11-05,72.0,1
TEC-AC-10000892,2018-04-08,360.0,1
TEC-AC-10000926,2017-11-26,59.976,1
TEC-AC-10000927,2016-02-21,29.99,1
TEC-AC-10000927,2018-01-28,71.976,1
TEC-AC-10000927,2018-06-24,149.95,1
TEC-AC-10000927,2018-11-18,239.92,1
TEC-AC-10000990,2016-11-27,393.54,1
TEC-AC-10000990,2018-03-04,1049.44,1
TEC-AC-10000990,2018-09-30,655.9,1
TEC-AC-10000991,2017-05-14,93.98,1
TEC-AC-10000991,2017-12-24,112.776,1
TEC-AC-10000991,2018-07-15,140.97,1
TEC-AC-10000991,2018-07-29,234.95,1
TEC-AC-10001013,2015-05-17,46.864,1
TEC-AC-10001013,2017-03-26,58.58,1
TEC-AC-10001013,2017-06-18,29.29,1
TEC-AC-10001013,2018-12-09,351.48,2
TEC-AC-10001013,2018-12-23,46.864,1
TEC-AC-10001090,2016-11-20,47.984,1
TEC-AC-10001090,2018-09-16,59.98,1
TEC-AC-10001101,2015-10-18,25.78,1
TEC-AC-10001101,2015-11-08,51.56,1
TEC-AC-10001101,2016-03-06,10.312,1
TEC-AC-10001101,2018-06-24,103.12,1
TEC-AC-10001109,2015-09-20,47.984,1
TEC-AC-10001109,2016-11-06,89.97,1
TEC-AC-10001109,2017-04-09,89.97,1
TEC-AC-10001109,2017-06-11,179.94,1
TEC-AC-10001109,2017-06-25,95.968,1
TEC-AC-10001109,2017-08-27,47.984,1
TEC-AC-10001109,2017-12-10,59.98,1
TEC-AC-10001109,2018-09-16,71.976,1
TEC-AC-10001109,2018-09-23,89.97,1
TEC-AC-10001114,2018-02-25,31.992,1
TEC-AC-10001114,2018-09-09,159.96,1
TEC-AC-10001114,2018-09-23,199.95,1
TEC-AC-10001114,2018-12-23,199.95,1
TEC-AC-10001142,2015-12-20,395.0,1
TEC-AC-10001142,2016-08-21,252.8,1
TEC-AC-10001142,2017-01-22,316.0,1
TEC-AC-10001142,2017-12-17,316.0,1
TEC-AC-10001142,2018-11-04,442.4,1
TEC-AC-10001266,2015-01-11,31.2,1
TEC-AC-10001266,2016-02-14,20.8,1
TEC-AC-10001266,2016-08-28,26.0,1
TEC-AC-10001266,2016-12-11,39.0,1
TEC-AC-10001266,2017-12-03,62.4,1
TEC-AC-10001266,2018-03-25,26.0,1
TEC-AC-10001266,2018-11-18,41.6,1
TEC-AC-10001266,2018-12-09,52.0,1
TEC-AC-10001267,2015-12-06,119.8,1
TEC-AC-10001267,2016-01-03,119.8,1
TEC-AC-10001267,2016-11-20,59.9,1
TEC-AC-10001267,2017-05-28,47.92,1
TEC-AC-10001267,2017-12-17,119.8,1
TEC-AC-10001284,2015-02-22,62.31,1
TEC-AC-10001284,2018-07-01,62.31,1
TEC-AC-10001284,2018-12-02,166.16,1
TEC-AC-10001284,2018-12-16,116.312,1
TEC-AC-10001314,2015-07-26,99.98,1
TEC-AC-10001314,2015-10-18,119.976,1
TEC-AC-10001314,2015-11-22,99.98,1
TEC-AC-10001314,2015-12-20,99.98,1
TEC-AC-10001314,2016-09-18,199.96,1
TEC-AC-10001314,2017-03-26,119.976,1
TEC-AC-10001314,2017-12-17,249.95,1
TEC-AC-10001314,2018-11-11,239.952,1
TEC-AC-10001383,2015-09-13,49.98,1
TEC-AC-10001383,2018-04-22,274.89,1
TEC-AC-10001383,2018-10-14,39.984,1
TEC-AC-10001432,2015-02-01,468.9,1
TEC-AC-10001432,2015-02-15,234.45,1
TEC-AC-10001432,2017-09-03,468.9,1
TEC-AC-10001432,2017-12-10,78.15,1
TEC-AC-10001432,2018-11-11,390.75,1
TEC-AC-10001445,2015-10-11,9.09,1
TEC-AC-10001445,2017-12-17,21.21,1
TEC-AC-10001465,2015-05-17,58.112,1
TEC-AC-10001465,2016-09-18,87.168,1
TEC-AC-10001465,2017-05-14,58.112,1
TEC-AC-10001465,2017-12-24,72.64,1
TEC-AC-10001465,2017-12-31,254.24,1
TEC-AC-10001465,2018-05-20,36.32,1
TEC-AC-10001465,2018-09-23,72.64,1
TEC-AC-10001465,2018-10-14,435.84,1
TEC-AC-10001465,2018-11-11,108.96,1
TEC-AC-10001539,2015-12-20,447.944,1
TEC-AC-10001539,2018-10-07,319.96,1
TEC-AC-10001539,2018-12-09,399.95,1
TEC-AC-10001542,2015-09-13,57.4,1
TEC-AC-10001542,2015-10-18,22.96,1
TEC-AC-10001542,2016-05-08,27.552,1
TEC-AC-10001552,2016-11-06,447.93,1
TEC-AC-10001552,2016-11-13,238.896,1
TEC-AC-10001552,2016-12-18,248.85,1
TEC-AC-10001552,2018-03-25,99.54,1
TEC-AC-10001552,2018-08-12,119.448,1
TEC-AC-10001553,2015-10-25,40.776,1
TEC-AC-10001553,2016-12-11,101.94,1
TEC-AC-10001553,2017-10-08,67.96,1
TEC-AC-10001553,2018-06-24,122.328,1
TEC-AC-10001553,2018-11-04,40.776,1
TEC-AC-10001590,2016-06-26,75.0,1
TEC-AC-10001590,2016-10-02,50.0,1
TEC-AC-10001606,2015-05-31,99.99,1
TEC-AC-10001606,2015-09-06,239.976,1
TEC-AC-10001606,2015-09-13,199.98,1
TEC-AC-10001606,2015-10-25,319.968,1
TEC-AC-10001606,2016-12-11,159.984,1
TEC-AC-10001606,2018-05-20,299.97,1
TEC-AC-10001606,2018-06-17,479.952,1
TEC-AC-10001635,2015-09-06,92.52,1
TEC-AC-10001635,2015-11-29,24.672,1
TEC-AC-10001635,2017-07-02,30.84,1
TEC-AC-10001714,2017-01-08,191.472,1
TEC-AC-10001714,2017-09-03,159.56,1
TEC-AC-10001714,2018-04-15,95.736,1
TEC-AC-10001714,2018-05-06,159.56,1
TEC-AC-10001714,2018-08-05,79.78,1
TEC-AC-10001714,2018-10-07,63.824,1
TEC-AC-10001767,2015-08-09,95.976,1
TEC-AC-10001767,2016-04-10,239.94,1
TEC-AC-10001767,2017-05-07,199.95,1
TEC-AC-10001767,2017-09-03,95.976,1
TEC-AC-10001767,2018-04-15,199.95,1
TEC-AC-10001767,2018-12-02,95.976,1
TEC-AC-10001772,2015-11-29,111.79,1
TEC-AC-10001772,2017-12-17,63.88,1
TEC-AC-10001772,2018-03-11,63.88,1
TEC-AC-10001772,2018-11-11,111.79,1
TEC-AC-10001772,2018-12-02,143.73,1
TEC-AC-10001838,2016-06-26,319.984,1
TEC-AC-10001838,2016-11-06,1399.93,1
TEC-AC-10001838,2017-10-29,199.99,1
TEC-AC-10001838,2017-12-31,399.98,1
TEC-AC-10001838,2018-02-18,799.96,1
TEC-AC-10001838,2018-05-20,1399.93,1
TEC-AC-10001838,2018-12-16,599.97,1
TEC-AC-10001874,2015-04-12,335.944,1
TEC-AC-10001874,2016-06-05,119.98,1
TEC-AC-10001874,2018-01-28,95.984,1
TEC-AC-10001908,2015-04-12,399.96,1
TEC-AC-10001908,2016-02-14,479.952,1
TEC-AC-10001908,2017-04-23,99.99,1
TEC-AC-10001908,2017-10-01,499.95,1
TEC-AC-10001908,2018-03-11,199.98,1
TEC-AC-10001908,2018-09-02,1119.888,1
TEC-AC-10001956,2016-10-02,239.8,1
TEC-AC-10001956,2016-11-13,119.9,1
TEC-AC-10001990,2016-07-17,599.9,1
TEC-AC-10001990,2017-04-09,431.928,1
TEC-AC-10001990,2018-07-01,431.928,1
TEC-AC-10001990,2018-12-09,47.992,1
TEC-AC-10001998,2016-09-11,19.99,1
TEC-AC-10001998,2018-04-22,47.976,1
TEC-AC-10001998,2018-09-02,19.99,1
TEC-AC-10001998,2018-09-23,59.97,1
TEC-AC-10001998,2018-10-28,19.99,1
TEC-AC-10001998,2018-12-16,39.98,1
TEC-AC-10002001,2015-03-08,479.97,1
TEC-AC-10002001,2015-04-12,383.976,1
TEC-AC-10002001,2017-11-12,479.97,1
TEC-AC-10002001,2017-11-26,255.984,1
TEC-AC-10002001,2018-12-02,383.976,1
TEC-AC-10002006,2015-07-26,111.93,1
TEC-AC-10002006,2016-09-25,63.96,1
TEC-AC-10002006,2017-08-27,47.97,1
TEC-AC-10002006,2018-06-10,89.544,1
TEC-AC-10002006,2018-08-12,63.96,1
TEC-AC-10002006,2018-12-09,179.088,2
TEC-AC-10002018,2016-11-13,13.98,1
TEC-AC-10002018,2016-11-20,13.98,1
TEC-AC-10002018,2016-12-18,22.368,1
TEC-AC-10002018,2017-07-02,20.97,1
TEC-AC-10002018,2018-07-08,16.776,1
TEC-AC-10002049,2016-01-03,1687.8,1
TEC-AC-10002049,2016-09-04,619.95,1
TEC-AC-10002049,2016-10-09,619.95,1
TEC-AC-10002049,2016-11-13,371.97,1
TEC-AC-10002049,2016-12-18,2025.36,1
TEC-AC-10002049,2016-12-25,2109.75,2
TEC-AC-10002049,2017-01-22,371.97,1
TEC-AC-10002049,2017-09-03,1012.68,1
TEC-AC-10002049,2017-11-26,297.576,1
TEC-AC-10002049,2018-01-21,619.95,1
TEC-AC-10002049,2018-07-08,1687.8,1
TEC-AC-10002049,2018-08-19,843.9,1
TEC-AC-10002049,2018-10-07,1487.88,2
TEC-AC-10002076,2015-07-26,910.176,2
TEC-AC-10002076,2016-02-28,538.92,1
TEC-AC-10002076,2018-02-25,47.904,1
TEC-AC-10002134,2015-09-13,64.704,1
TEC-AC-10002134,2017-06-11,26.96,1
TEC-AC-10002134,2018-09-09,13.48,1
TEC-AC-10002167,2015-07-26,45.0,1
TEC-AC-10002167,2016-10-09,24.0,1
TEC-AC-10002167,2017-06-18,30.0,1
TEC-AC-10002167,2017-06-25,45.0,1
TEC-AC-10002167,2018-05-27,120.0,1
TEC-AC-10002167,2018-07-08,24.0,1
TEC-AC-10002167,2018-10-14,45.0,1
TEC-AC-10002167,2018-10-28,24.0,1
TEC-AC-10002217,2015-05-17,56.4,1
TEC-AC-10002217,2016-08-21,30.08,1
TEC-AC-10002217,2016-11-20,37.6,1
TEC-AC-10002217,2017-01-08,30.08,1
TEC-AC-10002217,2017-05-28,131.6,1
TEC-AC-10002217,2017-12-31,45.12,1
TEC-AC-10002217,2018-09-16,112.8,1
TEC-AC-10002253,2016-04-03,166.24,1
TEC-AC-10002253,2016-07-24,831.2,1
TEC-AC-10002253,2016-12-18,166.24,1
TEC-AC-10002253,2018-08-19,1496.16,1
TEC-AC-10002305,2016-09-11,90.0,1
TEC-AC-10002305,2017-11-05,72.0,1
TEC-AC-10002305,2017-11-12,36.0,1
TEC-AC-10002305,2018-09-30,72.0,1
TEC-AC-10002305,2018-10-14,36.0,1
TEC-AC-10002323,2015-03-29,66.3,1
TEC-AC-10002323,2015-08-30,176.8,1
TEC-AC-10002323,2016-10-02,53.04,1
TEC-AC-10002323,2016-10-09,53.04,1
TEC-AC-10002323,2016-11-06,35.36,1
TEC-AC-10002323,2017-10-22,106.08,1
TEC-AC-10002323,2017-11-26,88.4,1
TEC-AC-10002323,2017-12-24,66.3,1
TEC-AC-10002323,2018-06-03,35.36,1
TEC-AC-10002323,2018-07-15,132.6,1
TEC-AC-10002323,2018-11-04,70.72,1
TEC-AC-10002331,2015-10-11,23.472,1
TEC-AC-10002331,2018-01-21,62.592,1
TEC-AC-10002331,2018-05-06,48.9,1
TEC-AC-10002331,2018-05-27,68.46,1
TEC-AC-10002331,2018-12-23,29.34,1
TEC-AC-10002335,2016-11-27,83.976,1
TEC-AC-10002335,2017-01-15,69.98,1
TEC-AC-10002335,2018-10-14,209.94,1
TEC-AC-10002335,2018-11-18,139.96,1
TEC-AC-10002345,2015-11-22,29.0,1
TEC-AC-10002345,2016-07-10,34.8,1
TEC-AC-10002345,2016-09-25,23.2,1
TEC-AC-10002345,2017-07-16,29.0,1
TEC-AC-10002345,2017-09-10,116.0,1
TEC-AC-10002345,2018-11-04,43.5,1
TEC-AC-10002370,2015-09-27,3.152,1
TEC-AC-10002370,2017-01-01,4.728,1
TEC-AC-10002370,2018-11-11,7.88,1
TEC-AC-10002380,2018-05-27,27.192,1
TEC-AC-10002399,2015-08-30,95.1,1
TEC-AC-10002399,2015-09-13,15.216,1
TEC-AC-10002399,2017-05-28,95.1,1
TEC-AC-10002399,2018-03-18,57.06,1
TEC-AC-10002399,2018-11-18,60.864,1
TEC-AC-10002399,2018-12-02,38.04,1
TEC-AC-10002402,2016-04-10,383.952,1
TEC-AC-10002402,2016-05-22,255.968,1
TEC-AC-10002402,2016-09-11,559.93,1
TEC-AC-10002402,2017-06-11,239.97,1
TEC-AC-10002402,2017-10-15,191.976,1
TEC-AC-10002402,2018-02-11,127.984,1
TEC-AC-10002402,2018-06-24,239.97,1
TEC-AC-10002402,2018-09-30,159.98,1
TEC-AC-10002473,2015-08-09,255.42,1
TEC-AC-10002473,2015-08-16,158.928,1
TEC-AC-10002473,2016-03-13,113.52,1
TEC-AC-10002473,2016-04-17,85.14,1
TEC-AC-10002473,2017-10-15,22.704,1
TEC-AC-10002473,2017-11-05,68.112,1
TEC-AC-10002473,2017-12-10,68.112,1
TEC-AC-10002473,2018-04-29,45.408,1
TEC-AC-10002473,2018-07-08,141.9,1
TEC-AC-10002473,2018-09-09,113.52,1
TEC-AC-10002473,2018-12-30,158.928,1
TEC-AC-10002550,2015-05-03,47.79,1
TEC-AC-10002550,2015-11-08,47.79,1
TEC-AC-10002550,2015-12-06,102.24,1
TEC-AC-10002550,2016-04-10,25.488,1
TEC-AC-10002550,2016-10-16,31.95,1
TEC-AC-10002550,2016-12-11,25.488,1
TEC-AC-10002550,2017-11-12,178.92,1
TEC-AC-10002550,2018-07-29,159.75,1
TEC-AC-10002558,2015-03-29,45.48,1
TEC-AC-10002558,2018-09-09,9.096,1
TEC-AC-10002567,2015-07-26,159.98,1
TEC-AC-10002567,2016-03-27,447.944,1
TEC-AC-10002567,2016-09-25,159.98,1
TEC-AC-10002567,2016-10-23,239.97,1
TEC-AC-10002567,2017-03-05,159.98,1
TEC-AC-10002567,2017-12-17,383.952,1
TEC-AC-10002567,2018-11-11,191.976,1
TEC-AC-10002567,2018-12-09,127.984,1
TEC-AC-10002600,2015-12-20,247.8,1
TEC-AC-10002600,2016-08-14,247.8,1
TEC-AC-10002637,2016-11-13,899.95,1
TEC-AC-10002637,2016-12-11,1619.91,1
TEC-AC-10002637,2017-05-07,431.976,1
TEC-AC-10002637,2017-10-01,431.976,1
TEC-AC-10002637,2017-10-29,359.98,1
TEC-AC-10002647,2015-03-22,170.24,1
TEC-AC-10002647,2018-09-23,212.8,1
TEC-AC-10002718,2015-09-13,46.688,1
TEC-AC-10002718,2015-11-15,102.13,1
TEC-AC-10002718,2015-12-20,35.016,1
TEC-AC-10002718,2016-05-15,46.688,1
TEC-AC-10002718,2016-06-19,11.672,1
TEC-AC-10002718,2016-11-27,23.344,1
TEC-AC-10002800,2015-05-17,149.97,1
TEC-AC-10002800,2015-08-30,149.97,1
TEC-AC-10002800,2015-10-11,99.98,1
TEC-AC-10002800,2016-04-17,199.96,1
TEC-AC-10002800,2016-11-20,159.968,1
TEC-AC-10002800,2017-03-12,39.992,1
TEC-AC-10002800,2017-08-27,249.95,1
TEC-AC-10002800,2017-11-12,119.976,1
TEC-AC-10002800,2018-01-28,449.91,1
TEC-AC-10002842,2015-08-02,238.0,1
TEC-AC-10002842,2015-09-06,357.0,1
TEC-AC-10002842,2017-08-27,666.4,1
TEC-AC-10002842,2017-11-19,595.0,1
TEC-AC-10002842,2018-03-25,238.0,1
TEC-AC-10002842,2018-09-02,238.0,1
TEC-AC-10002842,2018-09-23,1071.0,1
TEC-AC-10002842,2018-10-14,595.0,1
TEC-AC-10002857,2015-07-12,23.84,1
TEC-AC-10002857,2017-03-05,41.72,1
TEC-AC-10002857,2018-09-30,17.88,1
TEC-AC-10002926,2015-04-05,99.98,1
TEC-AC-10002926,2016-12-18,299.94,1
TEC-AC-10002926,2017-01-29,99.98,1
TEC-AC-10002926,2017-09-24,249.95,1
TEC-AC-10002926,2018-03-04,99.98,1
TEC-AC-10002926,2018-03-25,199.96,1
TEC-AC-10002926,2018-09-09,279.944,1
TEC-AC-10002926,2018-09-23,79.984,1
TEC-AC-10002942,2015-10-11,345.0,1
TEC-AC-10002942,2017-01-08,165.6,1
TEC-AC-10002942,2017-12-03,165.6,1
TEC-AC-10002942,2017-12-17,165.6,1
TEC-AC-10002942,2018-06-03,110.4,1
TEC-AC-10002942,2018-10-28,55.2,1
TEC-AC-10003023,2015-10-04,142.488,1
TEC-AC-10003023,2015-11-22,47.496,1
TEC-AC-10003023,2017-11-26,94.992,1
TEC-AC-10003023,2018-09-16,296.85,1
TEC-AC-10003023,2018-12-09,178.11,1
TEC-AC-10003027,2017-01-22,90.57,1
TEC-AC-10003027,2018-01-14,169.064,1
TEC-AC-10003027,2018-07-29,90.57,1
TEC-AC-10003033,2015-12-20,263.96,1
TEC-AC-10003033,2016-07-31,2309.65,1
TEC-AC-10003033,2016-09-18,659.9,1
TEC-AC-10003033,2017-06-04,1979.7,1
TEC-AC-10003033,2017-10-15,1649.75,1
TEC-AC-10003033,2017-11-26,659.9,1
TEC-AC-10003033,2018-02-25,1319.8,1
TEC-AC-10003033,2018-07-08,527.92,1
TEC-AC-10003033,2018-09-02,659.9,1
TEC-AC-10003033,2018-10-14,791.88,1
TEC-AC-10003038,2015-10-04,7.16,1
TEC-AC-10003038,2016-04-03,50.12,1
TEC-AC-10003038,2016-06-12,53.7,1
TEC-AC-10003038,2016-09-04,17.9,1
TEC-AC-10003038,2016-10-16,17.9,1
TEC-AC-10003038,2016-12-04,21.48,1
TEC-AC-10003038,2017-03-12,26.85,1
TEC-AC-10003038,2017-06-11,26.85,1
TEC-AC-10003038,2017-07-02,50.12,1
TEC-AC-10003038,2017-12-10,44.75,1
TEC-AC-10003038,2018-03-18,71.6,1
TEC-AC-10003038,2018-06-03,44.75,1
TEC-AC-10003038,2018-12-16,44.75,1
TEC-AC-10003063,2016-12-18,50.0,1
TEC-AC-10003063,2017-02-12,100.0,1
TEC-AC-10003063,2017-10-01,100.0,1
TEC-AC-10003063,2017-10-29,100.0,1
TEC-AC-10003063,2017-12-31,40.0,1
TEC-AC-10003063,2018-07-08,50.0,1
TEC-AC-10003095,2016-05-29,207.984,1
TEC-AC-10003095,2016-07-24,519.96,1
TEC-AC-10003095,2016-11-27,259.98,1
TEC-AC-10003095,2017-06-11,389.97,1
TEC-AC-10003095,2017-07-23,389.97,1
TEC-AC-10003095,2018-07-22,389.97,1
TEC-AC-10003116,2016-04-03,53.25,1
TEC-AC-10003116,2016-04-24,106.5,1
TEC-AC-10003116,2018-04-01,53.25,1
TEC-AC-10003116,2018-09-09,85.2,1
TEC-AC-10003116,2018-10-21,28.4,1
TEC-AC-10003116,2018-12-16,14.2,1
TEC-AC-10003116,2018-12-23,71.0,1
TEC-AC-10003133,2017-07-02,13.616,1
TEC-AC-10003174,2015-01-18,646.74,1
TEC-AC-10003174,2016-04-17,323.37,1
TEC-AC-10003174,2017-04-30,258.696,1
TEC-AC-10003174,2017-06-11,323.37,1
TEC-AC-10003174,2018-09-09,258.696,1
TEC-AC-10003174,2018-11-18,431.16,1
TEC-AC-10003198,2015-12-27,498.0,1
TEC-AC-10003198,2016-01-03,398.4,1
TEC-AC-10003198,2016-04-17,99.6,1
TEC-AC-10003198,2016-09-18,717.12,1
TEC-AC-10003198,2016-12-25,737.0400000000001,2
TEC-AC-10003237,2015-08-02,21.2,1
TEC-AC-10003237,2016-12-25,50.88,1
TEC-AC-10003237,2018-12-30,31.8,1
TEC-AC-10003280,2015-11-08,89.97,1
TEC-AC-10003280,2015-11-29,29.99,1
TEC-AC-10003280,2016-02-14,71.976,1
TEC-AC-10003280,2016-12-11,47.984,1
TEC-AC-10003280,2017-11-12,95.968,1
TEC-AC-10003280,2017-12-31,89.97,1
TEC-AC-10003280,2018-05-20,89.97,1
TEC-AC-10003280,2018-09-23,47.984,1
TEC-AC-10003289,2016-04-03,47.976,1
TEC-AC-10003289,2016-07-24,279.86,1
TEC-AC-10003289,2016-08-28,79.96,1
TEC-AC-10003289,2017-04-02,31.984,1
TEC-AC-10003289,2018-11-11,59.97,1
TEC-AC-10003399,2015-04-12,217.44,1
TEC-AC-10003399,2015-09-13,144.96,1
TEC-AC-10003399,2016-12-18,36.24,1
TEC-AC-10003399,2017-02-26,36.24,1
TEC-AC-10003399,2017-09-03,72.48,1
TEC-AC-10003433,2015-11-01,1.98,1
TEC-AC-10003433,2016-06-12,2.376,1
TEC-AC-10003433,2017-08-27,1.98,1
TEC-AC-10003433,2018-05-06,2.376,1
TEC-AC-10003433,2018-11-25,2.97,1
TEC-AC-10003441,2015-04-12,33.9,1
TEC-AC-10003441,2015-05-10,67.8,1
TEC-AC-10003441,2017-12-03,101.7,1
TEC-AC-10003441,2018-04-15,27.12,1
TEC-AC-10003441,2018-05-20,67.8,1
TEC-AC-10003441,2018-09-02,40.68,1
TEC-AC-10003441,2018-11-11,16.95,1
TEC-AC-10003447,2015-11-29,139.93,1
TEC-AC-10003447,2017-11-12,91.95400000000001,2
TEC-AC-10003447,2017-11-26,59.97,1
TEC-AC-10003499,2016-02-07,18.528,1
TEC-AC-10003499,2016-09-11,46.32,1
TEC-AC-10003499,2018-09-16,37.056,1
TEC-AC-10003499,2018-10-21,18.528,1
TEC-AC-10003499,2018-11-25,74.112,1
TEC-AC-10003590,2016-04-24,41.424,1
TEC-AC-10003590,2016-09-04,129.45,1
TEC-AC-10003590,2018-04-29,155.34,1
TEC-AC-10003590,2018-07-08,258.9,1
TEC-AC-10003590,2018-08-05,41.424,1
TEC-AC-10003610,2015-10-18,179.97,1
TEC-AC-10003610,2017-08-13,179.97,1
TEC-AC-10003610,2018-01-21,179.97,1
TEC-AC-10003610,2018-10-14,239.96,1
TEC-AC-10003610,2018-11-18,239.96,1
TEC-AC-10003610,2018-12-23,119.98,1
TEC-AC-10003614,2016-01-03,34.77,1
TEC-AC-10003614,2018-03-18,27.816,1
TEC-AC-10003614,2018-08-19,23.18,1
TEC-AC-10003614,2018-10-14,46.36,1
TEC-AC-10003614,2018-11-18,18.544,1
TEC-AC-10003628,2015-01-18,149.95,1
TEC-AC-10003628,2015-06-21,95.968,1
TEC-AC-10003628,2015-09-20,59.98,1
TEC-AC-10003628,2015-12-06,119.96,1
TEC-AC-10003628,2015-12-20,71.976,1
TEC-AC-10003628,2016-01-03,47.984,1
TEC-AC-10003628,2016-05-29,167.944,1
TEC-AC-10003628,2016-07-31,209.93,1
TEC-AC-10003628,2017-01-22,29.99,1
TEC-AC-10003628,2017-02-12,89.97,1
TEC-AC-10003628,2017-02-19,89.97,1
TEC-AC-10003628,2018-01-21,47.984,1
TEC-AC-10003628,2018-07-08,59.98,1
TEC-AC-10003628,2018-09-16,47.984,1
TEC-AC-10003628,2018-09-30,119.96,1
TEC-AC-10003657,2016-06-19,67.98,1
TEC-AC-10003657,2016-10-02,108.768,1
TEC-AC-10003657,2017-01-01,54.384,1
TEC-AC-10003657,2017-11-26,81.576,1
TEC-AC-10003657,2018-09-30,54.384,1
TEC-AC-10003709,2015-07-19,2.97,1
TEC-AC-10003709,2015-11-29,5.544,1
TEC-AC-10003709,2017-01-01,7.92,1
TEC-AC-10003709,2018-08-19,1.584,1
TEC-AC-10003709,2018-10-14,0.99,1
TEC-AC-10003832,2015-11-15,851.982,2
TEC-AC-10003832,2016-09-25,617.976,1
TEC-AC-10003832,2017-03-26,1287.45,1
TEC-AC-10003832,2017-05-07,132.52,1
TEC-AC-10003832,2017-05-14,185.528,1
TEC-AC-10003832,2017-05-21,66.26,1
TEC-AC-10003832,2017-09-17,3347.37,1
TEC-AC-10003832,2017-10-01,79.512,1
TEC-AC-10003832,2017-11-19,99.39,1
TEC-AC-10003832,2017-12-24,772.47,1
TEC-AC-10003832,2018-04-08,617.976,1
TEC-AC-10003832,2018-06-03,205.992,1
TEC-AC-10003832,2018-06-10,132.52,1
TEC-AC-10003832,2018-07-01,1287.45,1
TEC-AC-10003832,2018-07-15,1287.45,1
TEC-AC-10003832,2018-11-18,132.52,1
TEC-AC-10003832,2018-12-09,99.39,1
TEC-AC-10003870,2016-06-05,989.97,1
TEC-AC-10003870,2017-11-19,1319.96,1
TEC-AC-10003870,2017-12-03,1649.95,1
TEC-AC-10003870,2018-07-29,1649.95,1
TEC-AC-10003911,2015-07-05,479.97,1
TEC-AC-10003911,2015-07-26,1023.936,1
TEC-AC-10003911,2017-08-27,479.97,1
TEC-AC-10003911,2017-11-12,479.97,1
TEC-AC-10003911,2018-11-11,159.99,1
TEC-AC-10004001,2017-11-05,171.96,1
TEC-AC-10004001,2018-03-18,214.95,1
TEC-AC-10004114,2015-06-28,196.752,1
TEC-AC-10004114,2018-11-18,163.96,1
TEC-AC-10004127,2016-11-27,27.168,1
TEC-AC-10004145,2016-11-20,999.96,1
TEC-AC-10004145,2016-12-25,2249.91,1
TEC-AC-10004145,2017-08-13,1399.944,1
TEC-AC-10004145,2017-11-19,499.98,1
TEC-AC-10004145,2018-11-04,2249.91,1
TEC-AC-10004171,2015-04-12,299.97,1
TEC-AC-10004171,2015-11-08,799.92,1
TEC-AC-10004171,2016-09-25,899.91,1
TEC-AC-10004171,2018-05-13,199.98,1
TEC-AC-10004171,2018-11-11,99.99,1
TEC-AC-10004209,2015-09-13,32.97,1
TEC-AC-10004209,2015-11-15,10.99,1
TEC-AC-10004209,2016-09-18,21.98,1
TEC-AC-10004209,2017-04-16,35.168,1
TEC-AC-10004209,2017-09-10,35.168,1
TEC-AC-10004227,2015-05-24,20.784,1
TEC-AC-10004227,2015-12-13,103.92,1
TEC-AC-10004227,2016-08-21,31.176,1
TEC-AC-10004227,2017-01-01,72.744,1
TEC-AC-10004227,2017-02-26,12.99,1
TEC-AC-10004227,2018-04-22,25.98,1
TEC-AC-10004227,2018-11-18,62.352,1
TEC-AC-10004353,2015-09-13,252.0,1
TEC-AC-10004353,2016-09-25,151.2,1
TEC-AC-10004353,2016-12-25,100.8,1
TEC-AC-10004353,2017-12-31,100.8,1
TEC-AC-10004353,2018-07-08,252.0,1
TEC-AC-10004353,2018-09-09,100.8,1
TEC-AC-10004396,2016-04-17,43.56,1
TEC-AC-10004396,2016-06-12,72.6,1
TEC-AC-10004396,2016-12-11,58.08,1
TEC-AC-10004420,2017-11-05,479.72,1
TEC-AC-10004469,2016-03-13,119.85,1
TEC-AC-10004469,2016-07-31,239.7,1
TEC-AC-10004469,2016-11-13,79.9,1
TEC-AC-10004469,2017-03-12,199.75,1
TEC-AC-10004469,2017-12-24,255.68,1
TEC-AC-10004469,2018-06-17,63.92,1
TEC-AC-10004469,2018-09-09,95.88,1
TEC-AC-10004469,2018-11-04,199.75,1
TEC-AC-10004469,2018-12-16,159.8,1
TEC-AC-10004510,2015-08-09,16.36,1
TEC-AC-10004510,2015-12-20,65.44,1
TEC-AC-10004510,2016-09-04,114.52,1
TEC-AC-10004510,2017-05-07,26.176,1
TEC-AC-10004510,2017-10-22,98.16,1
TEC-AC-10004510,2018-03-11,49.08,1
TEC-AC-10004510,2018-05-27,98.16,1
TEC-AC-10004510,2018-08-19,98.16,1
TEC-AC-10004510,2018-09-23,98.16,1
TEC-AC-10004510,2018-10-28,26.176,1
TEC-AC-10004510,2018-12-16,88.344,2
TEC-AC-10004518,2017-05-14,120.0,1
TEC-AC-10004518,2017-11-26,160.0,1
TEC-AC-10004568,2015-11-01,251.91,1
TEC-AC-10004568,2016-02-21,139.95,1
TEC-AC-10004568,2016-08-28,251.91,1
TEC-AC-10004568,2016-11-13,111.96,1
TEC-AC-10004568,2018-03-11,111.96,1
TEC-AC-10004568,2018-09-09,89.568,1
TEC-AC-10004568,2018-11-18,44.784,1
TEC-AC-10004571,2015-08-09,199.98,1
TEC-AC-10004571,2016-08-07,199.98,1
TEC-AC-10004571,2016-12-18,899.91,1
TEC-AC-10004571,2017-08-27,159.984,1
TEC-AC-10004571,2018-03-11,299.97,1
TEC-AC-10004571,2018-03-18,159.984,1
TEC-AC-10004571,2018-04-15,99.99,1
TEC-AC-10004571,2018-08-12,79.992,1
TEC-AC-10004571,2018-09-30,239.976,1
TEC-AC-10004595,2017-07-23,428.4,1
TEC-AC-10004595,2018-12-09,142.8,1
TEC-AC-10004633,2015-09-20,55.92,1
TEC-AC-10004633,2016-03-27,16.776,1
TEC-AC-10004633,2016-11-27,13.98,1
TEC-AC-10004633,2017-03-12,27.96,1
TEC-AC-10004633,2017-12-03,34.95,1
TEC-AC-10004633,2018-09-23,34.95,1
TEC-AC-10004659,2015-04-12,116.784,1
TEC-AC-10004659,2015-12-06,408.744,1
TEC-AC-10004659,2017-04-16,700.704,2
TEC-AC-10004659,2018-05-06,408.744,1
TEC-AC-10004659,2018-09-23,291.96,1
TEC-AC-10004666,2018-09-02,1928.78,1
TEC-AC-10004666,2018-11-11,826.62,1
TEC-AC-10004708,2015-12-27,62.85,1
TEC-AC-10004708,2016-06-26,41.9,1
TEC-AC-10004708,2018-07-15,41.9,1
TEC-AC-10004708,2018-10-07,104.75,1
TEC-AC-10004761,2016-12-11,175.23,1
TEC-AC-10004761,2016-12-25,25.488,1
TEC-AC-10004761,2017-02-12,31.86,1
TEC-AC-10004761,2017-09-10,31.86,1
TEC-AC-10004803,2017-08-06,167.28,1
TEC-AC-10004803,2017-11-26,27.88,1
TEC-AC-10004803,2018-08-12,55.76,1
TEC-AC-10004814,2015-07-26,170.97,1
TEC-AC-10004855,2017-03-19,83.976,1
TEC-AC-10004855,2017-11-26,139.96,1
TEC-AC-10004855,2018-04-29,69.98,1
TEC-AC-10004855,2018-11-18,167.952,1
TEC-AC-10004859,2016-01-03,27.968,1
TEC-AC-10004859,2018-05-13,87.4,1
TEC-AC-10004859,2018-12-09,104.88,1
TEC-AC-10004864,2015-11-08,58.416,1
TEC-AC-10004864,2016-09-04,36.51,1
TEC-AC-10004864,2017-12-03,58.416,1
TEC-AC-10004864,2018-02-18,109.53,1
TEC-AC-10004864,2018-09-09,116.832,1
TEC-AC-10004877,2015-03-15,82.8,1
TEC-AC-10004877,2015-05-31,27.6,1
TEC-AC-10004877,2017-06-25,6.9,1
TEC-AC-10004877,2017-09-17,20.7,1
TEC-AC-10004877,2017-12-10,16.56,1
TEC-AC-10004901,2015-04-05,79.984,1
TEC-AC-10004901,2016-02-07,149.97,1
TEC-AC-10004901,2017-11-12,279.944,1
TEC-AC-10004901,2018-04-01,39.992,1
TEC-AC-10004975,2016-10-16,263.88,1
TEC-AC-10004975,2017-07-23,109.95,1
TEC-AC-10004975,2018-06-03,1099.5,1
TEC-AC-10004975,2018-11-11,439.8,1
TEC-AC-10004992,2018-06-17,101.34,1
TEC-AC-10004992,2018-09-23,101.34,1
TEC-CO-10000971,2016-09-18,479.984,1
TEC-CO-10000971,2017-01-08,959.968,1
TEC-CO-10000971,2017-07-02,1499.95,1
TEC-CO-10000971,2018-03-11,479.984,1
TEC-CO-10000971,2018-03-25,479.984,1
TEC-CO-10000971,2018-08-12,299.99,1
TEC-CO-10001046,2015-07-12,559.992,1
TEC-CO-10001046,2016-08-28,2799.96,1
TEC-CO-10001046,2017-06-04,839.988,1
TEC-CO-10001046,2018-05-13,3359.952,1
TEC-CO-10001046,2018-12-09,1399.98,1
TEC-CO-10001449,2015-05-10,1799.97,1
TEC-CO-10001449,2016-09-04,959.984,1
TEC-CO-10001449,2017-07-30,1439.976,1
TEC-CO-10001449,2017-10-08,5399.91,1
TEC-CO-10001449,2018-03-18,959.984,1
TEC-CO-10001449,2018-04-01,2999.95,1
TEC-CO-10001449,2018-07-29,2399.96,1
TEC-CO-10001449,2018-12-30,2879.952,1
TEC-CO-10001571,2015-08-09,549.99,1
TEC-CO-10001571,2015-12-06,659.988,1
TEC-CO-10001571,2016-09-18,879.984,1
TEC-CO-10001571,2016-10-30,439.992,1
TEC-CO-10001571,2016-11-13,549.99,1
TEC-CO-10001571,2016-11-27,439.992,1
TEC-CO-10001571,2018-09-02,879.984,1
TEC-CO-10001766,2015-12-13,1079.976,1
TEC-CO-10001766,2016-03-20,3149.93,1
TEC-CO-10001766,2016-04-17,1439.968,1
TEC-CO-10001943,2016-04-17,639.968,1
TEC-CO-10001943,2016-10-23,479.976,1
TEC-CO-10001943,2017-09-17,1599.92,1
TEC-CO-10001943,2018-07-22,599.97,1
TEC-CO-10001943,2018-09-09,319.984,1
TEC-CO-10002095,2015-10-18,1999.96,1
TEC-CO-10002095,2016-12-11,1799.964,2
TEC-CO-10002095,2017-04-09,1199.976,1
TEC-CO-10002095,2017-09-03,999.98,1
TEC-CO-10002095,2017-12-24,1999.96,1
TEC-CO-10002095,2018-11-18,899.982,1
TEC-CO-10002313,2015-09-27,1799.97,1
TEC-CO-10002313,2016-11-27,599.99,1
TEC-CO-10002313,2018-04-01,2399.96,1
TEC-CO-10002313,2018-12-16,1199.98,1
TEC-CO-10003236,2018-01-28,2999.95,1
TEC-CO-10003236,2018-11-04,959.984,1
TEC-CO-10003763,2016-03-06,1119.984,1
TEC-CO-10003763,2016-12-25,4899.93,1
TEC-CO-10003763,2017-07-09,2799.96,1
TEC-CO-10004115,2015-08-09,1199.976,1
TEC-CO-10004115,2016-05-08,2799.944,1
TEC-CO-10004115,2017-11-19,1199.976,1
TEC-CO-10004115,2018-12-09,1199.976,1
TEC-CO-10004202,2015-05-03,479.984,1
TEC-CO-10004202,2015-05-31,719.976,1
TEC-CO-10004202,2016-04-10,599.98,1
TEC-CO-10004202,2016-06-19,899.97,1
TEC-CO-10004202,2016-12-25,1199.96,1
TEC-CO-10004202,2017-12-10,479.984,1
TEC-CO-10004202,2018-07-22,479.984,1
TEC-CO-10004722,2017-05-28,8399.976,1
TEC-CO-10004722,2017-10-08,17499.95,1
TEC-CO-10004722,2018-03-25,13999.96,1
TEC-CO-10004722,2018-10-28,11199.968,1
TEC-CO-10004722,2018-11-18,10499.97,1
TEC-MA-10000010,2017-11-26,3040.0,1
TEC-MA-10000029,2015-09-13,279.96,2
TEC-MA-10000045,2016-11-13,6965.700000000001,2
TEC-MA-10000112,2017-05-21,2396.4,1
TEC-MA-10000418,2016-12-18,1799.994,1
TEC-MA-10000418,2017-11-26,4499.985,1
TEC-MA-10000418,2018-04-01,4799.984,1
TEC-MA-10000423,2015-06-21,65.97,1
TEC-MA-10000423,2016-11-27,32.985,1
TEC-MA-10000423,2017-08-20,105.552,1
TEC-MA-10000488,2016-01-31,1919.976,1
TEC-MA-10000488,2017-05-07,3999.95,1
TEC-MA-10000488,2018-08-05,1439.982,1
TEC-MA-10000488,2018-11-18,1919.976,1
TEC-MA-10000597,2016-09-04,239.976,1
TEC-MA-10000597,2016-10-30,59.994,1
TEC-MA-10000752,2017-11-26,30.345,1
TEC-MA-10000752,2017-12-24,11.56,1
TEC-MA-10000822,2015-09-13,8159.952,1
TEC-MA-10000822,2015-09-20,3059.982,1
TEC-MA-10000822,2018-01-07,3059.982,1
TEC-MA-10000822,2018-04-22,2549.985,1
TEC-MA-10000864,2016-01-03,1188.0,1
TEC-MA-10000864,2016-08-28,3080.0,1
TEC-MA-10000904,2017-07-16,341.991,1
TEC-MA-10000984,2017-03-12,3357.6,1
TEC-MA-10000984,2017-06-25,4476.8,1
TEC-MA-10001016,2016-11-13,287.91,1
TEC-MA-10001016,2017-03-05,287.91,1
TEC-MA-10001031,2018-09-30,506.28,1
TEC-MA-10001047,2017-04-16,9099.93,1
TEC-MA-10001047,2018-10-07,5199.96,1
TEC-MA-10001127,2015-09-20,2624.985,1
TEC-MA-10001127,2015-12-20,6999.96,1
TEC-MA-10001127,2017-02-05,8749.95,1
TEC-MA-10001148,2015-03-22,1279.968,1
TEC-MA-10001148,2016-12-25,479.988,1
TEC-MA-10001148,2017-03-19,449.1,1
TEC-MA-10001148,2018-07-08,2395.2,1
TEC-MA-10001148,2018-10-21,599.985,1
TEC-MA-10001570,2018-06-17,385.8,1
TEC-MA-10001681,2016-12-04,482.34,1
TEC-MA-10001681,2018-09-16,241.17,1
TEC-MA-10001695,2017-10-08,703.71,1
TEC-MA-10001856,2018-12-09,649.0,1
TEC-MA-10001972,2015-06-21,418.8,1
TEC-MA-10001972,2016-08-07,558.4,1
TEC-MA-10001972,2017-05-28,558.4,1
TEC-MA-10001972,2017-08-27,837.6,1
TEC-MA-10001972,2017-10-08,837.6,1
TEC-MA-10002073,2015-09-13,1299.99,1
TEC-MA-10002073,2018-11-25,1039.992,1
TEC-MA-10002109,2018-02-04,239.984,1
TEC-MA-10002109,2018-03-18,209.986,1
TEC-MA-10002178,2017-06-11,695.7,1
TEC-MA-10002178,2018-01-07,695.7,1
TEC-MA-10002210,2015-09-06,559.71,1
TEC-MA-10002210,2018-11-18,652.995,1
TEC-MA-10002412,2015-03-22,22638.48,1
TEC-MA-10002428,2016-07-10,464.97,1
TEC-MA-10002428,2017-05-28,371.976,1
TEC-MA-10002428,2018-10-07,1704.89,1
TEC-MA-10002694,2015-10-11,101.994,1
TEC-MA-10002790,2016-11-20,479.988,1
TEC-MA-10002859,2015-04-19,287.968,1
TEC-MA-10002859,2016-10-02,629.93,1
TEC-MA-10002927,2015-11-08,3991.98,1
TEC-MA-10002930,2016-11-27,83.9,1
TEC-MA-10002930,2018-09-16,12.585,1
TEC-MA-10002930,2018-10-07,369.16,1
TEC-MA-10002937,2017-06-18,1007.979,1
TEC-MA-10002981,2018-01-21,350.973,1
TEC-MA-10003066,2018-09-30,336.51,1
TEC-MA-10003173,2018-06-03,78.66,1
TEC-MA-10003173,2018-11-18,52.44,1
TEC-MA-10003176,2017-11-05,686.4,1
TEC-MA-10003176,2018-05-20,343.2,1
TEC-MA-10003183,2016-01-03,767.952,1
TEC-MA-10003183,2018-11-11,95.994,1
TEC-MA-10003183,2018-12-30,479.97,1
TEC-MA-10003230,2017-09-03,1362.9,1
TEC-MA-10003246,2015-11-08,447.968,1
TEC-MA-10003329,2016-04-03,71.976,1
TEC-MA-10003337,2017-11-05,179.991,1
TEC-MA-10003353,2015-09-20,2519.958,1
TEC-MA-10003356,2017-06-04,1349.85,1
TEC-MA-10003356,2017-12-31,269.97,1
TEC-MA-10003493,2017-06-18,91.475,1
TEC-MA-10003589,2017-05-07,224.937,1
TEC-MA-10003626,2015-03-15,574.91,1
TEC-MA-10003626,2015-03-22,821.3,1
TEC-MA-10003673,2018-06-17,3404.5,1
TEC-MA-10003674,2018-07-08,597.132,1
TEC-MA-10003979,2015-09-20,2799.96,1
TEC-MA-10003979,2017-03-05,4899.93,1
TEC-MA-10004002,2016-05-22,2973.32,1
TEC-MA-10004002,2017-01-01,2548.56,1
TEC-MA-10004002,2017-07-23,265.475,1
TEC-MA-10004086,2015-09-20,29.925,1
TEC-MA-10004125,2018-11-04,7999.98,1
TEC-MA-10004212,2016-05-01,1379.92,1
TEC-MA-10004241,2015-10-04,686.32,1
TEC-MA-10004241,2016-12-25,600.53,1
TEC-MA-10004255,2017-11-26,319.92,1
TEC-MA-10004458,2017-09-17,396.0,1
TEC-MA-10004521,2015-06-21,206.991,1
TEC-MA-10004552,2016-10-30,1035.8,1
TEC-MA-10004626,2018-09-23,480.0,1
TEC-MA-10004626,2018-12-30,120.0,1
TEC-MA-10004679,2015-09-13,399.54,1
TEC-MA-10004679,2015-11-29,998.85,1
TEC-MA-10004679,2016-05-29,399.54,1
TEC-MA-10004679,2018-04-01,532.72,1
TEC-PH-10000004,2017-03-26,11.992,1
TEC-PH-10000004,2018-07-15,71.952,1
TEC-PH-10000011,2016-04-03,79.96,1
TEC-PH-10000011,2016-09-25,279.86,1
TEC-PH-10000011,2017-06-04,31.984,1
TEC-PH-10000011,2017-08-27,59.97,1
TEC-PH-10000011,2018-11-18,119.94,1
TEC-PH-10000038,2015-08-09,219.168,1
TEC-PH-10000038,2015-11-22,273.96,1
TEC-PH-10000038,2015-11-29,438.336,1
TEC-PH-10000038,2018-02-18,438.336,1
TEC-PH-10000038,2018-03-25,657.504,1
TEC-PH-10000127,2018-09-16,79.96,1
TEC-PH-10000127,2018-11-04,143.928,1
TEC-PH-10000141,2017-04-02,158.376,1
TEC-PH-10000141,2017-04-09,118.782,1
TEC-PH-10000141,2018-03-25,211.168,1
TEC-PH-10000148,2017-01-15,15.588,1
TEC-PH-10000148,2017-04-02,12.99,1
TEC-PH-10000148,2017-07-23,20.784,1
TEC-PH-10000148,2018-12-09,31.176,1
TEC-PH-10000148,2018-12-16,38.97,1
TEC-PH-10000149,2015-08-23,143.64,1
TEC-PH-10000149,2016-03-06,31.92,1
TEC-PH-10000149,2017-07-16,95.76,1
TEC-PH-10000149,2018-03-11,35.91,1
TEC-PH-10000149,2018-03-18,119.7,1
TEC-PH-10000169,2015-12-20,40.68,1
TEC-PH-10000169,2016-09-18,67.8,1
TEC-PH-10000169,2017-12-10,40.68,1
TEC-PH-10000193,2016-12-04,110.352,1
TEC-PH-10000193,2017-12-03,137.94,1
TEC-PH-10000193,2018-01-28,248.292,2
TEC-PH-10000213,2015-12-27,173.656,1
TEC-PH-10000213,2018-03-18,49.616,1
TEC-PH-10000213,2018-12-02,49.616,1
TEC-PH-10000215,2015-06-21,139.8,1
TEC-PH-10000215,2015-09-13,104.85,1
TEC-PH-10000215,2017-02-05,104.85,1
TEC-PH-10000215,2017-10-01,69.9,1
TEC-PH-10000215,2017-12-10,384.45,1
TEC-PH-10000215,2018-09-23,104.85,1
TEC-PH-10000307,2015-12-06,35.04,1
TEC-PH-10000307,2016-04-10,10.95,1
TEC-PH-10000307,2018-06-10,17.52,1
TEC-PH-10000347,2016-04-10,14.85,1
TEC-PH-10000347,2016-05-01,19.8,1
TEC-PH-10000347,2016-11-06,4.95,1
TEC-PH-10000347,2018-06-03,2.97,1
TEC-PH-10000347,2018-11-18,7.92,1
TEC-PH-10000347,2018-12-30,14.85,1
TEC-PH-10000369,2015-06-21,201.584,1
TEC-PH-10000369,2016-09-25,629.95,1
TEC-PH-10000369,2016-10-02,503.96,1
TEC-PH-10000369,2017-08-20,705.544,1
TEC-PH-10000376,2015-05-03,19.98,1
TEC-PH-10000376,2015-06-14,7.992,1
TEC-PH-10000376,2016-03-06,15.984,1
TEC-PH-10000376,2016-03-27,15.984,1
TEC-PH-10000376,2016-12-04,39.96,1
TEC-PH-10000376,2017-11-12,41.958,1
TEC-PH-10000376,2018-11-25,31.968,1
TEC-PH-10000439,2015-07-12,255.936,1
TEC-PH-10000439,2017-08-20,39.99,1
TEC-PH-10000439,2018-08-12,159.96,1
TEC-PH-10000439,2018-09-16,39.99,1
TEC-PH-10000441,2015-05-31,201.584,1
TEC-PH-10000441,2015-07-26,604.752,1
TEC-PH-10000441,2016-05-08,377.97,1
TEC-PH-10000441,2016-05-15,201.584,1
TEC-PH-10000441,2016-11-13,100.792,1
TEC-PH-10000441,2017-06-04,125.99,1
TEC-PH-10000441,2017-12-03,629.95,1
TEC-PH-10000441,2018-06-03,503.96,1
TEC-PH-10000455,2015-08-30,579.95,1
TEC-PH-10000455,2017-01-08,231.98,1
TEC-PH-10000455,2018-09-02,347.97,1
TEC-PH-10000486,2015-05-31,1113.504,1
TEC-PH-10000486,2015-11-01,742.336,1
TEC-PH-10000486,2017-01-01,371.168,1
TEC-PH-10000526,2015-09-20,287.97,1
TEC-PH-10000526,2015-11-01,383.96,1
TEC-PH-10000526,2016-07-17,844.712,2
TEC-PH-10000526,2018-02-18,57.594,1
TEC-PH-10000526,2018-04-01,671.93,1
TEC-PH-10000526,2018-09-30,383.96,1
TEC-PH-10000560,2015-11-15,559.984,1
TEC-PH-10000560,2015-11-29,1049.97,1
TEC-PH-10000560,2016-02-21,699.98,1
TEC-PH-10000560,2017-12-10,699.98,1
TEC-PH-10000560,2018-06-17,2239.936,1
TEC-PH-10000560,2018-07-15,1889.946,1
TEC-PH-10000562,2016-03-06,466.158,1
TEC-PH-10000562,2017-11-12,221.98,1
TEC-PH-10000576,2015-04-12,438.368,1
TEC-PH-10000576,2016-01-03,328.776,1
TEC-PH-10000576,2016-08-14,438.368,1
TEC-PH-10000576,2016-12-11,219.184,1
TEC-PH-10000576,2018-04-08,219.184,1
TEC-PH-10000576,2018-12-09,136.99,1
TEC-PH-10000576,2018-12-30,164.388,1
TEC-PH-10000586,2015-04-12,105.584,1
TEC-PH-10000586,2017-11-12,263.96,1
TEC-PH-10000586,2018-12-02,105.584,1
TEC-PH-10000673,2015-11-01,155.976,1
TEC-PH-10000673,2015-12-06,129.98,1
TEC-PH-10000673,2017-03-19,129.98,1
TEC-PH-10000673,2017-04-09,259.96,1
TEC-PH-10000673,2018-07-01,545.916,1
TEC-PH-10000675,2015-09-13,196.776,1
TEC-PH-10000675,2018-03-04,196.776,1
TEC-PH-10000675,2018-12-16,196.776,1
TEC-PH-10000702,2015-04-19,71.928,1
TEC-PH-10000702,2018-07-08,7.992,1
TEC-PH-10000702,2018-07-22,29.97,1
TEC-PH-10000702,2018-10-07,87.912,2
TEC-PH-10000730,2015-03-22,3499.93,1
TEC-PH-10000730,2016-09-18,499.99,1
TEC-PH-10000895,2015-07-12,575.968,1
TEC-PH-10000895,2015-07-19,359.98,1
TEC-PH-10000895,2015-08-30,1007.944,1
TEC-PH-10000895,2016-01-31,431.976,1
TEC-PH-10000895,2016-09-18,1259.93,1
TEC-PH-10000895,2017-03-05,431.976,1
TEC-PH-10000895,2017-09-10,719.96,1
TEC-PH-10000895,2018-10-21,1439.92,1
TEC-PH-10000912,2016-01-17,26.376,1
TEC-PH-10000912,2018-09-02,35.168,1
TEC-PH-10000923,2016-08-28,26.982,1
TEC-PH-10000923,2017-09-10,59.96,1
TEC-PH-10000923,2018-02-18,14.99,1
TEC-PH-10000923,2018-11-18,74.95,1
TEC-PH-10000923,2018-12-02,62.958,1
TEC-PH-10000984,2015-03-15,587.97,1
TEC-PH-10000984,2015-11-08,783.96,1
TEC-PH-10000984,2016-08-14,979.95,1
TEC-PH-10000984,2017-06-04,979.95,1
TEC-PH-10000984,2017-10-29,783.96,1
TEC-PH-10000984,2018-03-25,470.376,1
TEC-PH-10000984,2018-09-30,391.98,1
TEC-PH-10001051,2016-01-03,319.968,1
TEC-PH-10001051,2016-11-20,239.976,1
TEC-PH-10001051,2016-12-18,319.968,1
TEC-PH-10001051,2018-06-17,239.976,1
TEC-PH-10001061,2015-01-25,699.93,1
TEC-PH-10001061,2016-04-17,239.976,1
TEC-PH-10001061,2016-12-25,159.984,1
TEC-PH-10001061,2017-10-29,239.976,1
TEC-PH-10001079,2015-11-08,666.344,1
TEC-PH-10001079,2015-11-15,832.93,1
TEC-PH-10001079,2017-08-06,118.99,1
TEC-PH-10001079,2018-08-05,285.576,1
TEC-PH-10001128,2015-04-05,1049.93,1
TEC-PH-10001128,2015-08-09,299.98,1
TEC-PH-10001128,2015-10-11,719.952,1
TEC-PH-10001128,2015-11-22,539.964,1
TEC-PH-10001198,2016-12-04,177.48,1
TEC-PH-10001198,2017-05-07,177.48,1
TEC-PH-10001198,2017-06-11,177.48,1
TEC-PH-10001198,2017-07-09,177.48,1
TEC-PH-10001254,2016-11-20,304.776,1
TEC-PH-10001254,2017-03-19,203.184,1
TEC-PH-10001254,2017-04-02,812.736,1
TEC-PH-10001254,2018-12-02,406.368,1
TEC-PH-10001299,2015-09-27,239.984,1
TEC-PH-10001299,2015-11-08,539.964,1
TEC-PH-10001299,2016-06-05,299.98,1
TEC-PH-10001299,2017-07-02,359.976,1
TEC-PH-10001299,2017-09-24,239.984,1
TEC-PH-10001300,2016-05-01,209.5,1
TEC-PH-10001300,2016-06-05,41.9,1
TEC-PH-10001300,2017-10-22,125.7,1
TEC-PH-10001300,2017-11-26,33.52,1
TEC-PH-10001300,2018-12-23,67.04,1
TEC-PH-10001305,2015-10-25,117.576,1
TEC-PH-10001305,2017-06-25,440.91,1
TEC-PH-10001305,2017-10-22,235.152,1
TEC-PH-10001305,2018-06-03,195.96,1
TEC-PH-10001305,2018-11-25,195.96,1
TEC-PH-10001336,2015-11-01,257.98,1
TEC-PH-10001336,2016-05-15,619.152,1
TEC-PH-10001336,2016-12-11,773.94,1
TEC-PH-10001336,2017-05-28,257.98,1
TEC-PH-10001336,2017-11-12,257.98,1
TEC-PH-10001336,2018-03-11,206.384,1
TEC-PH-10001336,2018-07-15,257.98,1
TEC-PH-10001336,2018-10-14,103.192,1
TEC-PH-10001336,2018-10-21,309.576,1
TEC-PH-10001363,2015-07-26,911.984,1
TEC-PH-10001363,2015-11-01,2735.952,1
TEC-PH-10001363,2018-07-08,683.988,1
TEC-PH-10001363,2018-11-25,569.99,1
TEC-PH-10001425,2015-06-07,239.97,1
TEC-PH-10001425,2015-11-15,575.928,1
TEC-PH-10001425,2016-01-03,191.976,1
TEC-PH-10001425,2017-07-16,143.982,1
TEC-PH-10001425,2018-07-01,239.97,1
TEC-PH-10001425,2018-09-23,191.976,1
TEC-PH-10001433,2016-12-18,246.168,1
TEC-PH-10001433,2017-05-07,246.168,1
TEC-PH-10001433,2017-06-11,328.224,1
TEC-PH-10001433,2018-10-28,61.542,1
TEC-PH-10001448,2017-02-05,159.968,1
TEC-PH-10001448,2017-04-09,149.97,1
TEC-PH-10001448,2017-12-10,149.97,1
TEC-PH-10001448,2018-11-11,99.98,1
TEC-PH-10001448,2018-12-02,39.992,1
TEC-PH-10001459,2015-05-03,1679.96,1
TEC-PH-10001459,2017-06-11,3023.928,1
TEC-PH-10001459,2018-01-28,2939.93,1
TEC-PH-10001459,2018-08-26,4367.896,1
TEC-PH-10001459,2018-11-18,671.984,1
TEC-PH-10001459,2018-11-25,1259.97,1
TEC-PH-10001468,2018-12-02,546.06,1
TEC-PH-10001494,2016-04-17,479.92,1
TEC-PH-10001494,2017-03-19,539.91,1
TEC-PH-10001494,2018-09-02,1199.8,1
TEC-PH-10001494,2018-10-28,2399.6,1
TEC-PH-10001527,2016-03-20,85.9,1
TEC-PH-10001527,2016-06-05,128.85,1
TEC-PH-10001527,2016-08-07,128.85,1
TEC-PH-10001527,2016-10-30,68.72,1
TEC-PH-10001527,2016-11-06,42.95,1
TEC-PH-10001527,2018-03-18,34.36,1
TEC-PH-10001527,2018-12-16,128.85,1
TEC-PH-10001530,2015-05-24,617.97,1
TEC-PH-10001530,2015-08-09,1091.168,1
TEC-PH-10001530,2015-12-27,818.376,1
TEC-PH-10001530,2016-05-01,1022.97,1
TEC-PH-10001530,2016-12-18,494.376,1
TEC-PH-10001530,2017-03-12,1363.96,1
TEC-PH-10001530,2017-05-21,1363.96,1
TEC-PH-10001530,2017-08-20,247.188,1
TEC-PH-10001530,2017-09-03,1091.168,1
TEC-PH-10001536,2015-09-20,16.99,1
TEC-PH-10001536,2016-11-13,50.97,1
TEC-PH-10001536,2018-04-01,84.95,1
TEC-PH-10001536,2018-06-03,54.368,1
TEC-PH-10001536,2018-10-28,27.184,1
TEC-PH-10001552,2015-05-31,57.408,1
TEC-PH-10001552,2015-07-19,38.272,1
TEC-PH-10001552,2015-11-08,50.232,1
TEC-PH-10001552,2016-03-06,23.92,1
TEC-PH-10001552,2016-10-16,155.48000000000002,2
TEC-PH-10001552,2017-05-14,19.136,1
TEC-PH-10001552,2017-12-24,66.976,1
TEC-PH-10001552,2018-09-23,95.68,1
TEC-PH-10001552,2018-10-28,35.88,1
TEC-PH-10001557,2015-04-12,1075.088,1
TEC-PH-10001557,2015-10-04,230.376,1
TEC-PH-10001557,2016-04-24,287.97,1
TEC-PH-10001557,2016-07-24,153.584,1
TEC-PH-10001557,2017-03-05,479.95,1
TEC-PH-10001557,2017-10-22,191.98,1
TEC-PH-10001557,2018-03-18,537.544,1
TEC-PH-10001557,2018-06-17,191.98,1
TEC-PH-10001557,2018-07-08,287.97,1
TEC-PH-10001557,2018-08-12,153.584,1
TEC-PH-10001578,2015-06-21,1214.85,1
TEC-PH-10001578,2016-06-26,971.88,1
TEC-PH-10001578,2016-11-06,1295.84,1
TEC-PH-10001578,2016-12-11,485.94,1
TEC-PH-10001580,2015-11-29,539.92,1
TEC-PH-10001580,2016-12-04,647.904,1
TEC-PH-10001580,2017-07-09,107.984,1
TEC-PH-10001580,2017-11-26,404.94,1
TEC-PH-10001580,2018-02-25,215.968,1
TEC-PH-10001615,2015-02-08,144.95,1
TEC-PH-10001615,2015-04-05,28.99,1
TEC-PH-10001615,2015-11-08,46.384,1
TEC-PH-10001615,2016-12-11,173.94,1
TEC-PH-10001615,2018-09-23,86.97,1
TEC-PH-10001619,2016-03-13,587.97,1
TEC-PH-10001619,2016-08-28,587.97,1
TEC-PH-10001619,2018-06-03,156.792,1
TEC-PH-10001619,2018-06-10,470.376,1
TEC-PH-10001644,2015-12-06,95.968,1
TEC-PH-10001644,2017-09-17,149.95,1
TEC-PH-10001644,2017-11-19,89.97,1
TEC-PH-10001700,2016-10-30,105.584,1
TEC-PH-10001700,2016-12-04,105.584,1
TEC-PH-10001700,2017-08-06,211.168,1
TEC-PH-10001700,2018-06-03,158.376,1
TEC-PH-10001700,2018-09-16,369.544,1
TEC-PH-10001700,2018-10-21,52.792,1
TEC-PH-10001700,2018-12-02,131.98,1
TEC-PH-10001750,2015-11-08,52.792,1
TEC-PH-10001750,2016-05-08,158.376,1
TEC-PH-10001750,2016-09-04,131.98,1
TEC-PH-10001750,2016-10-02,263.96,1
TEC-PH-10001750,2016-10-16,263.96,1
TEC-PH-10001750,2016-12-25,158.376,1
TEC-PH-10001750,2017-12-24,197.97,1
TEC-PH-10001750,2018-09-09,158.376,1
TEC-PH-10001760,2015-10-04,318.4,1
TEC-PH-10001760,2016-10-02,1114.4,1
TEC-PH-10001760,2017-06-11,477.6,1
TEC-PH-10001760,2017-07-23,597.0,1
TEC-PH-10001760,2018-07-01,358.2,1
TEC-PH-10001795,2015-11-01,1983.968,1
TEC-PH-10001795,2016-03-27,1487.976,1
TEC-PH-10001795,2016-06-05,239.97,1
TEC-PH-10001795,2017-05-14,743.988,1
TEC-PH-10001795,2018-12-02,2479.96,1
TEC-PH-10001809,2015-12-06,179.94,1
TEC-PH-10001809,2016-03-13,359.88,1
TEC-PH-10001809,2016-10-30,299.9,1
TEC-PH-10001809,2018-03-18,299.9,1
TEC-PH-10001809,2018-06-17,119.96,1
TEC-PH-10001817,2015-05-10,1432.0,1
TEC-PH-10001817,2016-07-17,716.0,1
TEC-PH-10001817,2016-10-02,572.8,1
TEC-PH-10001817,2016-12-11,1718.4,1
TEC-PH-10001817,2017-05-28,286.4,1
TEC-PH-10001817,2017-10-01,859.2,1
TEC-PH-10001817,2018-01-21,429.6,1
TEC-PH-10001817,2018-07-29,1145.6,1
TEC-PH-10001817,2018-09-30,859.2,1
TEC-PH-10001817,2018-11-04,859.2,1
TEC-PH-10001819,2015-04-05,251.944,1
TEC-PH-10001819,2016-02-21,134.97,1
TEC-PH-10001819,2016-06-26,107.976,1
TEC-PH-10001819,2016-11-13,89.98,1
TEC-PH-10001819,2018-06-10,71.984,1
TEC-PH-10001819,2018-12-02,89.98,1
TEC-PH-10001835,2015-04-12,758.352,1
TEC-PH-10001835,2016-10-09,631.96,1
TEC-PH-10001835,2017-05-14,631.96,1
TEC-PH-10001870,2015-12-06,36.738,1
TEC-PH-10001870,2016-04-24,97.968,1
TEC-PH-10001870,2017-09-17,146.952,1
TEC-PH-10001918,2017-05-28,222.384,1
TEC-PH-10001918,2017-08-06,333.576,1
TEC-PH-10001918,2018-12-09,444.768,1
TEC-PH-10001924,2017-07-23,55.992,1
TEC-PH-10001924,2018-01-14,111.984,1
TEC-PH-10001924,2018-02-18,167.976,1
TEC-PH-10001924,2018-06-10,279.96,1
TEC-PH-10001924,2018-12-09,83.988,1
TEC-PH-10001944,2015-12-20,583.8,1
TEC-PH-10001944,2016-05-29,467.04,1
TEC-PH-10001944,2017-09-17,875.7,2
TEC-PH-10001944,2017-12-03,116.76,1
TEC-PH-10001944,2018-09-30,437.85,1
TEC-PH-10001949,2015-08-30,213.48,1
TEC-PH-10002033,2015-06-14,911.424,1
TEC-PH-10002033,2015-06-21,284.82,1
TEC-PH-10002033,2016-04-17,569.64,1
TEC-PH-10002033,2018-09-09,455.712,1
TEC-PH-10002070,2015-07-19,13.494,1
TEC-PH-10002070,2016-06-26,125.944,1
TEC-PH-10002070,2017-07-23,35.984,1
TEC-PH-10002075,2015-09-13,377.97,1
TEC-PH-10002085,2015-12-20,211.168,1
TEC-PH-10002085,2017-09-17,105.584,1
TEC-PH-10002085,2018-06-17,65.99,1
TEC-PH-10002085,2018-10-14,369.544,1
TEC-PH-10002103,2015-02-01,187.98,1
TEC-PH-10002103,2015-11-15,601.536,1
TEC-PH-10002103,2015-11-22,281.97,1
TEC-PH-10002103,2016-04-24,469.95,1
TEC-PH-10002103,2016-06-19,225.576,1
TEC-PH-10002103,2016-10-23,150.384,1
TEC-PH-10002103,2017-12-17,958.6979999999999,2
TEC-PH-10002103,2018-12-23,281.97,1
TEC-PH-10002114,2017-11-19,2279.96,1
TEC-PH-10002115,2015-06-28,263.96,1
TEC-PH-10002115,2016-04-17,118.782,1
TEC-PH-10002115,2018-09-16,395.94,1
TEC-PH-10002115,2018-10-07,65.99,1
TEC-PH-10002170,2015-11-29,279.96,1
TEC-PH-10002170,2016-01-03,251.964,1
TEC-PH-10002170,2016-09-18,209.97,1
TEC-PH-10002170,2016-12-25,111.984,1
TEC-PH-10002170,2017-08-27,209.97,1
TEC-PH-10002170,2018-09-16,55.992,1
TEC-PH-10002185,2015-09-20,11.12,1
TEC-PH-10002185,2018-05-20,45.87,2
TEC-PH-10002185,2018-09-09,5.56,1
TEC-PH-10002185,2018-10-21,16.68,1
TEC-PH-10002200,2016-11-06,344.704,1
TEC-PH-10002200,2016-11-20,861.76,1
TEC-PH-10002200,2017-12-31,2575.944,1
TEC-PH-10002200,2018-05-20,344.704,1
TEC-PH-10002200,2018-09-02,689.408,1
TEC-PH-10002200,2018-09-09,2190.486,2
TEC-PH-10002200,2018-11-11,430.88,1
TEC-PH-10002262,2017-07-16,380.864,1
TEC-PH-10002262,2018-04-08,119.02,1
TEC-PH-10002275,2015-06-14,907.152,1
TEC-PH-10002275,2017-08-06,302.384,1
TEC-PH-10002275,2017-12-31,302.384,1
TEC-PH-10002275,2018-02-04,604.768,1
TEC-PH-10002293,2016-12-25,47.976,1
TEC-PH-10002293,2017-06-04,79.96,1
TEC-PH-10002293,2017-09-03,23.988,1
TEC-PH-10002293,2018-02-04,59.97,1
TEC-PH-10002293,2018-06-17,47.976,1
TEC-PH-10002293,2018-07-08,79.96,1
TEC-PH-10002310,2015-08-09,399.96,1
TEC-PH-10002310,2016-04-17,783.96,1
TEC-PH-10002310,2017-07-09,59.994,1
TEC-PH-10002310,2017-12-10,156.792,1
TEC-PH-10002310,2018-05-13,587.97,1
TEC-PH-10002310,2018-12-02,979.95,1
TEC-PH-10002350,2016-11-27,83.97,1
TEC-PH-10002350,2017-08-13,44.784,1
TEC-PH-10002350,2017-11-19,67.176,1
TEC-PH-10002350,2018-05-20,55.98,1
TEC-PH-10002352,2015-10-18,1394.95,1
TEC-PH-10002365,2017-03-12,21.072,1
TEC-PH-10002365,2017-04-02,35.12,1
TEC-PH-10002365,2017-09-03,8.78,1
TEC-PH-10002398,2015-08-09,624.3439999999999,2
TEC-PH-10002398,2017-02-26,445.96,1
TEC-PH-10002415,2015-03-22,471.92,1
TEC-PH-10002415,2016-09-25,589.9,1
TEC-PH-10002415,2018-08-12,707.88,1
TEC-PH-10002415,2018-09-23,1887.68,2
TEC-PH-10002447,2017-09-10,329.584,1
TEC-PH-10002447,2017-12-17,1029.95,1
TEC-PH-10002447,2018-04-01,164.792,1
TEC-PH-10002447,2018-09-23,411.98,1
TEC-PH-10002468,2015-08-09,135.99,1
TEC-PH-10002468,2016-01-03,217.584,1
TEC-PH-10002468,2016-06-26,217.584,1
TEC-PH-10002468,2018-11-11,761.544,1
TEC-PH-10002483,2017-12-03,271.992,1
TEC-PH-10002483,2018-11-04,1359.96,1
TEC-PH-10002496,2016-06-12,249.584,1
TEC-PH-10002496,2016-06-19,467.97,1
TEC-PH-10002496,2016-10-02,2183.86,2
TEC-PH-10002496,2017-09-03,280.782,1
TEC-PH-10002496,2017-12-10,249.584,1
TEC-PH-10002496,2018-07-29,124.792,1
TEC-PH-10002496,2018-12-09,374.376,1
TEC-PH-10002538,2015-05-31,113.73,1
TEC-PH-10002538,2016-09-25,113.73,1
TEC-PH-10002538,2017-03-12,68.238,1
TEC-PH-10002538,2018-02-11,227.46,1
TEC-PH-10002538,2018-08-12,242.624,1
TEC-PH-10002538,2018-08-19,37.91,1
TEC-PH-10002549,2015-09-13,135.516,1
TEC-PH-10002549,2017-11-19,361.376,1
TEC-PH-10002549,2018-04-01,677.58,1
TEC-PH-10002549,2018-05-06,677.58,1
TEC-PH-10002549,2018-07-22,1626.192,1
TEC-PH-10002549,2018-11-04,361.376,1
TEC-PH-10002555,2016-01-31,155.37,1
TEC-PH-10002555,2017-04-09,1812.65,2
TEC-PH-10002555,2018-03-11,776.85,1
TEC-PH-10002563,2015-06-07,881.93,1
TEC-PH-10002563,2017-10-29,302.376,1
TEC-PH-10002563,2017-12-31,302.376,1
TEC-PH-10002563,2018-11-11,201.584,1
TEC-PH-10002563,2018-12-30,302.376,1
TEC-PH-10002564,2016-10-23,149.95,1
TEC-PH-10002564,2017-07-09,71.976,1
TEC-PH-10002564,2017-11-26,59.98,1
TEC-PH-10002564,2018-06-17,119.96000000000001,2
TEC-PH-10002564,2018-08-19,71.976,1
TEC-PH-10002564,2018-09-16,143.952,1
TEC-PH-10002564,2018-12-02,71.976,1
TEC-PH-10002583,2015-07-19,23.988,1
TEC-PH-10002583,2015-10-11,15.992,1
TEC-PH-10002583,2017-02-26,39.98,1
TEC-PH-10002583,2017-10-15,15.992,1
TEC-PH-10002583,2018-11-18,119.94,1
TEC-PH-10002584,2015-11-29,1502.376,1
TEC-PH-10002584,2016-02-14,625.99,1
TEC-PH-10002584,2017-10-01,1001.584,1
TEC-PH-10002584,2018-02-04,2003.168,1
TEC-PH-10002584,2018-07-01,1001.584,1
TEC-PH-10002597,2015-05-17,100.792,1
TEC-PH-10002597,2016-11-06,503.96,1
TEC-PH-10002624,2016-08-21,1879.96,1
TEC-PH-10002624,2017-02-12,1127.976,1
TEC-PH-10002624,2018-03-25,469.99,1
TEC-PH-10002624,2018-04-29,751.984,1
TEC-PH-10002624,2018-12-02,1879.96,1
TEC-PH-10002645,2017-12-24,1499.97,1
TEC-PH-10002660,2015-05-24,135.98,1
TEC-PH-10002660,2017-09-10,108.784,1
TEC-PH-10002660,2018-07-01,543.92,1
TEC-PH-10002660,2018-07-22,271.96,1
TEC-PH-10002660,2018-07-29,543.92,1
TEC-PH-10002660,2018-08-05,271.96,1
TEC-PH-10002680,2015-05-31,659.97,1
TEC-PH-10002680,2015-11-15,703.968,1
TEC-PH-10002680,2016-09-11,791.964,1
TEC-PH-10002726,2015-05-31,83.984,1
TEC-PH-10002726,2015-09-27,83.984,1
TEC-PH-10002726,2015-12-06,167.968,1
TEC-PH-10002726,2016-06-26,125.976,1
TEC-PH-10002726,2016-09-25,104.98,1
TEC-PH-10002726,2017-01-15,377.928,1
TEC-PH-10002726,2018-07-08,167.968,1
TEC-PH-10002789,2016-11-27,748.752,1
TEC-PH-10002789,2017-04-02,280.782,1
TEC-PH-10002789,2018-02-18,124.792,1
TEC-PH-10002807,2016-12-04,94.92,1
TEC-PH-10002807,2018-09-09,126.56,1
TEC-PH-10002807,2018-10-28,118.65,1
TEC-PH-10002807,2018-11-25,79.1,1
TEC-PH-10002817,2015-12-20,323.976,1
TEC-PH-10002824,2017-07-09,823.96,1
TEC-PH-10002824,2018-10-28,823.96,1
TEC-PH-10002824,2018-11-18,370.782,1
TEC-PH-10002834,2016-02-14,323.982,1
TEC-PH-10002834,2017-12-10,431.976,1
TEC-PH-10002834,2018-05-20,539.97,1
TEC-PH-10002834,2018-05-27,539.97,1
TEC-PH-10002834,2018-12-02,1979.89,1
TEC-PH-10002844,2016-01-03,62.982,1
TEC-PH-10002844,2016-04-10,41.988,1
TEC-PH-10002844,2016-06-12,55.984,1
TEC-PH-10002844,2018-11-25,27.992,1
TEC-PH-10002885,2015-05-24,779.796,1
TEC-PH-10002885,2015-11-22,4548.81,1
TEC-PH-10002885,2017-03-12,4158.912,1
TEC-PH-10002885,2017-08-06,1039.728,1
TEC-PH-10002885,2018-09-23,1299.66,1
TEC-PH-10002885,2018-09-30,1169.694,1
TEC-PH-10002890,2015-02-08,180.96,1
TEC-PH-10002890,2016-04-03,180.96,1
TEC-PH-10002890,2016-10-16,135.72,1
TEC-PH-10002890,2016-11-13,226.2,1
TEC-PH-10002890,2017-01-08,180.96,1
TEC-PH-10002890,2017-02-05,90.48,1
TEC-PH-10002890,2017-03-12,108.576,1
TEC-PH-10002890,2017-09-03,108.576,1
TEC-PH-10002890,2017-12-03,36.192,1
TEC-PH-10002890,2018-12-30,90.48,1
TEC-PH-10002922,2016-05-08,946.344,1
TEC-PH-10002922,2016-09-11,337.98,1
TEC-PH-10002922,2016-09-25,946.344,1
TEC-PH-10002922,2016-12-25,675.96,1
TEC-PH-10002923,2015-07-05,73.98,1
TEC-PH-10002923,2015-11-08,88.776,1
TEC-PH-10002923,2015-11-22,36.99,1
TEC-PH-10002923,2016-04-24,88.776,1
TEC-PH-10002923,2016-11-27,110.97,1
TEC-PH-10002923,2016-12-25,73.98,1
TEC-PH-10002923,2017-01-08,59.184,1
TEC-PH-10002923,2018-02-11,88.776,1
TEC-PH-10002923,2018-05-20,29.592,1
TEC-PH-10002923,2018-06-10,88.776,1
TEC-PH-10003012,2015-09-27,246.384,1
TEC-PH-10003012,2016-03-13,769.95,1
TEC-PH-10003012,2016-08-14,307.98,1
TEC-PH-10003012,2016-10-02,307.98,1
TEC-PH-10003012,2016-11-27,307.98,1
TEC-PH-10003012,2017-04-30,369.576,1
TEC-PH-10003012,2017-06-25,862.344,1
TEC-PH-10003012,2018-05-20,307.98,1
TEC-PH-10003012,2018-07-29,461.97,1
TEC-PH-10003012,2018-11-11,492.768,1
TEC-PH-10003072,2015-09-20,1349.91,1
TEC-PH-10003072,2016-07-10,269.982,1
TEC-PH-10003072,2017-10-22,449.97,1
TEC-PH-10003072,2018-01-21,359.976,1
TEC-PH-10003072,2018-12-23,629.958,1
TEC-PH-10003092,2015-05-24,55.188,1
TEC-PH-10003092,2015-11-01,73.584,1
TEC-PH-10003092,2017-04-23,36.792,1
TEC-PH-10003092,2018-05-06,183.96,1
TEC-PH-10003092,2018-08-05,36.792,1
TEC-PH-10003092,2018-12-02,220.752,1
TEC-PH-10003095,2015-12-13,52.68,1
TEC-PH-10003095,2016-04-03,87.8,1
TEC-PH-10003095,2016-09-25,35.12,1
TEC-PH-10003095,2017-10-08,52.68,1
TEC-PH-10003095,2017-11-26,122.92,1
TEC-PH-10003095,2018-10-07,87.8,1
TEC-PH-10003095,2018-12-16,52.68,1
TEC-PH-10003171,2015-05-24,44.95,1
TEC-PH-10003171,2017-03-05,134.85,1
TEC-PH-10003171,2017-09-17,224.75,1
TEC-PH-10003171,2018-08-26,143.84,2
TEC-PH-10003171,2018-09-30,89.9,1
TEC-PH-10003171,2018-11-18,107.88,1
TEC-PH-10003174,2016-05-01,311.976,1
TEC-PH-10003174,2016-11-20,415.968,1
TEC-PH-10003187,2016-09-18,59.97,1
TEC-PH-10003187,2017-08-27,31.984,1
TEC-PH-10003187,2017-11-05,23.988,1
TEC-PH-10003187,2018-10-14,31.984,1
TEC-PH-10003215,2016-03-06,95.84,1
TEC-PH-10003215,2017-06-04,179.7,1
TEC-PH-10003215,2018-10-28,95.84,1
TEC-PH-10003215,2018-12-16,95.84,1
TEC-PH-10003273,2015-03-29,302.376,1
TEC-PH-10003273,2015-04-12,629.95,1
TEC-PH-10003273,2015-11-22,503.96,1
TEC-PH-10003273,2017-12-17,302.376,1
TEC-PH-10003356,2016-03-20,16.776,1
TEC-PH-10003356,2017-11-19,13.98,1
TEC-PH-10003357,2016-04-24,244.768,1
TEC-PH-10003357,2016-10-02,45.894,1
TEC-PH-10003357,2017-11-19,61.192,1
TEC-PH-10003357,2017-11-26,244.768,1
TEC-PH-10003437,2017-07-16,419.944,1
TEC-PH-10003437,2018-05-13,419.944,1
TEC-PH-10003437,2018-11-25,389.948,2
TEC-PH-10003442,2017-08-27,33.0,1
TEC-PH-10003442,2017-09-03,22.0,1
TEC-PH-10003442,2017-10-15,5.5,1
TEC-PH-10003442,2018-07-29,22.0,1
TEC-PH-10003442,2018-11-18,22.0,1
TEC-PH-10003484,2015-03-29,604.752,1
TEC-PH-10003484,2015-09-20,629.95,1
TEC-PH-10003484,2017-06-18,377.97,1
TEC-PH-10003484,2017-07-02,201.584,1
TEC-PH-10003484,2018-09-02,201.584,1
TEC-PH-10003505,2015-05-31,464.0,1
TEC-PH-10003505,2015-11-15,148.48,1
TEC-PH-10003505,2016-07-03,74.24,1
TEC-PH-10003505,2016-07-17,148.48,1
TEC-PH-10003505,2017-01-01,668.16,1
TEC-PH-10003505,2017-09-10,798.0799999999999,2
TEC-PH-10003505,2018-02-11,371.2,1
TEC-PH-10003505,2018-03-18,445.44,1
TEC-PH-10003505,2018-07-01,148.48,1
TEC-PH-10003505,2018-11-04,148.48,1
TEC-PH-10003535,2017-03-05,159.984,1
TEC-PH-10003555,2016-10-02,36.784,1
TEC-PH-10003555,2017-05-21,55.176,1
TEC-PH-10003555,2017-08-27,91.96,1
TEC-PH-10003555,2017-12-10,114.95,1
TEC-PH-10003555,2018-05-20,114.95,1
TEC-PH-10003555,2018-10-07,289.674,2
TEC-PH-10003555,2018-11-25,55.176,1
TEC-PH-10003555,2018-12-16,73.568,1
TEC-PH-10003580,2016-08-21,519.792,1
TEC-PH-10003580,2016-11-06,1212.848,1
TEC-PH-10003580,2017-08-20,259.896,1
TEC-PH-10003580,2018-09-16,259.896,1
TEC-PH-10003589,2015-09-13,32.382,1
TEC-PH-10003589,2016-08-28,43.176,1
TEC-PH-10003589,2017-07-23,89.95,1
TEC-PH-10003589,2017-11-19,71.96,1
TEC-PH-10003589,2018-02-25,71.96,1
TEC-PH-10003589,2018-08-05,89.95,1
TEC-PH-10003589,2018-09-09,43.176,1
TEC-PH-10003601,2016-08-07,494.97,1
TEC-PH-10003601,2018-01-21,164.99,1
TEC-PH-10003601,2018-08-12,824.95,1
TEC-PH-10003601,2018-12-23,494.97,1
TEC-PH-10003645,2015-02-08,161.61,1
TEC-PH-10003645,2016-04-17,258.576,1
TEC-PH-10003645,2016-05-22,775.728,1
TEC-PH-10003645,2017-02-05,484.83,1
TEC-PH-10003645,2017-09-03,290.898,1
TEC-PH-10003645,2018-08-12,1454.49,1
TEC-PH-10003655,2015-03-01,5.94,1
TEC-PH-10003655,2018-01-14,7.92,1
TEC-PH-10003691,2015-08-16,806.336,1
TEC-PH-10003691,2016-11-13,377.97,1
TEC-PH-10003691,2016-12-11,125.99,1
TEC-PH-10003691,2017-03-26,403.168,1
TEC-PH-10003691,2017-11-12,881.93,1
TEC-PH-10003691,2018-06-24,503.96,1
TEC-PH-10003800,2016-02-28,105.98,1
TEC-PH-10003800,2017-03-19,84.784,1
TEC-PH-10003800,2017-03-26,84.784,1
TEC-PH-10003800,2018-10-07,84.784,1
TEC-PH-10003800,2018-10-28,52.99,1
TEC-PH-10003811,2015-12-06,479.96,1
TEC-PH-10003811,2017-11-12,359.97,1
TEC-PH-10003811,2017-12-03,863.928,1
TEC-PH-10003811,2018-05-20,95.992,1
TEC-PH-10003811,2018-11-11,359.97,1
TEC-PH-10003875,2016-10-09,29.16,1
TEC-PH-10003875,2017-06-18,68.04,1
TEC-PH-10003875,2018-02-18,29.16,1
TEC-PH-10003885,2015-07-12,197.97,1
TEC-PH-10003885,2016-11-13,263.96,1
TEC-PH-10003885,2017-05-28,211.168,1
TEC-PH-10003885,2018-07-15,39.594,1
TEC-PH-10003885,2018-09-02,197.97,1
TEC-PH-10003931,2015-09-13,143.976,1
TEC-PH-10003931,2016-02-14,107.982,1
TEC-PH-10003931,2016-06-26,143.976,1
TEC-PH-10003931,2017-12-03,179.97,1
TEC-PH-10003931,2018-01-28,107.982,1
TEC-PH-10003931,2018-08-05,95.984,1
TEC-PH-10003963,2015-06-21,617.97,1
TEC-PH-10003963,2016-07-17,659.168,1
TEC-PH-10003963,2017-07-16,494.376,1
TEC-PH-10003988,2015-05-10,43.6,1
TEC-PH-10003988,2017-05-14,43.6,1
TEC-PH-10003988,2017-06-25,21.8,1
TEC-PH-10003988,2017-09-10,43.6,1
TEC-PH-10003988,2017-11-05,21.8,1
TEC-PH-10003988,2017-12-10,10.9,1
TEC-PH-10003988,2018-10-28,32.7,1
TEC-PH-10003988,2018-11-18,43.6,1
TEC-PH-10004006,2018-04-01,206.1,1
TEC-PH-10004006,2018-04-08,41.22,1
TEC-PH-10004042,2016-10-30,158.99,1
TEC-PH-10004042,2017-08-06,635.96,1
TEC-PH-10004042,2018-06-10,381.576,1
TEC-PH-10004042,2018-11-04,508.768,1
TEC-PH-10004071,2017-09-24,63.936,1
TEC-PH-10004071,2018-05-20,7.992,1
TEC-PH-10004071,2018-07-22,71.928,1
TEC-PH-10004071,2018-10-21,15.984,1
TEC-PH-10004071,2018-11-25,39.96,1
TEC-PH-10004080,2017-01-08,108.784,1
TEC-PH-10004080,2017-05-28,122.382,1
TEC-PH-10004093,2015-06-28,82.782,1
TEC-PH-10004093,2015-11-08,275.94,1
TEC-PH-10004093,2016-05-29,45.99,1
TEC-PH-10004093,2017-01-22,110.376,1
TEC-PH-10004093,2017-07-16,110.376,1
TEC-PH-10004093,2017-09-17,73.584,1
TEC-PH-10004093,2018-09-16,147.168,1
TEC-PH-10004094,2016-07-31,623.96,1
TEC-PH-10004094,2016-10-23,249.584,1
TEC-PH-10004094,2017-02-12,623.96,1
TEC-PH-10004094,2017-10-15,1091.93,1
TEC-PH-10004094,2018-05-20,1123.128,1
TEC-PH-10004094,2018-11-11,499.168,1
TEC-PH-10004100,2015-03-29,28.784,1
TEC-PH-10004100,2015-07-26,35.98,1
TEC-PH-10004100,2017-07-23,115.136,1
TEC-PH-10004100,2018-01-28,86.352,1
TEC-PH-10004100,2018-10-28,71.96,1
TEC-PH-10004100,2018-12-02,57.568,1
TEC-PH-10004120,2016-09-25,821.94,1
TEC-PH-10004120,2017-02-05,109.592,1
TEC-PH-10004120,2017-11-26,657.552,1
TEC-PH-10004165,2016-07-10,1099.96,1
TEC-PH-10004165,2016-08-28,1099.96,1
TEC-PH-10004165,2016-10-16,824.97,1
TEC-PH-10004165,2016-11-13,549.98,1
TEC-PH-10004165,2017-05-28,1979.928,1
TEC-PH-10004165,2017-11-26,494.982,1
TEC-PH-10004165,2018-03-18,659.976,1
TEC-PH-10004165,2018-10-21,329.988,1
TEC-PH-10004165,2018-11-25,659.976,1
TEC-PH-10004188,2015-11-22,79.968,1
TEC-PH-10004188,2016-07-10,124.95,1
TEC-PH-10004188,2016-08-14,139.944,1
TEC-PH-10004188,2018-09-23,39.984,1
TEC-PH-10004241,2017-02-05,1439.968,1
TEC-PH-10004345,2017-01-01,527.78,2
TEC-PH-10004345,2017-07-09,863.64,1
TEC-PH-10004345,2017-12-24,287.88,1
TEC-PH-10004345,2018-04-08,383.84,1
TEC-PH-10004348,2016-05-01,88.752,1
TEC-PH-10004348,2018-03-18,44.376,1
TEC-PH-10004389,2018-05-20,377.97,1
TEC-PH-10004389,2018-05-27,302.376,1
TEC-PH-10004389,2018-11-18,629.95,1
TEC-PH-10004434,2015-11-01,978.84,1
TEC-PH-10004434,2015-12-06,271.9,1
TEC-PH-10004434,2017-07-02,135.95,1
TEC-PH-10004447,2015-11-08,333.576,1
TEC-PH-10004447,2015-11-22,833.94,1
TEC-PH-10004447,2016-05-15,222.384,1
TEC-PH-10004447,2016-09-04,555.96,1
TEC-PH-10004447,2018-02-25,333.576,1
TEC-PH-10004447,2018-03-04,889.536,1
TEC-PH-10004447,2018-10-07,222.384,1
TEC-PH-10004447,2018-11-25,222.384,1
TEC-PH-10004522,2016-06-12,140.376,1
TEC-PH-10004522,2018-07-22,210.564,1
TEC-PH-10004522,2018-12-16,116.98,1
TEC-PH-10004531,2015-04-26,302.376,1
TEC-PH-10004531,2015-07-26,302.376,1
TEC-PH-10004531,2016-04-17,21.99,1
TEC-PH-10004531,2016-10-30,87.96,1
TEC-PH-10004531,2018-03-18,140.736,1
TEC-PH-10004531,2018-11-11,35.184,1
TEC-PH-10004531,2018-12-02,151.188,1
TEC-PH-10004536,2017-11-26,944.93,1
TEC-PH-10004536,2018-07-22,269.98,1
TEC-PH-10004536,2018-09-16,323.976,1
TEC-PH-10004539,2015-01-11,755.96,1
TEC-PH-10004539,2015-06-21,1322.93,1
TEC-PH-10004539,2016-03-20,453.576,1
TEC-PH-10004539,2017-06-18,566.97,1
TEC-PH-10004539,2017-11-26,151.192,1
TEC-PH-10004539,2017-12-03,340.182,1
TEC-PH-10004539,2017-12-24,453.576,1
TEC-PH-10004586,2015-07-05,575.92,1
TEC-PH-10004586,2015-11-29,575.92,1
TEC-PH-10004586,2016-12-04,1799.75,1
TEC-PH-10004586,2017-03-12,431.94,1
TEC-PH-10004586,2018-09-16,1079.85,1
TEC-PH-10004586,2018-10-28,863.88,1
TEC-PH-10004614,2015-01-18,124.2,1
TEC-PH-10004614,2016-08-14,138.0,1
TEC-PH-10004614,2017-04-30,82.8,1
TEC-PH-10004614,2017-05-28,345.0,1
TEC-PH-10004614,2017-08-20,165.6,1
TEC-PH-10004614,2018-02-04,207.0,1
TEC-PH-10004614,2018-04-29,552.0,1
TEC-PH-10004667,2015-03-22,323.976,1
TEC-PH-10004667,2015-10-11,755.944,1
TEC-PH-10004667,2016-07-03,269.98,1
TEC-PH-10004667,2016-12-11,134.99,1
TEC-PH-10004667,2017-09-17,728.946,1
TEC-PH-10004667,2018-08-26,431.968,1
TEC-PH-10004700,2015-03-08,9.99,1
TEC-PH-10004700,2017-04-23,39.96,1
TEC-PH-10004700,2018-03-18,77.92200000000001,2
TEC-PH-10004774,2016-11-20,72.744,1
TEC-PH-10004774,2017-04-23,25.98,1
TEC-PH-10004774,2018-12-30,90.93,1
TEC-PH-10004830,2016-06-26,201.568,1
TEC-PH-10004833,2015-02-01,155.35,1
TEC-PH-10004833,2017-06-25,38.24,1
TEC-PH-10004833,2017-12-24,28.68,1
TEC-PH-10004833,2018-12-02,57.36,1
TEC-PH-10004875,2015-11-22,9.588,1
TEC-PH-10004896,2015-11-22,149.95,1
TEC-PH-10004896,2016-12-11,119.96,1
TEC-PH-10004896,2017-08-20,71.976,1
TEC-PH-10004896,2018-03-11,53.982,1
TEC-PH-10004896,2018-04-01,119.96,1
TEC-PH-10004897,2016-01-03,23.976,1
TEC-PH-10004897,2016-07-31,29.97,1
TEC-PH-10004897,2016-10-23,55.944,1
TEC-PH-10004897,2017-02-12,69.93,1
TEC-PH-10004897,2017-09-17,29.97,1
TEC-PH-10004897,2017-10-15,23.976,1
TEC-PH-10004897,2018-04-01,23.976,1
TEC-PH-10004908,2016-01-03,475.944,1
TEC-PH-10004908,2016-11-13,339.96,1
TEC-PH-10004908,2016-12-18,237.972,2
TEC-PH-10004908,2017-09-03,339.96,1
TEC-PH-10004908,2017-11-12,203.976,1
TEC-PH-10004908,2018-11-18,67.992,1
TEC-PH-10004912,2017-12-24,131.88,1
TEC-PH-10004912,2018-12-02,219.8,1
TEC-PH-10004922,2015-04-12,200.97,1
TEC-PH-10004922,2015-10-25,321.552,1
TEC-PH-10004922,2015-11-22,267.96,1
TEC-PH-10004922,2016-06-19,133.98,1
TEC-PH-10004922,2018-01-21,160.776,1
TEC-PH-10004924,2016-10-23,11.824,1
TEC-PH-10004924,2017-04-23,29.56,1
TEC-PH-10004924,2017-08-20,14.78,1
TEC-PH-10004959,2015-11-15,241.176,1
TEC-PH-10004959,2016-09-04,100.49,1
TEC-PH-10004977,2015-01-11,391.98,1
TEC-PH-10004977,2015-12-20,627.168,1
TEC-PH-10004977,2016-01-17,235.188,1
TEC-PH-10004977,2017-12-10,1097.544,1
TEC-PH-10004977,2018-05-06,627.168,1
TEC-PH-10004977,2018-07-15,470.376,1
TEC-PH-10004977,2018-09-23,391.98,1
TEC-PH-10004977,2018-12-02,1450.326,2
