Price,Number of products sold,Revenue generated,Stock levels,Lead times,Order quantities,Shipping costs,Availability,Shipping times,inventory_risk_label,delivery_delay,Availability_normalized,Number of products sold_normalized,Revenue generated_normalized,Stock levels_normalized,Lead times_normalized,Order quantities_normalized,Shipping costs_normalized,Price_normalized
308.1009546027193,910,280371.8686884746,471,22,24,19.017788783252147,66,19,Moderate Risk,0,0.66,0.91,5.607437373769492,0.942,0.7333333333333333,0.24,0.3803557756650429,0.6162019092054386
141.46798187599265,894,126472.37579713743,106,22,93,17.55302895862984,24,30,Normal,1,0.24,0.894,2.5294475159427487,0.212,0.7333333333333333,0.93,0.3510605791725968,0.2829359637519853
431.079627796453,34,14656.707345079401,274,8,45,5.210260622484656,29,18,Normal,1,0.29,0.034,0.293134146901588,0.548,0.26666666666666666,0.45,0.10420521244969311,0.862159255592906
261.96507342025996,40,10478.6029368104,299,26,66,41.37881423998119,17,24,Normal,0,0.17,0.04,0.209572058736208,0.598,0.8666666666666667,0.66,0.8275762847996238,0.5239301468405199
304.73746253088007,506,154197.15604062533,322,15,32,22.632337197704523,5,13,Moderate Risk,0,0.05,0.506,3.0839431208125063,0.644,0.5,0.32,0.45264674395409044,0.6094749250617602
186.67434908567537,463,86430.22362666769,407,23,83,13.026604424094067,42,23,Moderate Risk,0,0.42,0.463,1.7286044725333538,0.814,0.7666666666666667,0.83,0.26053208848188136,0.37334869817135075
175.28622378449597,358,62752.46811484956,68,28,79,16.56737797965883,80,26,Normal,0,0.8,0.358,1.2550493622969912,0.136,0.9333333333333333,0.79,0.3313475595931766,0.350572447568992
18.12053132350644,208,3769.0705152893397,51,4,46,36.027649689765056,15,8,Normal,1,0.15,0.208,0.0753814103057868,0.102,0.13333333333333333,0.46,0.7205529937953011,0.036241062647012885
314.84106901817864,579,182292.97896152543,146,23,53,14.557020577940657,6,31,Normal,1,0.06,0.579,3.6458595792305086,0.292,0.7666666666666667,0.53,0.29114041155881315,0.6296821380363573
226.26216356342772,244,55207.96790947636,49,18,86,28.907228635214654,69,14,Normal,0,0.69,0.244,1.1041593581895273,0.098,0.6,0.86,0.5781445727042931,0.4525243271268554
185.7683870473781,747,138768.98512439145,176,23,90,6.44623598133283,22,31,Normal,1,0.22,0.747,2.775379702487829,0.352,0.7666666666666667,0.9,0.1289247196266566,0.3715367740947562
146.99225079217638,991,145669.3205350468,479,23,13,8.931547834186219,25,25,Moderate Risk,1,0.25,0.991,2.913386410700936,0.958,0.7666666666666667,0.13,0.1786309566837244,0.29398450158435274
390.6509433981639,978,382056.6226434043,331,2,19,38.11932229317495,66,-2,Moderate Risk,0,0.66,0.978,7.641132452868086,0.662,0.06666666666666667,0.19,0.762386445863499,0.7813018867963278
223.44180763969442,117,26142.691493844246,372,6,49,12.87569088460878,95,12,Moderate Risk,1,0.95,0.117,0.5228538298768849,0.744,0.2,0.49,0.2575138176921756,0.44688361527938886
457.5794252391489,417,190810.6203247251,365,8,69,14.010536164329327,82,12,Moderate Risk,1,0.82,0.417,3.816212406494502,0.73,0.26666666666666666,0.69,0.2802107232865865,0.9151588504782978
355.66764394388935,978,347842.9557771238,56,10,49,22.35484986261146,83,11,Normal,1,0.83,0.978,6.956859115542476,0.112,0.3333333333333333,0.49,0.4470969972522292,0.7113352878877787
435.2415787269924,349,151899.31097572035,85,3,94,33.449573798561275,68,0,Normal,0,0.68,0.349,3.037986219514407,0.17,0.1,0.94,0.6689914759712255,0.8704831574539847
137.6619295180034,811,111643.82483910077,169,29,46,13.543374330600727,16,32,Normal,1,0.16,0.811,2.232876496782015,0.338,0.9666666666666667,0.46,0.27086748661201454,0.2753238590360068
191.8225669816657,34,6521.967277376633,278,16,34,48.1326347373886,55,12,Normal,0,0.55,0.034,0.13043934554753267,0.556,0.5333333333333333,0.34,0.962652694747772,0.3836451339633314
420.42403819844895,985,414117.6776254722,286,20,69,33.665193225536015,5,21,Normal,1,0.05,0.985,8.282353552509443,0.572,0.6666666666666666,0.69,0.6733038645107203,0.840848076396898
429.6696958726216,768,329986.3264301734,77,30,13,28.134092620473186,20,36,Normal,1,0.2,0.768,6.599726528603468,0.154,1.0,0.13,0.5626818524094638,0.8593393917452432
145.3976530893204,330,47981.22551947574,190,20,72,32.54803313118995,53,15,Normal,0,0.53,0.33,0.9596245103895148,0.38,0.6666666666666666,0.72,0.650960662623799,0.29079530617864086
458.7883527265522,780,357854.9151267107,69,3,68,9.215029645297298,65,-1,Normal,0,0.65,0.78,7.157098302534214,0.138,0.1,0.68,0.18430059290594594,0.9175767054531044
450.9435667975573,442,199317.05652452033,116,6,29,14.400706087330764,13,5,Normal,0,0.13,0.442,3.986341130490407,0.232,0.2,0.29,0.2880141217466153,0.9018871335951146
482.1613355979834,497,239634.18379219776,74,4,21,21.200870674669208,23,9,Normal,1,0.23,0.497,4.792683675843955,0.148,0.13333333333333333,0.21,0.4240174134933842,0.9643226711959668
146.6842314813206,488,71581.90496288445,120,24,20,10.509383102444847,69,34,Normal,1,0.69,0.488,1.431638099257689,0.24,0.8,0.2,0.21018766204889694,0.29336846296264124
285.9243149890276,840,240176.4245907832,17,24,95,32.999829713536336,63,20,High Risk,0,0.63,0.84,4.803528491815664,0.034,0.8,0.95,0.6599965942707268,0.5718486299780552
160.3910163943671,186,29832.72904935228,76,19,32,8.148569787016278,43,14,Normal,0,0.43,0.186,0.5966545809870456,0.152,0.6333333333333333,0.32,0.16297139574032557,0.32078203278873424
249.0520908202702,539,134239.07695212564,458,20,93,41.660929718667674,20,28,Moderate Risk,1,0.2,0.539,2.684781539042513,0.916,0.6666666666666666,0.93,0.8332185943733534,0.4981041816405404
167.1270031444224,839,140219.5556381704,247,15,54,7.8640759378168825,2,13,Normal,0,0.02,0.839,2.804391112763408,0.494,0.5,0.54,0.15728151875633764,0.3342540062888448
357.25616308265234,229,81811.66134592738,295,8,93,37.76488765007375,56,7,Normal,0,0.56,0.229,1.6362332269185476,0.59,0.26666666666666666,0.93,0.7552977530014751,0.7145123261653047
74.48105411912523,648,48263.72306919315,294,1,33,22.58698095858916,88,9,Normal,1,0.88,0.648,0.965274461383863,0.588,0.03333333333333333,0.33,0.4517396191717832,0.14896210823825046
472.25115553694064,653,308380.00456562225,32,5,28,35.218397064262064,92,12,Normal,1,0.92,0.653,6.167600091312445,0.064,0.16666666666666666,0.28,0.7043679412852413,0.9445023110738813
114.13515556000901,221,25223.869378761992,120,13,53,32.99664431824631,0,12,Normal,0,0.0,0.221,0.5044773875752399,0.24,0.43333333333333335,0.53,0.6599328863649262,0.22827031112001803
387.6857011233841,476,184538.39373473084,214,8,23,21.263108249188825,14,4,Normal,0,0.14,0.476,3.690767874694617,0.428,0.26666666666666666,0.23,0.4252621649837765,0.7753714022467681
351.90006369492613,757,266388.3482170591,30,4,75,20.473331054063305,1,11,Normal,1,0.01,0.757,5.3277669643411825,0.06,0.13333333333333333,0.75,0.4094666210812661,0.7038001273898523
385.41110773113013,977,376546.65225331415,290,2,78,46.13081728102476,85,-1,Normal,0,0.85,0.977,7.530933045066283,0.58,0.06666666666666667,0.78,0.9226163456204952,0.7708222154622603
97.54606520226375,507,49455.85505754772,429,27,80,46.40867781759735,59,33,Moderate Risk,1,0.59,0.507,0.9891171011509544,0.858,0.9,0.8,0.928173556351947,0.1950921304045275
62.36618075219612,295,18398.023321897857,146,18,85,18.179671680361444,68,23,Normal,1,0.68,0.295,0.36796046643795716,0.292,0.6,0.85,0.3635934336072289,0.12473236150439225
229.4675966666803,660,151448.61380000898,214,21,80,23.040334957191906,13,19,Normal,0,0.13,0.66,3.0289722760001796,0.428,0.7,0.8,0.4608066991438381,0.4589351933333606
103.62856814671788,120,12435.428177606145,290,16,33,14.48767261889664,21,21,Normal,1,0.21,0.12,0.2487085635521229,0.58,0.5333333333333333,0.33,0.2897534523779328,0.20725713629343576
360.3901698566967,552,198935.37376089656,318,3,88,11.368124399480863,67,3,Moderate Risk,0,0.67,0.552,3.978707475217931,0.636,0.1,0.88,0.22736248798961725,0.7207803397133934
298.86738345912283,619,184998.91036119702,7,2,86,30.714257710523462,5,3,High Risk,1,0.05,0.619,3.6999782072239404,0.014,0.06666666666666667,0.86,0.6142851542104693,0.5977347669182457
250.77198798362105,813,203877.6262306839,133,20,56,7.202250760742688,71,28,Normal,1,0.71,0.813,4.077552524613678,0.266,0.6666666666666666,0.56,0.14404501521485374,0.5015439759672421
407.5599276051371,565,230271.35909690245,95,20,78,6.643444760438945,48,27,Normal,1,0.48,0.565,4.605427181938049,0.19,0.6666666666666666,0.78,0.1328688952087789,0.8151198552102742
499.03138447644415,487,243028.2842400283,52,1,82,10.963332967653969,81,8,Normal,1,0.81,0.487,4.860565684800566,0.104,0.03333333333333333,0.82,0.21926665935307937,0.9980627689528883
173.87648659440504,319,55466.59922361521,283,24,35,5.790926245928726,90,30,Normal,1,0.9,0.319,1.1093319844723042,0.566,0.8,0.35,0.11581852491857453,0.3477529731888101
431.5456589069725,518,223540.65131381174,401,29,67,27.17334266519486,35,25,Moderate Risk,0,0.35,0.518,4.470813026276235,0.802,0.9666666666666667,0.67,0.5434668533038972,0.863091317813945
371.9847211034646,313,116431.21770538442,51,5,23,10.673389798295661,96,8,Normal,1,0.96,0.313,2.3286243541076885,0.102,0.16666666666666666,0.23,0.21346779596591323,0.7439694422069292
298.3094487766356,476,141995.29761767853,96,2,95,39.75948608042523,18,8,Normal,1,0.18,0.476,2.8399059523535706,0.192,0.06666666666666667,0.95,0.7951897216085047,0.5966188975532711
196.26835226740394,246,48282.01465778137,395,11,78,20.82695445030101,81,20,Moderate Risk,1,0.81,0.246,0.9656402931556275,0.79,0.36666666666666664,0.78,0.4165390890060202,0.3925367045348079
44.94819468980071,186,8360.364212302931,258,8,74,13.542770485814714,36,17,Normal,1,0.36,0.186,0.16720728424605863,0.516,0.26666666666666666,0.74,0.2708554097162943,0.08989638937960141
313.80031157388225,880,276144.2741850164,391,22,64,37.03118328484071,99,21,Moderate Risk,0,0.99,0.88,5.522885483700328,0.782,0.7333333333333333,0.64,0.7406236656968141,0.6276006231477645
448.4996727987486,494,221558.8383625818,270,11,24,38.068145923041826,15,16,Normal,1,0.15,0.494,4.431176767251636,0.54,0.36666666666666664,0.24,0.7613629184608365,0.8969993455974972
122.67702847528261,949,116420.5000230432,455,20,24,37.021250841853124,84,15,Moderate Risk,0,0.84,0.949,2.328410000460864,0.91,0.6666666666666666,0.24,0.7404250168370625,0.24535405695056522
76.89976458302658,588,45217.06157481963,416,11,55,13.073477887749252,42,15,Moderate Risk,1,0.42,0.588,0.9043412314963926,0.832,0.36666666666666664,0.55,0.26146955775498504,0.15379952916605316
380.88672522190467,581,221295.18735392662,438,20,31,7.441462894552603,18,19,Moderate Risk,0,0.18,0.581,4.425903747078532,0.876,0.6666666666666666,0.31,0.14882925789105206,0.7617734504438093
415.7293635383719,373,155067.0525998127,413,28,45,7.579960841575897,19,31,Moderate Risk,1,0.19,0.373,3.101341051996254,0.826,0.9333333333333333,0.45,0.15159921683151795,0.8314587270767438
69.53810751497609,262,18218.984168923736,493,1,31,6.013201577856204,86,4,Moderate Risk,1,0.86,0.262,0.3643796833784747,0.986,0.03333333333333333,0.31,0.12026403155712409,0.13907621502995218
38.224520660747594,807,30847.18817322331,22,1,38,24.888042954728395,17,10,Normal,1,0.17,0.807,0.6169437634644662,0.044,0.03333333333333333,0.38,0.4977608590945679,0.07644904132149519
252.44348247769452,196,49478.92256562813,26,19,69,46.02025293851965,51,17,Normal,0,0.51,0.196,0.9895784513125625,0.052,0.6333333333333333,0.69,0.9204050587703929,0.504886964955389
170.52505847667064,449,76565.75125602512,490,9,27,16.009190230923323,54,12,Moderate Risk,1,0.54,0.449,1.5313150251205023,0.98,0.3,0.27,0.32018380461846646,0.34105011695334125
87.27147085556865,294,25657.812431537182,328,27,16,31.854222228292844,63,28,Moderate Risk,1,0.63,0.294,0.5131562486307436,0.656,0.9,0.16,0.6370844445658569,0.1745429417111373
473.8787356616608,816,386685.0482999152,99,24,10,23.269882653139426,59,23,Normal,0,0.59,0.816,7.733700965998304,0.198,0.8,0.1,0.4653976530627885,0.9477574713233217
466.4303717724735,807,376409.3100203861,109,25,71,24.01645668095186,98,22,Normal,0,0.98,0.807,7.528186200407722,0.218,0.8333333333333334,0.71,0.4803291336190372,0.932860743544947
91.79463303982922,261,23958.399223395427,467,10,68,39.866683575285236,4,10,Moderate Risk,0,0.04,0.261,0.47916798446790854,0.934,0.3333333333333333,0.68,0.7973336715057048,0.18358926607965845
363.01084808747726,862,312915.3510514054,331,2,79,18.789037166535678,49,-2,Moderate Risk,0,0.49,0.862,6.258307021028108,0.662,0.06666666666666667,0.79,0.37578074333071354,0.7260216961749545
159.17756680058062,324,51573.53164338812,249,25,68,25.236090263982433,99,24,Normal,0,0.99,0.324,1.0314706328677625,0.498,0.8333333333333334,0.68,0.5047218052796487,0.31835513360116124
98.92696109215673,968,95761.29833720771,183,30,82,32.34096870919967,22,28,Normal,0,0.22,0.968,1.9152259667441542,0.366,1.0,0.82,0.6468193741839934,0.19785392218431347
384.94725798788824,459,176690.7914164407,386,15,26,40.7816261335943,14,23,Moderate Risk,1,0.14,0.459,3.533815828328814,0.772,0.5,0.26,0.815632522671886,0.7698945159757765
451.8025670355304,584,263852.69914874976,99,21,77,16.190031981958118,51,27,Normal,1,0.51,0.584,5.277053982974995,0.198,0.7,0.77,0.32380063963916234,0.9036051340710608
340.2987634540206,949,322943.52651786554,233,6,91,49.72248108704899,53,10,Normal,1,0.53,0.949,6.458870530357311,0.466,0.2,0.91,0.9944496217409798,0.6805975269080412
99.54702382857622,575,57239.538701431324,106,30,30,35.02666319875027,84,28,Normal,0,0.84,0.575,1.1447907740286265,0.212,1.0,0.3,0.7005332639750054,0.19909404765715244
438.9726203818724,309,135642.53969799858,377,2,54,8.568539755135916,47,-3,Moderate Risk,0,0.47,0.309,2.7128507939599715,0.754,0.06666666666666667,0.54,0.17137079510271833,0.8779452407637448
431.29265117110464,963,415334.8230777738,105,19,34,32.36285033131859,37,28,Normal,1,0.37,0.963,8.306696461555475,0.21,0.6333333333333333,0.34,0.6472570066263718,0.8625853023422093
33.25269984731939,544,18089.46871694175,472,15,78,32.75041350067817,28,13,Moderate Risk,0,0.28,0.544,0.36178937433883496,0.944,0.5,0.78,0.6550082700135634,0.06650539969463878
216.12980584477276,61,13183.91815653114,74,28,57,25.147105220559414,54,28,Normal,0,0.54,0.061,0.26367836313062276,0.148,0.9333333333333333,0.57,0.5029421044111883,0.4322596116895455
422.7898092551512,863,364867.60538719554,39,9,69,5.643963113687668,42,14,Normal,1,0.42,0.863,7.297352107743911,0.078,0.3,0.69,0.11287926227375335,0.8455796185103025
384.70823797236255,370,142342.04804977414,101,25,50,43.545198548866104,7,25,Normal,0,0.07,0.37,2.8468409609954826,0.202,0.8333333333333334,0.5,0.8709039709773221,0.7694164759447251
183.33108780142334,680,124665.13970496786,409,23,89,40.13990691250276,90,24,Moderate Risk,1,0.9,0.68,2.4933027940993573,0.818,0.7666666666666667,0.89,0.8027981382500552,0.3666621756028467
476.011354214672,878,417937.969000482,366,1,39,20.535204639322732,92,4,Moderate Risk,1,0.92,0.878,8.35875938000964,0.732,0.03333333333333333,0.39,0.41070409278645464,0.952022708429344
365.4334976135753,785,286865.2956266566,392,8,83,49.43173182669001,89,18,Moderate Risk,1,0.89,0.785,5.737305912533133,0.784,0.26666666666666666,0.83,0.9886346365338002,0.7308669952271506
465.2718234454785,662,308009.9471209068,172,22,98,47.71568421594417,49,25,Normal,1,0.49,0.662,6.160198942418136,0.344,0.7333333333333333,0.98,0.9543136843188834,0.930543646890957
446.81520744377485,52,23234.390787076292,451,1,22,9.738488622977048,7,-3,Moderate Risk,0,0.07,0.052,0.46468781574152584,0.902,0.03333333333333333,0.22,0.19476977245954097,0.8936304148875497
414.13597561023676,917,379762.6896345871,286,11,82,5.230430177214328,54,7,Normal,0,0.54,0.917,7.595253792691742,0.572,0.36666666666666664,0.82,0.10460860354428655,0.8282719512204735
347.74028587533945,587,204123.54780882425,370,22,99,35.424074277970234,15,20,Moderate Risk,0,0.15,0.587,4.082470956176485,0.74,0.7333333333333333,0.99,0.7084814855594047,0.6954805717506789
173.84545551710244,942,163762.41909711048,432,10,83,33.43957042531817,93,9,Moderate Risk,0,0.93,0.942,3.27524838194221,0.864,0.3333333333333333,0.83,0.6687914085063634,0.34769091103420485
409.6704575820393,255,104465.96668342003,68,20,67,48.2466814988984,67,27,Normal,1,0.67,0.255,2.0893193336684006,0.136,0.6666666666666666,0.67,0.9649336299779679,0.8193409151640786
402.33419349000496,329,132367.94965821164,198,10,65,9.288034876616305,28,10,Normal,0,0.28,0.329,2.6473589931642327,0.396,0.3333333333333333,0.65,0.1857606975323261,0.80466838698001
109.15599140832177,696,75972.57002019195,311,13,84,31.93833489822882,63,9,Moderate Risk,0,0.63,0.696,1.519451400403839,0.622,0.43333333333333335,0.84,0.6387666979645764,0.21831198281664355
467.9062722680462,300,140371.88168041388,229,13,54,8.588467358253887,95,16,Normal,1,0.95,0.3,2.8074376336082776,0.458,0.43333333333333335,0.54,0.17176934716507775,0.9358125445360924
272.19952019982964,432,117590.19272632641,140,13,39,13.120626892932219,95,13,Normal,0,0.95,0.432,2.351803854526528,0.28,0.43333333333333335,0.39,0.2624125378586444,0.5443990403996593
363.0332848707312,781,283528.9954840411,334,2,53,23.485371057573612,96,-3,Moderate Risk,0,0.96,0.781,5.670579909680822,0.668,0.06666666666666667,0.53,0.46970742115147224,0.7260665697414624
286.92442656612866,988,283481.3334473351,163,17,98,47.31352527130333,82,17,Normal,0,0.82,0.988,5.6696266689467025,0.326,0.5666666666666667,0.98,0.9462705054260665,0.5738488531322573
159.48743087095718,365,58212.91226789937,276,12,20,15.57059850943807,36,22,Normal,1,0.36,0.365,1.1642582453579875,0.552,0.4,0.2,0.31141197018876143,0.31897486174191436
454.64581814567293,465,211410.3054377379,95,28,49,15.107388655572441,21,30,Normal,1,0.21,0.465,4.228206108754758,0.19,0.9333333333333333,0.49,0.3021477731114488,0.9092916362913459
266.35487646365993,555,147826.95643733128,405,10,18,33.60017107066754,22,9,Moderate Risk,0,0.22,0.555,2.9565391287466256,0.81,0.3333333333333333,0.18,0.6720034214133509,0.5327097529273199
233.885159020051,855,199971.8109621436,171,30,74,46.68573288608225,39,33,Normal,1,0.39,0.855,3.9994362192428716,0.342,1.0,0.74,0.933714657721645,0.467770318040102
373.2343926543181,704,262757.01242864,74,8,16,16.057452798918725,27,10,Normal,1,0.27,0.704,5.2551402485728,0.148,0.26666666666666666,0.16,0.3211490559783745,0.7464687853086363
484.22061781921565,816,395124.02414048,304,17,71,8.612644618641937,81,25,Moderate Risk,1,0.81,0.816,7.902480482809599,0.608,0.5666666666666667,0.71,0.17225289237283875,0.9684412356384313
457.6198717209467,699,319876.29033294175,216,20,14,8.235538464316654,66,15,Normal,0,0.66,0.699,6.397525806658835,0.432,0.6666666666666666,0.14,0.1647107692863331,0.9152397434418934
485.51332990205657,563,273344.0047348578,324,16,36,35.89301332822342,74,17,Moderate Risk,1,0.74,0.563,5.4668800946971565,0.648,0.5333333333333333,0.36,0.7178602665644683,0.9710266598041132
79.85658248333318,499,39848.43465918326,68,14,61,36.46631976369365,18,11,Normal,0,0.18,0.499,0.7969686931836651,0.136,0.4666666666666667,0.61,0.729326395273873,0.15971316496666638
112.2418416128072,553,62069.73841188238,479,4,10,27.381718613002008,58,11,Moderate Risk,1,0.58,0.553,1.2413947682376476,0.958,0.13333333333333333,0.1,0.5476343722600402,0.2244836832256144
444.2765927986819,78,34653.57423829719,408,22,69,31.416981423621433,28,21,Moderate Risk,0,0.28,0.078,0.6930714847659437,0.816,0.7333333333333333,0.69,0.6283396284724286,0.8885531855973638
82.7162008920255,756,62533.447874371275,171,25,49,17.32064927079533,2,32,Normal,1,0.02,0.756,1.2506689574874255,0.342,0.8333333333333334,0.49,0.3464129854159066,0.165432401784051
143.8848303195939,729,104892.04130298395,134,4,92,40.00879728299222,47,7,Normal,1,0.47,0.729,2.097840826059679,0.268,0.13333333333333333,0.92,0.8001759456598444,0.2877696606391878
338.2629555677496,8,2706.103644541997,39,19,47,39.15880764115329,79,19,Normal,0,0.79,0.008,0.05412207289083994,0.078,0.6333333333333333,0.47,0.7831761528230657,0.6765259111354992
475.83513695386523,443,210794.9656705623,287,8,46,28.301249805367274,16,8,Normal,0,0.16,0.443,4.215899313411246,0.574,0.26666666666666666,0.46,0.5660249961073455,0.9516702739077305
176.46661656633032,486,85762.77565123653,162,3,80,34.4756898810248,15,1,Normal,0,0.15,0.486,1.7152555130247307,0.324,0.1,0.8,0.689513797620496,0.3529332331326606
47.69082334113838,273,13019.594772130778,124,7,61,13.316479856267874,21,14,Normal,1,0.21,0.273,0.2603918954426156,0.248,0.23333333333333334,0.61,0.2663295971253575,0.09538164668227676
139.38802248562178,551,76802.80038957759,115,28,52,17.98788602627188,31,28,Normal,0,0.31,0.551,1.5360560077915517,0.23,0.9333333333333333,0.52,0.3597577205254376,0.27877604497124353
267.3490052644813,605,161746.1481850112,484,29,39,40.35011803425249,26,34,Moderate Risk,1,0.26,0.605,3.234922963700224,0.968,0.9666666666666667,0.39,0.8070023606850498,0.5346980105289626
491.1638088867657,730,358549.58048733894,350,14,65,8.579657805453483,10,10,Moderate Risk,0,0.1,0.73,7.170991609746779,0.7,0.4666666666666667,0.65,0.17159315610906967,0.9823276177735314
17.664075003074718,702,12400.180652158451,109,10,87,19.65977869646402,62,8,Normal,0,0.62,0.702,0.24800361304316904,0.218,0.3333333333333333,0.87,0.3931955739292804,0.03532815000614944
32.31012741594708,127,4103.386181825279,478,26,45,44.60654304656928,37,27,Moderate Risk,1,0.37,0.127,0.08206772363650558,0.956,0.8666666666666667,0.45,0.8921308609313856,0.06462025483189415
373.3147718291804,256,95568.58158827019,105,27,59,9.142015050584376,26,36,Normal,1,0.26,0.256,1.9113716317654037,0.21,0.9,0.59,0.18284030101168752,0.7466295436583609
335.12123986662505,737,246984.35378170267,483,22,89,42.81751669502121,31,18,Moderate Risk,0,0.31,0.737,4.939687075634053,0.966,0.7333333333333333,0.89,0.8563503339004243,0.6702424797332501
30.07705682888289,155,4661.943808476848,10,21,18,39.71846204313444,24,26,High Risk,1,0.24,0.155,0.09323887616953697,0.02,0.7,0.18,0.7943692408626888,0.060154113657765775
290.812295256841,647,188155.55503117613,269,6,64,34.36611998791894,69,1,Normal,0,0.69,0.647,3.7631111006235227,0.538,0.2,0.64,0.6873223997583788,0.5816245905136821
135.15419677899877,288,38924.408672351645,332,30,18,28.108755038508072,91,37,Moderate Risk,1,0.91,0.288,0.7784881734470329,0.664,1.0,0.18,0.5621751007701614,0.2703083935579975
248.13445779510732,197,48882.488185636146,7,11,91,9.578846923462681,46,18,High Risk,1,0.46,0.197,0.9776497637127229,0.014,0.36666666666666664,0.91,0.1915769384692536,0.49626891559021463
424.9393903096062,921,391369.17847514735,123,13,85,29.578793507673552,47,12,Normal,0,0.47,0.921,7.827383569502947,0.246,0.43333333333333335,0.85,0.591575870153471,0.8498787806192124
411.5147383344132,324,133330.77522034987,252,11,48,21.100899566587046,69,16,Normal,1,0.69,0.324,2.6666155044069972,0.504,0.36666666666666664,0.48,0.4220179913317409,0.8230294766688264
121.4268669432301,72,8742.734419912567,381,1,92,12.71872618025549,61,-3,Moderate Risk,0,0.61,0.072,0.17485468839825136,0.762,0.03333333333333333,0.92,0.2543745236051098,0.2428537338864602
74.93962303659562,738,55305.44180100757,358,13,19,18.79219650813169,53,8,Moderate Risk,0,0.53,0.738,1.1061088360201514,0.716,0.43333333333333335,0.19,0.3758439301626338,0.14987924607319125
202.38484641186184,728,147336.16818783543,294,6,68,46.16359295831845,37,7,Normal,1,0.37,0.728,2.9467233637567087,0.588,0.2,0.68,0.9232718591663691,0.4047696928237237
306.84789029645583,969,297335.6056972657,406,26,25,45.990082955570486,84,35,Moderate Risk,1,0.84,0.969,5.946712113945314,0.812,0.8666666666666667,0.25,0.9198016591114098,0.6136957805929116
385.43590311078077,281,108307.4887741294,26,19,45,29.82072349016784,57,27,Normal,1,0.57,0.281,2.166149775482588,0.052,0.6333333333333333,0.45,0.5964144698033568,0.7708718062215616
419.9957104479996,803,337256.5554897437,366,16,67,46.354743218469146,17,26,Moderate Risk,1,0.17,0.803,6.745131109794874,0.732,0.5333333333333333,0.67,0.9270948643693829,0.8399914208959992
495.16902338267005,839,415446.8106180602,90,23,42,48.64070485022969,75,33,Normal,1,0.75,0.839,8.308936212361203,0.18,0.7666666666666667,0.42,0.9728140970045938,0.9903380467653401
25.391693924879984,115,2920.044801361198,275,12,71,15.286924283210173,60,10,Normal,0,0.6,0.115,0.05840089602722396,0.55,0.4,0.71,0.3057384856642035,0.05078338784975997
55.59939895171872,359,19960.18422366702,182,27,71,34.44663244295935,20,36,Normal,1,0.2,0.359,0.3992036844733404,0.364,0.9,0.71,0.6889326488591869,0.11119879790343744
385.76193701596077,902,347957.2671883966,217,7,39,5.198844054589535,80,15,Normal,1,0.8,0.902,6.959145343767932,0.434,0.23333333333333334,0.39,0.1039768810917907,0.7715238740319216
316.6689545750491,937,296718.810436821,137,24,13,22.303714748029048,5,25,Normal,1,0.05,0.937,5.9343762087364205,0.274,0.8,0.13,0.44607429496058093,0.6333379091500982
460.1172402094512,584,268708.4682823195,79,14,45,16.697193638661197,63,13,Normal,0,0.63,0.584,5.37416936564639,0.158,0.4666666666666667,0.45,0.33394387277322396,0.9202344804189024
206.88618429246313,464,95995.18951170289,432,25,12,11.48505972336098,68,22,Moderate Risk,0,0.68,0.464,1.9199037902340579,0.864,0.8333333333333334,0.12,0.2297011944672196,0.4137723685849263
165.9648583372688,776,128788.73006972058,70,7,89,45.25723875354328,64,4,Normal,0,0.64,0.776,2.5757746013944116,0.14,0.23333333333333334,0.89,0.9051447750708655,0.3319297166745376
343.32642726531657,35,12016.42495428608,36,20,12,15.82325335102956,65,26,Normal,1,0.65,0.035,0.2403284990857216,0.072,0.6666666666666666,0.12,0.3164650670205912,0.6866528545306332
406.7042334238366,188,76460.39588368128,63,4,83,46.4255035677859,39,3,Normal,0,0.39,0.188,1.5292079176736257,0.126,0.13333333333333333,0.83,0.9285100713557181,0.8134084668476732
257.5303464427385,888,228686.94764115178,150,11,78,26.053449884416178,86,10,Normal,0,0.86,0.888,4.573738952823035,0.3,0.36666666666666664,0.78,0.5210689976883236,0.515060692885477
102.3214056635528,643,65792.66384166444,138,13,95,32.38863130100188,58,14,Normal,1,0.58,0.643,1.315853276833289,0.276,0.43333333333333335,0.95,0.6477726260200376,0.2046428113271056
199.59095968420533,827,165061.72365883781,38,11,16,17.337426504256555,44,13,Normal,1,0.44,0.827,3.3012344731767564,0.076,0.36666666666666664,0.16,0.3467485300851311,0.3991819193684107
300.3187061195089,296,88894.33701137462,127,28,68,29.649600739710472,48,31,Normal,1,0.48,0.296,1.7778867402274925,0.254,0.9333333333333333,0.68,0.5929920147942095,0.6006374122390178
184.21772283368918,176,32422.319218729295,220,29,47,14.161780959244421,61,34,Normal,1,0.61,0.176,0.6484463843745859,0.44,0.9666666666666667,0.47,0.28323561918488843,0.36843544566737835
274.0581504304816,368,100853.39935841723,362,1,66,27.35719564289905,51,5,Moderate Risk,1,0.51,0.368,2.0170679871683443,0.724,0.03333333333333333,0.66,0.547143912857981,0.5481163008609632
120.87765619881965,412,49801.59435391369,7,19,78,17.17136368090054,73,25,High Risk,1,0.73,0.412,0.9960318870782738,0.014,0.6333333333333333,0.78,0.34342727361801084,0.2417553123976393
405.93020187941755,255,103512.20147925148,211,2,41,16.473600243231388,41,2,Normal,0,0.41,0.255,2.0702440295850297,0.422,0.06666666666666667,0.41,0.32947200486462774,0.8118604037588351
94.54403318518978,132,12479.81238044505,5,23,90,48.39113097008047,87,31,High Risk,1,0.87,0.132,0.249596247608901,0.01,0.7666666666666667,0.9,0.9678226194016094,0.18908806637037956
149.55868669336357,455,68049.20244548042,225,24,89,26.86221278724578,37,28,Normal,1,0.37,0.455,1.3609840489096083,0.45,0.8,0.89,0.5372442557449156,0.2991173733867271
360.39291110492456,376,135507.73457545164,113,20,11,47.42667517821489,31,29,Normal,1,0.31,0.376,2.710154691509033,0.226,0.6666666666666666,0.11,0.9485335035642979,0.7207858222098491
275.57140806561165,259,71372.99468899342,381,6,92,13.66475174275487,51,2,Moderate Risk,0,0.51,0.259,1.4274598937798684,0.762,0.2,0.92,0.2732950348550974,0.5511428161312233
466.1887506603852,633,295097.47916802386,481,2,79,10.402207377598735,67,2,Moderate Risk,0,0.67,0.633,5.901949583360477,0.962,0.06666666666666667,0.79,0.2080441475519747,0.9323775013207705
486.5817697697794,400,194632.70790791174,220,22,31,13.604433359844606,1,31,Normal,1,0.01,0.4,3.892654158158235,0.44,0.7333333333333333,0.31,0.2720886671968921,0.9731635395395588
88.174030512826,143,12608.886363334117,159,26,15,10.63036497553701,92,27,Normal,1,0.92,0.143,0.25217772726668236,0.318,0.8666666666666667,0.15,0.2126072995107402,0.17634806102565198
199.64027515554818,35,6987.409630444186,7,26,28,7.224933383969426,96,27,High Risk,1,0.96,0.035,0.13974819260888371,0.014,0.8666666666666667,0.28,0.14449866767938851,0.3992805503110964
370.42602202247485,177,65565.40589797805,98,28,25,7.006734702835202,19,31,Normal,1,0.19,0.177,1.3113081179595611,0.196,0.9333333333333333,0.25,0.14013469405670403,0.7408520440449498
116.0452403531699,150,17406.786052975483,438,20,41,11.551051732977477,65,29,Moderate Risk,1,0.65,0.15,0.3481357210595097,0.876,0.6666666666666666,0.41,0.23102103465954954,0.2320904807063398
380.64769279180996,685,260743.6695623898,61,16,61,47.775664011754,83,19,Normal,1,0.83,0.685,5.214873391247796,0.122,0.5333333333333333,0.61,0.9555132802350801,0.7612953855836199
366.88463612439335,42,15409.154717224521,478,7,36,10.632440134195836,11,8,Moderate Risk,1,0.11,0.042,0.3081830943444904,0.956,0.23333333333333334,0.36,0.21264880268391673,0.7337692722487867
241.13474065485264,889,214368.784442164,78,10,32,6.133875045396021,73,18,Normal,1,0.73,0.889,4.28737568884328,0.156,0.3333333333333333,0.32,0.12267750090792041,0.48226948130970526
151.6880183842634,998,151384.64234749487,453,29,95,20.035107871491334,11,27,Moderate Risk,0,0.11,0.998,3.0276928469498974,0.906,0.9666666666666667,0.95,0.4007021574298267,0.30337603676852676
353.4392119889025,594,209942.8919214081,188,8,66,12.176200655342921,81,10,Normal,1,0.81,0.594,4.198857838428162,0.376,0.26666666666666666,0.66,0.24352401310685842,0.706878423977805
215.01327181165865,792,170290.51127483367,399,30,82,12.451584111279496,42,29,Moderate Risk,0,0.42,0.792,3.4058102254966736,0.798,1.0,0.82,0.2490316822255899,0.4300265436233173
469.7851357637106,750,352338.85182278295,99,15,45,17.37032522246002,46,18,Normal,1,0.46,0.75,7.046777036455659,0.198,0.5,0.45,0.3474065044492004,0.9395702715274212
263.7805843835354,625,164862.86523970964,327,12,71,25.543451009481206,85,21,Moderate Risk,1,0.85,0.625,3.297257304794193,0.654,0.4,0.71,0.5108690201896241,0.5275611687670708
291.95727192854224,896,261593.71564797385,327,20,68,10.907747652709716,19,28,Moderate Risk,1,0.19,0.896,5.231874312959477,0.654,0.6666666666666666,0.68,0.21815495305419433,0.5839145438570845
113.60015214265991,407,46235.261922062586,165,10,80,10.786117364697596,44,16,Normal,1,0.44,0.407,0.9247052384412517,0.33,0.3333333333333333,0.8,0.2157223472939519,0.22720030428531982
220.26367930208988,391,86123.09860711715,452,21,91,34.7953277221057,92,16,Moderate Risk,0,0.92,0.391,1.722461972142343,0.904,0.7,0.91,0.6959065544421139,0.44052735860417974
138.6600343792669,440,61010.41512687744,76,20,28,27.321812107021735,26,26,Normal,1,0.26,0.44,1.2202083025375488,0.152,0.6666666666666666,0.28,0.5464362421404347,0.2773200687585338
231.8816338493281,735,170433.00087925614,238,14,41,42.47506542242666,69,15,Normal,1,0.69,0.735,3.408660017585123,0.476,0.4666666666666667,0.41,0.8495013084485332,0.46376326769865617
477.24704091555606,837,399455.77324632043,128,25,84,13.034844129625304,57,31,Normal,1,0.57,0.837,7.9891154649264084,0.256,0.8333333333333334,0.84,0.26069688259250606,0.9544940818311121
214.09563586777725,940,201249.8977157106,488,17,18,26.08988053497145,38,14,Moderate Risk,0,0.38,0.94,4.024997954314212,0.976,0.5666666666666667,0.18,0.521797610699429,0.4281912717355545
307.7415361119084,135,41545.10737510763,163,11,14,33.668538971034614,47,8,Normal,0,0.47,0.135,0.8309021475021526,0.326,0.36666666666666664,0.14,0.6733707794206922,0.6154830722238167
175.63159322794675,729,128035.43146317318,298,11,41,18.16842398450114,13,15,Normal,1,0.13,0.729,2.5607086292634635,0.596,0.36666666666666664,0.41,0.3633684796900228,0.3512631864558935
198.6924365722879,335,66561.96625171645,159,16,98,48.75023952142161,26,23,Normal,1,0.26,0.335,1.331239325034329,0.318,0.5333333333333333,0.98,0.9750047904284322,0.3973848731445758
343.41602818053724,694,238330.72355729283,19,21,93,38.24336030436218,24,26,High Risk,1,0.24,0.694,4.766614471145856,0.038,0.7,0.93,0.7648672060872436,0.6868320563610745
125.26668445368642,904,113241.08274613252,94,1,31,18.695525179362964,2,-4,Normal,0,0.02,0.904,2.2648216549226503,0.188,0.03333333333333333,0.31,0.37391050358725925,0.2505333689073728
59.987659562432995,228,13677.186380234723,214,27,86,33.00250085036781,93,25,Normal,0,0.93,0.228,0.2735437276046945,0.428,0.9,0.86,0.6600500170073562,0.11997531912486599
277.61623380269,818,227090.0792506004,425,21,52,45.135608745141,37,25,Moderate Risk,1,0.37,0.818,4.541801585012008,0.85,0.7,0.52,0.90271217490282,0.5552324676053799
250.6674693136495,762,191008.61161700092,344,6,52,40.054785370082655,82,11,Moderate Risk,1,0.82,0.762,3.8201722323400182,0.688,0.2,0.52,0.8010957074016531,0.5013349386272989
290.5409678826244,851,247250.36366811336,22,15,14,8.3452375600229,54,15,Normal,0,0.54,0.851,4.945007273362267,0.044,0.5,0.14,0.166904751200458,0.5810819357652488
141.93773668589165,925,131292.40643444977,216,30,23,38.7918955197208,100,39,Normal,1,1.0,0.925,2.6258481286889954,0.432,1.0,0.23,0.7758379103944161,0.2838754733717833
202.1403565452181,922,186373.4087346911,285,1,48,41.90786823974016,30,7,Normal,1,0.3,0.922,3.727468174693822,0.57,0.03333333333333333,0.48,0.8381573647948032,0.40428071309043623
125.16599596738452,214,26785.523137020286,309,24,71,13.960279127820847,83,32,Moderate Risk,1,0.83,0.214,0.5357104627404057,0.618,0.8,0.71,0.2792055825564169,0.250331991934769
100.23883588437883,815,81694.65124576875,31,5,89,31.83477614699538,53,3,Normal,0,0.53,0.815,1.633893024915375,0.062,0.16666666666666666,0.89,0.6366955229399076,0.20047767176875766
199.5561068631645,325,64855.734730528464,90,27,44,23.00792546688031,25,22,Normal,0,0.25,0.325,1.2971146946105694,0.18,0.9,0.44,0.46015850933760616,0.399112213726329
386.77022620755537,891,344612.27155093185,52,29,35,29.361861020797342,60,29,Normal,0,0.6,0.891,6.892245431018637,0.104,0.9666666666666667,0.35,0.5872372204159468,0.7735404524151107
391.8767787759084,187,73280.95763109488,399,30,31,8.09874201849977,60,36,Moderate Risk,1,0.6,0.187,1.4656191526218976,0.798,1.0,0.31,0.1619748403699954,0.7837535575518169
439.1757050469679,717,314888.980518676,21,30,95,20.039266781394822,14,34,Normal,1,0.14,0.717,6.29777961037352,0.042,1.0,0.95,0.4007853356278964,0.8783514100939358
454.5425695750542,417,189544.2515127976,80,2,47,40.39022024436933,89,8,Normal,1,0.89,0.417,3.7908850302559522,0.16,0.06666666666666667,0.47,0.8078044048873866,0.9090851391501084
416.19133808582205,377,156904.1344583549,80,23,75,11.487916928750614,19,22,Normal,0,0.19,0.377,3.1380826891670983,0.16,0.7666666666666667,0.75,0.2297583385750123,0.8323826761716441
331.02851807395234,322,106591.18281981266,325,10,39,34.16529939883294,53,13,Moderate Risk,1,0.53,0.322,2.131823656396253,0.65,0.3333333333333333,0.39,0.6833059879766589,0.6620570361479047
50.23829795061462,348,17482.927686813888,430,24,31,37.68312522467591,60,32,Moderate Risk,1,0.6,0.348,0.34965855373627774,0.86,0.8,0.31,0.7536625044935182,0.10047659590122925
137.65699986025717,186,25604.201974007836,308,14,21,41.84780772965943,37,12,Moderate Risk,0,0.37,0.186,0.5120840394801567,0.616,0.4666666666666667,0.21,0.8369561545931886,0.27531399972051435
58.19115178780631,601,34972.88222447159,457,27,63,19.441390537721734,64,23,Moderate Risk,0,0.64,0.601,0.6994576444894318,0.914,0.9,0.63,0.3888278107544347,0.11638230357561262
270.5938571056014,649,175615.4132615353,53,28,49,22.22268367218941,81,34,Normal,1,0.81,0.649,3.512308265230706,0.106,0.9333333333333333,0.49,0.4444536734437882,0.5411877142112028
98.2417349883709,639,62776.468657569,139,2,52,46.17028247106825,89,11,Normal,1,0.89,0.639,1.25552937315138,0.278,0.06666666666666667,0.52,0.9234056494213649,0.1964834699767418
108.97944377893714,180,19616.299880208684,167,19,44,38.69062696865026,35,28,Normal,1,0.35,0.18,0.3923259976041737,0.334,0.6333333333333333,0.44,0.7738125393730051,0.21795888755787426
177.25101114282342,624,110604.63095312181,439,23,33,12.484383867250585,58,18,Moderate Risk,0,0.58,0.624,2.212092619062436,0.878,0.7666666666666667,0.33,0.2496876773450117,0.3545020222856468
232.9308259777909,42,9783.094691067217,325,23,94,24.237870893719087,87,24,Moderate Risk,1,0.87,0.042,0.19566189382134436,0.65,0.7666666666666667,0.94,0.48475741787438176,0.4658616519555818
399.77939420078167,253,101144.18673279777,409,2,76,30.669879699056217,57,0,Moderate Risk,0,0.57,0.253,2.0228837346559554,0.818,0.06666666666666667,0.76,0.6133975939811244,0.7995587884015634
168.18916605537416,11,1850.0808266091158,456,4,23,46.36444879374649,58,8,Moderate Risk,1,0.58,0.011,0.03700161653218231,0.912,0.13333333333333333,0.23,0.9272889758749298,0.3363783321107483
157.03972770860034,757,118879.07387541045,171,16,33,10.309464900259313,8,18,Normal,1,0.08,0.757,2.377581477508209,0.342,0.5333333333333333,0.33,0.20618929800518626,0.31407945541720067
150.59854893676075,96,14457.460697929033,311,9,95,28.33539906148979,97,8,Moderate Risk,0,0.97,0.096,0.2891492139585807,0.622,0.3,0.95,0.5667079812297958,0.3011970978735215
52.33088545851644,742,38829.5170102192,493,17,75,39.204333406070845,67,15,Moderate Risk,0,0.67,0.742,0.776590340204384,0.986,0.5666666666666667,0.75,0.7840866681214169,0.10466177091703288
118.37818781030467,474,56111.261022084414,434,16,50,13.055389525015094,80,22,Moderate Risk,1,0.8,0.474,1.1222252204416883,0.868,0.5333333333333333,0.5,0.26110779050030186,0.23675637562060933
329.42756491770075,205,67532.65080812866,413,5,77,46.072663626189915,69,13,Moderate Risk,1,0.69,0.205,1.3506530161625732,0.826,0.16666666666666666,0.77,0.9214532725237983,0.6588551298354015
304.49757140245,290,88304.29570671049,473,1,55,15.567265339928516,41,8,Moderate Risk,1,0.41,0.29,1.7660859141342098,0.946,0.03333333333333333,0.55,0.3113453067985703,0.6089951428049
497.7079441554888,295,146823.8435258692,356,23,77,40.23256217763845,47,20,Moderate Risk,0,0.47,0.295,2.936476870517384,0.712,0.7666666666666667,0.77,0.804651243552769,0.9954158883109776
104.3581698175679,817,85260.62474095298,271,9,84,27.272606450024554,75,10,Normal,1,0.75,0.817,1.7052124948190595,0.542,0.3,0.84,0.5454521290004911,0.2087163396351358
409.0381601053706,298,121893.37171140044,26,23,67,43.38885264614903,51,25,Normal,1,0.51,0.298,2.437867434228009,0.052,0.7666666666666667,0.67,0.8677770529229807,0.8180763202107412
300.4760027428645,122,36658.07233462947,337,28,12,5.1712770538850155,47,35,Moderate Risk,1,0.47,0.122,0.7331614466925894,0.674,0.9333333333333333,0.12,0.10342554107770031,0.600952005485729
376.6073875711804,826,311077.702133795,186,11,26,26.696090406226578,60,9,Normal,0,0.6,0.826,6.2215540426759,0.372,0.36666666666666664,0.26,0.5339218081245316,0.7532147751423609
331.71083393921384,695,230539.0295877536,477,29,41,16.27394863162028,89,32,Moderate Risk,1,0.89,0.695,4.610780591755073,0.954,0.9666666666666667,0.41,0.32547897263240555,0.6634216678784277
162.58379611836637,645,104866.54849634631,260,17,39,38.18139590383085,3,13,Normal,0,0.03,0.645,2.0973309699269262,0.52,0.5666666666666667,0.39,0.7636279180766169,0.32516759223673275
125.50342174703185,484,60743.656125563415,421,10,35,21.03828968845211,15,10,Moderate Risk,0,0.15,0.484,1.2148731225112683,0.842,0.3333333333333333,0.35,0.4207657937690422,0.2510068434940637
377.04084178537215,483,182110.72658233476,336,23,91,19.331366862496896,78,29,Moderate Risk,1,0.78,0.483,3.642214531646695,0.672,0.7666666666666667,0.91,0.3866273372499379,0.7540816835707443
74.065617429863,110,8147.217917284929,380,3,14,18.351609136493636,51,7,Moderate Risk,1,0.51,0.11,0.1629443583456986,0.76,0.1,0.14,0.3670321827298727,0.14813123485972599
257.8921263842262,109,28110.24177588065,302,5,88,10.64688062250626,87,12,Moderate Risk,1,0.87,0.109,0.562204835517613,0.604,0.16666666666666666,0.88,0.21293761245012519,0.5157842527684523
391.3553307598315,581,227377.4471714621,206,7,69,11.633007421579105,34,11,Normal,1,0.34,0.581,4.547548943429242,0.412,0.23333333333333334,0.69,0.23266014843158211,0.782710661519663
369.4737584484277,70,25863.16309138994,248,17,71,23.046457919495104,39,21,Normal,1,0.39,0.07,0.5172632618277988,0.496,0.5666666666666667,0.71,0.46092915838990206,0.7389475168968554
84.9161163887752,391,33202.2015080111,339,25,43,41.661538631751434,27,23,Moderate Risk,0,0.27,0.391,0.6640440301602221,0.678,0.8333333333333334,0.43,0.8332307726350286,0.16983223277755038
204.77733255191808,141,28873.60388982045,489,12,21,16.489901596372167,54,22,Moderate Risk,1,0.54,0.141,0.577472077796409,0.978,0.4,0.21,0.32979803192744334,0.40955466510383615
399.93370750550616,196,78387.0066710792,87,22,20,41.891978828815034,58,19,Normal,0,0.58,0.196,1.5677401334215841,0.174,0.7333333333333333,0.2,0.8378395765763007,0.7998674150110123
94.64103200177495,664,62841.64524917856,175,20,88,9.765916041396423,11,16,Normal,0,0.11,0.664,1.2568329049835711,0.35,0.6666666666666666,0.88,0.19531832082792847,0.18928206400354988
321.91984618894617,304,97863.63324143963,80,5,39,28.094027694242683,4,7,Normal,1,0.04,0.304,1.9572726648287926,0.16,0.16666666666666666,0.39,0.5618805538848537,0.6438396923778923
78.36860439166537,62,4858.853472283253,212,17,83,16.780154921049505,19,22,Normal,1,0.19,0.062,0.09717706944566505,0.424,0.5666666666666667,0.83,0.3356030984209901,0.15673720878333075
103.19259881880474,239,24663.031117694332,298,27,85,26.12618048718093,82,33,Normal,1,0.82,0.239,0.4932606223538866,0.596,0.9,0.85,0.5225236097436186,0.20638519763760949
453.4550050720928,975,442118.62994529045,312,12,52,35.397549509913176,60,21,Moderate Risk,1,0.6,0.975,8.84237259890581,0.624,0.4,0.52,0.7079509901982636,0.9069100101441856
377.19883002117683,790,297987.0757167297,58,15,65,19.191557092348887,18,16,Normal,1,0.18,0.79,5.959741514334594,0.116,0.5,0.65,0.38383114184697775,0.7543976600423536
464.6791583633677,181,84106.92766376956,35,23,52,45.99794138537653,76,26,Normal,1,0.76,0.181,1.6821385532753912,0.07,0.7666666666666667,0.52,0.9199588277075306,0.9293583167267354
121.62986047935864,796,96817.36894156948,83,13,56,12.836852418663181,74,21,Normal,1,0.74,0.796,1.9363473788313896,0.166,0.43333333333333335,0.56,0.2567370483732636,0.24325972095871728
210.93054219818978,695,146596.7268277419,489,4,55,37.521611991725486,98,12,Moderate Risk,1,0.98,0.695,2.931934536554838,0.978,0.13333333333333333,0.55,0.7504322398345097,0.4218610843963796
150.38320441420993,981,147525.92353033993,407,29,45,30.394799833312607,57,38,Moderate Risk,1,0.57,0.981,2.9505184706067986,0.814,0.9666666666666667,0.45,0.6078959966662522,0.3007664088284199
122.44251225478311,593,72608.40976708638,91,3,39,39.28433714517469,43,2,Normal,0,0.43,0.593,1.4521681953417276,0.182,0.1,0.39,0.7856867429034938,0.24488502450956623
40.74445459015544,870,35447.675493435236,337,19,38,13.419515870213306,50,18,Moderate Risk,0,0.5,0.87,0.7089535098687048,0.674,0.6333333333333333,0.38,0.2683903174042661,0.08148890918031089
267.33957195460437,228,60953.4224056498,387,19,81,9.718734451978168,5,23,Moderate Risk,1,0.05,0.228,1.219068448112996,0.774,0.6333333333333333,0.81,0.19437468903956337,0.5346791439092088
484.9522443921758,14,6789.331421490461,29,29,89,21.864220459243963,38,29,Normal,0,0.38,0.014,0.13578662842980924,0.058,0.9666666666666667,0.89,0.43728440918487926,0.9699044887843516
105.19826871753206,323,33979.040795762856,437,16,55,36.693834696479925,65,20,Moderate Risk,1,0.65,0.323,0.6795808159152571,0.874,0.5333333333333333,0.55,0.7338766939295985,0.21039653743506412
293.03007269384653,894,261968.8849882988,106,3,61,7.7426495228089856,8,11,Normal,1,0.08,0.894,5.239377699765976,0.212,0.1,0.61,0.1548529904561797,0.586060145387693
486.51152832406916,150,72976.72924861037,9,24,63,14.109447996111156,18,22,High Risk,0,0.18,0.15,1.4595345849722074,0.018,0.8,0.63,0.2821889599222231,0.9730230566481384
305.43607506231336,327,99877.59654537647,369,10,52,33.51852756605545,20,19,Moderate Risk,1,0.2,0.327,1.9975519309075294,0.738,0.3333333333333333,0.52,0.6703705513211089,0.6108721501246267
72.05544054882432,517,37252.66276374218,167,28,70,46.16108807420652,53,38,Normal,1,0.53,0.517,0.7450532552748436,0.334,0.9333333333333333,0.7,0.9232217614841304,0.14411088109764864
233.22611616248238,831,193810.90253102288,34,11,42,6.112003450802105,80,11,Normal,0,0.8,0.831,3.8762180506204573,0.068,0.36666666666666664,0.42,0.12224006901604209,0.46645223232496474
94.56859693997352,718,67900.25260290099,437,14,83,34.134334532801546,76,10,Moderate Risk,0,0.76,0.718,1.3580050520580198,0.874,0.4666666666666667,0.83,0.6826866906560309,0.18913719387994704
36.62516813789877,92,3369.5154686866867,148,7,67,16.00139407571516,79,16,Normal,1,0.79,0.092,0.06739030937373373,0.296,0.23333333333333334,0.67,0.3200278815143032,0.07325033627579754
22.194712833024752,554,12295.870909495712,29,26,55,21.866257412926934,71,34,Normal,1,0.71,0.554,0.24591741818991425,0.058,0.8666666666666667,0.55,0.4373251482585387,0.0443894256660495
31.964533771994837,834,26658.421165843694,81,8,43,38.597527263508134,86,10,Normal,1,0.86,0.834,0.5331684233168739,0.162,0.26666666666666666,0.43,0.7719505452701627,0.06392906754398968
33.87993093349206,733,24833.989374249682,9,3,69,28.06662269518559,24,5,High Risk,1,0.24,0.733,0.49667978748499364,0.018,0.1,0.69,0.5613324539037118,0.06775986186698413
216.27987649276574,686,148367.9952740373,464,13,33,28.33080341085478,46,20,Moderate Risk,1,0.46,0.686,2.967359905480746,0.928,0.43333333333333335,0.33,0.5666160682170956,0.43255975298553145
229.6083185322966,122,28012.214860940185,86,4,32,45.71157020843016,21,-1,Normal,0,0.21,0.122,0.5602442972188036,0.172,0.13333333333333333,0.32,0.9142314041686032,0.4592166370645932
410.84538281688873,275,112982.4802746444,295,10,28,10.546973870470493,59,14,Normal,1,0.59,0.275,2.2596496054928883,0.59,0.3333333333333333,0.28,0.21093947740940988,0.8216907656337774
445.23000528272127,406,180763.38214478485,9,26,32,42.39082258580312,13,21,High Risk,0,0.13,0.406,3.615267642895697,0.018,0.8666666666666667,0.32,0.8478164517160625,0.8904600105654426
179.737679982079,436,78365.62847218644,365,19,89,32.54853961055629,48,29,Moderate Risk,1,0.48,0.436,1.5673125694437287,0.73,0.6333333333333333,0.89,0.6509707922111257,0.35947535996415797
72.21311228028193,561,40511.555989238164,427,14,31,39.1687614433949,92,13,Moderate Risk,0,0.92,0.561,0.8102311197847633,0.854,0.4666666666666667,0.31,0.783375228867898,0.14442622456056387
82.813476740763,45,3726.6064533343347,51,10,52,22.21674991650878,43,19,Normal,1,0.43,0.045,0.0745321290666867,0.102,0.3333333333333333,0.52,0.4443349983301756,0.16562695348152598
476.52113412998307,837,398848.1892667958,417,8,73,40.864046065334676,10,15,Moderate Risk,1,0.1,0.837,7.976963785335917,0.834,0.26666666666666666,0.73,0.8172809213066935,0.9530422682599662
224.06728207532862,172,38539.57251695652,419,18,33,11.05898745960819,3,25,Moderate Risk,1,0.03,0.172,0.7707914503391304,0.838,0.6,0.33,0.2211797491921638,0.4481345641506572
18.034035531077592,302,5446.278730385433,473,14,57,38.873395926942415,76,22,Moderate Risk,1,0.76,0.302,0.10892557460770866,0.946,0.4666666666666667,0.57,0.7774679185388483,0.036068071062155184
336.5427845198779,591,198896.78565124783,445,10,84,41.849979118584734,78,8,Moderate Risk,0,0.78,0.591,3.977935713024957,0.89,0.3333333333333333,0.84,0.8369995823716947,0.6730855690397558
284.26023552650906,478,135876.39258167133,92,10,20,37.01438055280164,54,11,Normal,1,0.54,0.478,2.7175278516334265,0.184,0.3333333333333333,0.2,0.7402876110560328,0.5685204710530182
481.06767907885643,693,333379.9016016475,244,17,42,30.672421927674115,62,18,Normal,1,0.62,0.693,6.6675980320329495,0.488,0.5666666666666667,0.42,0.6134484385534823,0.9621353581577129
412.85689484952496,615,253906.99033245785,148,25,14,49.779486318472905,30,21,Normal,0,0.3,0.615,5.0781398066491565,0.296,0.8333333333333334,0.14,0.9955897263694581,0.82571378969905
269.2782247835693,434,116866.74955606909,315,17,70,7.023760613679114,64,19,Moderate Risk,1,0.64,0.434,2.3373349911213817,0.63,0.5666666666666667,0.7,0.14047521227358228,0.5385564495671387
115.003676312853,776,89242.85281877393,454,19,91,25.168275331570527,39,26,Moderate Risk,1,0.39,0.776,1.7848570563754786,0.908,0.6333333333333333,0.91,0.5033655066314106,0.230007352625706
413.1271927354146,694,286710.2717583777,474,5,71,25.185785889850642,16,12,Moderate Risk,1,0.16,0.694,5.734205435167555,0.948,0.16666666666666666,0.71,0.5037157177970129,0.8262543854708292
373.845040392113,496,185427.14003448805,434,10,83,5.096686936211273,58,14,Moderate Risk,1,0.58,0.496,3.708542800689761,0.868,0.3333333333333333,0.83,0.10193373872422545,0.7476900807842259
346.3940578049516,201,69625.20561879527,487,20,14,28.189035749873405,79,21,Moderate Risk,1,0.79,0.201,1.3925041123759054,0.974,0.6666666666666666,0.14,0.5637807149974681,0.6927881156099033
353.8539185626413,767,271405.9555375459,14,10,17,45.74745488422743,40,6,High Risk,0,0.4,0.767,5.428119110750918,0.028,0.3333333333333333,0.17,0.9149490976845486,0.7077078371252826
360.97460564908306,27,9746.314352525242,126,22,39,8.315697643314618,33,18,Normal,0,0.33,0.027,0.19492628705050483,0.252,0.7333333333333333,0.39,0.16631395286629236,0.7219492112981661
264.55961155930254,95,25133.16309813374,214,29,49,31.76749898382526,72,31,Normal,1,0.72,0.095,0.5026632619626749,0.428,0.9666666666666667,0.49,0.6353499796765052,0.529119223118605
226.81951221975092,875,198467.07319228206,462,19,63,21.962046060972057,2,21,Moderate Risk,1,0.02,0.875,3.969341463845641,0.924,0.6333333333333333,0.63,0.43924092121944114,0.4536390244395018
61.853121028185285,526,32534.74166082546,191,1,40,8.941041378012251,33,1,Normal,0,0.33,0.526,0.6506948332165092,0.382,0.03333333333333333,0.4,0.17882082756024503,0.12370624205637057
61.57393658431974,520,32018.447023846264,277,18,55,14.93349595156731,31,14,Normal,0,0.31,0.52,0.6403689404769253,0.554,0.6,0.55,0.2986699190313462,0.12314787316863948
246.53008317449695,164,40430.9336406175,70,20,93,6.9128355440286064,54,30,Normal,1,0.54,0.164,0.80861867281235,0.14,0.6666666666666666,0.93,0.13825671088057212,0.4930601663489939
176.1964497837055,390,68716.61541564515,383,16,30,8.221528559199406,37,23,Moderate Risk,1,0.37,0.39,1.374332308312903,0.766,0.5333333333333333,0.3,0.16443057118398813,0.352392899567411
148.9558142945908,436,64944.73503244159,283,23,21,25.99185478050327,65,21,Normal,0,0.65,0.436,1.2988947006488318,0.566,0.7666666666666667,0.21,0.5198370956100654,0.2979116285891816
378.8037494410967,97,36743.963695786384,100,11,71,49.24676478132395,43,16,Normal,1,0.43,0.097,0.7348792739157277,0.2,0.36666666666666664,0.71,0.984935295626479,0.7576074988821935
489.27885991523453,84,41099.4242328797,461,21,92,28.55290765914667,50,18,Moderate Risk,0,0.5,0.084,0.821988484657594,0.922,0.7,0.92,0.5710581531829334,0.978557719830469
369.84609180288584,229,84694.75502286086,302,2,93,10.97212087617425,53,-1,Moderate Risk,0,0.53,0.229,1.6938951004572171,0.604,0.06666666666666667,0.93,0.219442417523485,0.7396921836057717
218.86572565222244,548,119938.4176574179,496,4,64,26.036014612936032,26,5,Moderate Risk,1,0.26,0.548,2.398768353148358,0.992,0.13333333333333333,0.64,0.5207202922587206,0.43773145130444485
28.877910652983118,860,24835.00316156548,429,26,11,48.228754429511724,71,27,Moderate Risk,1,0.71,0.86,0.4967000632313096,0.858,0.8666666666666667,0.11,0.9645750885902344,0.05775582130596624
493.1095279373167,203,100101.2341712753,19,25,52,7.061952391331047,21,33,High Risk,1,0.21,0.203,2.002024683425506,0.038,0.8333333333333334,0.52,0.14123904782662094,0.9862190558746334
478.97302850584344,933,446881.83559595194,155,11,29,39.56477737634227,78,7,Normal,0,0.78,0.933,8.937636711919039,0.31,0.36666666666666664,0.29,0.7912955475268454,0.9579460570116869
378.9612034710372,617,233819.06254162994,464,23,74,34.35872071316672,66,29,Moderate Risk,1,0.66,0.617,4.676381250832599,0.928,0.7666666666666667,0.74,0.6871744142633344,0.7579224069420745
163.03515788666945,919,149829.31009784923,1,6,83,37.77575483416223,64,1,High Risk,0,0.64,0.919,2.9965862019569847,0.002,0.2,0.83,0.7555150966832446,0.3260703157733389
272.294449044806,194,52825.12311469237,294,24,99,15.067810925893484,35,21,Normal,0,0.35,0.194,1.0565024622938473,0.588,0.8,0.99,0.3013562185178697,0.5445888980896121
344.8265163305331,467,161033.98312635894,181,4,68,35.059349001764446,18,8,Normal,1,0.18,0.467,3.220679662527179,0.362,0.13333333333333333,0.68,0.7011869800352889,0.6896530326610661
69.47460392436813,991,68849.33248904881,428,19,15,38.18048489970504,86,14,Moderate Risk,0,0.86,0.991,1.3769866497809764,0.856,0.6333333333333333,0.15,0.7636096979941008,0.13894920784873624
362.7913858930155,300,108837.41576790465,147,6,88,9.948294579553238,0,5,Normal,0,0.0,0.3,2.176748315358093,0.294,0.2,0.88,0.19896589159106476,0.725582771786031
194.5628661755612,168,32686.56151749428,53,4,70,22.592869578190506,3,6,Normal,1,0.03,0.168,0.6537312303498856,0.106,0.13333333333333333,0.7,0.4518573915638101,0.3891257323511224
477.2165251626935,294,140301.65839783187,427,5,86,40.45455098247594,100,3,Moderate Risk,0,1.0,0.294,2.8060331679566373,0.854,0.16666666666666666,0.86,0.8090910196495189,0.954433050325387
425.5375881954012,463,197023.90333447076,81,12,17,34.65649221101293,70,8,Normal,0,0.7,0.463,3.940478066689415,0.162,0.4,0.17,0.6931298442202586,0.8510751763908024
327.28236964455317,592,193751.16282957548,385,22,22,42.162022454893666,82,21,Moderate Risk,0,0.82,0.592,3.8750232565915095,0.77,0.7333333333333333,0.22,0.8432404490978733,0.6545647392891063
317.5382952976649,201,63825.19735483064,40,1,47,11.168495338035903,41,3,Normal,1,0.41,0.201,1.2765039470966129,0.08,0.03333333333333333,0.47,0.22336990676071808,0.6350765905953297
368.40797918592335,500,184203.98959296168,167,27,56,33.742607357200725,65,24,Normal,0,0.65,0.5,3.6840797918592334,0.334,0.9,0.56,0.6748521471440145,0.7368159583718467
443.430168340005,433,192005.26289122217,186,16,76,29.09054881370268,69,14,Normal,0,0.69,0.433,3.8401052578244435,0.372,0.5333333333333333,0.76,0.5818109762740535,0.8868603366800101
494.19760641638106,277,136892.73697733757,405,22,44,42.909094099723994,86,29,Moderate Risk,1,0.86,0.277,2.7378547395467514,0.81,0.7333333333333333,0.44,0.8581818819944799,0.9883952128327621
345.299885741886,127,43853.08548921952,278,22,15,39.5379055522053,61,32,Normal,1,0.61,0.127,0.8770617097843904,0.556,0.7333333333333333,0.15,0.7907581110441061,0.6905997714837719
229.20931099280853,833,190931.3560570095,355,10,75,28.71083691516815,64,9,Moderate Risk,0,0.64,0.833,3.81862712114019,0.71,0.3333333333333333,0.75,0.5742167383033631,0.45841862198561706
320.3653032673236,392,125583.19888079085,497,3,13,38.69306837188303,85,-2,Moderate Risk,0,0.85,0.392,2.511663977615817,0.994,0.1,0.13,0.7738613674376605,0.6407306065346472
354.030923604191,411,145506.7096013225,269,20,36,21.214888275764885,0,29,Normal,1,0.0,0.411,2.91013419202645,0.538,0.6666666666666666,0.36,0.4242977655152977,0.7080618472083821
81.1358950364121,395,32048.678539382778,360,18,86,28.412564241411843,29,26,Moderate Risk,1,0.29,0.395,0.6409735707876556,0.72,0.6,0.86,0.5682512848282368,0.1622717900728242
419.73142648610866,422,177126.66197713785,5,23,13,16.427968046899096,78,19,High Risk,0,0.78,0.422,3.542533239542757,0.01,0.7666666666666667,0.13,0.32855936093798194,0.8394628529722173
408.5480917289871,497,203048.4015893066,141,11,30,36.17271589562177,85,6,Normal,0,0.85,0.497,4.060968031786132,0.282,0.36666666666666664,0.3,0.7234543179124354,0.8170961834579742
234.01062027272388,70,16380.743419090672,361,27,30,15.69950333518333,49,27,Moderate Risk,0,0.49,0.07,0.3276148683818134,0.722,0.9,0.3,0.3139900667036666,0.46802124054544775
373.9907804560075,469,175401.67603386752,299,14,10,48.227871015517444,10,23,Normal,1,0.1,0.469,3.5080335206773503,0.598,0.4666666666666667,0.1,0.9645574203103489,0.747981560912015
92.71716683669354,901,83538.16731986088,267,5,49,13.651037521322728,84,0,Normal,0,0.84,0.901,1.6707633463972176,0.534,0.16666666666666666,0.49,0.2730207504264546,0.18543433367338708
369.2338859938377,174,64246.69616292776,158,2,14,19.59418292490409,35,2,Normal,0,0.35,0.174,1.284933923258555,0.316,0.06666666666666667,0.14,0.39188365849808177,0.7384677719876754
345.1769442300276,203,70070.9196786956,181,21,92,24.705259608179666,40,28,Normal,1,0.4,0.203,1.401418393573912,0.362,0.7,0.92,0.49410519216359333,0.6903538884600552
268.9264748924662,943,253597.66582359566,310,5,65,29.47520207206235,78,3,Moderate Risk,0,0.78,0.943,5.071953316471913,0.62,0.16666666666666666,0.65,0.589504041441247,0.5378529497849325
51.87870483521897,158,8196.835363964597,176,27,41,14.102216550713937,26,26,Normal,0,0.26,0.158,0.16393670727929194,0.352,0.9,0.41,0.2820443310142787,0.10375740967043794
334.4526522170554,448,149834.78819324082,140,26,78,17.501520738353964,86,21,Normal,0,0.86,0.448,2.9966957638648166,0.28,0.8666666666666667,0.78,0.3500304147670793,0.6689053044341108
387.5058301987838,857,332092.4964803577,13,15,89,29.60772168336737,100,18,High Risk,1,1.0,0.857,6.6418499296071545,0.026,0.5,0.89,0.5921544336673474,0.7750116603975676
431.52029444780294,930,401313.87383645674,130,18,15,36.41246573527849,49,21,Normal,1,0.49,0.93,8.026277476729135,0.26,0.6,0.15,0.7282493147055698,0.8630405888956059
471.3404662427004,780,367645.56366930634,401,2,35,41.612982563850366,0,7,Moderate Risk,1,0.0,0.78,7.352911273386127,0.802,0.06666666666666667,0.35,0.8322596512770073,0.9426809324854009
209.3972378488742,910,190551.48644247552,479,18,76,16.746922561337986,61,28,Moderate Risk,1,0.61,0.91,3.8110297288495105,0.958,0.6,0.76,0.3349384512267597,0.4187944756977484
228.50215937912162,215,49127.964266511146,108,24,63,42.04032884818243,31,20,Normal,0,0.31,0.215,0.982559285330223,0.216,0.8,0.63,0.8408065769636487,0.45700431875824327
459.94981620550254,594,273210.1908260685,315,10,46,36.11873414404272,46,14,Moderate Risk,1,0.46,0.594,5.46420381652137,0.63,0.3333333333333333,0.46,0.7223746828808544,0.9198996324110051
218.30374413800237,461,100638.02604761909,433,8,76,30.45403641691694,25,9,Moderate Risk,1,0.25,0.461,2.012760520952382,0.866,0.26666666666666666,0.76,0.6090807283383388,0.43660748827600476
436.9674909545985,947,413808.2139340048,59,2,90,44.66474072762682,69,9,Normal,1,0.69,0.947,8.276164278680096,0.118,0.06666666666666667,0.9,0.8932948145525365,0.8739349819091969
103.09877228721265,844,87015.36381040748,471,22,98,33.66174109360767,59,24,Moderate Risk,1,0.59,0.844,1.7403072762081495,0.942,0.7333333333333333,0.98,0.6732348218721533,0.2061975445744253
52.860082488970164,895,47309.7738276283,32,10,12,23.59320212934749,71,16,Normal,1,0.71,0.895,0.946195476552566,0.064,0.3333333333333333,0.12,0.4718640425869498,0.10572016497794033
284.6023082029963,484,137747.5171702502,271,22,67,31.303293365788065,70,31,Normal,1,0.7,0.484,2.7549503434050044,0.542,0.7333333333333333,0.67,0.6260658673157613,0.5692046164059926
34.5809215576377,907,31364.895852777394,263,5,95,41.94759521847298,9,8,Normal,1,0.09,0.907,0.6272979170555478,0.526,0.16666666666666666,0.95,0.8389519043694597,0.0691618431152754
43.11147790780266,802,34575.405282057734,232,16,48,7.535940282654673,43,17,Normal,1,0.43,0.802,0.6915081056411547,0.464,0.5333333333333333,0.48,0.15071880565309345,0.08622295581560532
331.9729463692445,694,230389.22478025567,132,1,10,7.432404482524435,96,-1,Normal,0,0.96,0.694,4.607784495605113,0.264,0.03333333333333333,0.1,0.1486480896504887,0.6639458927384889
222.5333019198256,917,204063.03786048008,148,15,26,7.209757154956271,88,19,Normal,1,0.88,0.917,4.081260757209602,0.296,0.5,0.26,0.1441951430991254,0.4450666038396512
13.055915796160301,199,2598.1272434359,446,27,19,37.60645291398827,98,32,Moderate Risk,1,0.98,0.199,0.05196254486871799,0.892,0.9,0.19,0.7521290582797654,0.0261118315923206
44.304415969116654,364,16126.807412758462,45,23,75,18.105658203644076,81,20,Normal,0,0.81,0.364,0.32253614825516924,0.09,0.7666666666666667,0.75,0.3621131640728815,0.08860883193823331
209.7920535221838,273,57273.23061155618,326,4,64,11.708831908184301,2,2,Moderate Risk,0,0.02,0.273,1.1454646122311236,0.652,0.13333333333333333,0.64,0.23417663816368603,0.4195841070443676
203.5680378832939,511,104023.26735836318,184,18,85,20.65069758965666,73,18,Normal,0,0.73,0.511,2.0804653471672636,0.368,0.6,0.85,0.41301395179313316,0.4071360757665878
485.9864326358469,823,399966.834059302,414,9,40,35.730583483418116,28,8,Moderate Risk,0,0.28,0.823,7.99933668118604,0.828,0.3,0.4,0.7146116696683623,0.9719728652716938
121.6671150134431,638,77623.6193785767,429,12,54,33.48645887771421,28,19,Moderate Risk,1,0.28,0.638,1.5524723875715338,0.858,0.4,0.54,0.6697291775542843,0.2433342300268862
407.2203180460032,518,210940.12474782966,377,20,78,16.69285464701716,56,24,Moderate Risk,1,0.56,0.518,4.218802494956593,0.754,0.6666666666666666,0.78,0.3338570929403432,0.8144406360920063
55.28662099807127,605,33448.405703833116,12,21,41,15.868783027777438,56,22,High Risk,1,0.56,0.605,0.6689681140766623,0.024,0.7,0.41,0.3173756605555488,0.11057324199614255
314.5944395755359,8,2516.755516604287,233,29,57,30.698008736450536,71,35,Normal,1,0.71,0.008,0.05033511033208574,0.466,0.9666666666666667,0.57,0.6139601747290108,0.6291888791510718
304.7706851394202,27,8228.808498764345,251,9,88,8.383029273778517,86,15,Normal,1,0.86,0.027,0.1645761699752869,0.502,0.3,0.88,0.16766058547557033,0.6095413702788404
82.31367830218674,101,8313.681508520862,47,10,35,35.8128808225396,95,18,Normal,1,0.95,0.101,0.16627363017041724,0.094,0.3333333333333333,0.35,0.7162576164507919,0.1646273566043735
72.11130040729316,792,57112.14992257618,100,18,91,36.393295447158664,55,23,Normal,1,0.55,0.792,1.1422429984515237,0.2,0.6,0.91,0.7278659089431733,0.14422260081458632
380.7096849817985,453,172461.48729675473,104,1,16,42.645737994730446,52,-1,Normal,0,0.52,0.453,3.4492297459350945,0.208,0.03333333333333333,0.16,0.852914759894609,0.7614193699635969
255.65922360353164,117,29912.129161613204,10,19,16,14.850331679773143,98,25,High Risk,1,0.98,0.117,0.5982425832322641,0.02,0.6333333333333333,0.16,0.29700663359546287,0.5113184472070633
311.29790628468606,330,102728.3090739464,32,14,36,28.93464431518554,53,11,Normal,0,0.53,0.33,2.0545661814789278,0.064,0.4666666666666667,0.36,0.5786928863037109,0.6225958125693721
374.7487616730203,829,310666.7234269338,493,11,65,35.10793501479161,10,19,Moderate Risk,1,0.1,0.829,6.213334468538676,0.986,0.36666666666666664,0.65,0.7021587002958322,0.7494975233460406
259.67169747140207,192,49856.9659145092,136,19,33,11.834814325636994,44,24,Normal,1,0.44,0.192,0.997139318290184,0.272,0.6333333333333333,0.33,0.23669628651273988,0.5193433949428041
88.48566583365009,257,22740.816119248073,498,21,39,8.075829521179603,34,16,Moderate Risk,0,0.34,0.257,0.45481632238496145,0.996,0.7,0.39,0.16151659042359207,0.17697133166730017
441.138989486225,63,27791.756337632174,102,2,60,44.909363679005445,74,11,Normal,1,0.74,0.063,0.5558351267526435,0.204,0.06666666666666667,0.6,0.8981872735801089,0.88227797897245
96.16772539898287,697,67028.90460309105,477,7,95,27.357289406826446,31,9,Moderate Risk,1,0.31,0.697,1.340578092061821,0.954,0.23333333333333334,0.95,0.5471457881365289,0.19233545079796574
439.4667977206874,897,394201.7175554566,229,3,85,45.44836886641456,63,1,Normal,0,0.63,0.897,7.884034351109133,0.458,0.1,0.85,0.9089673773282912,0.8789335954413748
18.040811445010505,785,14162.036984333246,425,7,66,41.56147801431868,78,9,Moderate Risk,1,0.78,0.785,0.2832407396866649,0.85,0.23333333333333334,0.66,0.8312295602863736,0.03608162289002101
240.95249837083065,165,39757.16223118706,498,7,19,45.22546579065347,28,7,Moderate Risk,0,0.28,0.165,0.7951432446237412,0.996,0.23333333333333334,0.19,0.9045093158130695,0.4819049967416613
321.4083344066854,289,92887.00864353208,121,23,44,12.760690286569169,15,21,Normal,0,0.15,0.289,1.8577401728706417,0.242,0.7666666666666667,0.44,0.25521380573138336,0.6428166688133709
302.6000913921516,125,37825.01142401895,404,10,45,26.154101113124447,33,17,Moderate Risk,1,0.33,0.125,0.756500228480379,0.808,0.3333333333333333,0.45,0.5230820222624889,0.6052001827843032
174.89602767036448,542,94793.64699733755,414,17,93,24.867060027839358,34,17,Moderate Risk,0,0.34,0.542,1.895872939946751,0.828,0.5666666666666667,0.93,0.49734120055678716,0.34979205534072894
242.38704164074312,408,98893.91298942319,119,18,35,30.674753679225134,28,14,Normal,0,0.28,0.408,1.9778782597884637,0.238,0.6,0.35,0.6134950735845027,0.48477408328148625
58.11328690135304,570,33124.57353377123,99,10,65,31.12271638312961,66,16,Normal,1,0.66,0.57,0.6624914706754247,0.198,0.3333333333333333,0.65,0.6224543276625922,0.11622657380270608
463.4100257402396,838,388337.6015703208,238,29,73,8.705537818152365,16,29,Normal,0,0.16,0.838,7.766752031406416,0.476,0.9666666666666667,0.73,0.1741107563630473,0.9268200514804792
424.04498158929965,634,268844.518327616,179,16,53,45.37989442160781,58,18,Normal,1,0.58,0.634,5.3768903665523196,0.358,0.5333333333333333,0.53,0.9075978884321562,0.8480899631785993
431.9275074532189,697,301053.47269489354,28,15,61,47.15736521359629,14,23,Normal,1,0.14,0.697,6.021069453897871,0.056,0.5,0.61,0.9431473042719258,0.8638550149064378
226.82828232585769,261,59202.181687048855,496,5,43,18.184994166937663,88,15,Moderate Risk,1,0.88,0.261,1.184043633740977,0.992,0.16666666666666666,0.43,0.36369988333875325,0.4536565646517154
313.454699202034,607,190267.00241563466,368,8,71,6.498635895019243,36,13,Moderate Risk,1,0.36,0.607,3.805340048312693,0.736,0.26666666666666666,0.71,0.12997271790038487,0.626909398404068
129.41840393221926,909,117641.32917438731,192,21,93,6.230088844104667,9,31,Normal,1,0.09,0.909,2.3528265834877464,0.384,0.7,0.93,0.12460177688209334,0.2588368078644385
228.40645809162973,173,39514.31724985194,400,15,52,30.02296314329664,100,11,Moderate Risk,0,1.0,0.173,0.7902863449970389,0.8,0.5,0.52,0.6004592628659328,0.4568129161832595
490.3602392800339,0,0.0,431,29,52,18.549601714559227,36,27,Moderate Risk,0,0.36,0.0,0.0,0.862,0.9666666666666667,0.52,0.37099203429118455,0.9807204785600678
14.46863454099162,229,3313.3173098870807,158,28,53,41.58820497503881,49,27,Normal,0,0.49,0.229,0.06626634619774162,0.316,0.9333333333333333,0.53,0.8317640995007762,0.028937269081983238
374.6908532947413,599,224439.82112355003,224,19,50,44.521054165916865,13,23,Normal,1,0.13,0.599,4.488796422471001,0.448,0.6333333333333333,0.5,0.8904210833183374,0.7493817065894827
377.86402967801934,299,112981.34487372778,266,4,68,26.912897135387535,84,0,Normal,0,0.84,0.299,2.2596268974745555,0.532,0.13333333333333333,0.68,0.5382579427077507,0.7557280593560387
391.64654269386955,968,379113.8533276657,464,26,49,40.19264336331734,7,35,Moderate Risk,1,0.07,0.968,7.582277066553314,0.928,0.8666666666666667,0.49,0.8038528672663467,0.7832930853877391
70.6911064932774,745,52664.87433749167,223,26,14,7.015673440015619,40,21,Normal,0,0.4,0.745,1.0532974867498333,0.446,0.8666666666666667,0.14,0.14031346880031237,0.14138221298655482
227.0768709897056,278,63127.37013513816,34,16,94,24.610446887383908,84,12,Normal,0,0.84,0.278,1.2625474027027632,0.068,0.5333333333333333,0.94,0.49220893774767815,0.4541537419794112
16.52572187329656,980,16195.20743583063,454,1,99,22.354183659790596,85,6,Moderate Risk,1,0.85,0.98,0.3239041487166126,0.908,0.03333333333333333,0.99,0.44708367319581194,0.03305144374659312
338.1832923893386,395,133582.40049378874,461,18,63,28.548303422991765,17,21,Moderate Risk,1,0.17,0.395,2.6716480098757747,0.922,0.6,0.63,0.5709660684598353,0.6763665847786772
489.6175289828459,613,300135.54526648455,289,29,81,40.93957155653906,61,27,Normal,0,0.61,0.613,6.002710905329691,0.578,0.9666666666666667,0.81,0.8187914311307811,0.9792350579656918
342.9128898694684,532,182429.6574105572,72,9,30,46.09170828304401,25,15,Normal,1,0.25,0.532,3.648593148211144,0.144,0.3,0.3,0.9218341656608802,0.6858257797389369
352.6795555147189,228,80410.93865735592,105,25,91,42.54703372528418,34,27,Normal,1,0.34,0.228,1.6082187731471183,0.21,0.8333333333333334,0.91,0.8509406745056836,0.7053591110294378
424.6921913477372,125,53086.52391846715,442,23,24,22.83338832628348,11,28,Moderate Risk,1,0.11,0.125,1.061730478369343,0.884,0.7666666666666667,0.24,0.4566677665256696,0.8493843826954744
134.95800078256045,217,29285.886169815618,84,8,29,21.873449680608125,72,6,Normal,0,0.72,0.217,0.5857177233963123,0.168,0.26666666666666666,0.29,0.4374689936121625,0.2699160015651209
489.53216574966746,171,83710.00034319314,47,11,36,19.86346666128287,42,17,Normal,1,0.42,0.171,1.6742000068638627,0.094,0.36666666666666664,0.36,0.39726933322565744,0.9790643314993349
329.5583415091843,83,27353.342345262296,448,18,82,22.05593356396097,4,14,Moderate Risk,0,0.04,0.083,0.5470668469052459,0.896,0.6,0.82,0.4411186712792194,0.6591166830183686
259.6461482076987,597,155008.75047999612,423,19,91,44.6430317642091,60,23,Moderate Risk,1,0.6,0.597,3.1001750095999223,0.846,0.6333333333333333,0.91,0.8928606352841819,0.5192922964153973
117.71528604064301,643,75690.92892413345,358,14,53,42.98228063048694,26,9,Moderate Risk,0,0.26,0.643,1.513818578482669,0.716,0.4666666666666667,0.53,0.8596456126097388,0.235430572081286
131.9305903995526,390,51452.93025582552,405,26,71,37.97921413262285,58,34,Moderate Risk,1,0.58,0.39,1.0290586051165105,0.81,0.8666666666666667,0.71,0.759584282652457,0.26386118079910525
419.51059742412536,639,268067.2717540161,357,30,78,46.15635271034035,51,40,Moderate Risk,1,0.51,0.639,5.361345435080322,0.714,1.0,0.78,0.923127054206807,0.8390211948482508
391.8911326697164,851,333499.35390192864,493,5,87,26.83616317865526,38,15,Moderate Risk,1,0.38,0.851,6.669987078038573,0.986,0.16666666666666666,0.87,0.5367232635731052,0.7837822653394328
234.46722315336746,717,168112.99900096445,198,29,66,19.713457538516252,5,35,Normal,1,0.05,0.717,3.362259980019289,0.396,0.9666666666666667,0.66,0.39426915077032504,0.4689344463067349
193.44402811558444,20,3868.8805623116887,177,11,66,48.87069548053531,33,12,Normal,1,0.33,0.02,0.07737761124623377,0.354,0.36666666666666664,0.66,0.9774139096107062,0.3868880562311689
292.27796659880477,927,270941.675037092,293,19,64,42.45003239237879,44,27,Normal,1,0.44,0.927,5.41883350074184,0.586,0.6333333333333333,0.64,0.8490006478475758,0.5845559331976096
486.85084912007557,156,75948.73246273179,293,13,58,14.174820939707937,43,14,Normal,1,0.43,0.156,1.5189746492546357,0.586,0.43333333333333335,0.58,0.2834964187941587,0.9737016982401512
463.43570100763475,418,193716.12302119134,119,18,19,13.020026083119188,44,16,Normal,0,0.44,0.418,3.874322460423827,0.238,0.6,0.19,0.26040052166238375,0.9268714020152695
167.13749723048676,243,40614.41182700828,480,13,23,22.54865389283666,0,14,Moderate Risk,1,0.0,0.243,0.8122882365401657,0.96,0.43333333333333335,0.23,0.45097307785673324,0.33427499446097353
25.210058203425216,618,15579.815969716783,302,21,38,47.706345808977126,68,29,Moderate Risk,1,0.68,0.618,0.3115963193943357,0.604,0.7,0.38,0.9541269161795425,0.05042011640685043
336.02623775418783,10,3360.2623775418783,370,6,45,31.00852032914722,98,5,Moderate Risk,0,0.98,0.01,0.06720524755083757,0.74,0.2,0.45,0.6201704065829444,0.6720524755083757
461.6828734232807,816,376733.22471339704,170,18,60,37.05787761683075,54,28,Normal,1,0.54,0.816,7.534664494267941,0.34,0.6,0.6,0.7411575523366151,0.9233657468465614
261.68764074639506,504,131890.57093618313,251,9,48,25.040271116649755,48,12,Normal,1,0.48,0.504,2.6378114187236625,0.502,0.3,0.48,0.5008054223329951,0.5233752814927901
137.89363130988735,195,26889.258105428034,279,26,81,32.29644333022653,24,23,Normal,0,0.24,0.195,0.5377851621085606,0.558,0.8666666666666667,0.81,0.6459288666045306,0.2757872626197747
254.92044799580648,122,31100.29465548839,452,4,12,46.87789339057812,68,0,Moderate Risk,0,0.68,0.122,0.6220058931097678,0.904,0.13333333333333333,0.12,0.9375578678115625,0.509840895991613
265.03073550994696,996,263970.6125679072,415,22,15,21.996933275327446,88,20,Moderate Risk,0,0.88,0.996,5.279412251358144,0.83,0.7333333333333333,0.15,0.4399386655065489,0.530061471019894
143.2564482076546,840,120335.41649442988,275,1,45,35.23251673690348,35,-4,Normal,0,0.35,0.84,2.406708329888598,0.55,0.03333333333333333,0.45,0.7046503347380696,0.28651289641530925
375.2709090189898,570,213904.4181408242,115,2,38,39.634197973498885,51,-3,Normal,0,0.51,0.57,4.278088362816484,0.23,0.06666666666666667,0.38,0.7926839594699777,0.7505418180379796
138.05129965708693,586,80898.06159905295,333,9,89,12.467387327554992,76,14,Moderate Risk,1,0.76,0.586,1.617961231981059,0.666,0.3,0.89,0.24934774655109984,0.27610259931417386
191.75837383090052,709,135956.68704610848,93,18,47,47.586809285114164,21,23,Normal,1,0.21,0.709,2.7191337409221696,0.186,0.6,0.47,0.9517361857022832,0.38351674766180105
156.2242127314131,806,125916.71546151896,88,6,99,30.51914937919885,62,8,Normal,1,0.62,0.806,2.5183343092303794,0.176,0.2,0.99,0.610382987583977,0.3124484254628262
339.756466418081,608,206571.93158219324,79,14,99,30.265044109530262,2,18,Normal,1,0.02,0.608,4.1314386316438645,0.158,0.4666666666666667,0.99,0.6053008821906052,0.679512932836162
340.8984790935554,62,21135.705703800435,38,6,89,48.15727949535896,86,11,Normal,1,0.86,0.062,0.4227141140760087,0.076,0.2,0.89,0.9631455899071791,0.6817969581871108
456.41614195315634,354,161571.31425141735,0,1,35,31.239246958466907,82,3,High Risk,1,0.82,0.354,3.231426285028347,0.0,0.03333333333333333,0.35,0.6247849391693382,0.9128322839063127
345.5475667527786,169,58397.538781219584,19,21,52,21.266759685760046,83,25,High Risk,1,0.83,0.169,1.1679507756243916,0.038,0.7,0.52,0.42533519371520095,0.6910951335055572
64.53823501290296,507,32720.8851515418,69,21,26,26.3757176629757,7,24,Normal,1,0.07,0.507,0.654417703030836,0.138,0.7,0.26,0.527514353259514,0.1290764700258059
150.1037201743395,405,60792.006670607494,122,13,77,5.45538862953039,14,21,Normal,1,0.14,0.405,1.2158401334121498,0.244,0.43333333333333335,0.77,0.10910777259060779,0.30020744034867897
230.50032859493305,26,5993.00854346826,174,29,86,19.552717639669495,97,39,Normal,1,0.97,0.026,0.11986017086936519,0.348,0.9666666666666667,0.86,0.3910543527933899,0.4610006571898661
103.15266549109768,824,84997.7963646645,228,16,31,23.36613792799776,89,18,Normal,1,0.89,0.824,1.6999559272932898,0.456,0.5333333333333333,0.31,0.4673227585599552,0.20630533098219536
383.658430655098,109,41818.76894140568,298,24,37,49.63483529892055,97,34,Normal,1,0.97,0.109,0.8363753788281136,0.596,0.8,0.37,0.992696705978411,0.767316861310196
150.40200904303367,981,147544.37087121603,118,17,41,31.243582207671675,93,25,Normal,1,0.93,0.981,2.9508874174243207,0.236,0.5666666666666667,0.41,0.6248716441534335,0.3008040180860673
390.83804388341946,880,343937.4786174091,63,23,42,41.41773825644768,52,28,Normal,1,0.52,0.88,6.878749572348182,0.126,0.7666666666666667,0.42,0.8283547651289536,0.781676087766839
281.4216134166323,352,99060.40792265456,248,16,51,17.097055599225712,86,16,Normal,0,0.86,0.352,1.9812081584530912,0.496,0.5333333333333333,0.51,0.3419411119845142,0.5628432268332646
299.9648954084357,966,289766.0889645489,290,5,97,32.28317739232678,91,1,Normal,0,0.91,0.966,5.795321779290978,0.58,0.16666666666666666,0.97,0.6456635478465356,0.5999297908168715
118.55221899558308,95,11262.460804580393,343,11,42,26.349577088169625,10,20,Moderate Risk,1,0.1,0.095,0.22524921609160786,0.686,0.36666666666666664,0.42,0.5269915417633925,0.23710443799116615
472.52433111823484,297,140339.72634211575,159,11,80,31.53164576600266,87,7,Normal,0,0.87,0.297,2.806794526842315,0.318,0.36666666666666664,0.8,0.6306329153200533,0.9450486622364697
154.78942651782086,326,50461.3530448096,376,16,31,25.809304605372727,8,20,Moderate Risk,1,0.08,0.326,1.009227060896192,0.752,0.5333333333333333,0.31,0.5161860921074546,0.3095788530356417
394.11610117707613,894,352339.79445230606,423,9,61,45.553338227082094,88,17,Moderate Risk,1,0.88,0.894,7.0467958890461215,0.846,0.3,0.61,0.9110667645416419,0.7882322023541523
198.2029038575943,120,23784.348462911315,100,17,88,17.100548302570694,26,22,Normal,1,0.26,0.12,0.4756869692582263,0.2,0.5666666666666667,0.88,0.3420109660514139,0.3964058077151886
241.6198012127121,858,207309.78944050698,58,18,78,22.34413585679328,69,22,Normal,1,0.69,0.858,4.1461957888101395,0.116,0.6,0.78,0.4468827171358656,0.4832396024254242
426.72883507140267,719,306818.0324163385,388,24,97,34.82839245338701,66,30,Moderate Risk,1,0.66,0.719,6.13636064832677,0.776,0.8,0.97,0.6965678490677402,0.8534576701428054
192.922616581384,296,57105.09450808966,21,16,100,23.717742781099318,49,12,Normal,0,0.49,0.296,1.1421018901617932,0.042,0.5333333333333333,1.0,0.47435485562198637,0.38584523316276803
497.50831767488546,509,253231.7336965167,52,9,54,10.07626072270751,3,19,Normal,1,0.03,0.509,5.064634673930334,0.104,0.3,0.54,0.2015252144541502,0.9950166353497709
219.31330905416058,243,53293.13410016102,220,2,48,30.006453661769896,35,7,Normal,1,0.35,0.243,1.0658626820032204,0.44,0.06666666666666667,0.48,0.6001290732353979,0.43862661810832115
127.2377697584707,609,77487.80178290866,331,17,77,30.684686928927395,26,26,Moderate Risk,1,0.26,0.609,1.5497560356581732,0.662,0.5666666666666667,0.77,0.6136937385785479,0.2544755395169414
153.73129304105618,568,87319.3744473199,280,19,40,26.12369915531355,83,17,Normal,0,0.83,0.568,1.7463874889463982,0.56,0.6333333333333333,0.4,0.522473983106271,0.30746258608211235
106.22328802138534,397,42170.64534448998,456,21,29,24.448699395547408,22,17,Moderate Risk,0,0.22,0.397,0.8434129068897996,0.912,0.7,0.29,0.48897398791094815,0.21244657604277067
368.89271720428485,863,318354.41494729783,126,26,85,10.597200878079132,76,32,Normal,1,0.76,0.863,6.367088298945957,0.252,0.8666666666666667,0.85,0.21194401756158265,0.7377854344085697
44.24699681220757,766,33893.199558151,177,16,30,41.54298694262671,45,22,Normal,1,0.45,0.766,0.67786399116302,0.354,0.5333333333333333,0.3,0.8308597388525343,0.08849399362441514
272.9271291902211,217,59225.18703427797,272,27,94,33.25446536822178,89,28,Normal,1,0.89,0.217,1.1845037406855594,0.544,0.9,0.94,0.6650893073644356,0.5458542583804422
250.4197387335033,807,202088.72915793717,56,28,52,12.553849336174677,14,28,Normal,0,0.14,0.807,4.041774583158744,0.112,0.9333333333333333,0.52,0.25107698672349354,0.5008394774670066
476.9324679151852,387,184572.86508317667,151,10,54,46.361861665700644,9,8,Normal,0,0.09,0.387,3.6914573016635335,0.302,0.3333333333333333,0.54,0.9272372333140129,0.9538649358303705
65.25543135569342,788,51421.279908286415,219,17,65,34.33131222424591,35,26,Normal,1,0.35,0.788,1.0284255981657282,0.438,0.5666666666666667,0.65,0.6866262444849183,0.13051086271138684
40.1368583321476,487,19546.65000775588,57,18,39,49.18001130484775,61,16,Normal,0,0.61,0.487,0.3909330001551176,0.114,0.6,0.39,0.9836002260969551,0.0802737166642952
62.9273935096205,113,7110.795466587117,401,22,82,10.237232667376322,52,18,Moderate Risk,0,0.52,0.113,0.14221590933174233,0.802,0.7333333333333333,0.82,0.20474465334752645,0.125854787019241
19.322701222334274,410,7922.307501157053,26,13,63,49.92510630141401,25,22,Normal,1,0.25,0.41,0.15844615002314105,0.052,0.43333333333333335,0.63,0.9985021260282803,0.03864540244466855
413.02007212296286,532,219726.67836941624,232,3,83,39.35212396004701,72,-2,Normal,0,0.72,0.532,4.394533567388325,0.464,0.1,0.83,0.7870424792009402,0.8260401442459258
218.19387926423548,792,172809.5523772745,475,14,48,38.16656683023007,72,12,Moderate Risk,0,0.72,0.792,3.45619104754549,0.95,0.4666666666666667,0.48,0.7633313366046014,0.43638775852847095
228.05249370824015,607,138427.86368090176,174,27,18,39.10816680788039,37,34,Normal,1,0.37,0.607,2.7685572736180353,0.348,0.9,0.18,0.7821633361576077,0.4561049874164803
287.26236120484623,856,245896.58119134838,194,9,58,9.064655230913303,43,12,Normal,1,0.43,0.856,4.917931623826967,0.388,0.3,0.58,0.18129310461826606,0.5745247224096924
117.72063211753643,220,25898.539065858015,266,25,91,46.496126545853436,56,34,Normal,1,0.56,0.22,0.5179707813171603,0.532,0.8333333333333334,0.91,0.9299225309170687,0.23544126423507286
174.26433649348073,911,158754.81054556093,83,29,83,33.743879732973454,46,30,Normal,1,0.46,0.911,3.1750962109112186,0.166,0.9666666666666667,0.83,0.6748775946594691,0.34852867298696144
354.75576897540435,948,336308.4689886833,61,21,38,5.003055004415012,5,31,Normal,1,0.05,0.948,6.726169379773666,0.122,0.7,0.38,0.10006110008830024,0.7095115379508087
90.8741373356196,836,75970.77881257798,250,30,74,20.939507690182268,80,35,Normal,1,0.8,0.836,1.5194155762515595,0.5,1.0,0.74,0.41879015380364537,0.1817482746712392
338.4605203627471,820,277537.6266974526,191,12,60,23.829351606279964,10,17,Normal,1,0.1,0.82,5.550752533949052,0.382,0.4,0.6,0.4765870321255993,0.6769210407254942
314.57714836327403,304,95631.4531024353,267,11,47,42.90488990614554,71,7,Normal,0,0.71,0.304,1.912629062048706,0.534,0.36666666666666664,0.47,0.8580977981229109,0.6291542967265481
476.6145803868804,22,10485.52076851137,217,12,23,15.013191801999497,79,13,Normal,1,0.79,0.022,0.2097104153702274,0.434,0.4,0.23,0.30026383603998996,0.9532291607737607
398.2858083455457,492,195956.6177060085,100,4,29,8.379167357840656,92,3,Normal,0,0.92,0.492,3.91913235412017,0.2,0.13333333333333333,0.29,0.1675833471568131,0.7965716166910914
227.07465693198017,577,131022.07704975257,374,7,18,40.03357671197775,27,12,Moderate Risk,1,0.27,0.577,2.6204415409950514,0.748,0.23333333333333334,0.18,0.8006715342395551,0.45414931386396035
448.52849209962153,874,392013.90209506924,345,23,72,43.151585769431755,2,18,Moderate Risk,0,0.02,0.874,7.840278041901385,0.69,0.7666666666666667,0.72,0.8630317153886351,0.8970569841992431
376.4804805115354,912,343350.19822652027,165,17,74,38.69779855392447,98,12,Normal,0,0.98,0.912,6.867003964530405,0.33,0.5666666666666667,0.74,0.7739559710784895,0.7529609610230709
330.056171619494,918,302991.5655466955,319,22,46,13.433734686142584,76,30,Moderate Risk,1,0.76,0.918,6.05983131093391,0.638,0.7333333333333333,0.46,0.2686746937228517,0.660112343238988
358.77661901482867,506,181540.9692215033,315,27,10,47.6047966328188,66,23,Moderate Risk,0,0.66,0.506,3.630819384430066,0.63,0.9,0.1,0.9520959326563759,0.7175532380296573
468.26395027139876,707,331062.6128418789,455,25,31,16.667813551590424,18,22,Moderate Risk,0,0.18,0.707,6.621252256837578,0.91,0.8333333333333334,0.31,0.3333562710318085,0.9365279005427976
210.21580239982356,965,202858.24931582974,167,7,94,46.68074703565863,26,2,Normal,0,0.26,0.965,4.057164986316595,0.334,0.23333333333333334,0.94,0.9336149407131725,0.42043160479964714
261.9735317360943,710,186001.20753262696,315,20,48,28.381814424078268,80,23,Moderate Risk,1,0.8,0.71,3.720024150652539,0.63,0.6666666666666666,0.48,0.5676362884815653,0.5239470634721886
336.5517244950252,785,264193.1037285948,304,4,49,37.59778787453756,53,3,Moderate Risk,0,0.53,0.785,5.283862074571895,0.608,0.13333333333333333,0.49,0.7519557574907512,0.6731034489900505
423.3797418391796,953,403480.8939727381,167,21,49,34.6675098142003,51,17,Normal,0,0.51,0.953,8.069617879454762,0.334,0.7,0.49,0.6933501962840061,0.8467594836783592
318.415724144384,715,227667.24276323456,48,8,60,42.60290988761903,46,8,Normal,0,0.46,0.715,4.553344855264691,0.096,0.26666666666666666,0.6,0.8520581977523806,0.636831448288768
145.37767119526075,413,60040.97820364269,170,21,43,40.90671787920852,29,24,Normal,1,0.29,0.413,1.2008195640728538,0.34,0.7,0.43,0.8181343575841704,0.2907553423905215
208.85982773710523,251,52423.81676201341,137,10,56,15.517100907579177,18,15,Normal,1,0.18,0.251,1.0484763352402682,0.274,0.3333333333333333,0.56,0.3103420181515835,0.41771965547421047
33.133165427393735,612,20277.497241564964,472,17,53,5.616900929873458,4,26,Moderate Risk,1,0.04,0.612,0.4055499448312993,0.944,0.5666666666666667,0.53,0.11233801859746916,0.06626633085478748
495.92233801698364,420,208287.38196713314,188,22,82,33.61183410722781,36,27,Normal,1,0.36,0.42,4.165747639342663,0.376,0.7333333333333333,0.82,0.6722366821445561,0.9918446760339673
94.88033909183748,897,85107.66416537823,335,26,56,27.31510481673968,49,26,Moderate Risk,0,0.49,0.897,1.7021532833075645,0.67,0.8666666666666667,0.56,0.5463020963347937,0.18976067818367498
181.66669649206563,642,116630.01914790613,20,26,41,37.84916271104034,1,34,Normal,1,0.01,0.642,2.3326003829581228,0.04,0.8666666666666667,0.41,0.7569832542208068,0.36333339298413125
166.4405295779388,921,153291.72774128165,351,30,39,44.569086416566485,95,32,Moderate Risk,1,0.95,0.921,3.065834554825633,0.702,1.0,0.39,0.8913817283313297,0.3328810591558776
495.0864097925308,627,310419.1789399168,53,22,78,8.116100965386561,70,23,Normal,1,0.7,0.627,6.208383578798336,0.106,0.7333333333333333,0.78,0.1623220193077312,0.9901728195850615
412.5359068335372,305,125823.45158422884,148,1,86,5.475092717231102,57,8,Normal,1,0.57,0.305,2.5164690316845766,0.296,0.03333333333333333,0.86,0.10950185434462205,0.8250718136670744
90.33734675799649,371,33515.1556472167,281,6,61,38.34628011090092,31,2,Normal,0,0.31,0.371,0.670303112944334,0.562,0.2,0.61,0.7669256022180184,0.18067469351599297
448.995786745017,136,61063.42699732231,102,30,34,38.998345231130585,76,30,Normal,0,0.76,0.136,1.2212685399464462,0.204,1.0,0.34,0.7799669046226118,0.8979915734900341
498.5999938778674,784,390902.39520024805,186,11,16,23.76294697299734,27,15,Normal,1,0.27,0.784,7.818047904004961,0.372,0.36666666666666664,0.16,0.4752589394599468,0.9971999877557348
74.302564083857,980,72816.51280217987,476,17,81,11.921871518953946,15,12,Moderate Risk,0,0.15,0.98,1.4563302560435976,0.952,0.5666666666666667,0.81,0.2384374303790789,0.148605128167714
416.60060613632356,886,369108.1370367827,181,2,34,45.40909765518232,40,11,Normal,1,0.4,0.886,7.382162740735653,0.362,0.06666666666666667,0.34,0.9081819531036465,0.8332012122726471
125.15004291466437,480,60072.02059903889,327,16,31,48.19468071062485,70,25,Moderate Risk,1,0.7,0.48,1.2014404119807778,0.654,0.5333333333333333,0.31,0.963893614212497,0.2503000858293287
110.9724376710236,425,47163.28601018503,164,8,68,24.23813568436226,20,15,Normal,1,0.2,0.425,0.9432657202037006,0.328,0.26666666666666666,0.68,0.48476271368724516,0.2219448753420472
400.46742276699695,89,35641.60062626273,440,4,54,7.5714257277859005,46,1,Moderate Risk,0,0.46,0.089,0.7128320125252545,0.88,0.13333333333333333,0.54,0.151428514555718,0.8009348455339939
30.439881459381244,699,21277.47714010749,320,5,17,47.376247797260284,94,8,Moderate Risk,1,0.94,0.699,0.4255495428021498,0.64,0.16666666666666666,0.17,0.9475249559452057,0.06087976291876249
466.5096119523604,647,301831.7189331772,129,22,90,47.41917659857575,11,19,Normal,0,0.11,0.647,6.0366343786635435,0.258,0.7333333333333333,0.9,0.948383531971515,0.9330192239047208
368.66939740420685,28,10322.743127317792,329,10,94,34.77077218760058,58,14,Moderate Risk,1,0.58,0.028,0.20645486254635584,0.658,0.3333333333333333,0.94,0.6954154437520116,0.7373387948084137
395.1291044010047,389,153705.22161199083,145,14,81,24.883912576537472,31,24,Normal,1,0.31,0.389,3.0741044322398166,0.29,0.4666666666666667,0.81,0.49767825153074946,0.7902582088020095
389.44019539198536,727,283123.02204997337,255,16,89,43.55051802695415,59,26,Normal,1,0.59,0.727,5.662460440999467,0.51,0.5333333333333333,0.89,0.871010360539083,0.7788803907839708
179.4970767693188,443,79517.20500880823,207,3,49,7.519646887047254,63,11,Normal,1,0.63,0.443,1.5903441001761647,0.414,0.1,0.49,0.1503929377409451,0.3589941535386376
33.16915246856718,861,28558.64027543634,73,28,15,33.79709215172781,54,37,Normal,1,0.54,0.861,0.5711728055087268,0.146,0.9333333333333333,0.15,0.6759418430345562,0.06633830493713436
390.7344146493931,656,256321.77601000186,127,2,23,48.13403682874148,58,-3,Normal,0,0.58,0.656,5.126435520200038,0.254,0.06666666666666667,0.23,0.9626807365748296,0.7814688292987862
193.72439925020228,218,42231.919036544095,474,26,75,42.285433839640454,2,27,Moderate Risk,1,0.02,0.218,0.8446383807308819,0.948,0.8666666666666667,0.75,0.845708676792809,0.3874487985004046
322.98298715517313,795,256771.47478836266,213,16,76,47.172838227606874,60,19,Normal,1,0.6,0.795,5.135429495767253,0.426,0.5333333333333333,0.76,0.9434567645521375,0.6459659743103463
480.4654652085378,675,324314.189015763,460,2,92,49.964809739743345,92,2,Moderate Risk,0,0.92,0.675,6.48628378031526,0.92,0.06666666666666667,0.92,0.9992961947948669,0.9609309304170757
23.528763577355022,952,22399.38292564198,373,8,35,20.59911266793882,53,10,Moderate Risk,1,0.53,0.952,0.4479876585128396,0.746,0.26666666666666666,0.35,0.41198225335877636,0.047057527154710045
83.694635137308,931,77919.70531283374,8,4,35,14.970652941526868,42,6,High Risk,1,0.42,0.931,1.5583941062566748,0.016,0.13333333333333333,0.35,0.29941305883053737,0.167389270274616
216.30049948836563,56,12112.827971348475,439,17,69,39.04236899515217,33,25,Moderate Risk,1,0.33,0.056,0.2422565594269695,0.878,0.5666666666666667,0.69,0.7808473799030433,0.43260099897673127
467.09477604936546,428,199916.56414912842,71,14,95,34.08640577415969,54,20,Normal,1,0.54,0.428,3.9983312829825683,0.142,0.4666666666666667,0.95,0.6817281154831938,0.9341895520987309
438.9428841888101,86,37749.08804023767,56,17,83,39.348896581595184,41,23,Normal,1,0.41,0.086,0.7549817608047534,0.112,0.5666666666666667,0.83,0.7869779316319037,0.8778857683776202
236.87067030569213,372,88115.88935371747,460,9,36,45.19932154769218,30,13,Moderate Risk,1,0.3,0.372,1.7623177870743494,0.92,0.3,0.36,0.9039864309538436,0.4737413406113843
346.80047219227896,991,343679.26794254844,334,17,90,29.104015533729186,18,26,Moderate Risk,1,0.18,0.991,6.873585358850969,0.668,0.5666666666666667,0.9,0.5820803106745838,0.6936009443845579
151.14257642532874,75,11335.693231899655,376,9,15,8.609611459487185,91,6,Moderate Risk,0,0.91,0.075,0.2267138646379931,0.752,0.3,0.15,0.1721922291897437,0.3022851528506575
148.9604980422796,181,26961.850145652606,455,1,31,6.573537983930462,67,4,Moderate Risk,1,0.67,0.181,0.5392370029130521,0.91,0.03333333333333333,0.31,0.13147075967860924,0.2979209960845592
292.81139780365027,918,268800.86318375095,55,1,68,45.282723118790564,83,7,Normal,1,0.83,0.918,5.376017263675019,0.11,0.03333333333333333,0.68,0.9056544623758113,0.5856227956073006
499.00997956422236,281,140221.8042575465,35,3,46,29.422181262615165,12,6,Normal,1,0.12,0.281,2.80443608515093,0.07,0.1,0.46,0.5884436252523033,0.9980199591284448
185.9226966743949,672,124940.05216519337,41,7,78,33.39402142043838,43,3,Normal,0,0.43,0.672,2.4988010433038674,0.082,0.23333333333333334,0.78,0.6678804284087676,0.3718453933487898
159.32596982937153,424,67554.21120765353,448,25,51,40.37647621614354,99,21,Moderate Risk,0,0.99,0.424,1.3510842241530705,0.896,0.8333333333333334,0.51,0.8075295243228707,0.31865193965874306
119.68103937538207,844,101010.79723282247,135,6,42,25.33108982308747,58,1,Normal,0,0.58,0.844,2.0202159446564494,0.27,0.2,0.42,0.5066217964617494,0.23936207875076415
491.21118364740244,343,168485.43599105903,493,4,50,47.87238308752787,44,14,Moderate Risk,1,0.44,0.343,3.3697087198211806,0.986,0.13333333333333333,0.5,0.9574476617505574,0.9824223672948049
356.3202124890548,584,208091.004093608,200,9,66,10.104238417904977,32,8,Normal,0,0.32,0.584,4.16182008187216,0.4,0.3,0.66,0.20208476835809955,0.7126404249781096
165.9444727570338,711,117986.52013025102,203,13,80,8.087455841738416,93,20,Normal,1,0.93,0.711,2.3597304026050203,0.406,0.43333333333333335,0.8,0.16174911683476834,0.3318889455140676
302.43460989539363,820,247996.3801142228,190,25,62,43.269867170903346,77,32,Normal,1,0.77,0.82,4.959927602284456,0.38,0.8333333333333334,0.62,0.865397343418067,0.6048692197907872
481.47001483941216,447,215217.09663321724,391,24,54,14.529925004833446,13,25,Moderate Risk,1,0.13,0.447,4.304341932664345,0.782,0.8,0.54,0.29059850009666893,0.9629400296788243
378.7688547342469,762,288621.86730749614,102,23,87,11.84546161007954,64,19,Normal,0,0.64,0.762,5.772437346149923,0.204,0.7666666666666667,0.87,0.23690923220159077,0.7575377094684937
56.85380763064272,725,41219.01053221597,115,26,29,20.970266186402892,61,21,Normal,0,0.61,0.725,0.8243802106443194,0.23,0.8666666666666667,0.29,0.41940532372805783,0.11370761526128544
254.47101644704068,122,31045.464006538965,320,23,80,43.60450410238627,36,27,Moderate Risk,1,0.36,0.122,0.6209092801307793,0.64,0.7666666666666667,0.8,0.8720900820477254,0.5089420328940814
260.80460226835794,945,246460.34914359826,476,15,75,38.687403487265335,67,19,Moderate Risk,1,0.67,0.945,4.929206982871965,0.952,0.5,0.75,0.7737480697453067,0.5216092045367159
30.521246614954006,48,1465.0198375177922,13,17,83,13.735572245526196,76,27,High Risk,1,0.76,0.048,0.029300396750355843,0.026,0.5666666666666667,0.83,0.2747114449105239,0.06104249322990801
405.2525172503763,4,1621.0100690015051,192,16,93,29.13423643589518,53,21,Normal,1,0.53,0.004,0.0324202013800301,0.384,0.5333333333333333,0.93,0.5826847287179036,0.8105050345007526
379.713318899231,727,276051.58283974096,261,11,27,28.607578028368906,64,7,Normal,0,0.64,0.727,5.521031656794819,0.522,0.36666666666666664,0.27,0.5721515605673781,0.759426637798462
287.1899123840262,771,221423.42244808417,192,29,21,36.95613115399138,73,24,Normal,0,0.73,0.771,4.4284684489616835,0.384,0.9666666666666667,0.21,0.7391226230798276,0.5743798247680524
139.43269862932183,940,131066.73671156252,303,18,44,47.08032193585163,84,18,Moderate Risk,0,0.84,0.94,2.6213347342312505,0.606,0.6,0.44,0.9416064387170325,0.2788653972586437
105.9403795721181,244,25849.452615596816,110,5,38,42.554310754549306,89,13,Normal,1,0.89,0.244,0.5169890523119364,0.22,0.16666666666666666,0.38,0.8510862150909861,0.2118807591442362
362.3561312841487,423,153276.6435331949,142,4,59,42.72597568716019,27,9,Normal,1,0.27,0.423,3.065532870663898,0.284,0.13333333333333333,0.59,0.8545195137432038,0.7247122625682975
188.11619130522394,902,169680.804557312,232,6,69,43.76404493629416,82,10,Normal,1,0.82,0.902,3.3936160911462396,0.464,0.2,0.69,0.8752808987258832,0.3762323826104479
443.2153521452473,687,304488.9469237849,469,15,79,49.24721837978942,56,22,Moderate Risk,1,0.56,0.687,6.089778938475698,0.938,0.5,0.79,0.9849443675957885,0.8864307042904946
282.6183144889208,783,221290.140244825,472,3,92,14.301601000487308,95,0,Moderate Risk,0,0.95,0.783,4.4258028048965,0.944,0.1,0.92,0.28603202000974615,0.5652366289778417
350.67820826195475,827,290010.8782326366,341,29,99,27.547836470393083,97,27,Moderate Risk,0,0.97,0.827,5.8002175646527325,0.682,0.9666666666666667,0.99,0.5509567294078617,0.7013564165239095
463.9156242256449,902,418451.8930515317,151,4,10,42.78040368898147,63,14,Normal,1,0.63,0.902,8.369037861030634,0.302,0.13333333333333333,0.1,0.8556080737796294,0.9278312484512897
315.377615547786,821,258925.0223647323,1,4,100,8.173258194146452,74,6,High Risk,1,0.74,0.821,5.178500447294645,0.002,0.13333333333333333,1.0,0.16346516388292906,0.630755231095572
256.59109520949664,706,181153.31321790462,236,25,42,16.737294294928,78,21,Normal,0,0.78,0.706,3.6230662643580924,0.472,0.8333333333333334,0.42,0.33474588589855997,0.5131821904189933
417.18234549893344,22,9178.011600976535,382,9,64,44.86258225930337,41,11,Moderate Risk,1,0.41,0.022,0.1835602320195307,0.764,0.3,0.64,0.8972516451860675,0.8343646909978669
421.1478350593849,789,332285.64186185464,490,10,92,26.83711936746122,10,8,Moderate Risk,0,0.1,0.789,6.645712837237093,0.98,0.3333333333333333,0.92,0.5367423873492244,0.8422956701187697
121.47936820574638,631,76653.48133782597,411,11,64,36.332297215898215,25,14,Moderate Risk,1,0.25,0.631,1.5330696267565194,0.822,0.36666666666666664,0.64,0.7266459443179643,0.24295873641149277
125.5753710558329,994,124821.91882949791,350,8,59,43.148557766959065,45,4,Moderate Risk,0,0.45,0.994,2.4964383765899583,0.7,0.26666666666666666,0.59,0.8629711553391813,0.2511507421116658
421.5332668035076,915,385702.93912520946,157,15,70,46.60115418803234,7,14,Normal,0,0.07,0.915,7.714058782504189,0.314,0.5,0.7,0.9320230837606468,0.8430665336070152
10.710715990095917,68,728.3286873265223,477,30,77,26.108371757011472,99,30,Moderate Risk,0,0.99,0.068,0.014566573746530446,0.954,1.0,0.77,0.5221674351402295,0.021421431980191835
216.7433158966142,79,17122.721955832523,53,3,38,23.35803753767098,21,8,Normal,1,0.21,0.079,0.34245443911665047,0.106,0.1,0.38,0.4671607507534196,0.43348663179322844
318.12907643841095,67,21314.648121373535,330,3,13,14.172459937722913,68,4,Moderate Risk,1,0.68,0.067,0.4262929624274707,0.66,0.1,0.13,0.28344919875445823,0.6362581528768219
128.87395369266784,788,101552.67550982226,187,26,92,13.417670961176974,37,36,Normal,1,0.37,0.788,2.031053510196445,0.374,0.8666666666666667,0.92,0.2683534192235395,0.2577479073853357
27.014563407104177,534,14425.77685939363,184,4,35,25.05970104143571,72,0,Normal,0,0.72,0.534,0.2885155371878726,0.368,0.13333333333333333,0.35,0.5011940208287142,0.05402912681420836
238.25901247219568,423,100783.56227573878,4,11,37,43.692831336920655,19,11,High Risk,0,0.19,0.423,2.0156712455147754,0.008,0.36666666666666664,0.37,0.8738566267384131,0.4765180249443914
153.23983986167036,795,121825.67269002793,487,12,65,13.303919363510369,93,16,Moderate Risk,1,0.93,0.795,2.4365134538005586,0.974,0.4,0.65,0.2660783872702074,0.3064796797233407
79.89896615382574,620,49537.359015371956,465,26,77,28.102352728884377,61,34,Moderate Risk,1,0.61,0.62,0.9907471803074391,0.93,0.8666666666666667,0.77,0.5620470545776876,0.1597979323076515
35.62950430132176,720,25653.243096951668,84,15,13,19.67890339758079,94,21,Normal,1,0.94,0.72,0.5130648619390333,0.168,0.5,0.13,0.3935780679516158,0.07125900860264352
295.47200294502136,895,264447.4426357941,116,11,72,8.785535683520457,23,16,Normal,1,0.23,0.895,5.288948852715882,0.232,0.36666666666666664,0.72,0.17571071367040914,0.5909440058900427
112.42855628788735,420,47219.99364091268,311,19,79,20.707933467383892,54,22,Moderate Risk,1,0.54,0.42,0.9443998728182537,0.622,0.6333333333333333,0.79,0.41415866934767787,0.2248571125757747
313.1167312853781,843,263957.4044735737,224,30,92,45.76492018860374,40,27,Normal,0,0.4,0.843,5.279148089471475,0.448,1.0,0.92,0.9152984037720748,0.6262334625707562
435.27612470324686,455,198050.63673997732,121,14,79,45.06720611759396,48,24,Normal,1,0.48,0.455,3.9610127347995463,0.242,0.4666666666666667,0.79,0.9013441223518792,0.8705522494064938
142.8840731159545,541,77300.28355573138,487,4,94,37.13961536805557,68,2,Moderate Risk,0,0.68,0.541,1.5460056711146277,0.974,0.13333333333333333,0.94,0.7427923073611115,0.285768146231909
334.3174970914929,788,263442.1877080964,197,5,22,48.111146155921666,51,15,Normal,1,0.51,0.788,5.268843754161928,0.394,0.16666666666666666,0.22,0.9622229231184334,0.6686349941829858
327.88654586966607,459,150499.92455417672,465,9,79,14.196012894152974,69,6,Moderate Risk,0,0.69,0.459,3.0099984910835342,0.93,0.3,0.79,0.28392025788305947,0.6557730917393322
437.7275954471212,735,321729.7826536341,65,29,36,8.412649512672337,79,34,Normal,1,0.79,0.735,6.434595653072682,0.13,0.9666666666666667,0.36,0.16825299025344673,0.8754551908942424
483.36246443923585,448,216546.38406877767,12,19,35,22.53325801632443,65,22,High Risk,1,0.65,0.448,4.330927681375553,0.024,0.6333333333333333,0.35,0.4506651603264886,0.9667249288784717
336.93569831759794,681,229453.2105542842,209,4,33,23.439315253789243,0,14,Normal,1,0.0,0.681,4.589064211085684,0.418,0.13333333333333333,0.33,0.46878630507578484,0.6738713966351959
465.8548115520996,593,276251.90325039503,266,7,56,8.586598119628388,95,10,Normal,1,0.95,0.593,5.525038065007901,0.532,0.23333333333333334,0.56,0.17173196239256774,0.9317096231041991
186.8476366485018,972,181615.90282234375,163,27,78,7.671941029527554,71,37,Normal,1,0.71,0.972,3.632318056446875,0.326,0.9,0.78,0.15343882059055108,0.3736952732970036
228.81637050330468,401,91755.36457182518,197,29,93,38.070231339752475,48,25,Normal,0,0.48,0.401,1.8351072914365036,0.394,0.9666666666666667,0.93,0.7614046267950495,0.4576327410066094
469.3131421968415,6,2815.878853181049,394,11,49,44.7783179885873,29,10,Moderate Risk,0,0.29,0.006,0.056317577063620984,0.788,0.36666666666666664,0.49,0.8955663597717459,0.938626284393683
85.04332240890548,164,13947.104875060499,292,30,77,48.82624560155326,62,36,Normal,1,0.62,0.164,0.27894209750120996,0.584,1.0,0.77,0.9765249120310652,0.17008664481781097
363.01585433674785,997,361926.8067737376,476,7,89,41.36868915756013,97,7,Moderate Risk,0,0.97,0.997,7.238536135474752,0.952,0.23333333333333334,0.89,0.8273737831512026,0.7260317086734956
252.84237520562297,47,11883.591634664279,2,13,24,49.9417459670852,95,18,High Risk,1,0.95,0.047,0.23767183269328557,0.004,0.43333333333333335,0.24,0.998834919341704,0.5056847504112459
335.1228452117397,152,50938.67247218443,375,4,31,13.434612177863638,48,3,Moderate Risk,0,0.48,0.152,1.0187734494436886,0.75,0.13333333333333333,0.31,0.2686922435572728,0.6702456904234794
478.2804405640016,616,294620.751387425,454,29,27,40.33500306738307,37,34,Moderate Risk,1,0.37,0.616,5.8924150277485,0.908,0.9666666666666667,0.27,0.8067000613476614,0.9565608811280032
302.8326211495752,543,164438.11328421932,137,13,22,18.338477026910496,12,13,Normal,0,0.12,0.543,3.2887622656843862,0.274,0.43333333333333335,0.22,0.3667695405382099,0.6056652422991503
322.46643375801517,134,43210.502123574035,15,19,30,14.383542819077286,58,16,High Risk,0,0.58,0.134,0.8642100424714807,0.03,0.6333333333333333,0.3,0.2876708563815457,0.6449328675160303
493.6759565491144,524,258686.20123173593,12,21,21,38.604802488278864,83,25,High Risk,1,0.83,0.524,5.173724024634718,0.024,0.7,0.21,0.7720960497655773,0.9873519130982288
252.04285102076096,620,156266.5676328718,482,9,81,49.24106715312759,17,10,Moderate Risk,1,0.17,0.62,3.125331352657436,0.964,0.3,0.81,0.9848213430625518,0.5040857020415219
445.1138620671477,608,270629.2281368258,77,28,85,42.62065148924648,14,38,Normal,1,0.14,0.608,5.412584562736516,0.154,0.9333333333333333,0.85,0.8524130297849295,0.8902277241342954
78.71951308119938,100,7871.951308119938,453,23,49,24.363040431870708,95,30,Moderate Risk,1,0.95,0.1,0.15743902616239877,0.906,0.7666666666666667,0.49,0.48726080863741417,0.15743902616239877
236.4725102711833,581,137390.5284675575,228,23,69,47.03548079987705,86,19,Normal,0,0.86,0.581,2.74781056935115,0.456,0.7666666666666667,0.69,0.940709615997541,0.4729450205423666
417.4806838509648,146,60952.17984224086,206,10,45,34.13173877849285,24,18,Normal,1,0.24,0.146,1.2190435968448172,0.412,0.3333333333333333,0.45,0.6826347755698571,0.8349613677019296
128.03706933451093,269,34441.97165098344,389,1,69,34.806191679097886,46,5,Moderate Risk,1,0.46,0.269,0.6888394330196688,0.778,0.03333333333333333,0.69,0.6961238335819577,0.25607413866902184
224.56849610241008,80,17965.479688192805,68,1,90,35.028112421084074,98,10,Normal,1,0.98,0.08,0.3593095937638561,0.136,0.03333333333333333,0.9,0.7005622484216815,0.4491369922048202
134.38265623814937,371,49855.965464353416,209,22,47,40.80066145326108,86,28,Normal,1,0.86,0.371,0.9971193092870683,0.418,0.7333333333333333,0.47,0.8160132290652216,0.26876531247629876
357.9341034050863,108,38656.88316774932,399,14,68,15.080616755465098,82,24,Moderate Risk,1,0.82,0.108,0.7731376633549865,0.798,0.4666666666666667,0.68,0.30161233510930197,0.7158682068101726
303.3528610164914,901,273320.9277758587,344,1,75,31.281465092711972,15,-4,Moderate Risk,0,0.15,0.901,5.4664185555171745,0.688,0.03333333333333333,0.75,0.6256293018542395,0.6067057220329828
229.18449733908648,317,72651.48565649042,18,17,35,14.113339224216102,88,19,High Risk,1,0.88,0.317,1.4530297131298084,0.036,0.5666666666666667,0.35,0.282266784484322,0.45836899467817294
465.21067020629295,34,15817.16278701396,21,6,26,32.07863767676238,63,3,Normal,0,0.63,0.034,0.3163432557402792,0.042,0.2,0.26,0.6415727535352477,0.9304213404125858
89.86175132032811,390,35046.083014927965,397,1,31,13.863295703577668,71,3,Moderate Risk,1,0.71,0.39,0.7009216602985593,0.794,0.03333333333333333,0.31,0.2772659140715534,0.17972350264065623
106.10826942106436,899,95391.33420953686,164,2,59,21.03877666760139,54,0,Normal,0,0.54,0.899,1.9078266841907372,0.328,0.06666666666666667,0.59,0.4207755333520278,0.21221653884212874
227.21817315605438,92,20904.071930357004,153,21,69,11.969675753449003,94,18,Normal,0,0.94,0.092,0.4180814386071401,0.306,0.7,0.69,0.23939351506898007,0.4544363463121088
139.82362032749901,439,61382.56932377207,125,9,77,8.1958939441847,11,18,Normal,1,0.11,0.439,1.2276513864754415,0.25,0.3,0.77,0.163917878883694,0.279647240654998
203.42999192501486,897,182476.70275673832,485,22,63,23.55133254165227,12,24,Moderate Risk,1,0.12,0.897,3.6495340551347666,0.97,0.7333333333333333,0.63,0.47102665083304535,0.4068599838500297
109.51304024149665,726,79506.46721532657,154,24,58,25.27138439790513,81,34,Normal,1,0.81,0.726,1.5901293443065314,0.308,0.8,0.58,0.5054276879581026,0.2190260804829933
446.5791381698451,682,304566.97223183437,346,20,36,32.17133285239806,76,23,Moderate Risk,1,0.76,0.682,6.091339444636687,0.692,0.6666666666666666,0.36,0.6434266570479612,0.8931582763396902
406.5028447414498,380,154471.08100175092,238,24,74,49.58402903881498,15,21,Normal,0,0.15,0.38,3.0894216200350186,0.476,0.8,0.74,0.9916805807762996,0.8130056894828995
177.63518406687277,841,149391.18980023998,478,24,58,49.68566090505852,66,29,Moderate Risk,1,0.66,0.841,2.9878237960047995,0.956,0.8,0.58,0.9937132181011704,0.3552703681337455
119.05616702474312,138,16429.75104941455,88,16,70,12.934787981429546,58,11,Normal,0,0.58,0.138,0.328595020988291,0.176,0.5333333333333333,0.7,0.2586957596285909,0.23811233404948623
276.16992024423445,836,230878.05332418,443,25,29,25.952226469537273,66,35,Moderate Risk,1,0.66,0.836,4.617561066483599,0.886,0.8333333333333334,0.29,0.5190445293907454,0.5523398404884688
386.5547882361365,102,39428.58840008592,20,24,18,34.91594833885961,70,31,Normal,1,0.7,0.102,0.7885717680017185,0.04,0.8,0.18,0.6983189667771922,0.7731095764722731
152.2858585746042,530,80711.50504454022,412,4,67,43.087629969770326,96,6,Moderate Risk,1,0.96,0.53,1.6142301008908042,0.824,0.13333333333333333,0.67,0.8617525993954065,0.3045717171492084
131.96125065241065,528,69675.54034447283,308,20,39,39.44786643791461,15,15,Moderate Risk,0,0.15,0.528,1.3935108068894566,0.616,0.6666666666666666,0.39,0.7889573287582923,0.2639225013048213
463.2360820432662,180,83382.49476778792,250,10,32,26.73066966484494,35,16,Normal,1,0.35,0.18,1.6676498953557586,0.5,0.3333333333333333,0.32,0.5346133932968988,0.9264721640865324
120.50270629444829,642,77362.7374410358,145,15,41,7.1757899919911985,85,12,Normal,0,0.85,0.642,1.547254748820716,0.29,0.5,0.41,0.14351579983982396,0.24100541258889657
198.6493555201698,309,61382.65085573246,467,12,71,37.82505899697408,23,8,Moderate Risk,0,0.23,0.309,1.2276530171146494,0.934,0.4,0.71,0.7565011799394816,0.3972987110403396
117.41790197827785,708,83131.87460062072,383,19,52,5.773777470516969,54,17,Moderate Risk,0,0.54,0.708,1.6626374920124145,0.766,0.6333333333333333,0.52,0.11547554941033938,0.2348358039565557
494.66829467973713,679,335879.7720875415,205,22,96,46.79995350306031,43,24,Normal,1,0.43,0.679,6.717595441750831,0.41,0.7333333333333333,0.96,0.9359990700612062,0.9893365893594742
72.21918607670342,891,64347.29479434275,119,30,29,24.660749473819696,60,39,Normal,1,0.6,0.891,1.286945895886855,0.238,1.0,0.29,0.4932149894763939,0.14443837215340685
351.0291812498018,748,262569.82757485175,237,2,45,41.92972890147847,82,10,Normal,1,0.82,0.748,5.251396551497035,0.474,0.06666666666666667,0.45,0.8385945780295694,0.7020583624996036
283.6634142717415,197,55881.69261153307,77,28,54,10.714718866472163,47,23,Normal,0,0.47,0.197,1.1176338522306615,0.154,0.9333333333333333,0.54,0.21429437732944326,0.5673268285434829
341.85968383420345,443,151443.83993855212,445,10,33,24.422423921467814,27,8,Moderate Risk,0,0.27,0.443,3.0288767987710425,0.89,0.3333333333333333,0.33,0.4884484784293563,0.6837193676684069
88.56493460710807,953,84402.382680574,177,14,22,17.63085868890014,94,9,Normal,0,0.94,0.953,1.68804765361148,0.354,0.4666666666666667,0.22,0.35261717377800283,0.17712986921421614
413.13729672267175,118,48750.20101327527,251,10,26,38.233130842133285,68,9,Normal,0,0.68,0.118,0.9750040202655054,0.502,0.3333333333333333,0.26,0.7646626168426657,0.8262745934453435
34.24017425669787,933,31946.08258149911,349,23,100,15.522885986585749,98,24,Moderate Risk,1,0.98,0.933,0.6389216516299823,0.698,0.7666666666666667,1.0,0.310457719731715,0.06848034851339574
299.7452536935893,199,59649.30548502427,358,10,79,11.40558233546219,20,17,Moderate Risk,1,0.2,0.199,1.1929861097004855,0.716,0.3333333333333333,0.79,0.2281116467092438,0.5994905073871786
63.21086444823996,973,61504.17110813748,105,1,20,28.62223979710768,52,-1,Normal,0,0.52,0.973,1.2300834221627497,0.21,0.03333333333333333,0.2,0.5724447959421536,0.12642172889647993
263.1518687130548,117,30788.76863942741,234,26,57,10.365851041254588,22,34,Normal,1,0.22,0.117,0.6157753727885482,0.468,0.8666666666666667,0.57,0.20731702082509176,0.5263037374261096
171.95098730136877,548,94229.14104115008,101,9,10,25.89437391244791,2,14,Normal,1,0.02,0.548,1.8845828208230018,0.202,0.3,0.1,0.5178874782489582,0.3439019746027375
461.4901069636966,730,336887.7780834985,416,12,47,46.57131333242018,10,8,Moderate Risk,0,0.1,0.73,6.737755561669969,0.832,0.4,0.47,0.9314262666484037,0.9229802139273932
60.376663675750194,923,55727.66057271743,406,4,30,22.95282191966525,47,0,Moderate Risk,0,0.47,0.923,1.1145532114543486,0.812,0.13333333333333333,0.3,0.459056438393305,0.12075332735150039
125.43336860685545,681,85420.12402126857,150,26,90,34.93970404312192,60,30,Normal,1,0.6,0.681,1.7084024804253712,0.3,0.8666666666666667,0.9,0.6987940808624384,0.2508667372137109
299.5840433948339,408,122230.28970509222,230,12,33,10.51655723932861,82,22,Normal,1,0.82,0.408,2.4446057941018444,0.46,0.4,0.33,0.21033114478657222,0.5991680867896678
491.3864810721522,368,180830.22503455202,353,30,27,21.707885167552618,21,34,Moderate Risk,1,0.21,0.368,3.6166045006910403,0.706,1.0,0.27,0.43415770335105236,0.9827729621443044
19.67607388077953,278,5469.948538856709,28,23,79,10.736965844248962,23,29,Normal,1,0.23,0.278,0.10939897077713419,0.056,0.7666666666666667,0.79,0.21473931688497924,0.03935214776155906
52.941799108815374,461,24406.169389163886,160,29,33,12.953918481386701,48,33,Normal,1,0.48,0.461,0.48812338778327774,0.32,0.9666666666666667,0.33,0.259078369627734,0.10588359821763074
41.71847831980368,679,28326.846779146697,36,19,81,36.942404631673554,99,25,Normal,1,0.99,0.679,0.5665369355829339,0.072,0.6333333333333333,0.81,0.7388480926334711,0.08343695663960736
152.94160083127835,346,52917.79388762231,290,13,64,6.592620301923095,55,12,Normal,0,0.55,0.346,1.0583558777524462,0.58,0.43333333333333335,0.64,0.1318524060384619,0.3058832016625567
205.73547073834177,940,193391.34249404128,33,4,20,6.166078374900669,1,-1,Normal,0,0.01,0.94,3.8678268498808257,0.066,0.13333333333333333,0.2,0.12332156749801339,0.41147094147668356
138.02291964765698,405,55899.28245730107,426,19,64,34.099198183368166,83,25,Moderate Risk,1,0.83,0.405,1.1179856491460214,0.852,0.6333333333333333,0.64,0.6819839636673634,0.27604583929531396
194.05153744171346,471,91398.27413504705,144,15,24,22.27238144242996,88,24,Normal,1,0.88,0.471,1.8279654827009408,0.288,0.5,0.24,0.44544762884859923,0.38810307488342694
460.8046587199208,394,181557.03553564879,258,10,88,9.810597321166226,71,12,Normal,1,0.71,0.394,3.631140710712976,0.516,0.3333333333333333,0.88,0.1962119464233245,0.9216093174398415
325.5198543394299,385,125325.14392068052,103,30,48,47.89908265000252,7,33,Normal,1,0.07,0.385,2.5065028784136105,0.206,1.0,0.48,0.9579816530000503,0.6510397086788599
279.85987431727966,925,258870.3837434837,43,1,67,21.505559866771517,34,-1,Normal,0,0.34,0.925,5.177407674869674,0.086,0.03333333333333333,0.67,0.43011119733543035,0.5597197486345593
119.90816153043448,149,17866.31606803474,369,13,97,45.6604268366885,88,18,Moderate Risk,1,0.88,0.149,0.3573263213606948,0.738,0.43333333333333335,0.97,0.91320853673377,0.23981632306086897
170.37626257746496,247,42082.936856633845,374,8,62,25.49443765279019,22,14,Moderate Risk,1,0.22,0.247,0.8416587371326769,0.748,0.26666666666666666,0.62,0.5098887530558038,0.34075252515492993
96.21806179633411,498,47916.59477457439,417,5,28,20.02085879970735,27,14,Moderate Risk,1,0.27,0.498,0.9583318954914878,0.834,0.16666666666666666,0.28,0.40041717599414706,0.19243612359266823
236.66280183500328,392,92771.81831932129,110,15,29,40.981833930065065,98,10,Normal,0,0.98,0.392,1.8554363663864257,0.22,0.5,0.29,0.8196366786013013,0.47332560367000653
263.92172347589485,383,101082.02009126772,86,29,61,30.009927645697662,2,32,Normal,1,0.02,0.383,2.0216404018253544,0.172,0.9666666666666667,0.61,0.6001985529139532,0.5278434469517898
413.3031377202281,498,205824.9625846736,314,6,32,30.001718914734347,89,3,Moderate Risk,0,0.89,0.498,4.116499251693472,0.628,0.2,0.32,0.600034378294687,0.8266062754404562
258.29320700873836,238,61473.78326807973,1,11,93,37.82386624678953,68,7,High Risk,0,0.68,0.238,1.2294756653615946,0.002,0.36666666666666664,0.93,0.7564773249357906,0.5165864140174767
173.85210579059884,27,4694.006856346169,366,20,83,11.561135598977843,63,17,Moderate Risk,0,0.63,0.027,0.09388013712692338,0.732,0.6666666666666666,0.83,0.23122271197955688,0.3477042115811977
40.68069403983516,578,23513.441155024724,267,5,76,42.165872680510425,92,2,Normal,0,0.92,0.578,0.4702688231004945,0.534,0.16666666666666666,0.76,0.8433174536102085,0.08136138807967032
437.4330000440544,288,125980.70401268767,277,3,26,22.2217272310672,48,10,Normal,1,0.48,0.288,2.519614080253753,0.554,0.1,0.26,0.44443454462134396,0.8748660000881088
327.9864844141409,537,176128.74213039366,34,30,83,23.278245167556506,60,38,Normal,1,0.6,0.537,3.5225748426078733,0.068,1.0,0.83,0.4655649033511301,0.6559729688282817
200.45033874110982,722,144725.1445710813,468,28,50,49.35244765224683,75,31,Moderate Risk,1,0.75,0.722,2.894502891421626,0.936,0.9333333333333333,0.5,0.9870489530449366,0.40090067748221964
14.771263973122046,733,10827.33649229846,377,28,10,48.20881543296581,8,33,Moderate Risk,1,0.08,0.733,0.2165467298459692,0.754,0.9333333333333333,0.1,0.9641763086593161,0.029542527946244092
237.12007045732867,726,172149.1711520206,169,22,55,44.83296904063765,84,19,Normal,0,0.84,0.726,3.442983423040412,0.338,0.7333333333333333,0.55,0.896659380812753,0.4742401409146573
48.86291661787082,901,44025.48787270161,65,2,42,31.450969917900274,94,3,Normal,1,0.94,0.901,0.8805097574540323,0.13,0.06666666666666667,0.42,0.6290193983580055,0.09772583323574165
320.78401789081624,519,166486.90528533363,284,14,89,26.026375786800944,58,18,Normal,1,0.58,0.519,3.3297381057066726,0.568,0.4666666666666667,0.89,0.5205275157360189,0.6415680357816325
297.70368031577584,910,270910.349087356,194,25,48,17.673254035028208,6,34,Normal,1,0.06,0.91,5.418206981747121,0.388,0.8333333333333334,0.48,0.35346508070056415,0.5954073606315516
142.32705190000073,587,83545.97946530042,359,8,32,6.242682010237019,57,3,Moderate Risk,0,0.57,0.587,1.6709195893060085,0.718,0.26666666666666666,0.32,0.12485364020474038,0.28465410380000145
266.0303726492251,564,150041.13017416297,68,24,95,34.54554924687119,4,20,Normal,0,0.04,0.564,3.0008226034832592,0.136,0.8,0.95,0.6909109849374238,0.5320607452984503
181.15531547043003,808,146373.49490010747,376,24,59,18.418307907571275,18,24,Moderate Risk,0,0.18,0.808,2.9274698980021494,0.752,0.8,0.59,0.3683661581514255,0.36231063094086
293.81857123804286,703,206554.45558034413,197,21,57,28.381216147454083,85,29,Normal,1,0.85,0.703,4.131089111606883,0.394,0.7,0.57,0.5676243229490816,0.5876371424760858
364.472044282794,945,344426.08184724033,276,11,18,19.88938447597097,59,16,Normal,1,0.59,0.945,6.888521636944807,0.552,0.36666666666666664,0.18,0.3977876895194194,0.728944088565588
441.03426055999023,379,167151.98475223628,186,9,52,28.786933632624212,60,12,Normal,1,0.6,0.379,3.343039695044726,0.372,0.3,0.52,0.5757386726524842,0.8820685211199805
175.47982517913218,549,96338.42402334357,376,29,47,45.137316735323196,33,25,Moderate Risk,0,0.33,0.549,1.9267684804668714,0.752,0.9666666666666667,0.47,0.9027463347064639,0.3509596503582644
75.64934152163433,310,23451.29587170664,101,2,36,11.013284903102674,73,0,Normal,0,0.73,0.31,0.4690259174341328,0.202,0.06666666666666667,0.36,0.22026569806205348,0.15129868304326866
411.5992537305681,993,408718.0589544541,93,3,55,12.982787292734944,34,8,Normal,1,0.34,0.993,8.174361179089082,0.186,0.1,0.55,0.25965574585469886,0.8231985074611362
295.81257605887896,942,278655.446647464,455,30,15,25.790794843862578,70,25,Moderate Risk,0,0.7,0.942,5.57310893294928,0.91,1.0,0.15,0.5158158968772516,0.5916251521177579
295.5967476966484,447,132131.74622040184,7,1,67,7.012374708431994,36,6,High Risk,1,0.36,0.447,2.642634924408037,0.014,0.03333333333333333,0.67,0.14024749416863988,0.5911934953932968
248.35704298003918,767,190489.85196569006,346,6,77,9.693055806867097,9,9,Moderate Risk,1,0.09,0.767,3.809797039313801,0.692,0.2,0.77,0.19386111613734194,0.4967140859600784
149.2415944968505,531,79247.28667782761,468,19,56,34.98840083016414,17,24,Moderate Risk,1,0.17,0.531,1.5849457335565522,0.936,0.6333333333333333,0.56,0.6997680166032828,0.29848318899370097
189.0089799950891,343,64830.08013831556,128,18,54,26.625798914417935,8,21,Normal,1,0.08,0.343,1.2966016027663112,0.256,0.6,0.54,0.5325159782883587,0.37801795999017823
398.94609311230033,641,255724.4456849845,477,26,22,33.86507048371713,83,27,Moderate Risk,1,0.83,0.641,5.11448891369969,0.954,0.8666666666666667,0.22,0.6773014096743427,0.7978921862246007
30.702122619654194,106,3254.4249976833444,378,13,53,33.7339971112537,43,20,Moderate Risk,1,0.43,0.106,0.06508849995366689,0.756,0.43333333333333335,0.53,0.674679942225074,0.06140424523930839
222.92094279756157,227,50603.05401504647,75,2,26,6.244904947154513,40,-1,Normal,0,0.4,0.227,1.0120610803009296,0.15,0.06666666666666667,0.26,0.12489809894309026,0.4458418855951231
482.96387850556846,722,348699.9202810204,222,3,17,48.83357575833654,20,13,Normal,1,0.2,0.722,6.973998405620408,0.444,0.1,0.17,0.9766715151667309,0.9659277570111369
226.0199475577727,684,154597.64412951653,250,10,17,34.76865710097229,29,14,Normal,1,0.29,0.684,3.0919528825903306,0.5,0.3333333333333333,0.17,0.6953731420194458,0.4520398951155454
173.0384925656831,398,68869.32004114188,436,30,67,28.16131250580315,65,36,Moderate Risk,1,0.65,0.398,1.3773864008228376,0.872,1.0,0.67,0.563226250116063,0.3460769851313662
132.74189457477578,713,94644.97083181514,65,12,13,46.08637641285647,80,19,Normal,1,0.8,0.713,1.8928994166363027,0.13,0.4,0.13,0.9217275282571293,0.26548378914955156
170.08732246795773,526,89465.93161814577,40,23,95,12.027376560885765,93,25,Normal,1,0.93,0.526,1.7893186323629153,0.08,0.7666666666666667,0.95,0.2405475312177153,0.3401746449359155
248.74655323728413,552,137308.09738698084,372,18,94,26.393054532931924,39,21,Moderate Risk,1,0.39,0.552,2.746161947739617,0.744,0.6,0.94,0.5278610906586385,0.4974931064745683
215.90316482920065,764,164950.01792950928,347,30,38,7.084916755911948,78,27,Moderate Risk,0,0.78,0.764,3.2990003585901855,0.694,1.0,0.38,0.14169833511823895,0.4318063296584013
131.26986088174,494,64847.31127557955,453,18,40,8.019164206847154,57,18,Moderate Risk,0,0.57,0.494,1.296946225511591,0.906,0.6,0.4,0.16038328413694308,0.26253972176347995
11.355549294555658,939,10662.860787587762,128,24,21,44.956777578034014,71,33,Normal,1,0.71,0.939,0.21325721575175524,0.256,0.8,0.21,0.8991355515606803,0.022711098589111314
405.50002595001047,410,166255.0106395043,198,15,31,48.143036036427,43,16,Normal,1,0.43,0.41,3.325100212790086,0.396,0.5,0.31,0.96286072072854,0.8110000519000209
241.3433328668115,24,5792.239988803476,412,25,71,42.07932835379178,45,33,Moderate Risk,1,0.45,0.024,0.11584479977606953,0.824,0.8333333333333334,0.71,0.8415865670758356,0.482686665733623
314.96886165822116,339,106774.44410213697,410,1,77,38.715703148815024,93,-4,Moderate Risk,0,0.93,0.339,2.1354888820427393,0.82,0.03333333333333333,0.77,0.7743140629763005,0.6299377233164423
137.80492767278182,362,49885.383817547015,281,2,59,45.588850046392785,22,4,Normal,1,0.22,0.362,0.9977076763509403,0.562,0.06666666666666667,0.59,0.9117770009278557,0.27560985534556365
476.41864680273255,518,246784.85904381546,40,10,30,17.48197230728711,82,19,Normal,1,0.82,0.518,4.93569718087631,0.08,0.3333333333333333,0.3,0.34963944614574216,0.9528372936054651
236.47420288146859,662,156545.9223075322,111,25,43,18.788725461891204,56,30,Normal,1,0.56,0.662,3.130918446150644,0.222,0.8333333333333334,0.43,0.3757745092378241,0.4729484057629372
116.97618565917226,786,91943.2819281094,32,5,30,48.93095936234032,56,10,Normal,1,0.56,0.786,1.838865638562188,0.064,0.16666666666666666,0.3,0.9786191872468063,0.2339523713183445
413.26661933018465,25,10331.665483254616,202,1,41,48.678099609367656,92,11,Normal,1,0.92,0.025,0.2066333096650923,0.404,0.03333333333333333,0.41,0.9735619921873532,0.8265332386603693
250.85191252068074,0,0.0,17,23,33,7.462996134931373,4,33,High Risk,1,0.04,0.0,0.0,0.034,0.7666666666666667,0.33,0.14925992269862745,0.5017038250413615
359.7885819850229,367,132042.40958850342,280,19,32,22.26828046109959,20,25,Normal,1,0.2,0.367,2.6408481917700684,0.56,0.6333333333333333,0.32,0.4453656092219918,0.7195771639700458
483.3991298112417,69,33354.53995697568,281,14,87,18.301714233402947,25,21,Normal,1,0.25,0.069,0.6670907991395135,0.562,0.4666666666666667,0.87,0.36603428466805893,0.9667982596224834
110.60497670272912,574,63487.256627366514,98,25,95,46.78681579804067,83,33,Normal,1,0.83,0.574,1.2697451325473303,0.196,0.8333333333333334,0.95,0.9357363159608134,0.22120995340545824
278.41585934714567,369,102735.45209909676,196,27,30,29.059777319055275,51,26,Normal,0,0.51,0.369,2.054709041981935,0.392,0.9,0.3,0.5811955463811055,0.5568317186942914
231.2446145833571,388,89722.91045834255,128,11,21,21.842527151055386,31,20,Normal,1,0.31,0.388,1.794458209166851,0.256,0.36666666666666664,0.21,0.4368505430211077,0.4624892291667142
260.3371394526911,893,232481.06553125315,51,19,73,29.90945323622199,66,14,Normal,0,0.66,0.893,4.649621310625063,0.102,0.6333333333333333,0.73,0.5981890647244398,0.5206742789053822
469.1839206316484,543,254766.86890298506,303,24,19,25.27246258310388,44,34,Moderate Risk,1,0.44,0.543,5.0953373780597015,0.606,0.8,0.19,0.5054492516620777,0.9383678412632968
396.39551643161184,526,208504.04164302783,71,18,49,49.56163869175779,26,18,Normal,0,0.26,0.526,4.170080832860557,0.142,0.6,0.49,0.9912327738351558,0.7927910328632237
479.15240293687265,600,287491.4417621236,489,7,13,42.19682620469754,58,2,Moderate Risk,0,0.58,0.6,5.7498288352424725,0.978,0.23333333333333334,0.13,0.8439365240939507,0.9583048058737453
102.64773653772787,370,37979.66251895931,281,29,77,48.17648955390515,38,25,Normal,0,0.38,0.37,0.7595932503791862,0.562,0.9666666666666667,0.77,0.963529791078103,0.20529547307545573
428.25786694652436,319,136614.25955594127,23,19,89,12.690281214785813,33,28,Normal,1,0.33,0.319,2.7322851911188253,0.046,0.6333333333333333,0.89,0.25380562429571624,0.8565157338930487
189.34270396284384,570,107925.34125882099,253,3,84,27.567913457386542,81,5,Normal,1,0.81,0.57,2.1585068251764197,0.506,0.1,0.84,0.5513582691477308,0.37868540792568767
308.07826703954277,779,239992.97002380382,425,18,92,6.485356753418478,85,25,Moderate Risk,1,0.85,0.779,4.799859400476077,0.85,0.6,0.92,0.12970713506836956,0.6161565340790855
229.5726074405868,306,70249.21787681956,411,1,20,35.234641433379664,22,1,Moderate Risk,0,0.22,0.306,1.4049843575363912,0.822,0.03333333333333333,0.2,0.7046928286675933,0.4591452148811736
214.74063030628295,215,46169.235515850836,470,30,61,26.93519554103746,46,33,Moderate Risk,1,0.46,0.215,0.9233847103170167,0.94,1.0,0.61,0.5387039108207492,0.4294812606125659
64.80342937146767,972,62988.933349066574,167,27,85,22.702157994694623,10,35,Normal,1,0.1,0.972,1.2597786669813316,0.334,0.9,0.85,0.4540431598938925,0.12960685874293534
122.34791950318133,105,12846.53154783404,45,7,94,9.450623852922792,92,6,Normal,0,0.92,0.105,0.2569306309566808,0.09,0.23333333333333334,0.94,0.18901247705845584,0.24469583900636266
460.7942924129711,678,312418.5302559944,30,18,68,47.41190495234618,65,18,Normal,0,0.65,0.678,6.248370605119888,0.06,0.6,0.68,0.9482380990469236,0.9215885848259422
273.89196233692087,54,14790.165966193726,306,5,50,49.180564848682174,92,9,Moderate Risk,1,0.92,0.054,0.29580331932387455,0.612,0.16666666666666666,0.5,0.9836112969736435,0.5477839246738417
497.78517219582403,648,322564.791582894,488,25,58,21.559541753395,82,32,Moderate Risk,1,0.82,0.648,6.4512958316578795,0.976,0.8333333333333334,0.58,0.43119083506789996,0.995570344391648
474.86323242006307,738,350449.06552600657,361,15,87,17.172962935743737,34,11,Moderate Risk,0,0.34,0.738,7.008981310520132,0.722,0.5,0.87,0.34345925871487476,0.9497264648401261
22.1801522079058,269,5966.46094392666,153,1,24,14.61054669040866,17,-4,Normal,0,0.17,0.269,0.11932921887853319,0.306,0.03333333333333333,0.24,0.2922109338081732,0.0443603044158116
70.72632129586833,230,16267.053898049717,219,18,65,21.65367194216396,71,18,Normal,0,0.71,0.23,0.3253410779609943,0.438,0.6,0.65,0.4330734388432792,0.14145264259173665
126.34693269219918,442,55845.34424995204,332,16,66,26.953842785525122,62,20,Moderate Risk,1,0.62,0.442,1.1169068849990407,0.664,0.5333333333333333,0.66,0.5390768557105025,0.25269386538439836
471.4652686186148,862,406403.06154924596,183,28,90,25.63176215518716,41,30,Normal,1,0.41,0.862,8.128061230984919,0.366,0.9333333333333333,0.9,0.5126352431037432,0.9429305372372296
322.25109923709414,20,6445.021984741883,196,10,80,49.265871938218496,11,12,Normal,1,0.11,0.02,0.12890043969483767,0.392,0.3333333333333333,0.8,0.98531743876437,0.6445021984741883
167.9635998262185,905,152007.05784272775,384,2,75,49.64505036835488,23,0,Moderate Risk,0,0.23,0.905,3.040141156854555,0.768,0.06666666666666667,0.75,0.9929010073670976,0.335927199652437
169.17021014933565,785,132798.6149672285,199,12,59,11.300188056344187,50,10,Normal,0,0.5,0.785,2.65597229934457,0.398,0.4,0.59,0.22600376112688372,0.3383404202986713
153.44812673122996,197,30229.2809660523,226,8,36,26.32313622274151,74,4,Normal,0,0.74,0.197,0.604585619321046,0.452,0.26666666666666666,0.36,0.5264627244548302,0.3068962534624599
328.84434536463243,991,325884.7462563507,499,21,50,38.131343842715225,44,20,Moderate Risk,0,0.44,0.991,6.517694925127015,0.998,0.7,0.5,0.7626268768543045,0.6576886907292648
58.04213321615822,955,55430.2372214311,237,8,28,47.342064446750825,77,7,Normal,0,0.77,0.955,1.108604744428622,0.474,0.26666666666666666,0.28,0.9468412889350165,0.11608426643231644
240.83624894387737,383,92240.28334550503,150,29,45,29.20835488024237,28,33,Normal,1,0.28,0.383,1.8448056669101005,0.3,0.9666666666666667,0.45,0.5841670976048474,0.48167249788775474
73.58101662692569,906,66664.40106399468,69,23,76,13.49312994412886,100,32,Normal,1,1.0,0.906,1.3332880212798937,0.138,0.7666666666666667,0.76,0.2698625988825772,0.14716203325385138
288.9490633294557,37,10691.115343189862,191,21,96,36.80346474977834,51,16,Normal,0,0.51,0.037,0.21382230686379725,0.382,0.7,0.96,0.7360692949955668,0.5778981266589115
499.5143707993662,303,151352.85435220794,239,17,83,12.328006070670252,6,27,Normal,1,0.06,0.303,3.0270570870441587,0.478,0.5666666666666667,0.83,0.24656012141340505,0.9990287415987323
428.52014868325386,424,181692.54304169962,495,2,73,19.865880312173445,5,7,Moderate Risk,1,0.05,0.424,3.6338508608339923,0.99,0.06666666666666667,0.73,0.3973176062434689,0.8570402973665078
481.54368562831604,119,57303.69858976961,192,25,49,11.887245575174255,97,20,Normal,0,0.97,0.119,1.146073971795392,0.384,0.8333333333333334,0.49,0.2377449115034851,0.9630873712566321
381.5852896051612,114,43500.723014988376,29,9,33,45.62834692550427,54,10,Normal,1,0.54,0.114,0.8700144602997675,0.058,0.3,0.33,0.9125669385100853,0.7631705792103225
23.622279724762457,890,21023.828955038585,40,6,28,37.36465571497144,85,14,Normal,1,0.85,0.89,0.4204765791007717,0.08,0.2,0.28,0.7472931142994288,0.047244559449524916
447.95784477794405,331,148274.04662149947,79,21,38,37.16329049041835,2,18,Normal,0,0.02,0.331,2.965480932429989,0.158,0.7,0.38,0.743265809808367,0.8959156895558881
11.27341258806849,592,6673.8602521365465,224,15,99,12.534211095878447,62,10,Normal,0,0.62,0.592,0.13347720504273092,0.448,0.5,0.99,0.25068422191756895,0.02254682517613698
278.1803553662849,464,129075.6848899562,218,7,47,7.68048453284301,79,2,Normal,0,0.79,0.464,2.581513697799124,0.436,0.23333333333333334,0.47,0.1536096906568602,0.5563607107325699
311.3328762478838,370,115193.16421171701,140,29,66,5.136707293439564,0,33,Normal,1,0.0,0.37,2.3038632842343403,0.28,0.9666666666666667,0.66,0.10273414586879127,0.6226657524957676
411.99407443774777,853,351430.94549539883,312,30,86,36.349211454926696,8,34,Moderate Risk,1,0.08,0.853,7.028618909907976,0.624,1.0,0.86,0.7269842290985339,0.8239881488754955
399.61164312596395,960,383627.1774009254,186,19,82,14.476378124077014,89,22,Normal,1,0.89,0.96,7.672543548018507,0.372,0.6333333333333333,0.82,0.28952756248154027,0.799223286251928
342.8776767777453,525,180010.7803083163,455,2,58,20.932051280892694,56,-3,Moderate Risk,0,0.56,0.525,3.6002156061663255,0.91,0.06666666666666667,0.58,0.4186410256178539,0.6857553535554907
460.0353427704521,130,59804.59456015877,380,9,51,47.95715355723053,87,13,Moderate Risk,1,0.87,0.13,1.1960918912031753,0.76,0.3,0.51,0.9591430711446105,0.9200706855409041
27.013232297682812,493,13317.523522757627,41,8,56,17.26496530244497,66,8,Normal,0,0.66,0.493,0.26635047045515253,0.082,0.26666666666666666,0.56,0.3452993060488994,0.05402646459536562
197.70446065424431,53,10478.336414674948,382,30,69,22.156704765626774,48,32,Moderate Risk,1,0.48,0.053,0.20956672829349896,0.764,1.0,0.69,0.4431340953125355,0.39540892130848865
471.50880575746606,475,223966.68273479637,169,29,56,46.304857104635715,40,33,Normal,1,0.4,0.475,4.479333654695927,0.338,0.9666666666666667,0.56,0.9260971420927143,0.9430176115149321
320.73144555318527,697,223549.81755057012,235,3,94,49.50218468940855,57,0,Normal,0,0.57,0.697,4.470996351011403,0.47,0.1,0.94,0.990043693788171,0.6414628911063706
332.7793437815089,146,48585.7841921003,341,4,16,7.960487822561922,82,7,Moderate Risk,1,0.82,0.146,0.971715683842006,0.682,0.13333333333333333,0.16,0.15920975645123844,0.6655586875630177
193.3529641757907,508,98223.30580130167,472,27,97,38.21366881254499,0,37,Moderate Risk,1,0.0,0.508,1.9644661160260335,0.944,0.9,0.97,0.7642733762508997,0.3867059283515814
252.86254227868542,33,8344.463895196619,10,1,99,25.890891270880005,27,1,High Risk,0,0.27,0.033,0.16688927790393238,0.02,0.03333333333333333,0.99,0.5178178254176001,0.5057250845573709
380.0868691176581,855,324974.2730955977,477,6,72,14.271598340068406,92,8,Moderate Risk,1,0.92,0.855,6.499485461911954,0.954,0.2,0.72,0.2854319668013681,0.7601737382353162
39.29912004485935,622,24444.052667902517,430,28,47,35.4559561676696,9,29,Moderate Risk,1,0.09,0.622,0.4888810533580503,0.86,0.9333333333333333,0.47,0.709119123353392,0.0785982400897187
383.4103518938145,194,74381.6082674,246,3,70,7.151193088293997,34,9,Normal,1,0.34,0.194,1.487632165348,0.492,0.1,0.7,0.14302386176587994,0.766820703787629
256.4179862635383,709,181800.35226084865,439,24,50,26.91025200842389,9,28,Moderate Risk,1,0.09,0.709,3.636007045216973,0.878,0.8,0.5,0.5382050401684778,0.5128359725270766
409.4307053196849,42,17196.089623426764,204,8,97,20.699744718216536,48,17,Normal,1,0.48,0.042,0.34392179246853527,0.408,0.26666666666666666,0.97,0.41399489436433073,0.8188614106393698
171.36957386644448,127,21763.93588103845,278,20,27,35.58866532497312,99,23,Normal,1,0.99,0.127,0.43527871762076903,0.556,0.6666666666666666,0.27,0.7117733064994625,0.342739147732889
401.29054157567884,901,361562.77795968665,62,7,61,48.483692802415185,62,13,Normal,1,0.62,0.901,7.231255559193733,0.124,0.23333333333333334,0.61,0.9696738560483037,0.8025810831513577
242.20210850999263,67,16227.541270169506,155,23,14,8.261306811679173,14,23,Normal,0,0.14,0.067,0.32455082540339014,0.31,0.7666666666666667,0.14,0.16522613623358345,0.48440421701998526
496.80379435354956,154,76507.78433044664,223,14,73,19.819868911551055,70,15,Normal,1,0.7,0.154,1.5301556866089328,0.446,0.4666666666666667,0.73,0.3963973782310211,0.9936075887070991
339.71401323192856,670,227608.38886539213,15,15,22,13.337131945341469,84,12,High Risk,0,0.84,0.67,4.552167777307843,0.03,0.5,0.22,0.26674263890682937,0.6794280264638571
157.504318528634,451,71034.44765641393,186,1,19,43.138756731481706,85,9,Normal,1,0.85,0.451,1.4206889531282787,0.372,0.03333333333333333,0.19,0.8627751346296342,0.315008637057268
481.91644767850073,112,53974.64213999208,166,15,44,25.820028402050987,4,22,Normal,1,0.04,0.112,1.0794928427998416,0.332,0.5,0.44,0.5164005680410197,0.9638328953570015
34.247782475704895,305,10445.573655089993,367,4,76,9.814131499981567,28,2,Moderate Risk,0,0.28,0.305,0.20891147310179986,0.734,0.13333333333333333,0.76,0.19628262999963134,0.0684955649514098
286.22528567657235,616,176314.77597676858,302,10,61,5.807572775883724,93,20,Moderate Risk,1,0.93,0.616,3.5262955195353713,0.604,0.3333333333333333,0.61,0.11615145551767447,0.5724505713531447
395.15250374781965,769,303872.2753820733,376,18,73,41.15131801669206,91,14,Moderate Risk,0,0.91,0.769,6.077445507641466,0.752,0.6,0.73,0.8230263603338411,0.7903050074956393
239.39797713646473,758,181463.66666944028,164,13,66,33.10530866121418,21,20,Normal,1,0.21,0.758,3.6292733333888054,0.328,0.43333333333333335,0.66,0.6621061732242837,0.4787959542729295
311.0352638755289,762,237008.87107315304,197,29,54,16.899244277756566,28,28,Normal,0,0.28,0.762,4.740177421463061,0.394,0.9666666666666667,0.54,0.3379848855551313,0.6220705277510579
84.81706612152125,986,83629.62719581995,436,27,60,24.35853756312551,35,26,Moderate Risk,0,0.35,0.986,1.672592543916399,0.872,0.9,0.6,0.4871707512625102,0.1696341322430425
303.6634559046242,357,108407.85375795084,477,4,94,23.189786777593426,40,0,Moderate Risk,0,0.4,0.357,2.1681570751590167,0.954,0.13333333333333333,0.94,0.46379573555186854,0.6073269118092484
137.1657398293047,394,54043.30149274605,288,8,59,27.29721857053932,26,9,Normal,1,0.26,0.394,1.080866029854921,0.576,0.26666666666666666,0.59,0.5459443714107864,0.2743314796586094
37.277204036844374,784,29225.32796488599,394,1,42,15.979958190865846,98,10,Moderate Risk,1,0.98,0.784,0.5845065592977198,0.788,0.03333333333333333,0.42,0.3195991638173169,0.07455440807368875
277.7508011202191,903,250808.97341155782,433,10,26,11.349914510758422,25,19,Moderate Risk,1,0.25,0.903,5.016179468231156,0.866,0.3333333333333333,0.26,0.22699829021516846,0.5555016022404382
259.9019477626843,581,151003.03165011958,466,12,20,21.047417166503916,16,16,Moderate Risk,1,0.16,0.581,3.0200606330023914,0.932,0.4,0.2,0.4209483433300783,0.5198038955253687
105.20069221098304,437,45972.702496199585,103,25,78,27.5387477352397,87,26,Normal,1,0.87,0.437,0.9194540499239917,0.206,0.8333333333333334,0.78,0.550774954704794,0.21040138442196607
127.44619614499676,715,91124.03024367268,45,27,35,39.37180756881518,53,34,Normal,1,0.53,0.715,1.8224806048734536,0.09,0.9,0.35,0.7874361513763035,0.2548923922899935
315.78865266800085,914,288630.8285385528,62,15,60,30.410811296169314,22,24,Normal,1,0.22,0.914,5.772616570771056,0.124,0.5,0.6,0.6082162259233863,0.6315773053360016
50.47820507607562,368,18575.97946799583,86,5,16,31.946463810911023,74,11,Normal,1,0.74,0.368,0.3715195893599166,0.172,0.16666666666666666,0.16,0.6389292762182205,0.10095641015215123
95.37490223790111,488,46542.95229209574,341,18,93,39.840920868052784,56,14,Moderate Risk,0,0.56,0.488,0.9308590458419148,0.682,0.6,0.93,0.7968184173610556,0.19074980447580223
368.3922072766968,539,198563.39972213958,87,24,69,48.60627811737409,92,24,Normal,0,0.92,0.539,3.9712679944427918,0.174,0.8,0.69,0.9721255623474818,0.7367844145533936
296.53585901744043,321,95188.01074459837,107,4,66,41.275911639147395,14,2,Normal,0,0.14,0.321,1.9037602148919675,0.214,0.13333333333333333,0.66,0.8255182327829479,0.5930717180348809
439.5102378577461,9,3955.592140719715,439,6,92,32.282135928533904,21,8,Moderate Risk,1,0.21,0.009,0.0791118428143943,0.878,0.2,0.92,0.6456427185706781,0.8790204757154922
371.41699981849325,371,137795.706932661,496,30,60,14.309995907246055,13,40,Moderate Risk,1,0.13,0.371,2.75591413865322,0.992,1.0,0.6,0.2861999181449211,0.7428339996369865
277.2352397648715,906,251175.12722697356,395,26,100,8.714993323405245,32,24,Moderate Risk,0,0.32,0.906,5.023502544539471,0.79,0.8666666666666667,1.0,0.1742998664681049,0.554470479529743
290.9746730210851,171,49756.66908660555,203,15,41,11.971895857335035,75,24,Normal,1,0.75,0.171,0.995133381732111,0.406,0.5,0.41,0.2394379171467007,0.5819493460421702
341.7203275379017,37,12643.652118902362,308,1,32,44.074146961349264,14,9,Moderate Risk,1,0.14,0.037,0.25287304237804725,0.616,0.03333333333333333,0.32,0.8814829392269853,0.6834406550758034
414.8077362352683,985,408585.6201917393,345,26,12,27.753531216823887,63,31,Moderate Risk,1,0.63,0.985,8.171712403834785,0.69,0.8666666666666667,0.12,0.5550706243364778,0.8296154724705366
312.87070683917614,481,150490.80998964372,285,8,98,11.686789247387086,57,8,Normal,0,0.57,0.481,3.0098161997928745,0.57,0.26666666666666666,0.98,0.23373578494774172,0.6257414136783522
326.0201441549419,451,147035.0850138788,47,9,60,34.22715999415851,25,16,Normal,1,0.25,0.451,2.9407017002775757,0.094,0.3,0.6,0.6845431998831703,0.6520402883098837
295.7707647284337,364,107660.55836114986,163,23,23,46.99463015167265,37,22,Normal,0,0.37,0.364,2.153211167222997,0.326,0.7666666666666667,0.23,0.939892603033453,0.5915415294568673
408.66680867034137,768,313856.10905882216,408,19,67,8.537830777744578,16,28,Moderate Risk,1,0.16,0.768,6.277122181176443,0.816,0.6333333333333333,0.67,0.17075661555489155,0.8173336173406828
277.6890078491758,167,46374.06431081236,172,7,37,21.267641752903696,0,5,Normal,0,0.0,0.167,0.9274812862162473,0.344,0.23333333333333334,0.37,0.4253528350580739,0.5553780156983517
312.3163303849867,215,67148.01103277215,202,27,73,42.1600413114047,3,32,Normal,1,0.03,0.215,1.342960220655443,0.404,0.9,0.73,0.8432008262280939,0.6246326607699735
437.6035778247274,628,274815.0468739288,447,23,72,39.872187141134354,42,32,Moderate Risk,1,0.42,0.628,5.496300937478576,0.894,0.7666666666666667,0.72,0.797443742822687,0.8752071556494547
187.32260187065356,279,52263.00592191234,228,8,68,49.76592346146653,33,18,Normal,1,0.33,0.279,1.0452601184382468,0.456,0.26666666666666666,0.68,0.9953184692293305,0.3746452037413071
214.8580743145753,829,178117.34360678293,59,20,64,25.140556679860506,1,27,Normal,1,0.01,0.829,3.5623468721356586,0.118,0.6666666666666666,0.64,0.5028111335972101,0.4297161486291506
209.85868632730302,638,133889.84187681932,153,27,66,33.53697387989135,54,22,Normal,0,0.54,0.638,2.6777968375363863,0.306,0.9,0.66,0.6707394775978269,0.419717372654606
166.29586581616678,387,64356.50007085654,142,29,84,40.771766605936165,26,39,Normal,1,0.26,0.387,1.2871300014171307,0.284,0.9666666666666667,0.84,0.8154353321187233,0.3325917316323336
133.24573914387076,421,56096.45617956959,414,8,64,44.44551110463806,12,8,Moderate Risk,0,0.12,0.421,1.1219291235913917,0.828,0.26666666666666666,0.64,0.8889102220927612,0.26649147828774156
314.31538985453875,447,140498.9792649788,16,18,32,18.413331152140607,74,24,High Risk,1,0.74,0.447,2.809979585299576,0.032,0.6,0.32,0.36826662304281216,0.6286307797090775
329.0789375167155,677,222786.44069881638,3,7,22,9.219231048202303,14,10,High Risk,1,0.14,0.677,4.455728813976328,0.006,0.23333333333333334,0.22,0.18438462096404606,0.6581578750334309
124.24042453677316,861,106971.0055261617,486,8,44,49.024070174551895,26,3,Moderate Risk,0,0.26,0.861,2.139420110523234,0.972,0.26666666666666666,0.44,0.9804814034910379,0.2484808490735463
136.1963905561231,535,72865.06894752586,309,28,51,8.73951596606944,75,33,Moderate Risk,1,0.75,0.535,1.4573013789505171,0.618,0.9333333333333333,0.51,0.1747903193213888,0.2723927811122462
167.5292298497074,77,12899.75069842747,121,2,56,5.696115881871787,82,10,Normal,1,0.82,0.077,0.2579950139685494,0.242,0.06666666666666667,0.56,0.11392231763743574,0.33505845969941483
181.40302157682547,273,49523.02489047335,207,18,45,29.39966276653149,22,13,Normal,0,0.22,0.273,0.9904604978094671,0.414,0.6,0.45,0.5879932553306297,0.36280604315365095
490.02286441604497,592,290093.53573429864,331,11,66,42.44113597185571,46,9,Moderate Risk,0,0.46,0.592,5.801870714685973,0.662,0.36666666666666664,0.66,0.8488227194371142,0.98004572883209
407.86514942656686,902,367894.3647827633,130,2,38,48.88787522292699,59,2,Normal,0,0.59,0.902,7.357887295655266,0.26,0.06666666666666667,0.38,0.9777575044585398,0.8157302988531338
494.8803916628988,627,310290.00557263754,348,15,43,26.803187265936163,96,24,Moderate Risk,1,0.96,0.627,6.205800111452751,0.696,0.5,0.43,0.5360637453187233,0.9897607833257975
142.71687832096123,950,135581.03440491317,376,9,90,6.849437869837911,7,7,Moderate Risk,0,0.07,0.95,2.711620688098263,0.752,0.3,0.9,0.13698875739675823,0.28543375664192244
429.65080889700357,833,357899.123811204,487,17,91,22.51470884054076,65,13,Moderate Risk,0,0.65,0.833,7.157982476224079,0.974,0.5666666666666667,0.91,0.4502941768108152,0.8593016177940072
145.33482434189423,51,7412.076041436606,215,2,11,11.323603554015477,31,0,Normal,0,0.31,0.051,0.14824152082873213,0.43,0.06666666666666667,0.11,0.22647207108030953,0.2906696486837885
303.1994300997043,473,143413.33043716013,307,10,20,30.79643944204467,36,16,Moderate Risk,1,0.36,0.473,2.8682666087432027,0.614,0.3333333333333333,0.2,0.6159287888408934,0.6063988601994086
82.40669353249315,211,17387.812335356055,2,6,84,30.590668175074633,25,7,High Risk,1,0.25,0.211,0.3477562467071211,0.004,0.2,0.84,0.6118133635014926,0.1648133870649863
169.31467209899546,971,164404.5466081246,407,6,62,44.87188792087312,11,7,Moderate Risk,1,0.11,0.971,3.288090932162492,0.814,0.2,0.62,0.8974377584174624,0.3386293441979909
48.11038894181987,216,10391.844011433092,295,21,34,8.705077756939,15,27,Normal,1,0.15,0.216,0.20783688022866184,0.59,0.7,0.34,0.17410155513878,0.09622077788363974
273.22167535266914,10,2732.2167535266913,142,2,84,34.24031072614403,30,8,Normal,1,0.3,0.01,0.054644335070533824,0.284,0.06666666666666667,0.84,0.6848062145228806,0.5464433507053382
316.1907562042533,243,76834.35375763355,489,1,59,22.735836766503596,3,4,Moderate Risk,1,0.03,0.243,1.5366870751526711,0.978,0.03333333333333333,0.59,0.4547167353300719,0.6323815124085066
65.75222918652791,394,25906.378299491997,124,21,51,23.826425050017843,33,19,Normal,0,0.33,0.394,0.5181275659898399,0.248,0.7,0.51,0.4765285010003569,0.13150445837305583
28.821646715145416,504,14526.10994443329,206,14,54,19.53654665273426,35,14,Normal,0,0.35,0.504,0.2905221988886658,0.412,0.4666666666666667,0.54,0.3907309330546852,0.05764329343029083
194.90463586459165,348,67826.81328087789,26,15,10,28.075005591927386,22,13,Normal,0,0.22,0.348,1.3565362656175577,0.052,0.5,0.1,0.5615001118385478,0.3898092717291833
333.21137298698346,488,162607.15001764792,33,2,93,13.414789279832203,53,6,Normal,1,0.53,0.488,3.2521430003529583,0.066,0.06666666666666667,0.93,0.2682957855966441,0.6664227459739669
93.11266701034975,221,20577.899409287296,406,17,34,42.53600555871679,92,15,Moderate Risk,0,0.92,0.221,0.4115579881857459,0.812,0.5666666666666667,0.34,0.8507201111743358,0.18622533402069952
457.22961355681485,914,417907.86679092876,419,1,90,29.37272556929608,17,-2,Moderate Risk,0,0.17,0.914,8.358157335818575,0.838,0.03333333333333333,0.9,0.5874545113859216,0.9144592271136297
373.66623253209485,100,37366.62325320949,259,28,100,33.64841387311206,95,26,Normal,0,0.95,0.1,0.7473324650641897,0.518,0.9333333333333333,1.0,0.6729682774622412,0.7473324650641897
231.4220814488958,934,216148.22407326868,392,4,82,19.82795092594216,56,13,Moderate Risk,1,0.56,0.934,4.322964481465373,0.784,0.13333333333333333,0.82,0.39655901851884323,0.46284416289779157
238.2368893101185,915,217986.75371875844,225,1,69,40.59571511639669,85,9,Normal,1,0.85,0.915,4.359735074375169,0.45,0.03333333333333333,0.69,0.8119143023279338,0.476473778620237
375.25446954548727,59,22140.013703183748,252,27,84,46.062009195950836,23,25,Normal,0,0.23,0.059,0.44280027406367495,0.504,0.9,0.84,0.9212401839190167,0.7505089390909745
275.599745709617,28,7716.7928798692765,191,5,46,9.66071371995421,9,5,Normal,0,0.09,0.028,0.15433585759738552,0.382,0.16666666666666666,0.46,0.1932142743990842,0.5511994914192341
366.22646802775654,732,268077.7745963178,155,12,68,24.89816834128956,88,10,Normal,0,0.88,0.732,5.361555491926356,0.31,0.4,0.68,0.4979633668257912,0.7324529360555131
241.68683509628403,725,175222.9554448059,442,7,39,28.602213170270744,45,10,Moderate Risk,1,0.45,0.725,3.504459108896118,0.884,0.23333333333333334,0.39,0.5720442634054149,0.48337367019256805
395.91081903411254,476,188453.54986023757,10,11,66,5.878328727016419,66,8,High Risk,0,0.66,0.476,3.7690709972047514,0.02,0.36666666666666664,0.66,0.11756657454032839,0.791821638068225
342.2508004979943,3,1026.752401493983,148,8,54,49.00423302233578,60,14,Normal,1,0.6,0.003,0.020535048029879658,0.296,0.26666666666666666,0.54,0.9800846604467156,0.6845016009959886
223.3351342427946,612,136681.1021565903,176,26,50,9.46233055962117,93,26,Normal,0,0.93,0.612,2.7336220431318057,0.352,0.8666666666666667,0.5,0.18924661119242342,0.4466702684855892
208.42439817322588,908,189249.3535412891,390,27,57,7.529399942413484,90,27,Moderate Risk,0,0.9,0.908,3.7849870708257822,0.78,0.9,0.57,0.15058799884826968,0.4168487963464518
315.9117321781551,753,237881.53433015078,67,13,94,16.595153483321916,46,16,Normal,1,0.46,0.753,4.757630686603016,0.134,0.43333333333333335,0.94,0.3319030696664383,0.6318234643563102
63.86893315896081,83,5301.121452193747,500,18,82,13.158358162429057,18,21,Moderate Risk,1,0.18,0.083,0.10602242904387495,1.0,0.6,0.82,0.26316716324858114,0.1277378663179216
456.6897181598014,488,222864.58246198308,397,25,97,45.031199940032835,66,29,Moderate Risk,1,0.66,0.488,4.457291649239662,0.794,0.8333333333333334,0.97,0.9006239988006567,0.9133794363196027
37.37496753171323,223,8334.617759572051,36,10,52,19.212336855620823,36,11,Normal,1,0.36,0.223,0.16669235519144102,0.072,0.3333333333333333,0.52,0.38424673711241647,0.07474993506342646
357.81632934219357,494,176761.26669504363,118,28,26,38.50151592919478,95,33,Normal,1,0.95,0.494,3.5352253339008723,0.236,0.9333333333333333,0.26,0.7700303185838956,0.7156326586843872
26.024904379756077,644,16760.038420562913,67,8,27,27.36779328137495,52,14,Normal,1,0.52,0.644,0.33520076841125823,0.134,0.26666666666666666,0.27,0.547355865627499,0.05204980875951215
11.186881799412854,467,5224.273800325803,67,13,90,14.644270180390935,73,15,Normal,1,0.73,0.467,0.10448547600651606,0.134,0.43333333333333335,0.9,0.2928854036078187,0.02237376359882571
288.0834349379755,186,53583.51889846344,17,28,80,43.821892762337676,68,38,High Risk,1,0.68,0.186,1.0716703779692687,0.034,0.9333333333333333,0.8,0.8764378552467535,0.576166869875951
346.22839793307156,235,81363.67351427182,345,18,86,45.15143646222871,20,28,Moderate Risk,1,0.2,0.235,1.6272734702854366,0.69,0.6,0.86,0.9030287292445742,0.6924567958661432
25.69932008622375,888,22820.99623656669,15,4,48,41.62095148518475,14,12,High Risk,1,0.14,0.888,0.4564199247313338,0.03,0.13333333333333333,0.48,0.832419029703695,0.0513986401724475
228.36080892399204,853,194791.77001216522,476,10,93,19.79781806401207,100,13,Moderate Risk,1,1.0,0.853,3.895835400243304,0.952,0.3333333333333333,0.93,0.3959563612802414,0.4567216178479841
173.6714563231305,483,83883.31340407203,381,3,40,35.01755826657792,32,9,Moderate Risk,1,0.32,0.483,1.6776662680814407,0.762,0.1,0.4,0.7003511653315584,0.34734291264626105
369.8746115304927,506,187156.5534344293,412,20,74,36.673631655045796,6,17,Moderate Risk,0,0.06,0.506,3.7431310686885864,0.824,0.6666666666666666,0.74,0.7334726331009159,0.7397492230609855
471.0221574132063,521,245402.54401228047,122,3,27,45.66381949554715,1,-2,Normal,0,0.01,0.521,4.908050880245609,0.244,0.1,0.27,0.9132763899109431,0.9420443148264126
184.56903582312344,452,83425.2041920518,68,5,51,47.492227783326534,8,6,Normal,1,0.08,0.452,1.6685040838410359,0.136,0.16666666666666666,0.51,0.9498445556665307,0.3691380716462469
281.4257557172464,52,14634.139297296811,276,12,90,14.357685331744603,23,14,Normal,1,0.23,0.052,0.2926827859459362,0.552,0.4,0.9,0.2871537066348921,0.5628515114344927
33.06790302703183,137,4530.302714703361,162,7,82,24.230995109523132,47,15,Normal,1,0.47,0.137,0.09060605429406722,0.324,0.23333333333333334,0.82,0.48461990219046264,0.06613580605406366
15.836335052019326,967,15313.735995302688,377,4,57,34.32867014453031,2,3,Moderate Risk,0,0.02,0.967,0.30627471990605376,0.754,0.13333333333333333,0.57,0.6865734028906061,0.03167267010403865
354.85645039866625,43,15258.827367142649,193,3,43,7.960321922188468,76,13,Normal,1,0.76,0.043,0.305176547342853,0.386,0.1,0.43,0.15920643844376936,0.7097129007973325
386.60073001859803,122,47165.28906226896,181,11,99,28.124502398420436,75,13,Normal,1,0.75,0.122,0.9433057812453792,0.362,0.36666666666666664,0.99,0.5624900479684087,0.773201460037196
340.56396867139813,730,248611.69713012062,216,4,78,22.173016906958424,77,9,Normal,1,0.77,0.73,4.972233942602412,0.432,0.13333333333333333,0.78,0.44346033813916846,0.6811279373427963
337.9296848773233,936,316302.1850451746,176,5,95,16.018533226935396,15,6,Normal,1,0.15,0.936,6.326043700903492,0.352,0.16666666666666666,0.95,0.32037066453870794,0.6758593697546467
440.4003090433279,756,332942.6336367559,6,12,14,26.499978408225605,3,12,High Risk,0,0.03,0.756,6.658852672735119,0.012,0.4,0.14,0.5299995681645121,0.8808006180866559
185.16884184610595,118,21849.9233378405,440,12,57,5.126516422673186,62,8,Moderate Risk,0,0.62,0.118,0.43699846675681003,0.88,0.4,0.57,0.10253032845346371,0.37033768369221187
317.92094622487684,715,227313.47655078693,5,17,16,9.539719326516062,43,22,High Risk,1,0.43,0.715,4.546269531015739,0.01,0.5666666666666667,0.16,0.19079438653032124,0.6358418924497536
278.1203637103821,993,276173.5211644094,137,1,63,34.08444576287627,1,1,Normal,0,0.01,0.993,5.523470423288188,0.274,0.03333333333333333,0.63,0.6816889152575254,0.5562407274207641
287.2961787660109,337,96818.81224414567,371,25,99,31.22965832702006,78,31,Moderate Risk,1,0.78,0.337,1.9363762448829134,0.742,0.8333333333333334,0.99,0.6245931665404012,0.5745923575320218
468.57272696987116,700,328000.90887890983,467,16,93,12.71312923119483,5,26,Moderate Risk,1,0.05,0.7,6.560018177578197,0.934,0.5333333333333333,0.93,0.2542625846238966,0.9371454539397424
145.42021960584444,772,112264.40953571191,176,1,72,33.33533859212055,54,4,Normal,1,0.54,0.772,2.245288190714238,0.352,0.03333333333333333,0.72,0.666706771842411,0.2908404392116889
133.90683122927078,457,61195.42187177674,423,5,50,46.440514454137194,33,6,Moderate Risk,1,0.33,0.457,1.223908437435535,0.846,0.16666666666666666,0.5,0.9288102890827439,0.26781366245854155
408.3808062744239,68,27769.894826660824,132,16,60,12.969714752909436,44,18,Normal,1,0.44,0.068,0.5553978965332165,0.264,0.5333333333333333,0.6,0.25939429505818873,0.8167616125488478
258.4980980455591,13,3360.4752745922688,21,16,42,27.856611305464607,4,11,Normal,0,0.04,0.013,0.06720950549184537,0.042,0.5333333333333333,0.42,0.5571322261092921,0.5169961960911182
282.28309731499604,835,235706.3862580217,48,6,59,33.011522282644684,2,6,Normal,0,0.02,0.835,4.714127725160434,0.096,0.2,0.59,0.6602304456528937,0.5645661946299921
112.8975922764121,980,110639.64043088385,167,6,32,16.498886684125907,75,7,Normal,1,0.75,0.98,2.212792808617677,0.334,0.2,0.32,0.32997773368251815,0.22579518455282419
174.95748841423065,138,24144.133401163832,451,17,56,20.839117183122507,38,24,Moderate Risk,1,0.38,0.138,0.4828826680232766,0.902,0.5666666666666667,0.56,0.41678234366245015,0.3499149768284613
217.73933216168683,943,205328.1902284707,340,23,10,15.03742456721028,16,33,Moderate Risk,1,0.16,0.943,4.106563804569414,0.68,0.7666666666666667,0.1,0.3007484913442056,0.4354786643233737
340.0550792858982,12,4080.6609514307784,7,29,72,24.325754205080504,5,28,High Risk,0,0.05,0.012,0.08161321902861557,0.014,0.9666666666666667,0.72,0.4865150841016101,0.6801101585717965
137.96007400481247,263,36283.49946326568,68,25,62,13.623494416199772,75,29,Normal,1,0.75,0.263,0.7256699892653137,0.136,0.8333333333333334,0.62,0.27246988832399544,0.27592014800962494
70.75790434347235,895,63328.32438740775,227,28,48,21.720831789391088,94,28,Normal,0,0.94,0.895,1.266566487748155,0.454,0.9333333333333333,0.48,0.43441663578782175,0.1415158086869447
402.9858371343236,13,5238.815882746207,354,27,79,16.940939659603487,16,27,Moderate Risk,0,0.16,0.013,0.10477631765492414,0.708,0.9,0.79,0.33881879319206976,0.8059716742686472
66.10849380178594,194,12825.047797546473,423,7,22,17.060597000430974,11,3,Moderate Risk,0,0.11,0.194,0.2565009559509295,0.846,0.23333333333333334,0.22,0.3412119400086195,0.13221698760357187
286.9367621502304,248,71160.31701325714,92,4,36,34.57094552689274,1,14,Normal,1,0.01,0.248,1.4232063402651427,0.184,0.13333333333333333,0.36,0.6914189105378549,0.5738735243004608
368.02840332816044,141,51892.00486927062,221,28,50,41.21164738849859,28,31,Normal,1,0.28,0.141,1.0378400973854123,0.442,0.9333333333333333,0.5,0.8242329477699718,0.7360568066563209
87.24411081914347,986,86022.69326767547,211,18,35,44.37355891380095,26,24,Normal,1,0.26,0.986,1.7204538653535093,0.422,0.6,0.35,0.887471178276019,0.17448822163828695
444.07226199931233,894,397000.6022273852,302,16,86,47.31977184888301,69,22,Moderate Risk,1,0.69,0.894,7.9400120445477045,0.604,0.5333333333333333,0.86,0.9463954369776602,0.8881445239986246
400.60995301068203,486,194696.43716319147,391,23,22,7.318141743301823,71,21,Moderate Risk,0,0.71,0.486,3.8939287432638294,0.782,0.7666666666666667,0.22,0.14636283486603646,0.8012199060213641
482.06185171736126,818,394326.5947048015,256,17,68,16.55711060493974,43,22,Normal,1,0.43,0.818,7.88653189409603,0.512,0.5666666666666667,0.68,0.3311422120987948,0.9641237034347225
489.5705881438931,460,225202.4705461908,459,11,79,5.239331776526829,76,21,Moderate Risk,1,0.76,0.46,4.504049410923816,0.918,0.36666666666666664,0.79,0.10478663553053658,0.9791411762877862
401.84912982207425,110,44203.40428042816,235,15,83,19.653128619517965,61,14,Normal,0,0.61,0.11,0.8840680856085633,0.47,0.5,0.83,0.3930625723903593,0.8036982596441485
260.5052481726326,483,125824.03486738155,206,8,23,7.854196206190807,1,6,Normal,0,0.01,0.483,2.516480697347631,0.412,0.26666666666666666,0.23,0.15708392412381614,0.5210104963452652
271.2769945631811,869,235739.70827540438,53,4,62,29.545695506163668,28,14,Normal,1,0.28,0.869,4.714794165508088,0.106,0.13333333333333333,0.62,0.5909139101232733,0.5425539891263622
470.1387376199518,186,87445.80519731104,72,17,13,32.12733665329394,100,25,Normal,1,1.0,0.186,1.7489161039462209,0.144,0.5666666666666667,0.13,0.6425467330658787,0.9402774752399037
203.4561962310521,832,169275.55526423536,410,24,28,25.60368585900342,92,25,Moderate Risk,1,0.92,0.832,3.3855111052847073,0.82,0.8,0.28,0.5120737171800684,0.4069123924621042
451.81354950346224,315,142321.2680935906,468,23,98,32.906104469523356,44,18,Moderate Risk,0,0.44,0.315,2.846425361871812,0.936,0.7666666666666667,0.98,0.6581220893904671,0.9036270990069245
438.4554942975966,276,121013.71642613666,196,12,54,48.219911782344056,8,10,Normal,0,0.08,0.276,2.420274328522733,0.392,0.4,0.54,0.9643982356468811,0.8769109885951932
212.46211423204426,30,6373.863426961328,103,23,15,39.14718874082585,64,28,Normal,1,0.64,0.03,0.12747726853922656,0.206,0.7666666666666667,0.15,0.7829437748165169,0.4249242284640885
357.2379474644172,807,288291.0236037847,14,1,82,32.50598116146108,86,-4,High Risk,0,0.86,0.807,5.765820472075694,0.028,0.03333333333333333,0.82,0.6501196232292216,0.7144758949288343
160.24196662424902,976,156396.15942526705,156,28,33,36.50072675052569,99,37,Normal,1,0.99,0.976,3.127923188505341,0.312,0.9333333333333333,0.33,0.7300145350105138,0.32048393324849805
386.89378073249384,945,365614.6227922067,437,13,76,15.584745129903098,32,9,Moderate Risk,0,0.32,0.945,7.312292455844134,0.874,0.43333333333333335,0.76,0.311694902598062,0.7737875614649877
268.8979520962533,917,246579.42207226425,480,5,50,23.36726920727467,23,10,Moderate Risk,1,0.23,0.917,4.931588441445285,0.96,0.16666666666666666,0.5,0.4673453841454934,0.5377959041925066
386.0409343991286,969,374073.6654327556,316,4,96,48.983627404171656,99,12,Moderate Risk,1,0.99,0.969,7.481473308655112,0.632,0.13333333333333333,0.96,0.9796725480834332,0.7720818687982572
373.95978623891637,148,55346.04836335962,10,20,80,32.977883361547896,68,29,High Risk,1,0.68,0.148,1.1069209672671925,0.02,0.6666666666666666,0.8,0.6595576672309579,0.7479195724778327
22.485851909617914,897,20169.809162927268,456,30,98,34.95564365625461,25,37,Moderate Risk,1,0.25,0.897,0.40339618325854537,0.912,1.0,0.98,0.6991128731250922,0.04497170381923583
257.5724801341944,314,80877.75876213703,376,14,84,30.947134291772382,50,13,Moderate Risk,0,0.5,0.314,1.6175551752427406,0.752,0.4666666666666667,0.84,0.6189426858354476,0.5151449602683887
389.78194769110684,986,384325.00042343134,436,24,73,31.267542136008345,47,24,Moderate Risk,0,0.47,0.986,7.686500008468626,0.872,0.8,0.73,0.6253508427201669,0.7795638953822137
65.5632423888207,430,28192.1942271929,488,4,97,41.61124292862715,38,1,Moderate Risk,0,0.38,0.43,0.563843884543858,0.976,0.13333333333333333,0.97,0.832224858572543,0.13112648477764138
50.719139850246606,278,14099.920878368557,86,20,85,27.94447655204444,62,24,Normal,1,0.62,0.278,0.28199841756737115,0.172,0.6666666666666666,0.85,0.5588895310408888,0.10143827970049321
185.45684299918196,450,83455.57934963188,98,3,87,13.494916419365284,93,-1,Normal,0,0.93,0.45,1.6691115869926376,0.196,0.1,0.87,0.26989832838730565,0.37091368599836394
44.41689774050056,453,20120.854676446754,203,28,63,19.658532822262103,41,29,Normal,1,0.41,0.453,0.40241709352893507,0.406,0.9333333333333333,0.63,0.3931706564452421,0.08883379548100112
83.25068971499653,136,11322.093801239527,72,12,14,45.46835210037738,30,20,Normal,1,0.3,0.136,0.22644187602479054,0.144,0.4,0.14,0.9093670420075476,0.16650137942999305
258.6998245943431,253,65451.05562236881,10,16,44,38.76265729000523,27,22,High Risk,1,0.27,0.253,1.3090211124473763,0.02,0.5333333333333333,0.44,0.7752531458001046,0.5173996491886862
60.664292660323085,120,7279.71511923877,203,20,80,35.66644033899105,9,24,Normal,1,0.09,0.12,0.14559430238477541,0.406,0.6666666666666666,0.8,0.713328806779821,0.12132858532064617
95.18190538828303,445,42355.94789778595,323,14,56,29.49768652207705,33,17,Moderate Risk,1,0.33,0.445,0.8471189579557189,0.646,0.4666666666666667,0.56,0.589953730441541,0.19036381077656606
82.09698147528914,360,29554.91333110409,458,27,53,35.46750612658981,7,36,Moderate Risk,1,0.07,0.36,0.5910982666220818,0.916,0.9,0.53,0.7093501225317962,0.16419396295057828
65.88959356935644,659,43421.24216220589,400,2,87,6.087428372721602,0,-2,Moderate Risk,0,0.0,0.659,0.8684248432441178,0.8,0.06666666666666667,0.87,0.12174856745443204,0.13177918713871287
405.91972388176873,889,360862.6345308924,249,22,65,49.706661404565445,56,24,Normal,1,0.56,0.889,7.2172526906178485,0.498,0.7333333333333333,0.65,0.9941332280913089,0.8118394477635374
321.3891566365938,423,135947.61325727918,242,28,51,21.885484735125164,13,29,Normal,1,0.13,0.423,2.7189522651455835,0.484,0.9333333333333333,0.51,0.43770969470250326,0.6427783132731876
294.1044851022201,805,236754.1105072872,222,18,53,10.775573790306858,62,16,Normal,0,0.62,0.805,4.735082210145744,0.444,0.6,0.53,0.21551147580613716,0.5882089702044402
498.02826822872794,366,182278.34617171442,157,27,64,43.836866559086666,97,33,Normal,1,0.97,0.366,3.6455669234342887,0.314,0.9,0.64,0.8767373311817334,0.9960565364574558
80.1098247263529,732,58640.39169969032,323,4,24,44.24615659833967,56,12,Moderate Risk,1,0.56,0.732,1.1728078339938064,0.646,0.13333333333333333,0.24,0.8849231319667933,0.16021964945270578
207.75466123231743,38,7894.677126828063,227,1,42,41.81115683998965,41,-2,Normal,0,0.41,0.038,0.15789354253656127,0.454,0.03333333333333333,0.42,0.836223136799793,0.41550932246463484
226.55928261496962,369,83600.3752849238,268,14,70,25.112591696371233,55,20,Normal,1,0.55,0.369,1.6720075056984758,0.536,0.4666666666666667,0.7,0.5022518339274247,0.45311856522993926
434.66544489175527,224,97365.05965575318,390,29,49,37.414757172970745,60,24,Moderate Risk,0,0.6,0.224,1.9473011931150637,0.78,0.9666666666666667,0.49,0.748295143459415,0.8693308897835106
234.0686896418819,565,132248.80964766326,294,22,70,37.3712760846091,49,27,Normal,1,0.49,0.565,2.644976192953265,0.588,0.7333333333333333,0.7,0.747425521692182,0.46813737928376375
404.980983908436,656,265667.525443934,35,24,50,37.52156897623951,99,24,Normal,0,0.99,0.656,5.31335050887868,0.07,0.8,0.5,0.7504313795247901,0.8099619678168719
200.02619250601828,174,34804.55749604718,125,2,23,19.023844682970406,94,-1,Normal,0,0.94,0.174,0.6960911499209436,0.25,0.06666666666666667,0.23,0.3804768936594081,0.40005238501203655
402.70636492052415,937,377335.86393053114,16,10,80,36.63770004970176,50,19,High Risk,1,0.5,0.937,7.546717278610623,0.032,0.3333333333333333,0.8,0.7327540009940353,0.8054127298410483
361.7280364511548,651,235484.9517297018,155,30,80,10.4073890752421,84,39,Normal,1,0.84,0.651,4.709699034594036,0.31,1.0,0.8,0.208147781504842,0.7234560729023096
199.00348681650047,195,38805.67992921759,91,7,71,36.34848045342228,48,4,Normal,0,0.48,0.195,0.7761135985843518,0.182,0.23333333333333334,0.71,0.7269696090684457,0.3980069736330009
92.47764877321426,601,55579.06691270177,44,8,92,42.324943241885464,99,17,Normal,1,0.99,0.601,1.1115813382540354,0.088,0.26666666666666666,0.92,0.8464988648377093,0.1849552975464285
344.41583839805105,605,208371.58223082087,184,13,85,10.461698132442805,51,9,Normal,0,0.51,0.605,4.167431644616418,0.368,0.43333333333333335,0.85,0.2092339626488561,0.6888316767961021
67.77952389558988,482,32669.73051767432,161,7,20,40.20514512011101,8,10,Normal,1,0.08,0.482,0.6533946103534864,0.322,0.23333333333333334,0.2,0.8041029024022203,0.13555904779117975
140.92461743307035,69,9723.798602881854,153,11,78,12.507971369417636,32,8,Normal,0,0.32,0.069,0.1944759720576371,0.306,0.36666666666666664,0.78,0.25015942738835273,0.2818492348661407
223.58619176083693,606,135493.23220706717,458,7,13,44.47901223412347,28,16,Moderate Risk,1,0.28,0.606,2.7098646441413434,0.916,0.23333333333333334,0.13,0.8895802446824694,0.4471723835216739
159.52247250475455,512,81675.50592243433,161,6,29,32.07051419349066,7,9,Normal,1,0.07,0.512,1.6335101184486867,0.322,0.2,0.29,0.6414102838698131,0.3190449450095091
481.41178051879274,17,8184.000268819476,58,26,66,48.94585758738704,10,23,Normal,0,0.1,0.017,0.16368000537638952,0.116,0.8666666666666667,0.66,0.9789171517477407,0.9628235610375855
492.30575262839255,845,415998.3609709917,126,10,62,45.15423293022959,55,19,Normal,1,0.55,0.845,8.319967219419835,0.252,0.3333333333333333,0.62,0.9030846586045918,0.9846115052567851
165.19288593860043,77,12719.852217272233,167,4,82,45.26094480147838,42,3,Normal,0,0.42,0.077,0.2543970443454447,0.334,0.13333333333333333,0.82,0.9052188960295676,0.33038577187720086
110.87122833874638,175,19402.464959280616,435,15,57,13.290208207452586,8,15,Moderate Risk,0,0.08,0.175,0.3880492991856123,0.87,0.5,0.57,0.2658041641490517,0.22174245667749276
164.3444442306017,205,33690.61106727335,375,11,54,43.376864215849906,93,16,Moderate Risk,1,0.93,0.205,0.6738122213454669,0.75,0.36666666666666664,0.54,0.8675372843169982,0.3286888884612034
32.85272090194009,384,12615.444826344994,56,15,57,11.310433436200492,92,22,Normal,1,0.92,0.384,0.25230889652689986,0.112,0.5,0.57,0.22620866872400985,0.06570544180388017
111.56845096430361,203,22648.395545753632,444,14,65,49.87745568353481,36,21,Moderate Risk,1,0.36,0.203,0.45296791091507266,0.888,0.4666666666666667,0.65,0.9975491136706962,0.22313690192860722
239.99049940821098,356,85436.6177893231,454,29,60,29.462835742752493,16,26,Moderate Risk,0,0.16,0.356,1.7087323557864622,0.908,0.9666666666666667,0.6,0.5892567148550498,0.479980998816422
447.3734967149584,474,212055.03744289026,48,29,46,15.364893688265107,30,35,Normal,1,0.3,0.474,4.241100748857805,0.096,0.9666666666666667,0.46,0.30729787376530215,0.8947469934299167
36.79012128576073,276,10154.073474869962,134,25,70,49.65502497497628,0,25,Normal,0,0.0,0.276,0.20308146949739922,0.268,0.8333333333333334,0.7,0.9931004994995256,0.07358024257152147
305.83538667500903,697,213167.26451248128,367,25,87,42.52966664675325,90,24,Moderate Risk,0,0.9,0.697,4.263345290249625,0.734,0.8333333333333334,0.87,0.850593332935065,0.6116707733500181
309.6510509985569,713,220781.19936197108,435,15,42,18.16443570776587,12,12,Moderate Risk,0,0.12,0.713,4.415623987239422,0.87,0.5,0.42,0.3632887141553174,0.6193021019971138
110.67299331498712,344,38071.50970035557,3,30,70,9.398768565917088,67,27,High Risk,0,0.67,0.344,0.7614301940071114,0.006,1.0,0.7,0.18797537131834174,0.22134598662997426
424.53194298222456,870,369342.79039453535,220,19,87,28.810718049178377,49,21,Normal,1,0.49,0.87,7.386855807890707,0.44,0.6333333333333333,0.87,0.5762143609835675,0.8490638859644491
404.5947611111871,275,111263.55930557645,94,18,13,12.358773237855548,76,20,Normal,1,0.76,0.275,2.225271186111529,0.188,0.6,0.13,0.24717546475711097,0.8091895222223742
364.1035129854801,757,275626.35933000845,415,17,31,29.118194646649705,51,14,Moderate Risk,0,0.51,0.757,5.512527186600169,0.83,0.5666666666666667,0.31,0.5823638929329941,0.7282070259709602
237.70463056459408,494,117426.08749890947,382,29,94,48.76057830734565,67,36,Moderate Risk,1,0.67,0.494,2.3485217499781896,0.764,0.9666666666666667,0.94,0.975211566146913,0.4754092611291882
278.96119938038754,932,259991.8378225212,499,20,23,15.993220790026676,90,15,Moderate Risk,0,0.9,0.932,5.1998367564504235,0.998,0.6666666666666666,0.23,0.31986441580053354,0.5579223987607751
492.5990578531502,18,8866.783041356704,120,13,13,24.48613510139552,7,15,Normal,1,0.07,0.018,0.1773356608271341,0.24,0.43333333333333335,0.13,0.48972270202791035,0.9851981157063004
147.92037113634194,544,80468.68189817002,369,26,45,24.4235578793955,59,23,Moderate Risk,0,0.59,0.544,1.6093736379634005,0.738,0.8666666666666667,0.45,0.48847115758791,0.29584074227268387
212.0343838385965,238,50464.18335358597,271,1,52,49.65429521741062,43,9,Normal,1,0.43,0.238,1.0092836670717193,0.542,0.03333333333333333,0.52,0.9930859043482124,0.42406876767719304
343.61904002745814,188,64600.379525162134,152,10,80,26.295182359558886,45,12,Normal,1,0.45,0.188,1.2920075905032427,0.304,0.3333333333333333,0.8,0.5259036471911778,0.6872380800549163
187.27359685095234,918,171917.16190917426,67,3,39,44.26069662189256,77,11,Normal,1,0.77,0.918,3.438343238183485,0.134,0.1,0.39,0.8852139324378513,0.3745471937019047
215.8483967932835,794,171383.62705386712,250,23,87,15.288061999836412,14,23,Normal,0,0.14,0.794,3.4276725410773423,0.5,0.7666666666666667,0.87,0.3057612399967282,0.43169679358656704
300.18710242139565,570,171106.64838019552,141,23,48,29.32173251270768,29,28,Normal,1,0.29,0.57,3.4221329676039103,0.282,0.7666666666666667,0.48,0.5864346502541536,0.6003742048427912
382.15317072523345,136,51972.83121863175,14,26,81,7.936860760206346,62,28,High Risk,1,0.62,0.136,1.039456624372635,0.028,0.8666666666666667,0.81,0.15873721520412692,0.7643063414504669
279.3862917987732,660,184394.95258719032,265,25,56,34.926450651261554,89,29,Normal,1,0.89,0.66,3.6878990517438064,0.53,0.8333333333333334,0.56,0.6985290130252311,0.5587725835975463
357.7872226641469,662,236855.14140366524,452,23,73,8.645750715186413,13,21,Moderate Risk,0,0.13,0.662,4.737102828073305,0.904,0.7666666666666667,0.73,0.17291501430372824,0.7155744453282938
229.9589348043817,910,209262.63067198734,273,23,60,13.162946315364419,41,20,Normal,0,0.41,0.91,4.185252613439747,0.546,0.7666666666666667,0.6,0.26325892630728837,0.4599178696087634
20.735888353009493,337,6987.994374964199,297,28,70,36.53810776272045,66,24,Normal,0,0.66,0.337,0.13975988749928397,0.594,0.9333333333333333,0.7,0.730762155254409,0.04147177670601899
365.1893959648738,692,252711.0620076927,184,21,55,9.758894940706856,25,31,Normal,1,0.25,0.692,5.054221240153854,0.368,0.7,0.55,0.19517789881413714,0.7303787919297476
234.48027890049417,583,136702.0025989881,47,12,39,25.489317683694257,10,17,Normal,1,0.1,0.583,2.734040051979762,0.094,0.4,0.39,0.5097863536738851,0.46896055780098833
285.3375559376073,16,4565.400895001717,16,4,57,43.1532184483586,63,6,High Risk,1,0.63,0.016,0.09130801790003434,0.032,0.13333333333333333,0.57,0.863064368967172,0.5706751118752146
80.31923473789152,441,35420.78251941016,394,21,34,11.228341717615173,39,17,Moderate Risk,0,0.39,0.441,0.7084156503882032,0.788,0.7,0.34,0.22456683435230346,0.16063846947578303
460.02405284708374,61,28061.46722367211,365,3,11,11.614684058928901,74,11,Moderate Risk,1,0.74,0.061,0.5612293444734422,0.73,0.1,0.11,0.23229368117857802,0.9200481056941675
192.80087770729497,467,90038.00988930675,7,17,99,26.544239631789555,8,15,High Risk,0,0.08,0.467,1.800760197786135,0.014,0.5666666666666667,0.99,0.5308847926357911,0.38560175541458996
22.58471985490045,582,13144.306955552061,148,5,18,31.51841191980224,41,5,Normal,0,0.41,0.582,0.26288613911104125,0.296,0.16666666666666666,0.18,0.6303682383960448,0.0451694397098009
20.10259696888871,709,14252.741250942097,144,18,35,38.67961232131027,72,25,Normal,1,0.72,0.709,0.28505482501884194,0.288,0.6,0.35,0.7735922464262055,0.040205193937777425
403.8454133958797,407,164365.08325212303,11,22,22,28.783788283941018,28,30,High Risk,1,0.28,0.407,3.2873016650424605,0.022,0.7333333333333333,0.22,0.5756757656788204,0.8076908267917594
191.81138597492765,322,61763.2662839267,229,12,44,42.00205003417336,28,8,Normal,0,0.28,0.322,1.235265325678534,0.458,0.4,0.44,0.8400410006834672,0.3836227719498553
91.64001992260818,589,53975.97173441621,298,6,61,14.908522330970202,73,7,Normal,1,0.73,0.589,1.0795194346883243,0.596,0.2,0.61,0.29817044661940406,0.18328003984521635
97.34269199573265,420,40883.93063820771,278,30,96,10.526094261248122,60,31,Normal,1,0.6,0.42,0.8176786127641542,0.556,1.0,0.96,0.21052188522496246,0.1946853839914653
358.55794147746826,841,301547.2287825508,316,14,58,14.159419716871488,64,14,Moderate Risk,0,0.64,0.841,6.030944575651016,0.632,0.4666666666666667,0.58,0.28318839433742976,0.7171158829549366
68.40876585261427,823,56300.41429670154,140,23,19,29.78478295564125,54,27,Normal,1,0.54,0.823,1.1260082859340308,0.28,0.7666666666666667,0.19,0.5956956591128251,0.13681753170522853
258.1290181077226,872,225088.5037899341,101,6,72,30.636804528975986,17,10,Normal,1,0.17,0.872,4.501770075798682,0.202,0.2,0.72,0.6127360905795197,0.5162580362154452
154.77262578657374,231,35752.47655669854,475,13,36,23.47951261567292,70,9,Moderate Risk,0,0.7,0.231,0.7150495311339707,0.95,0.43333333333333335,0.36,0.4695902523134584,0.3095452515731475
267.690521510299,766,205050.93947688903,185,30,77,26.983129450968047,6,33,Normal,1,0.06,0.766,4.101018789537781,0.37,1.0,0.77,0.5396625890193609,0.535381043020598
218.12393649515005,282,61510.950091632316,174,30,15,12.142169228060796,71,27,Normal,0,0.71,0.282,1.2302190018326462,0.348,1.0,0.15,0.24284338456121593,0.4362478729903001
392.2887503207869,783,307162.0915011761,272,8,18,16.281802511319917,76,3,Normal,0,0.76,0.783,6.1432418300235225,0.544,0.26666666666666666,0.18,0.32563605022639835,0.7845775006415738
164.24083491781602,846,138947.74634047234,222,30,95,30.163987128948968,26,35,Normal,1,0.26,0.846,2.7789549268094467,0.444,1.0,0.95,0.6032797425789793,0.32848166983563204
87.34870552143339,952,83155.96765640458,231,4,14,19.852481744424143,18,11,Normal,1,0.18,0.952,1.6631193531280917,0.462,0.13333333333333333,0.14,0.3970496348884829,0.17469741104286676
178.80363725587878,348,62223.665765045815,194,8,74,26.105573439153215,91,17,Normal,1,0.91,0.348,1.2444733153009162,0.388,0.26666666666666666,0.74,0.5221114687830642,0.35760727451175756
156.7761103390277,496,77760.95072815774,338,24,80,8.77949461789824,4,25,Moderate Risk,1,0.04,0.496,1.5552190145631548,0.676,0.8,0.8,0.17558989235796482,0.3135522206780554
346.2890911683444,784,271490.64747598197,353,8,24,24.162443973315842,36,8,Moderate Risk,0,0.36,0.784,5.429812949519639,0.706,0.26666666666666666,0.24,0.48324887946631684,0.6925781823366888
425.01357481284117,928,394412.5974263166,278,21,12,25.729520097083608,75,25,Normal,1,0.75,0.928,7.888251948526332,0.556,0.7,0.12,0.5145904019416722,0.8500271496256824
167.37528388246662,148,24771.54201460506,108,29,27,25.29129298435065,62,29,Normal,0,0.62,0.148,0.4954308402921012,0.216,0.9666666666666667,0.27,0.505825859687013,0.3347505677649332
89.82828996651934,353,31709.386358181324,383,11,42,29.374547495258582,56,17,Moderate Risk,1,0.56,0.353,0.6341877271636265,0.766,0.36666666666666664,0.42,0.5874909499051717,0.17965657993303868
437.2323054616914,271,118489.95478011837,209,3,42,17.244238989494917,90,5,Normal,1,0.9,0.271,2.3697990956023673,0.418,0.1,0.42,0.34488477978989834,0.8744646109233828
14.381399456845314,275,3954.884850632461,99,12,11,41.87381793518791,58,14,Normal,1,0.58,0.275,0.07909769701264922,0.198,0.4,0.11,0.8374763587037581,0.028762798913690626
186.02739834964046,693,128916.98705630084,40,10,45,19.366466485827146,20,17,Normal,1,0.2,0.693,2.5783397411260167,0.08,0.3333333333333333,0.45,0.38732932971654294,0.37205479669928093
187.35736963684184,295,55270.42404286834,246,25,75,38.90567235707796,24,32,Normal,1,0.24,0.295,1.1054084808573668,0.492,0.8333333333333334,0.75,0.7781134471415592,0.37471473927368365
259.98059949094585,929,241521.9769270887,28,17,22,28.522820352045454,48,27,Normal,1,0.48,0.929,4.830439538541774,0.056,0.5666666666666667,0.22,0.570456407040909,0.5199611989818917
55.824723264625874,293,16356.64391653538,424,7,95,23.41646487128842,100,4,Moderate Risk,0,1.0,0.293,0.3271328783307076,0.848,0.23333333333333334,0.95,0.4683292974257684,0.11164944652925175
251.43643622490745,827,207937.93275799847,246,25,91,32.726762647980294,77,24,Normal,0,0.77,0.827,4.15875865515997,0.492,0.8333333333333334,0.91,0.6545352529596059,0.5028728724498149
408.0868737541728,823,335855.4970996842,42,15,39,20.68693512556478,37,21,Normal,1,0.37,0.823,6.717109941993684,0.084,0.5,0.39,0.4137387025112956,0.8161737475083456
335.5857225874172,216,72486.51607888211,95,21,45,31.646584331970157,81,18,Normal,0,0.81,0.216,1.4497303215776423,0.19,0.7,0.45,0.6329316866394031,0.6711714451748344
268.5203642979051,840,225557.10601024027,334,6,44,35.647497547049085,2,16,Moderate Risk,1,0.02,0.84,4.511142120204806,0.668,0.2,0.44,0.7129499509409817,0.5370407285958102
161.45316657282507,30,4843.594997184752,59,7,37,14.330043472051726,48,16,Normal,1,0.48,0.03,0.09687189994369505,0.118,0.23333333333333334,0.37,0.2866008694410345,0.32290633314565015
487.95406349877345,725,353766.69603661075,485,22,80,41.61226351034123,1,20,Moderate Risk,0,0.01,0.725,7.0753339207322155,0.97,0.7333333333333333,0.8,0.8322452702068246,0.9759081269975469
331.3796350172651,107,35457.62094684737,180,3,42,19.956438923750753,44,6,Normal,1,0.44,0.107,0.7091524189369474,0.36,0.1,0.42,0.39912877847501504,0.6627592700345303
168.05258578440507,639,107385.60231623484,217,5,40,39.35038645553074,52,0,Normal,0,0.52,0.639,2.147712046324697,0.434,0.16666666666666666,0.4,0.7870077291106148,0.33610517156881015
437.92845746324565,839,367421.9758116631,287,11,21,43.565181803834804,59,19,Normal,1,0.59,0.839,7.348439516233261,0.574,0.36666666666666664,0.21,0.871303636076696,0.8758569149264913
123.72020129889785,387,47879.71790267347,190,5,56,38.07853476540668,48,6,Normal,1,0.48,0.387,0.9575943580534694,0.38,0.16666666666666666,0.56,0.7615706953081336,0.2474404025977957
367.40225624238604,810,297595.8275563327,286,27,54,20.46492267796406,31,29,Normal,1,0.31,0.81,5.951916551126653,0.572,0.9,0.54,0.40929845355928124,0.7348045124847721
396.36977399780585,16,6341.916383964894,389,14,66,27.790357045782347,100,14,Moderate Risk,0,1.0,0.016,0.12683832767929787,0.778,0.4666666666666667,0.66,0.555807140915647,0.7927395479956117
130.65305120215646,57,7447.223918522918,173,10,85,30.892577912975803,79,16,Normal,1,0.79,0.057,0.14894447837045838,0.346,0.3333333333333333,0.85,0.6178515582595161,0.2613061024043129
157.41283903296755,123,19361.779201055007,93,5,60,27.971181196193413,35,3,Normal,0,0.35,0.123,0.38723558402110014,0.186,0.16666666666666666,0.6,0.5594236239238682,0.3148256780659351
235.76661694606463,114,26877.394331851367,22,13,59,31.262128400677206,46,23,Normal,1,0.46,0.114,0.5375478866370274,0.044,0.43333333333333335,0.59,0.6252425680135442,0.47153323389212926
18.76025645565325,899,16865.47055363227,393,19,43,19.169382947389636,28,19,Moderate Risk,0,0.28,0.899,0.3373094110726454,0.786,0.6333333333333333,0.43,0.3833876589477927,0.037520512911306494
377.51786481199235,511,192911.6289189281,423,14,84,24.530146962521748,40,17,Moderate Risk,1,0.4,0.511,3.858232578378562,0.846,0.4666666666666667,0.84,0.49060293925043497,0.7550357296239847
29.95029377812337,685,20515.95123801451,94,21,36,37.981306693532225,34,26,Normal,1,0.34,0.685,0.4103190247602902,0.188,0.7,0.36,0.7596261338706445,0.05990058755624674
433.34282086342654,713,308973.4312756231,278,12,58,28.454929722639797,92,17,Normal,1,0.92,0.713,6.179468625512462,0.556,0.4,0.58,0.569098594452796,0.866685641726853
468.0716381966523,456,213440.66701767346,425,28,46,30.44212613387659,94,27,Moderate Risk,0,0.94,0.456,4.26881334035347,0.85,0.9333333333333333,0.46,0.6088425226775318,0.9361432763933046
13.933600233717254,292,4068.611268245438,336,15,73,17.685193630674384,89,14,Moderate Risk,0,0.89,0.292,0.08137222536490876,0.672,0.5,0.73,0.3537038726134877,0.027867200467434506
477.2823648465032,898,428599.56363215984,82,19,83,18.480274290752856,28,27,Normal,1,0.28,0.898,8.571991272643197,0.164,0.6333333333333333,0.83,0.36960548581505714,0.9545647296930063
277.73067622766155,729,202465.66296996525,462,13,93,6.812527772200044,74,16,Moderate Risk,1,0.74,0.729,4.049313259399305,0.924,0.43333333333333335,0.93,0.1362505554440009,0.5554613524553231
336.58043047967607,938,315712.44378993614,310,30,49,41.528481672648006,74,25,Moderate Risk,0,0.74,0.938,6.3142488757987225,0.62,1.0,0.49,0.8305696334529601,0.6731608609593521
82.65657527726485,984,81334.07007282862,24,19,48,33.78909193281509,96,25,Normal,1,0.96,0.984,1.6266814014565723,0.048,0.6333333333333333,0.48,0.6757818386563018,0.1653131505545297
307.75118931136427,720,221580.85630418226,63,2,33,9.449487751922206,5,10,Normal,1,0.05,0.72,4.431617126083645,0.126,0.06666666666666667,0.33,0.18898975503844412,0.6155023786227285
113.34363749485576,953,108016.48653259754,352,4,99,19.217952814248264,0,0,Moderate Risk,0,0.0,0.953,2.160329730651951,0.704,0.13333333333333333,0.99,0.38435905628496525,0.2266872749897115
427.90298609998825,824,352592.0605463903,7,19,86,18.937629754983682,46,19,High Risk,0,0.46,0.824,7.051841210927806,0.014,0.6333333333333333,0.86,0.37875259509967363,0.8558059721999766
459.20272756234067,636,292052.93472964864,383,9,67,44.80440318110906,59,6,Moderate Risk,0,0.59,0.636,5.841058694592973,0.766,0.3,0.67,0.8960880636221812,0.9184054551246813
83.80093724471602,366,30671.143031566065,498,8,88,26.378379021360367,24,6,Moderate Risk,0,0.24,0.366,0.6134228606313213,0.996,0.26666666666666666,0.88,0.5275675804272073,0.16760187448943206
471.6868651491759,368,173580.76637489675,389,7,25,46.644170428415265,21,6,Moderate Risk,0,0.21,0.368,3.471615327497935,0.778,0.23333333333333334,0.25,0.9328834085683053,0.9433737302983518
87.8088313677094,121,10624.868595492837,410,24,47,41.94341790837749,84,33,Moderate Risk,1,0.84,0.121,0.21249737190985674,0.82,0.8,0.47,0.8388683581675498,0.17561766273541882
319.4981412440774,217,69331.09664996479,271,26,82,8.530350809232432,68,24,Normal,0,0.68,0.217,1.386621932999296,0.542,0.8666666666666667,0.82,0.17060701618464866,0.6389962824881548
279.49154565415637,620,173284.75830557695,438,23,85,33.53231080268537,42,18,Moderate Risk,0,0.42,0.62,3.465695166111539,0.876,0.7666666666666667,0.85,0.6706462160537074,0.5589830913083127
286.692139809514,456,130731.61575313838,358,1,67,9.87798098979826,4,-1,Moderate Risk,0,0.04,0.456,2.6146323150627677,0.716,0.03333333333333333,0.67,0.1975596197959652,0.573384279619028
38.6301490898244,825,31869.87299910513,111,1,40,24.28474564430889,95,10,Normal,1,0.95,0.825,0.6373974599821026,0.222,0.03333333333333333,0.4,0.48569491288617783,0.0772602981796488
386.5910586546069,288,111338.22489252679,3,30,36,46.39583972880033,29,25,High Risk,0,0.29,0.288,2.2267644978505357,0.006,1.0,0.36,0.9279167945760066,0.7731821173092138
290.18147297599006,829,240560.44109709575,245,1,27,46.69643293285084,61,11,Normal,1,0.61,0.829,4.811208821941915,0.49,0.03333333333333333,0.27,0.9339286586570168,0.5803629459519801
259.79145163656824,928,241086.46711873534,367,30,21,38.443369530781375,81,28,Moderate Risk,0,0.81,0.928,4.821729342374707,0.734,1.0,0.21,0.7688673906156275,0.5195829032731365
394.2872418367542,406,160080.62018572222,85,20,64,7.136020203982406,68,16,Normal,0,0.68,0.406,3.2016124037144444,0.17,0.6666666666666666,0.64,0.14272040407964812,0.7885744836735085
377.91816379705335,976,368848.1278659241,20,13,84,41.866506262629535,49,21,Normal,1,0.49,0.976,7.376962557318482,0.04,0.43333333333333335,0.84,0.8373301252525907,0.7558363275941067
445.560899682683,204,90894.42353526733,120,29,34,39.56025852523395,87,30,Normal,1,0.87,0.204,1.8178884707053466,0.24,0.9666666666666667,0.34,0.791205170504679,0.891121799365366
384.11283965369574,600,230467.70379221745,134,12,72,38.95853837270306,100,13,Normal,1,1.0,0.6,4.609354075844349,0.268,0.4,0.72,0.7791707674540612,0.7682256793073915
44.773415831701385,129,5775.770642289479,236,29,90,49.746473793475076,17,31,Normal,1,0.17,0.129,0.11551541284578958,0.472,0.9666666666666667,0.9,0.9949294758695015,0.08954683166340277
417.82964096608504,123,51393.04583882846,13,11,67,46.332973612677456,39,11,High Risk,0,0.39,0.123,1.027860916776569,0.026,0.36666666666666664,0.67,0.9266594722535492,0.8356592819321701
388.4209419420247,607,235771.51175880898,66,19,84,7.5685950194185985,96,22,Normal,1,0.96,0.607,4.715430235176179,0.132,0.6333333333333333,0.84,0.15137190038837198,0.7768418838840494
86.41952193790885,963,83221.99962620622,407,22,77,28.054182269671724,32,26,Moderate Risk,1,0.32,0.963,1.6644399925241244,0.814,0.7333333333333333,0.77,0.5610836453934345,0.17283904387581772
330.0042422314416,245,80851.0393467032,7,27,16,18.249935904838033,31,28,High Risk,1,0.31,0.245,1.617020786934064,0.014,0.9,0.16,0.36499871809676065,0.6600084844628832
443.77859467435763,419,185943.23116855585,249,10,46,9.211732794107817,90,13,Normal,1,0.9,0.419,3.718864623371117,0.498,0.3333333333333333,0.46,0.18423465588215635,0.8875571893487153
102.01667129656443,810,82633.50375021719,74,30,35,15.64629084636888,11,35,Normal,1,0.11,0.81,1.6526700750043437,0.148,1.0,0.35,0.3129258169273776,0.20403334259312886
339.5031530858886,384,130369.21078498122,162,23,86,19.09390717141539,52,30,Normal,1,0.52,0.384,2.6073842156996245,0.324,0.7666666666666667,0.86,0.3818781434283078,0.6790063061717772
79.56357274248752,146,11616.281620403179,351,8,89,11.602464712816083,36,9,Moderate Risk,1,0.36,0.146,0.2323256324080636,0.702,0.26666666666666666,0.89,0.23204929425632165,0.15912714548497506
272.26276531809776,681,185410.94318162458,152,9,12,45.87708810021341,83,18,Normal,1,0.83,0.681,3.7082188636324918,0.304,0.3,0.12,0.9175417620042683,0.5445255306361956
314.1463210499486,74,23246.827757696195,225,23,20,39.486445706349635,57,30,Normal,1,0.57,0.074,0.4649365551539239,0.45,0.7666666666666667,0.2,0.7897289141269926,0.6282926420998972
314.89332371140387,101,31804.22569485179,369,4,84,40.70839595696662,57,10,Moderate Risk,1,0.57,0.101,0.6360845138970358,0.738,0.13333333333333333,0.84,0.8141679191393324,0.6297866474228078
191.20777752101063,418,79924.85100378245,263,24,23,32.8422374520541,31,33,Normal,1,0.31,0.418,1.598497020075649,0.526,0.8,0.23,0.656844749041082,0.38241555504202124
101.01132184164705,316,31919.577701960465,156,16,38,41.25114922902578,73,18,Normal,1,0.73,0.316,0.6383915540392093,0.312,0.5333333333333333,0.38,0.8250229845805156,0.2020226436832941
193.61159062675912,721,139593.95684189332,423,27,44,32.111347560968426,67,36,Moderate Risk,1,0.67,0.721,2.7918791368378666,0.846,0.9,0.44,0.6422269512193686,0.38722318125351823
229.8795065817625,478,109882.40414608248,345,16,68,15.501976462815689,78,26,Moderate Risk,1,0.78,0.478,2.1976480829216496,0.69,0.5333333333333333,0.68,0.3100395292563138,0.459759013163525
343.3448814065866,280,96136.56679384425,0,4,94,43.20805271331801,77,9,High Risk,1,0.77,0.28,1.922731335876885,0.0,0.13333333333333333,0.94,0.8641610542663603,0.6866897628131732
296.56128077852935,427,126631.66689243204,303,26,96,20.716775691607477,70,28,Moderate Risk,1,0.7,0.427,2.5326333378486408,0.606,0.8666666666666667,0.96,0.41433551383214956,0.5931225615570587
206.24403417895806,114,23511.81989640122,401,10,50,13.701306796143893,36,7,Moderate Risk,0,0.36,0.114,0.4702363979280244,0.802,0.3333333333333333,0.5,0.27402613592287783,0.4124880683579161
326.20367628901545,547,178433.41093009146,147,6,94,19.240343368381822,13,8,Normal,1,0.13,0.547,3.5686682186018293,0.294,0.2,0.94,0.3848068673676364,0.6524073525780308
491.91396687078975,986,485027.1713345987,59,9,18,37.78247957679449,53,12,Normal,1,0.53,0.986,9.700543426691974,0.118,0.3,0.18,0.7556495915358898,0.9838279337415795
67.45606254398075,164,11062.794257212843,454,24,11,48.53838564484555,44,24,Moderate Risk,0,0.44,0.164,0.22125588514425687,0.908,0.8,0.11,0.970767712896911,0.1349121250879615
210.1176217118733,511,107370.10469476726,65,29,31,6.110067428005417,30,25,Normal,0,0.3,0.511,2.1474020938953453,0.13,0.9666666666666667,0.31,0.12220134856010834,0.42023524342374663
139.44504861077678,477,66515.28818734053,355,22,24,15.153677999148117,18,29,Moderate Risk,1,0.18,0.477,1.3303057637468105,0.71,0.7333333333333333,0.24,0.30307355998296237,0.27889009722155356
378.52749797121646,62,23468.704874215422,146,22,79,38.10421183184385,27,17,Normal,0,0.27,0.062,0.4693740974843084,0.292,0.7333333333333333,0.79,0.762084236636877,0.757054995942433
472.3464050336502,652,307969.85608193994,478,22,28,28.933044148877894,96,18,Moderate Risk,0,0.96,0.652,6.159397121638799,0.956,0.7333333333333333,0.28,0.5786608829775579,0.9446928100673004
293.39824937709153,661,193936.24283825752,279,20,85,49.51555676238235,84,23,Normal,1,0.84,0.661,3.8787248567651504,0.558,0.6666666666666666,0.85,0.990311135247647,0.586796498754183
309.1010398280066,885,273554.42024778586,445,29,71,21.872060362821607,93,32,Moderate Risk,1,0.93,0.885,5.471088404955717,0.89,0.9666666666666667,0.71,0.43744120725643215,0.6182020796560133
97.10531508271978,679,65934.50894116673,279,29,28,40.71582360584663,40,35,Normal,1,0.4,0.679,1.3186901788233345,0.558,0.9666666666666667,0.28,0.8143164721169326,0.19421063016543957
40.69834917288982,277,11273.44272089048,19,6,59,13.604808754228305,63,3,High Risk,0,0.63,0.277,0.2254688544178096,0.038,0.2,0.59,0.27209617508456607,0.08139669834577964
202.48144487987733,801,162187.63734878175,63,20,88,27.872383042782083,75,30,Normal,1,0.75,0.801,3.243752746975635,0.126,0.6666666666666666,0.88,0.5574476608556417,0.40496288975975464
238.88724342002112,530,126610.2390126112,135,28,53,16.241810132248474,7,36,Normal,1,0.07,0.53,2.532204780252224,0.27,0.9333333333333333,0.53,0.3248362026449695,0.47777448684004226
276.3384903650748,494,136511.21424034695,88,30,82,12.01394313312292,98,40,Normal,1,0.98,0.494,2.730224284806939,0.176,1.0,0.82,0.2402788626624584,0.5526769807301496
318.6512895734077,715,227835.6720449865,443,27,100,13.765591000965749,69,37,Moderate Risk,1,0.69,0.715,4.55671344089973,0.886,0.9,1.0,0.275311820019315,0.6373025791468154
369.9589523181326,360,133185.22283452775,133,6,88,23.95702029867038,39,6,Normal,0,0.39,0.36,2.6637044566905552,0.266,0.2,0.88,0.47914040597340757,0.7399179046362653
225.43622465810762,460,103700.6633427295,443,1,30,34.79545584008919,89,11,Moderate Risk,1,0.89,0.46,2.07401326685459,0.886,0.03333333333333333,0.3,0.6959091168017838,0.45087244931621523
191.34428694718454,31,5931.672895362721,398,8,36,11.877944982729016,82,16,Moderate Risk,1,0.82,0.031,0.11863345790725441,0.796,0.26666666666666666,0.36,0.23755889965458032,0.3826885738943691
197.0416433779635,969,190933.35243324665,390,15,93,31.753145164492555,24,18,Moderate Risk,1,0.24,0.969,3.818667048664933,0.78,0.5,0.93,0.635062903289851,0.394083286755927
28.152009977982953,94,2646.2889379303974,133,2,98,17.766345204173405,57,11,Normal,1,0.57,0.094,0.05292577875860795,0.266,0.06666666666666667,0.98,0.3553269040834681,0.05630401995596591
286.1761474472707,401,114756.63512635556,373,23,49,17.03801905487829,55,29,Moderate Risk,1,0.55,0.401,2.2951327025271113,0.746,0.7666666666666667,0.49,0.3407603810975658,0.5723522948945414
383.67235535887716,221,84791.59053431185,181,15,54,34.29031725676481,17,18,Normal,1,0.17,0.221,1.695831810686237,0.362,0.5,0.54,0.6858063451352961,0.7673447107177543
193.2129757421363,528,102016.45119184797,99,7,61,32.97570596429935,26,2,Normal,0,0.26,0.528,2.0403290238369594,0.198,0.23333333333333334,0.61,0.659514119285987,0.3864259514842726
60.81860305450516,138,8392.967221521712,162,1,57,24.93573725874754,69,6,Normal,1,0.69,0.138,0.16785934443043424,0.324,0.03333333333333333,0.57,0.4987147451749508,0.12163720610901033
75.51603302630957,835,63055.88757696849,141,27,82,29.069937173146045,85,36,Normal,1,0.85,0.835,1.26111775153937,0.282,0.9,0.82,0.5813987434629209,0.15103206605261915
457.37922403543456,643,294094.8410547844,17,25,97,39.56636489533049,59,23,High Risk,0,0.59,0.643,5.881896821095689,0.034,0.8333333333333334,0.97,0.7913272979066097,0.9147584480708691
462.2359203405092,551,254691.99210762058,6,22,43,47.24800316674342,76,19,High Risk,0,0.76,0.551,5.093839842152412,0.012,0.7333333333333333,0.43,0.9449600633348685,0.9244718406810184
457.54297162971295,258,118046.08668046595,226,26,69,48.77225199513967,100,30,Normal,1,1.0,0.258,2.360921733609319,0.452,0.8666666666666667,0.69,0.9754450399027934,0.9150859432594259
309.24654477588007,731,226059.22423116834,169,15,75,49.03357161839725,94,20,Normal,1,0.94,0.731,4.521184484623367,0.338,0.5,0.75,0.980671432367945,0.6184930895517602
131.3777547153424,960,126122.6445267287,392,2,37,24.203921161169866,74,12,Moderate Risk,1,0.74,0.96,2.522452890534574,0.784,0.06666666666666667,0.37,0.48407842322339734,0.2627555094306848
241.3227172931945,897,216466.47741199547,112,27,29,46.26703690619459,37,33,Normal,1,0.37,0.897,4.329329548239909,0.224,0.9,0.29,0.9253407381238918,0.482645434586389
121.47845621345452,379,46040.33490489926,208,27,10,35.608110168474944,37,26,Normal,0,0.37,0.379,0.9208066980979852,0.416,0.9,0.1,0.7121622033694989,0.24295691242690903
30.28848522063362,721,21837.997844076843,233,6,19,39.815057147210126,34,16,Normal,1,0.34,0.721,0.43675995688153685,0.466,0.2,0.19,0.7963011429442025,0.060576970441267246
310.4588492612214,300,93137.65477836643,390,30,47,47.14765382096342,57,26,Moderate Risk,0,0.57,0.3,1.8627530955673286,0.78,1.0,0.47,0.9429530764192684,0.6209176985224428
392.49455425300624,909,356777.5498159827,75,23,45,20.588488718185936,77,23,Normal,0,0.77,0.909,7.135550996319654,0.15,0.7666666666666667,0.45,0.4117697743637187,0.7849891085060124
204.08664872441636,56,11428.852328567316,27,30,59,37.616053932451635,82,40,Normal,1,0.82,0.056,0.22857704657134634,0.054,1.0,0.59,0.7523210786490327,0.40817329744883274
338.2262003386279,11,3720.488203724907,266,1,91,42.07489021725311,60,0,Normal,0,0.6,0.011,0.07440976407449815,0.532,0.03333333333333333,0.91,0.8414978043450623,0.6764524006772558
167.40903109852678,535,89563.83163771183,322,2,29,48.756615651436604,67,9,Moderate Risk,1,0.67,0.535,1.7912766327542367,0.644,0.06666666666666667,0.29,0.975132313028732,0.33481806219705357
16.06519987872303,107,1718.976387023364,169,9,13,45.165851153079274,7,8,Normal,0,0.07,0.107,0.03437952774046728,0.338,0.3,0.13,0.9033170230615855,0.032130399757446054
408.3677666733311,598,244203.924470652,376,13,94,24.716745506646177,29,20,Moderate Risk,1,0.29,0.598,4.8840784894130405,0.752,0.43333333333333335,0.94,0.4943349101329235,0.8167355333466623
373.60761675907526,558,208473.050151564,448,17,22,39.2833185287201,44,19,Moderate Risk,1,0.44,0.558,4.16946100303128,0.896,0.5666666666666667,0.22,0.785666370574402,0.7472152335181506
297.20485242126614,135,40122.65507687093,138,23,94,31.911935914837606,51,32,Normal,1,0.51,0.135,0.8024531015374186,0.276,0.7666666666666667,0.94,0.6382387182967522,0.5944097048425323
297.7634341206784,786,234042.05921885325,280,12,64,22.054001814252306,46,8,Normal,0,0.46,0.786,4.680841184377065,0.56,0.4,0.64,0.4410800362850461,0.5955268682413568
454.64327586547114,926,420999.67345142626,408,10,31,38.83391701436424,69,12,Moderate Risk,1,0.69,0.926,8.419993469028526,0.816,0.3333333333333333,0.31,0.7766783402872848,0.9092865517309423
105.3247723491318,687,72358.11860385355,278,17,79,21.56603928320016,40,26,Normal,1,0.4,0.687,1.447162372077071,0.556,0.5666666666666667,0.79,0.43132078566400317,0.2106495446982636
198.90912304428105,839,166884.7542341518,49,24,61,44.862680850082604,75,32,Normal,1,0.75,0.839,3.3376950846830358,0.098,0.8,0.61,0.8972536170016521,0.3978182460885621
356.71331865216865,85,30320.632085434336,129,1,39,47.27371062472954,55,6,Normal,1,0.55,0.085,0.6064126417086867,0.258,0.03333333333333333,0.39,0.9454742124945907,0.7134266373043373
50.05443450746674,954,47751.93052012327,229,20,31,32.28909853433834,100,22,Normal,1,1.0,0.954,0.9550386104024654,0.458,0.6666666666666666,0.31,0.6457819706867669,0.10010886901493347
363.5782065006995,521,189424.24558686442,188,26,90,45.99269318258063,53,24,Normal,0,0.53,0.521,3.7884849117372883,0.376,0.8666666666666667,0.9,0.9198538636516126,0.727156413001399
159.0116760395679,418,66466.88058453938,118,3,84,22.75764733908887,85,0,Normal,0,0.85,0.418,1.3293376116907876,0.236,0.1,0.84,0.45515294678177737,0.3180233520791358
405.3264865768677,939,380601.5708956788,77,25,65,20.523710645268476,62,22,Normal,0,0.62,0.939,7.612031417913576,0.154,0.8333333333333334,0.65,0.4104742129053695,0.8106529731537354
13.757765923562362,453,6232.26796337375,231,12,15,48.756407761529985,5,17,Normal,1,0.05,0.453,0.124645359267475,0.462,0.4,0.15,0.9751281552305997,0.027515531847124724
410.8875890011071,423,173805.4501474683,188,26,64,11.756480566597746,48,33,Normal,1,0.48,0.423,3.476109002949366,0.376,0.8666666666666667,0.64,0.23512961133195492,0.8217751780022141
350.16495563882086,967,338609.51210273977,262,5,27,33.43593616329693,45,8,Normal,1,0.45,0.967,6.772190242054795,0.524,0.16666666666666666,0.27,0.6687187232659386,0.7003299112776417
407.2457679757569,87,35430.381813890854,185,10,28,45.30190214581117,49,16,Normal,1,0.49,0.087,0.7086076362778171,0.37,0.3333333333333333,0.28,0.9060380429162234,0.8144915359515138
438.3011771106271,83,36378.99770018205,54,27,56,16.523166170624044,97,33,Normal,1,0.97,0.083,0.7275799540036411,0.108,0.9,0.56,0.3304633234124809,0.8766023542212542
244.33730528752724,791,193270.80848243405,470,20,66,42.827979143025594,5,29,Moderate Risk,1,0.05,0.791,3.865416169648681,0.94,0.6666666666666666,0.66,0.8565595828605119,0.4886746105750545
495.3552160780121,966,478513.1387313597,372,28,34,22.383014608749107,55,23,Moderate Risk,0,0.55,0.966,9.570262774627194,0.744,0.9333333333333333,0.34,0.44766029217498216,0.9907104321560243
488.3930002734402,170,83026.81004648482,333,13,23,6.5245306460168795,42,21,Moderate Risk,1,0.42,0.17,1.6605362009296964,0.666,0.43333333333333335,0.23,0.1304906129203376,0.9767860005468804
153.4983932609272,746,114509.8013726517,357,12,25,45.71847303097468,66,14,Moderate Risk,1,0.66,0.746,2.290196027453034,0.714,0.4,0.25,0.9143694606194935,0.3069967865218544
272.0925112549197,291,79178.92077518164,401,16,21,21.06597140563536,25,12,Moderate Risk,0,0.25,0.291,1.5835784155036328,0.802,0.5333333333333333,0.21,0.4213194281127072,0.5441850225098395
95.16203282839797,582,55384.30310612762,135,5,57,12.645919251218524,19,2,Normal,0,0.19,0.582,1.1076860621225524,0.27,0.16666666666666666,0.57,0.2529183850243705,0.19032406565679594
377.9377726120782,349,131900.2826416153,487,2,96,6.775614211028776,14,-2,Moderate Risk,0,0.14,0.349,2.638005652832306,0.974,0.06666666666666667,0.96,0.1355122842205755,0.7558755452241565
163.32817329802813,432,70557.77086474815,380,15,25,46.74122771419758,41,24,Moderate Risk,1,0.41,0.432,1.411155417294963,0.76,0.5,0.25,0.9348245542839515,0.32665634659605625
480.5411688880895,812,390199.42913712864,56,27,81,6.850664997514554,36,36,Normal,1,0.36,0.812,7.803988582742573,0.112,0.9,0.81,0.13701329995029107,0.961082337776179
98.11366222287597,579,56807.81042704519,131,26,15,28.995838616910635,63,30,Normal,1,0.63,0.579,1.1361562085409038,0.262,0.8666666666666667,0.15,0.5799167723382127,0.19622732444575194
296.8849488369826,320,95003.18362783443,493,27,64,22.359741974090092,4,31,Moderate Risk,1,0.04,0.32,1.9000636725566886,0.986,0.9,0.64,0.44719483948180183,0.5937698976739652
156.08960539563498,153,23881.709625532152,34,8,85,13.318431297981581,69,5,Normal,0,0.69,0.153,0.47763419251064304,0.068,0.26666666666666666,0.85,0.2663686259596316,0.31217921079127
486.09276591289625,353,171590.74636725237,129,22,32,20.163357636689014,16,24,Normal,1,0.16,0.353,3.4318149273450476,0.258,0.7333333333333333,0.32,0.4032671527337803,0.9721855318257925
254.1270901541128,564,143327.67884691962,418,17,89,10.885084266455934,87,22,Moderate Risk,1,0.87,0.564,2.8665535769383923,0.836,0.5666666666666667,0.89,0.21770168532911868,0.5082541803082257
66.66778340568482,118,7866.798441870808,454,5,66,26.848517192463476,63,3,Moderate Risk,0,0.63,0.118,0.15733596883741616,0.908,0.16666666666666666,0.66,0.5369703438492696,0.13333556681136963
479.1510100422408,95,45519.345954012875,114,14,49,16.58419193169262,91,11,Normal,0,0.91,0.095,0.9103869190802575,0.228,0.4666666666666667,0.49,0.33168383863385237,0.9583020200844816
354.6577626407188,135,47878.79795649704,67,13,71,7.3677796710503305,5,11,Normal,0,0.05,0.135,0.9575759591299408,0.134,0.43333333333333335,0.71,0.1473555934210066,0.7093155252814376
282.7405546800801,261,73795.28477150091,145,17,37,7.970346120007208,55,16,Normal,0,0.55,0.261,1.4759056954300183,0.29,0.5666666666666667,0.37,0.15940692240014415,0.5654811093601602
104.35727169845828,510,53222.20856621372,416,8,81,41.58097005810011,13,11,Moderate Risk,1,0.13,0.51,1.0644441713242743,0.832,0.26666666666666666,0.81,0.8316194011620022,0.20871454339691656
461.0059327850571,235,108336.39420448842,255,6,24,37.675473059732575,96,16,Normal,1,0.96,0.235,2.1667278840897684,0.51,0.2,0.24,0.7535094611946515,0.9220118655701142
251.68249940027337,12,3020.1899928032803,211,27,71,38.16035898006351,68,30,Normal,1,0.68,0.012,0.06040379985606561,0.422,0.9,0.71,0.7632071796012703,0.5033649988005467
94.51038856002215,569,53776.411090652604,382,16,81,31.61750683649638,73,19,Moderate Risk,1,0.73,0.569,1.0755282218130522,0.764,0.5333333333333333,0.81,0.6323501367299276,0.1890207771200443
62.327241985298016,450,28047.258893384107,298,1,42,46.87700186460378,77,11,Normal,1,0.77,0.45,0.5609451778676822,0.596,0.03333333333333333,0.42,0.9375400372920756,0.12465448397059603
429.7339492591729,149,64030.358439616764,30,14,15,17.44508940380859,84,10,Normal,0,0.84,0.149,1.2806071687923353,0.06,0.4666666666666667,0.15,0.34890178807617184,0.8594678985183458
245.79131343338636,978,240383.90453785186,120,30,96,8.280260667434282,39,39,Normal,1,0.39,0.978,4.807678090757038,0.24,1.0,0.96,0.16560521334868564,0.49158262686677273
28.520888026008972,321,9155.20505634888,382,24,45,11.813197816787973,89,26,Moderate Risk,1,0.89,0.321,0.1831041011269776,0.764,0.8,0.45,0.23626395633575947,0.05704177605201794
219.2073281701174,478,104781.10286531612,250,18,85,33.970377708873926,32,21,Normal,1,0.32,0.478,2.0956220573063224,0.5,0.6,0.85,0.6794075541774786,0.4384146563402348
78.04070040348313,684,53379.83907598246,159,16,81,10.38988797944279,79,17,Normal,1,0.79,0.684,1.0675967815196492,0.318,0.5333333333333333,0.81,0.2077977595888558,0.15608140080696625
221.95078725616492,480,106536.37788295916,207,22,50,17.6638285477894,18,28,Normal,1,0.18,0.48,2.130727557659183,0.414,0.7333333333333333,0.5,0.353276570955788,0.4439015745123298
166.93084217885416,562,93815.13330451604,74,30,37,11.98988026890567,72,33,Normal,1,0.72,0.562,1.8763026660903208,0.148,1.0,0.37,0.2397976053781134,0.33386168435770835
146.63372879959482,506,74196.66677259498,491,18,59,6.914337504213586,47,17,Moderate Risk,0,0.47,0.506,1.4839333354518995,0.982,0.6,0.59,0.13828675008427171,0.29326745759918965
341.3497567651983,503,171698.92765289475,495,10,59,12.882337920626819,4,16,Moderate Risk,1,0.04,0.503,3.4339785530578952,0.99,0.3333333333333333,0.59,0.25764675841253637,0.6826995135303966
101.90846552625291,568,57884.00841891165,428,18,94,41.93749873427575,19,17,Moderate Risk,0,0.19,0.568,1.1576801683782332,0.856,0.6,0.94,0.8387499746855149,0.2038169310525058
109.0038296471265,684,74558.61947863451,43,28,77,27.11813194171303,4,24,Normal,0,0.04,0.684,1.4911723895726903,0.086,0.9333333333333333,0.77,0.5423626388342606,0.21800765929425298
19.30827574694535,389,7510.919265561741,477,29,96,35.00864760692747,75,35,Moderate Risk,1,0.75,0.389,0.15021838531123483,0.954,0.9666666666666667,0.96,0.7001729521385494,0.0386165514938907
109.53165027294027,599,65609.45851349122,381,6,74,13.24365456570805,61,9,Moderate Risk,1,0.61,0.599,1.3121891702698243,0.762,0.2,0.74,0.26487309131416104,0.21906330054588052
139.07961112302712,131,18219.42905711655,147,29,84,7.814653962105807,4,31,Normal,1,0.04,0.131,0.364388581142331,0.294,0.9666666666666667,0.84,0.15629307924211613,0.2781592222460542
391.9152833667142,124,48597.495137472564,32,15,59,30.829828145728456,97,23,Normal,1,0.97,0.124,0.9719499027494513,0.064,0.5,0.59,0.6165965629145691,0.7838305667334284
364.1758508328866,895,325937.3864954335,477,23,14,11.83610867811321,9,22,Moderate Risk,0,0.09,0.895,6.518747729908671,0.954,0.7666666666666667,0.14,0.2367221735622642,0.7283517016657732
366.25131428166645,781,286042.2764539815,182,6,95,38.3622496310548,17,3,Normal,0,0.17,0.781,5.7208455290796305,0.364,0.2,0.95,0.767244992621096,0.7325026285633329
184.63189596161322,544,100439.7514031176,12,15,64,15.085168091717057,77,11,High Risk,0,0.77,0.544,2.008795028062352,0.024,0.5,0.64,0.30170336183434115,0.36926379192322645
182.9737788604481,310,56721.871446738915,458,15,74,24.851807502069267,48,20,Moderate Risk,1,0.48,0.31,1.1344374289347783,0.916,0.5,0.74,0.49703615004138535,0.3659475577208962
306.66944796129263,646,198108.46338299505,61,27,13,13.501795072560355,83,24,Normal,0,0.83,0.646,3.9621692676599007,0.122,0.9,0.13,0.2700359014512071,0.6133388959225853
380.0679083993247,173,65751.74815308317,229,16,70,31.469668765570006,90,22,Normal,1,0.9,0.173,1.3150349630616633,0.458,0.5333333333333333,0.7,0.6293933753114002,0.7601358167986494
142.30373619974333,415,59056.05052289348,389,4,56,32.82995039459352,82,7,Moderate Risk,1,0.82,0.415,1.1811210104578695,0.778,0.13333333333333333,0.56,0.6565990078918703,0.28460747239948664
283.895573792615,903,256357.70313473133,448,3,56,34.68236821506588,14,1,Moderate Risk,0,0.14,0.903,5.127154062694626,0.896,0.1,0.56,0.6936473643013176,0.56779114758523
347.59425507220254,230,79946.67866660659,394,13,51,18.200551108164934,66,16,Moderate Risk,1,0.66,0.23,1.5989335733321317,0.788,0.43333333333333335,0.51,0.36401102216329867,0.6951885101444051
293.9473405438205,332,97590.5170605484,70,11,64,5.5704905595056,22,13,Normal,1,0.22,0.332,1.951810341210968,0.14,0.36666666666666664,0.64,0.111409811190112,0.587894681087641
364.9097413800353,54,19705.126034521905,383,19,27,43.1678295806077,63,15,Moderate Risk,0,0.63,0.054,0.3941025206904381,0.766,0.6333333333333333,0.27,0.8633565916121541,0.7298194827600706
373.8823673832061,401,149926.82932066565,146,8,19,34.618059203458756,79,17,Normal,1,0.79,0.401,2.998536586413313,0.292,0.26666666666666666,0.19,0.6923611840691751,0.7477647347664121
322.9924260433221,785,253549.05444400784,330,22,22,44.620484752081914,98,19,Moderate Risk,0,0.98,0.785,5.070981088880156,0.66,0.7333333333333333,0.22,0.8924096950416383,0.6459848520866442
416.6293870119956,738,307472.4876148528,454,3,20,11.160275940060295,97,0,Moderate Risk,0,0.97,0.738,6.1494497522970555,0.908,0.1,0.2,0.2232055188012059,0.8332587740239913
29.52166209218485,225,6642.373970741592,176,26,97,10.032760123220804,3,22,Normal,0,0.03,0.225,0.13284747941483183,0.352,0.8666666666666667,0.97,0.20065520246441607,0.0590433241843697
200.47272476665867,753,150955.961749294,115,3,82,42.061157043856475,41,9,Normal,1,0.41,0.753,3.0191192349858795,0.23,0.1,0.82,0.8412231408771295,0.40094544953331734
40.26501918540504,332,13367.986369554472,171,24,54,10.939474504841492,94,25,Normal,1,0.94,0.332,0.26735972739108943,0.342,0.8,0.54,0.21878949009682983,0.08053003837081008
38.51379038789635,217,8357.492514173508,497,14,91,44.845182028999474,61,10,Moderate Risk,0,0.61,0.217,0.16714985028347015,0.994,0.4666666666666667,0.91,0.8969036405799895,0.0770275807757927
21.199661940465436,542,11490.216771732266,460,2,54,5.280160337586704,57,5,Moderate Risk,1,0.57,0.542,0.22980433543464532,0.92,0.06666666666666667,0.54,0.10560320675173408,0.04239932388093087
114.27042465914387,819,93587.47779583883,81,14,99,18.995111605096405,83,20,Normal,1,0.83,0.819,1.8717495559167765,0.162,0.4666666666666667,0.99,0.3799022321019281,0.22854084931828775
198.19696887316707,400,79278.78754926682,418,22,31,34.77627030746938,63,27,Moderate Risk,1,0.63,0.4,1.5855757509853365,0.836,0.7333333333333333,0.31,0.6955254061493876,0.39639393774633414
409.3044952788466,396,162084.58013042327,41,13,42,16.6726301062943,5,21,Normal,1,0.05,0.396,3.2416916026084657,0.082,0.43333333333333335,0.42,0.333452602125886,0.8186089905576932
74.52217811714489,336,25039.451847360684,471,25,61,44.72673924007702,22,20,Moderate Risk,0,0.22,0.336,0.5007890369472137,0.942,0.8333333333333334,0.61,0.8945347848015405,0.14904435623428977
413.1088040533745,943,389561.60222233215,163,3,63,42.61512337660112,88,-2,Normal,0,0.88,0.943,7.791232044446643,0.326,0.1,0.63,0.8523024675320223,0.826217608106749
87.79225918818541,967,84895.1146349753,109,17,39,25.504284312703263,34,23,Normal,1,0.34,0.967,1.697902292699506,0.218,0.5666666666666667,0.39,0.5100856862540653,0.17558451837637082
330.17503590021937,352,116221.61263687722,309,23,48,34.36284674374553,32,19,Moderate Risk,0,0.32,0.352,2.3244322527375445,0.618,0.7666666666666667,0.48,0.6872569348749106,0.6603500718004387
399.397055242605,267,106639.01374977553,203,25,40,6.211142408425516,47,29,Normal,1,0.47,0.267,2.1327802749955107,0.406,0.8333333333333334,0.4,0.12422284816851033,0.79879411048521
310.737875026741,752,233674.88202010922,336,16,88,36.87343787067387,40,24,Moderate Risk,1,0.4,0.752,4.673497640402184,0.672,0.5333333333333333,0.88,0.7374687574134774,0.621475750053482
211.0685201316878,401,84638.4765728068,362,8,64,6.742529629718229,22,6,Moderate Risk,0,0.22,0.401,1.692769531456136,0.724,0.26666666666666666,0.64,0.13485059259436458,0.42213704026337556
375.1099639802461,798,299337.7512562364,313,22,58,16.63233011001291,52,20,Moderate Risk,0,0.52,0.798,5.986755025124728,0.626,0.7333333333333333,0.58,0.33264660220025816,0.7502199279604922
93.55564907822544,270,25260.02525112087,226,8,33,36.50920105459649,66,5,Normal,0,0.66,0.27,0.5052005050224174,0.452,0.26666666666666666,0.33,0.7301840210919298,0.1871112981564509
53.23792187446446,696,37053.59362462727,159,3,84,14.06004534048076,58,13,Normal,1,0.58,0.696,0.7410718724925454,0.318,0.1,0.84,0.28120090680961524,0.10647584374892892
397.8841150300127,152,60478.385484561935,335,13,89,5.55480919048591,99,17,Moderate Risk,1,0.99,0.152,1.2095677096912387,0.67,0.43333333333333335,0.89,0.11109618380971821,0.7957682300600254
226.31075924672206,509,115192.17645658152,366,3,61,28.632639515129434,65,6,Moderate Risk,1,0.65,0.509,2.3038435291316306,0.732,0.1,0.61,0.5726527903025886,0.4526215184934441
367.14792217246475,803,294819.7815044892,109,13,55,10.364933209041267,25,18,Normal,1,0.25,0.803,5.896395630089784,0.218,0.43333333333333335,0.55,0.20729866418082532,0.7342958443449294
242.68610659639643,164,39800.52148180902,243,1,96,41.06582678419352,90,4,Normal,1,0.9,0.164,0.7960104296361803,0.486,0.03333333333333333,0.96,0.8213165356838704,0.48537221319279283
109.30965695430112,991,108325.8700417124,91,30,73,48.962180359227524,35,34,Normal,1,0.35,0.991,2.1665174008342483,0.182,1.0,0.73,0.9792436071845505,0.21861931390860223
133.46051438603024,177,23622.511046327352,13,12,12,47.23374243625682,12,7,High Risk,0,0.12,0.177,0.47245022092654704,0.026,0.4,0.12,0.9446748487251364,0.2669210287720605
158.46558226019846,339,53719.83238620728,383,22,55,23.09991812814062,62,27,Moderate Risk,1,0.62,0.339,1.0743966477241456,0.766,0.7333333333333333,0.55,0.46199836256281235,0.31693116452039694
321.8219211639675,621,199851.4130428238,232,13,88,24.797749475587665,29,9,Normal,0,0.29,0.621,3.9970282608564762,0.464,0.43333333333333335,0.88,0.4959549895117533,0.6436438423279349
298.9205906476683,438,130927.2187036787,416,2,68,40.82015411493448,30,10,Moderate Risk,1,0.3,0.438,2.6185443740735743,0.832,0.06666666666666667,0.68,0.8164030822986896,0.5978411812953366
268.41982451733236,81,21742.005785903923,480,17,66,10.967262992315593,77,13,Moderate Risk,0,0.77,0.081,0.43484011571807846,0.96,0.5666666666666667,0.66,0.21934525984631187,0.5368396490346647
219.8190651717627,504,110788.8088465684,295,25,18,30.650053101452198,47,24,Normal,0,0.47,0.504,2.2157761769313677,0.59,0.8333333333333334,0.18,0.6130010620290439,0.4396381303435254
290.89713695636,142,41307.393447803115,382,14,51,28.334215153390588,57,18,Moderate Risk,1,0.57,0.142,0.8261478689560623,0.764,0.4666666666666667,0.51,0.5666843030678117,0.58179427391272
332.6226354002961,355,118081.03556710511,228,5,92,42.29271182908092,43,12,Normal,1,0.43,0.355,2.361620711342102,0.456,0.16666666666666666,0.92,0.8458542365816184,0.6652452708005921
269.8568782942741,69,18620.124602304913,181,9,79,44.96396715898439,21,11,Normal,1,0.21,0.069,0.37240249204609827,0.362,0.3,0.79,0.8992793431796877,0.5397137565885483
413.2076312339826,689,284700.057920214,239,2,70,38.55772212650253,1,-1,Normal,0,0.01,0.689,5.69400115840428,0.478,0.06666666666666667,0.7,0.7711544425300506,0.8264152624679653
91.10791243441115,705,64231.07826625986,295,6,33,12.414722893929657,86,2,Normal,0,0.86,0.705,1.2846215653251971,0.59,0.2,0.33,0.24829445787859314,0.1822158248688223
432.0545442401667,650,280835.45375610836,240,8,24,47.20048477499441,39,13,Normal,1,0.39,0.65,5.616709075122167,0.48,0.26666666666666666,0.24,0.9440096954998881,0.8641090884803334
23.877282262583037,492,11747.622873190854,321,5,44,21.897454128083716,77,15,Moderate Risk,1,0.77,0.492,0.23495245746381707,0.642,0.16666666666666666,0.44,0.4379490825616743,0.04775456452516608
276.5387124221846,808,223443.27963712515,396,25,26,14.969969633450992,85,21,Moderate Risk,0,0.85,0.808,4.468865592742503,0.792,0.8333333333333334,0.26,0.2993993926690198,0.5530774248443692
179.74844374196104,207,37207.927854585934,309,24,96,11.622794291131694,12,28,Moderate Risk,1,0.12,0.207,0.7441585570917186,0.618,0.8,0.96,0.23245588582263388,0.35949688748392206
165.94375722358237,83,13773.331849557337,493,22,97,34.22909902589633,84,22,Moderate Risk,0,0.84,0.083,0.2754666369911467,0.986,0.7333333333333333,0.97,0.6845819805179266,0.33188751444716474
189.30316488900576,167,31613.628536463963,376,14,92,24.07031485826055,16,14,Moderate Risk,0,0.16,0.167,0.6322725707292792,0.752,0.4666666666666667,0.92,0.481406297165211,0.3786063297780115
461.7166312340882,213,98345.64245286079,10,18,74,8.148961880237021,87,21,High Risk,1,0.87,0.213,1.9669128490572159,0.02,0.6,0.74,0.16297923760474042,0.9234332624681764
254.26146087738243,39,9916.196974217915,444,30,34,21.703594378468782,56,32,Moderate Risk,1,0.56,0.039,0.1983239394843583,0.888,1.0,0.34,0.43407188756937565,0.5085229217547649
303.6550182448765,654,198590.38193214923,253,17,47,26.646545479764708,77,15,Normal,0,0.77,0.654,3.971807638642985,0.506,0.5666666666666667,0.47,0.5329309095952941,0.607310036489753
281.73451189755355,139,39161.09715375994,408,14,27,24.718981639934167,21,16,Moderate Risk,1,0.21,0.139,0.7832219430751988,0.816,0.4666666666666667,0.27,0.49437963279868335,0.5634690237951071
101.55363072159999,684,69462.68341357438,57,10,58,37.10743933428056,100,13,Normal,1,1.0,0.684,1.3892536682714878,0.114,0.3333333333333333,0.58,0.7421487866856112,0.20310726144319996
198.65091353648293,956,189910.27334087767,318,4,16,14.870196438193434,51,6,Moderate Risk,1,0.51,0.956,3.7982054668175533,0.636,0.13333333333333333,0.16,0.2974039287638687,0.39730182707296585
421.38437545149156,465,195943.73458494357,83,27,68,12.53329308484479,22,32,Normal,1,0.22,0.465,3.9188746916988713,0.166,0.9,0.68,0.2506658616968958,0.8427687509029831
444.13723838879264,672,298460.22419726866,430,13,26,16.886075018854697,20,19,Moderate Risk,1,0.2,0.672,5.969204483945373,0.86,0.43333333333333335,0.26,0.3377215003770939,0.8882744767775853
53.991939858944626,876,47296.93931643549,14,13,50,28.630825965427437,1,17,High Risk,1,0.01,0.876,0.9459387863287099,0.028,0.43333333333333335,0.5,0.5726165193085487,0.10798387971788925
148.8742960475481,923,137410.9752518869,414,5,71,41.573754738937424,32,0,Moderate Risk,0,0.32,0.923,2.748219505037738,0.828,0.16666666666666666,0.71,0.8314750947787485,0.29774859209509624
349.41189935432953,150,52411.78490314943,486,6,59,34.078202576109575,33,14,Moderate Risk,1,0.33,0.15,1.0482356980629888,0.972,0.2,0.59,0.6815640515221915,0.6988237987086591
190.71010248187133,640,122054.46558839765,351,10,34,16.455339934750114,6,9,Moderate Risk,0,0.06,0.64,2.441089311767953,0.702,0.3333333333333333,0.34,0.32910679869500226,0.3814202049637427
437.6906953436537,838,366784.8026979818,228,14,96,32.469034361084894,44,10,Normal,0,0.44,0.838,7.335696053959636,0.456,0.4666666666666667,0.96,0.6493806872216978,0.8753813906873075
94.28674847661165,931,87780.96283172544,282,4,15,36.32529796251983,37,8,Normal,1,0.37,0.931,1.7556192566345088,0.564,0.13333333333333333,0.15,0.7265059592503965,0.18857349695322329
416.82372711578034,829,345546.8697789819,132,16,60,38.73579823989288,20,19,Normal,1,0.2,0.829,6.910937395579638,0.264,0.5333333333333333,0.6,0.7747159647978576,0.8336474542315607
11.059946718179392,512,5662.6927197078485,448,6,12,34.44496892484012,14,7,Moderate Risk,1,0.14,0.512,0.11325385439415697,0.896,0.2,0.12,0.6888993784968024,0.022119893436358784
16.097002800844002,481,7742.658347205966,109,3,23,26.45928012557577,88,5,Normal,1,0.88,0.481,0.15485316694411932,0.218,0.1,0.23,0.5291856025115154,0.032194005601688
454.6382880035956,831,377804.417330988,47,2,85,35.78844074810863,80,8,Normal,1,0.8,0.831,7.5560883466197595,0.094,0.06666666666666667,0.85,0.7157688149621726,0.9092765760071913
276.1755329279124,310,85614.41520765284,113,25,35,37.08012790631676,35,21,Normal,0,0.35,0.31,1.7122883041530568,0.226,0.8333333333333334,0.35,0.7416025581263352,0.5523510658558248
301.2167152419642,874,263263.4091214767,422,2,98,14.411329901506026,87,-2,Moderate Risk,0,0.87,0.874,5.2652681824295335,0.844,0.06666666666666667,0.98,0.2882265980301205,0.6024334304839284
356.38002160599575,218,77690.84471010708,411,28,83,18.898532971994765,87,24,Moderate Risk,0,0.87,0.218,1.5538168942021415,0.822,0.9333333333333333,0.83,0.3779706594398953,0.7127600432119915
432.1958303416634,909,392866.009780572,137,23,15,26.908996248687345,88,25,Normal,1,0.88,0.909,7.8573201956114405,0.274,0.7666666666666667,0.15,0.5381799249737469,0.8643916606833268
84.9609577072653,477,40526.376826365544,317,1,32,28.097573717252875,33,5,Moderate Risk,1,0.33,0.477,0.8105275365273109,0.634,0.03333333333333333,0.32,0.5619514743450575,0.16992191541453058
390.2060924857013,285,111208.73635842487,323,13,96,31.655943253433218,78,9,Moderate Risk,0,0.78,0.285,2.2241747271684975,0.646,0.43333333333333335,0.96,0.6331188650686643,0.7804121849714025
209.71294440039765,296,62075.0315425177,362,20,18,18.44715228343122,76,28,Moderate Risk,1,0.76,0.296,1.241500630850354,0.724,0.6666666666666666,0.18,0.3689430456686244,0.4194258888007953
442.4127494165447,286,126530.04633313179,155,6,88,30.90330042948313,43,8,Normal,1,0.43,0.286,2.5306009266626357,0.31,0.2,0.88,0.6180660085896627,0.8848254988330895
350.02835282488695,807,282472.8807296838,117,23,73,43.38120923191994,84,22,Normal,0,0.84,0.807,5.6494576145936755,0.234,0.7666666666666667,0.73,0.8676241846383987,0.700056705649774
136.16925856557685,470,63999.55152582112,348,6,34,36.20545636043107,94,3,Moderate Risk,0,0.94,0.47,1.2799910305164224,0.696,0.2,0.34,0.7241091272086214,0.2723385171311537
302.75491775957084,672,203451.30473443161,497,13,12,29.375452388082653,96,13,Moderate Risk,0,0.96,0.672,4.069026094688632,0.994,0.43333333333333335,0.12,0.587509047761653,0.6055098355191417
14.815523625355738,524,7763.3343796864065,35,6,88,20.59508750970726,51,7,Normal,1,0.51,0.524,0.15526668759372814,0.07,0.2,0.88,0.41190175019414516,0.029631047250711477
316.01782138615476,836,264190.8986788254,226,10,92,20.865323185841532,95,11,Normal,1,0.95,0.836,5.283817973576508,0.452,0.3333333333333333,0.92,0.41730646371683067,0.6320356427723095
396.7041697852413,432,171376.20134722424,13,18,41,25.970600499947906,1,25,High Risk,1,0.01,0.432,3.427524026944485,0.026,0.6,0.41,0.5194120099989581,0.7934083395704825
349.87475075024946,887,310338.9039154713,81,26,16,45.80994300906594,76,32,Normal,1,0.76,0.887,6.2067780783094255,0.162,0.8666666666666667,0.16,0.9161988601813188,0.699749501500499
86.47043432940411,579,50066.38147672498,398,19,96,7.428433725417095,12,14,Moderate Risk,0,0.12,0.579,1.0013276295344995,0.796,0.6333333333333333,0.96,0.1485686745083419,0.17294086865880823
379.0955972854768,805,305171.95581480884,334,26,38,22.40375935263883,60,28,Moderate Risk,1,0.6,0.805,6.103439116296177,0.668,0.8666666666666667,0.38,0.4480751870527766,0.7581911945709536
406.65840953579277,578,235048.56071168822,461,13,67,42.54337325888587,74,12,Moderate Risk,0,0.74,0.578,4.700971214233764,0.922,0.43333333333333335,0.67,0.8508674651777174,0.8133168190715856
273.5191638645071,458,125271.77704994426,45,27,73,19.942209143714486,100,29,Normal,1,1.0,0.458,2.505435540998885,0.09,0.9,0.73,0.3988441828742897,0.5470383277290142
426.38828045825346,566,241335.76673937147,402,2,27,28.903844612764292,6,1,Moderate Risk,0,0.06,0.566,4.826715334787429,0.804,0.06666666666666667,0.27,0.5780768922552858,0.8527765609165069
149.3928105632766,950,141923.1700351128,424,16,38,41.625441456623484,61,22,Moderate Risk,1,0.61,0.95,2.838463400702256,0.848,0.5333333333333333,0.38,0.8325088291324697,0.2987856211265532
253.6872446244342,485,123038.31364285058,126,28,69,35.31013823781143,85,35,Normal,1,0.85,0.485,2.4607662728570117,0.252,0.9333333333333333,0.69,0.7062027647562286,0.5073744892488684
178.9625842120333,566,101292.82266401085,328,30,85,47.60303738785918,9,38,Moderate Risk,1,0.09,0.566,2.025856453280217,0.656,1.0,0.85,0.9520607477571836,0.35792516842406663
186.27210322534003,921,171556.60707053816,387,14,67,29.03549000832892,78,21,Moderate Risk,1,0.78,0.921,3.431132141410763,0.774,0.4666666666666667,0.67,0.5807098001665785,0.37254420645068004
406.3321304191173,318,129213.6174732793,400,8,40,5.703542922149946,11,7,Moderate Risk,0,0.11,0.318,2.584272349465586,0.8,0.26666666666666666,0.4,0.11407085844299893,0.8126642608382345
243.09840625882973,980,238236.43813365314,197,20,40,15.570720404565808,28,22,Normal,1,0.28,0.98,4.764728762673062,0.394,0.6666666666666666,0.4,0.31141440809131615,0.48619681251765945
231.42436666263413,518,119877.82193124449,256,25,96,49.51835058040518,97,30,Normal,1,0.97,0.518,2.3975564386248895,0.512,0.8333333333333334,0.96,0.9903670116081037,0.46284873332526827
207.57688993775093,633,131396.17133059635,236,4,17,37.75218495404548,64,6,Normal,1,0.64,0.633,2.627923426611927,0.472,0.13333333333333333,0.17,0.7550436990809096,0.4151537798755019
464.33666160513707,59,27395.86303470309,150,22,100,15.255120838433815,66,19,Normal,0,0.66,0.059,0.5479172606940618,0.3,0.7333333333333333,1.0,0.3051024167686763,0.9286733232102742
191.63258698924963,246,47141.61639935541,499,25,95,31.518111639472394,88,23,Moderate Risk,0,0.88,0.246,0.9428323279871081,0.998,0.8333333333333334,0.95,0.6303622327894479,0.38326517397849924
497.07637642474646,663,329561.6375696069,371,11,71,23.977585599602243,14,9,Moderate Risk,0,0.14,0.663,6.591232751392138,0.742,0.36666666666666664,0.71,0.4795517119920449,0.9941527528494929
272.4847940544943,963,262402.856674478,416,4,76,23.02667193367855,33,12,Moderate Risk,1,0.33,0.963,5.24805713348956,0.832,0.13333333333333333,0.76,0.460533438673571,0.5449695881089885
191.34492323913761,857,163982.59921594092,478,30,56,36.539613127922955,8,29,Moderate Risk,0,0.08,0.857,3.2796519843188183,0.956,1.0,0.56,0.7307922625584591,0.38268984647827525
491.2865759615107,998,490304.0028095877,459,18,53,39.910587734497376,49,27,Moderate Risk,1,0.49,0.998,9.806080056191753,0.918,0.6,0.53,0.7982117546899475,0.9825731519230214
180.21891077446432,79,14237.29395118268,374,22,88,7.691018766339581,19,28,Moderate Risk,1,0.19,0.079,0.2847458790236536,0.748,0.7333333333333333,0.88,0.1538203753267916,0.3604378215489286
273.0620427315998,540,147453.50307506387,64,6,80,23.798407242404004,69,4,Normal,0,0.69,0.54,2.9490700615012773,0.128,0.2,0.8,0.4759681448480801,0.5461240854631996
480.89296724497405,682,327969.0036610723,57,13,95,7.743604508375301,74,20,Normal,1,0.74,0.682,6.559380073221446,0.114,0.43333333333333335,0.95,0.15487209016750603,0.9617859344899481
285.8006145687691,563,160905.746002217,485,4,30,23.063680075353066,66,8,Moderate Risk,1,0.66,0.563,3.2181149200443397,0.97,0.13333333333333333,0.3,0.4612736015070613,0.5716012291375382
69.97282725212713,557,38974.864779434814,469,7,94,18.08602896505323,81,9,Moderate Risk,1,0.81,0.557,0.7794972955886963,0.938,0.23333333333333334,0.94,0.3617205793010646,0.13994565450425425
460.16798189387026,106,48777.80608075025,108,27,46,49.51357938912265,53,34,Normal,1,0.53,0.106,0.9755561216150049,0.216,0.9,0.46,0.9902715877824529,0.9203359637877405
315.150684968938,637,200750.98632521348,480,17,81,45.58307286502096,22,18,Moderate Risk,1,0.22,0.637,4.01501972650427,0.96,0.5666666666666667,0.81,0.9116614573004191,0.630301369937876
307.35372003322584,542,166585.7162580084,436,18,11,35.68618140315108,66,27,Moderate Risk,1,0.66,0.542,3.3317143251601684,0.872,0.6,0.11,0.7137236280630216,0.6147074400664517
239.10694214584382,157,37539.789916897476,53,20,72,29.3872167010752,41,23,Normal,1,0.41,0.157,0.7507957983379495,0.106,0.6666666666666666,0.72,0.5877443340215041,0.47821388429168765
160.9719238471378,877,141172.37721393985,273,14,63,47.88759373653752,37,24,Normal,1,0.37,0.877,2.823447544278797,0.546,0.4666666666666667,0.63,0.9577518747307504,0.3219438476942756
449.34133002970407,206,92564.31398611904,227,15,25,41.73006231966657,36,23,Normal,1,0.36,0.206,1.8512862797223808,0.454,0.5,0.25,0.8346012463933314,0.8986826600594081
455.25254685953746,606,275883.0433968797,411,6,35,14.603141749003152,55,3,Moderate Risk,0,0.55,0.606,5.517660867937594,0.822,0.2,0.35,0.292062834980063,0.910505093719075
481.82443761233884,111,53482.51257496961,363,29,53,39.8244817363834,53,30,Moderate Risk,1,0.53,0.111,1.0696502514993922,0.726,0.9666666666666667,0.53,0.796489634727668,0.9636488752246777
484.4021723873911,747,361848.4227733812,214,22,18,22.087308978203136,57,17,Normal,0,0.57,0.747,7.236968455467624,0.428,0.7333333333333333,0.18,0.4417461795640627,0.9688043447747822
345.31047609642246,324,111880.59425524088,467,20,34,28.1617455198913,64,24,Moderate Risk,1,0.64,0.324,2.2376118851048177,0.934,0.6666666666666666,0.34,0.563234910397826,0.6906209521928449
449.4832501883042,664,298456.878125034,124,7,79,49.93219393313336,62,7,Normal,0,0.62,0.664,5.96913756250068,0.248,0.23333333333333334,0.79,0.9986438786626672,0.8989665003766084
316.1122027085267,202,63854.664947122394,465,28,72,19.926366064945963,4,30,Moderate Risk,1,0.04,0.202,1.277093298942448,0.93,0.9333333333333333,0.72,0.39852732129891927,0.6322244054170534
325.93650562370135,910,296602.2201175682,315,13,14,35.77858530627982,36,21,Moderate Risk,1,0.36,0.91,5.932044402351364,0.63,0.43333333333333335,0.14,0.7155717061255964,0.6518730112474027
488.25967577160327,454,221669.8928003079,245,3,92,5.363925054908044,54,4,Normal,1,0.54,0.454,4.433397856006158,0.49,0.1,0.92,0.1072785010981609,0.9765193515432066
116.50710946582903,400,46602.843786331614,325,13,68,44.67855497148894,28,12,Moderate Risk,0,0.28,0.4,0.9320568757266323,0.65,0.43333333333333335,0.68,0.8935710994297789,0.23301421893165805
234.79469930289116,417,97909.38960930561,400,29,82,43.4258379852093,80,29,Moderate Risk,0,0.8,0.417,1.9581877921861122,0.8,0.9666666666666667,0.82,0.868516759704186,0.4695893986057823
395.2824548910546,677,267606.22196124395,381,28,33,47.620468179277026,76,25,Moderate Risk,0,0.76,0.677,5.3521244392248795,0.762,0.9333333333333333,0.33,0.9524093635855405,0.7905649097821092
410.5582199418619,122,50088.102832907156,49,8,17,13.323151894566763,46,9,Normal,1,0.46,0.122,1.001762056658143,0.098,0.26666666666666666,0.17,0.26646303789133524,0.8211164398837238
172.5154424570586,168,28982.594332785848,101,19,95,18.059084758573952,37,18,Normal,0,0.37,0.168,0.579651886655717,0.202,0.6333333333333333,0.95,0.361181695171479,0.3450308849141172
328.74723670814757,466,153196.21230599677,435,23,100,45.19807325578173,54,30,Moderate Risk,1,0.54,0.466,3.0639242461199356,0.87,0.7666666666666667,1.0,0.9039614651156346,0.6574944734162952
58.222809407061696,142,8267.63893580276,315,4,86,19.320784952904095,29,3,Moderate Risk,0,0.29,0.142,0.16535277871605522,0.63,0.13333333333333333,0.86,0.3864156990580819,0.1164456188141234
160.85423051379732,971,156189.4578288972,215,3,59,27.024764565092273,55,0,Normal,0,0.55,0.971,3.123789156577944,0.43,0.1,0.59,0.5404952913018455,0.32170846102759465
202.35750855090248,970,196286.7832943754,347,9,48,7.122611585000626,70,13,Moderate Risk,1,0.7,0.97,3.925735665887508,0.694,0.3,0.48,0.1424522317000125,0.40471501710180496
221.3380069039276,528,116866.46764527378,268,29,22,17.105773320301,51,37,Normal,1,0.51,0.528,2.3373293529054755,0.536,0.9666666666666667,0.22,0.34211546640602003,0.4426760138078552
266.9985412703012,350,93449.48944460541,404,24,18,25.609781360416726,58,33,Moderate Risk,1,0.58,0.35,1.868989788892108,0.808,0.8,0.18,0.5121956272083346,0.5339970825406024
192.63414174037337,339,65302.97404998657,277,27,69,24.148343762152482,17,28,Normal,1,0.17,0.339,1.3060594809997315,0.554,0.9,0.69,0.48296687524304965,0.3852682834807467
60.24993789587488,623,37535.71130913005,306,9,33,42.348240342767824,15,17,Moderate Risk,1,0.15,0.623,0.750714226182601,0.612,0.3,0.33,0.8469648068553565,0.12049987579174976
443.07647355776487,0,0.0,475,19,86,12.80023587202302,69,29,Moderate Risk,1,0.69,0.0,0.0,0.95,0.6333333333333333,0.86,0.2560047174404604,0.8861529471155297
226.00227848778792,798,180349.81823325477,105,17,93,31.016826081553425,93,19,Normal,1,0.93,0.798,3.6069963646650955,0.21,0.5666666666666667,0.93,0.6203365216310686,0.45200455697557584
47.41064009979384,859,40725.73984572291,1,29,52,6.722546556881074,75,28,High Risk,0,0.75,0.859,0.8145147969144582,0.002,0.9666666666666667,0.52,0.1344509311376215,0.09482128019958767
456.95716511576217,488,222995.09657649192,433,1,74,43.84739082013118,59,3,Moderate Risk,1,0.59,0.488,4.4599019315298385,0.866,0.03333333333333333,0.74,0.8769478164026236,0.9139143302315244
457.1860100603383,981,448499.47586919187,72,17,99,31.609476735156417,90,19,Normal,1,0.9,0.981,8.969989517383837,0.144,0.5666666666666667,0.99,0.6321895347031283,0.9143720201206765
25.424478585396738,522,13271.577821577097,203,27,95,11.272049759651651,4,30,Normal,1,0.04,0.522,0.2654315564315419,0.406,0.9,0.95,0.225440995193033,0.05084895717079348
102.64006632452136,490,50293.63249901547,267,1,71,27.726618498704617,54,9,Normal,1,0.54,0.49,1.0058726499803095,0.534,0.03333333333333333,0.71,0.5545323699740924,0.2052801326490427
485.127062387029,835,405081.0970931692,290,6,12,35.24117739499668,88,3,Normal,0,0.88,0.835,8.101621941863385,0.58,0.2,0.12,0.7048235478999336,0.970254124774058
69.16950905842702,394,27252.78656902025,367,18,71,28.36714991268163,26,18,Moderate Risk,0,0.26,0.394,0.545055731380405,0.734,0.6,0.71,0.5673429982536325,0.13833901811685406
185.34470254995776,420,77844.77507098226,66,12,63,14.73928365471438,25,12,Normal,0,0.25,0.42,1.556895501419645,0.132,0.4,0.63,0.2947856730942876,0.3706894050999155
338.66108150632647,587,198794.05484421365,295,9,39,6.1998688890531835,87,6,Normal,0,0.87,0.587,3.975881096884273,0.59,0.3,0.39,0.12399737778106366,0.6773221630126529
343.7953287268171,151,51913.09463774938,366,23,31,29.138087777065884,71,32,Moderate Risk,1,0.71,0.151,1.0382618927549876,0.732,0.7666666666666667,0.31,0.5827617555413177,0.6875906574536342
19.528590706063547,739,14431.628531780962,150,14,21,37.20451310936698,86,9,Normal,0,0.86,0.739,0.28863257063561926,0.3,0.4666666666666667,0.21,0.7440902621873395,0.03905718141212709
417.3322778523451,532,222020.7718174476,303,2,67,30.32788113933684,80,10,Moderate Risk,1,0.8,0.532,4.440415436348951,0.606,0.06666666666666667,0.67,0.6065576227867367,0.8346645557046902
112.68906572449484,494,55668.39846790045,110,24,40,5.369401965753412,20,27,Normal,1,0.2,0.494,1.113367969358009,0.22,0.8,0.4,0.10738803931506824,0.2253781314489897
396.2788572967964,773,306323.55669042363,197,18,84,36.15208439034488,99,15,Normal,0,0.99,0.773,6.126471133808472,0.394,0.6,0.84,0.7230416878068976,0.7925577145935928
361.4933170356253,648,234247.66943908518,310,13,85,23.838364056921485,82,18,Moderate Risk,1,0.82,0.648,4.684953388781704,0.62,0.43333333333333335,0.85,0.4767672811384297,0.7229866340712506
211.69898809238754,584,123632.20904595433,450,1,31,35.8027181428688,70,-4,Moderate Risk,0,0.7,0.584,2.4726441809190867,0.9,0.03333333333333333,0.31,0.716054362857376,0.4233979761847751
245.87909322973445,657,161542.56425193555,336,28,87,39.471746042211386,76,33,Moderate Risk,1,0.76,0.657,3.2308512850387108,0.672,0.9333333333333333,0.87,0.7894349208442277,0.4917581864594689
147.46615066996773,759,111926.80835850551,144,26,80,43.65376422649049,24,31,Normal,1,0.24,0.759,2.23853616717011,0.288,0.8666666666666667,0.8,0.8730752845298098,0.2949323013399355
427.6925817064126,771,329750.98049564415,81,25,14,12.746460115820181,73,22,Normal,0,0.73,0.771,6.595019609912883,0.162,0.8333333333333334,0.14,0.2549292023164036,0.8553851634128252
414.3528469946238,536,222093.12598911836,482,15,89,14.633552323657844,57,21,Moderate Risk,1,0.57,0.536,4.441862519782367,0.964,0.5,0.89,0.2926710464731569,0.8287056939892476
20.067851567454,612,12281.525159281848,484,4,38,40.34661530303776,53,10,Moderate Risk,1,0.53,0.612,0.24563050318563695,0.968,0.13333333333333333,0.38,0.8069323060607552,0.040135703134907996
270.1555683100942,951,256917.9454628996,440,3,18,6.375170677698125,70,7,Moderate Risk,1,0.7,0.951,5.138358909257992,0.88,0.1,0.18,0.1275034135539625,0.5403111366201885
486.1533356308176,888,431704.16204016603,60,26,99,22.943429278451354,40,23,Normal,0,0.4,0.888,8.63408324080332,0.12,0.8666666666666667,0.99,0.4588685855690271,0.9723066712616352
375.1431690035981,142,53270.329998510926,157,8,61,12.270578832085484,98,9,Normal,1,0.98,0.142,1.0654065999702185,0.314,0.26666666666666666,0.61,0.24541157664170968,0.7502863380071961
31.582118812391197,83,2621.3158614284694,172,17,72,46.330745074687506,87,13,Normal,0,0.87,0.083,0.052426317228569386,0.344,0.5666666666666667,0.72,0.9266149014937501,0.06316423762478239
316.6118088332912,828,262154.57771396515,203,4,15,42.106038020018985,20,4,Normal,0,0.2,0.828,5.243091554279303,0.406,0.13333333333333333,0.15,0.8421207604003798,0.6332236176665824
264.49370118857814,776,205247.11212233664,289,17,68,47.67994150532678,74,22,Normal,1,0.74,0.776,4.104942242446732,0.578,0.5666666666666667,0.68,0.9535988301065356,0.5289874023771562
134.54903868251478,675,90820.60111069748,166,14,75,36.73198266558542,63,9,Normal,0,0.63,0.675,1.8164120222139495,0.332,0.4666666666666667,0.75,0.7346396533117084,0.26909807736502955
48.96162046726495,438,21445.18976466205,137,21,47,23.54777356210421,61,21,Normal,0,0.61,0.438,0.42890379529324096,0.274,0.7,0.47,0.47095547124208426,0.0979232409345299
66.59471109489512,266,17714.1931512421,34,7,100,20.59040683874416,73,13,Normal,1,0.73,0.266,0.354283863024842,0.068,0.23333333333333334,1.0,0.41180813677488315,0.13318942218979024
49.81092077129294,77,3835.4408993895563,360,26,99,49.46442632256962,65,34,Moderate Risk,1,0.65,0.077,0.07670881798779113,0.72,0.8666666666666667,0.99,0.9892885264513924,0.09962184154258588
236.2050368212738,709,167469.37110628313,88,12,80,10.49734509302693,33,12,Normal,0,0.33,0.709,3.3493874221256625,0.176,0.4,0.8,0.20994690186053858,0.4724100736425476
130.16572908366874,705,91766.83900398646,8,24,59,12.285578891885542,43,33,High Risk,1,0.43,0.705,1.8353367800797291,0.016,0.8,0.59,0.24571157783771086,0.2603314581673375
223.41351434653834,731,163315.27898731953,405,27,24,46.328540137530474,11,31,Moderate Risk,1,0.11,0.731,3.2663055797463905,0.81,0.9,0.24,0.9265708027506094,0.44682702869307667
152.29899541162828,814,123971.38226506542,204,18,40,37.746031009717996,58,27,Normal,1,0.58,0.814,2.479427645301308,0.408,0.6,0.4,0.7549206201943599,0.30459799082325656
118.2523868253231,410,48483.47859838247,237,16,92,22.928232299206396,93,19,Normal,1,0.93,0.41,0.9696695719676494,0.474,0.5333333333333333,0.92,0.45856464598412794,0.2365047736506462
126.77469586768754,355,45005.01703302908,31,16,88,39.047244531956395,63,20,Normal,1,0.63,0.355,0.9001003406605815,0.062,0.5333333333333333,0.88,0.7809448906391279,0.2535493917353751
452.7914025726967,837,378986.4039533471,428,27,79,27.8884266079512,82,24,Moderate Risk,0,0.82,0.837,7.579728079066943,0.856,0.9,0.79,0.557768532159024,0.9055828051453935
462.35901943307874,543,251060.94755216176,492,7,89,6.238263927325612,35,10,Moderate Risk,1,0.35,0.543,5.0212189510432355,0.984,0.23333333333333334,0.89,0.12476527854651223,0.9247180388661574
103.85906864586575,494,51306.37991105768,137,4,98,46.158369274705834,82,10,Normal,1,0.82,0.494,1.0261275982211535,0.274,0.13333333333333333,0.98,0.9231673854941167,0.2077181372917315
293.01245765132705,6,1758.0747459079623,39,19,17,10.939154034054546,34,20,Normal,1,0.34,0.006,0.035161494918159245,0.078,0.6333333333333333,0.17,0.21878308068109092,0.5860249153026541
437.3056832834915,117,51164.764944168506,74,30,35,48.292062588595826,70,31,Normal,1,0.7,0.117,1.0232952988833701,0.148,1.0,0.35,0.9658412517719165,0.8746113665669829
30.707755868147846,800,24566.204694518277,248,22,86,42.8983017599387,90,28,Normal,1,0.9,0.8,0.4913240938903655,0.496,0.7333333333333333,0.86,0.8579660351987739,0.06141551173629569
444.1291571783115,868,385504.1084307744,394,4,76,11.909793810226219,12,4,Moderate Risk,0,0.12,0.868,7.710082168615489,0.788,0.13333333333333333,0.76,0.23819587620452437,0.8882583143566231
413.18672976068586,715,295428.5117788904,28,14,62,16.869720398655424,0,10,Normal,0,0.0,0.715,5.908570235577808,0.056,0.4666666666666667,0.62,0.3373944079731085,0.8263734595213718
77.76197206961061,804,62520.625543966926,60,4,78,42.2610138099355,100,9,Normal,1,1.0,0.804,1.2504125108793385,0.12,0.13333333333333333,0.78,0.84522027619871,0.15552394413922122
331.47555252473654,425,140877.10982301304,210,14,64,49.33575942591673,9,18,Normal,1,0.09,0.425,2.817542196460261,0.42,0.4666666666666667,0.64,0.9867151885183345,0.6629511050494731
446.20697433370844,277,123599.33189043724,410,26,34,31.28620753254704,13,25,Moderate Risk,0,0.13,0.277,2.4719866378087447,0.82,0.8666666666666667,0.34,0.6257241506509408,0.8924139486674169
278.6004712262199,337,93888.3588032361,37,24,71,33.98228838948605,27,26,Normal,1,0.27,0.337,1.877767176064722,0.074,0.8,0.71,0.679645767789721,0.5572009424524398
437.93034037441316,375,164223.87764040494,112,30,45,10.958746678293842,19,28,Normal,0,0.19,0.375,3.2844775528080987,0.224,1.0,0.45,0.21917493356587683,0.8758606807488263
401.57195295738006,820,329289.00142505165,400,8,13,12.426460192477913,14,8,Moderate Risk,0,0.14,0.82,6.585780028501033,0.8,0.26666666666666666,0.13,0.24852920384955826,0.8031439059147601
31.921871987337155,513,16375.92032950396,375,20,27,39.376266470017164,20,25,Moderate Risk,1,0.2,0.513,0.3275184065900792,0.75,0.6666666666666666,0.27,0.7875253294003433,0.06384374397467431
48.818139559818654,858,41885.963742324406,63,9,26,9.234546495046756,29,6,Normal,0,0.29,0.858,0.8377192748464881,0.126,0.3,0.26,0.1846909299009351,0.0976362791196373
118.11738283004497,865,102171.5361479889,266,20,89,47.379685638286105,4,26,Normal,1,0.04,0.865,2.043430722959778,0.532,0.6666666666666666,0.89,0.9475937127657221,0.23623476566008994
494.24474615446036,638,315328.1480465457,220,17,31,33.44976883782819,27,17,Normal,0,0.27,0.638,6.306562960930914,0.44,0.5666666666666667,0.31,0.6689953767565637,0.9884894923089207
239.99131310295417,602,144474.7704879784,42,27,46,36.02237171796432,23,24,Normal,0,0.23,0.602,2.889495409759568,0.084,0.9,0.46,0.7204474343592864,0.4799826262059083
152.14882216488388,685,104221.94318294546,208,4,19,7.990486066689462,82,0,Normal,0,0.82,0.685,2.0844388636589093,0.416,0.13333333333333333,0.19,0.15980972133378923,0.30429764432976775
60.860226600948344,558,33960.00644332918,132,16,49,13.909947316677139,73,26,Normal,1,0.73,0.558,0.6792001288665835,0.264,0.5333333333333333,0.49,0.27819894633354275,0.12172045320189669
343.60461664852335,709,243615.67320380305,84,11,45,45.86062631350577,71,18,Normal,1,0.71,0.709,4.872313464076061,0.168,0.36666666666666664,0.45,0.9172125262701154,0.6872092332970466
36.61662238636349,697,25521.78580329535,285,18,32,44.90486997280406,19,25,Normal,1,0.19,0.697,0.510435716065907,0.57,0.6,0.32,0.8980973994560811,0.07323324477272698
139.85934588768197,396,55384.30097152206,178,27,23,44.301551132227836,68,30,Normal,1,0.68,0.396,1.1076860194304412,0.356,0.9,0.23,0.8860310226445567,0.27971869177536396
165.97801172029526,754,125147.42083710262,369,5,63,45.291976389584576,33,9,Moderate Risk,1,0.33,0.754,2.5029484167420524,0.738,0.16666666666666666,0.63,0.9058395277916915,0.3319560234405905
239.2993933675918,585,139990.14512004118,10,26,30,19.844950319797874,3,22,High Risk,0,0.03,0.585,2.7998029024008235,0.02,0.8666666666666667,0.3,0.3968990063959575,0.4785987867351836
201.95192492056177,816,164792.7707351784,366,27,22,42.65983226097483,97,36,Moderate Risk,1,0.97,0.816,3.295855414703568,0.732,0.9,0.22,0.8531966452194966,0.40390384984112354
117.02472438197935,693,81098.1339967117,56,24,78,22.026675766945303,70,22,Normal,0,0.7,0.693,1.621962679934234,0.112,0.8,0.78,0.44053351533890606,0.2340494487639587
140.12475713088605,507,71043.25186535923,203,12,38,29.509595641593844,54,20,Normal,1,0.54,0.507,1.4208650373071845,0.406,0.4,0.38,0.5901919128318769,0.2802495142617721
464.072200856554,815,378218.8436980915,23,22,22,49.91719538633109,64,19,Normal,0,0.64,0.815,7.56437687396183,0.046,0.7333333333333333,0.22,0.9983439077266217,0.928144401713108
316.5056332336515,0,0.0,76,20,75,21.759418777460475,62,27,Normal,1,0.62,0.0,0.0,0.152,0.6666666666666666,0.75,0.43518837554920947,0.633011266467303
274.13671675758206,660,180930.23306000416,43,9,89,12.667571929449043,5,15,Normal,1,0.05,0.66,3.618604661200083,0.086,0.3,0.89,0.25335143858898085,0.5482734335151641
304.5119843311012,361,109928.82634352753,343,23,89,12.436612563963477,19,27,Moderate Risk,1,0.19,0.361,2.1985765268705504,0.686,0.7666666666666667,0.89,0.24873225127926954,0.6090239686622024
76.91722690010228,702,53995.8932838718,36,13,77,26.218044001979894,50,17,Normal,1,0.5,0.702,1.079917865677436,0.072,0.43333333333333335,0.77,0.5243608800395979,0.15383445380020455
58.70978139385018,860,50490.411998711155,436,30,85,33.70308927356593,17,33,Moderate Risk,1,0.17,0.86,1.0098082399742232,0.872,1.0,0.85,0.6740617854713186,0.11741956278770035
138.81778788356965,499,69270.07615390126,21,16,86,9.593217207137565,41,15,Normal,0,0.41,0.499,1.3854015230780252,0.042,0.5333333333333333,0.86,0.1918643441427513,0.2776355757671393
368.4521645962068,523,192700.48208381614,361,22,20,17.352744959161036,22,32,Moderate Risk,1,0.22,0.523,3.8540096416763228,0.722,0.7333333333333333,0.2,0.34705489918322074,0.7369043291924136
175.23831605663796,902,158064.96108308743,381,26,93,32.785062080637516,7,28,Moderate Risk,1,0.07,0.902,3.1612992216617486,0.762,0.8666666666666667,0.93,0.6557012416127503,0.3504766321132759
102.63313750646155,82,8415.917275529848,169,22,58,10.682609931376758,14,28,Normal,1,0.14,0.082,0.16831834551059696,0.338,0.7333333333333333,0.58,0.21365219862753515,0.2052662750129231
427.020167868014,222,94798.47726669912,422,23,100,25.234743165375345,63,23,Moderate Risk,0,0.63,0.222,1.8959695453339824,0.844,0.7666666666666667,1.0,0.5046948633075069,0.854040335736028
258.56845128420883,76,19651.20229759987,244,12,29,24.82815054858885,93,22,Normal,1,0.93,0.076,0.3930240459519974,0.488,0.4,0.29,0.496563010971777,0.5171369025684177
85.99116487813971,0,0.0,357,4,57,15.419606383226244,35,11,Moderate Risk,1,0.35,0.0,0.0,0.714,0.13333333333333333,0.57,0.3083921276645249,0.17198232975627942
480.83051007717273,720,346197.96725556435,247,20,92,8.741536907716334,41,28,Normal,1,0.41,0.72,6.923959345111287,0.494,0.6666666666666666,0.92,0.17483073815432668,0.9616610201543455
94.31643769203548,929,87619.97061590097,147,24,31,43.00295101293341,41,33,Normal,1,0.41,0.929,1.7523994123180193,0.294,0.8,0.31,0.8600590202586682,0.18863287538407095
391.304870039879,756,295826.4817501485,350,23,97,7.85476688578116,55,27,Moderate Risk,1,0.55,0.756,5.916529635002971,0.7,0.7666666666666667,0.97,0.1570953377156232,0.782609740079758
187.64218255956087,510,95697.51310537604,470,27,64,40.0923624064119,4,28,Moderate Risk,1,0.04,0.51,1.9139502621075208,0.94,0.9,0.64,0.801847248128238,0.3752843651191217
40.26130784009755,156,6280.764023055218,23,26,43,42.15450643954707,10,33,Normal,1,0.1,0.156,0.12561528046110434,0.046,0.8666666666666667,0.43,0.8430901287909414,0.0805226156801951
395.6702567159107,927,366786.3279756492,158,29,34,16.10403830654178,34,37,Normal,1,0.34,0.927,7.335726559512985,0.316,0.9666666666666667,0.34,0.32208076613083564,0.7913405134318213
144.3208920939494,640,92365.37094012761,202,9,61,23.332756116302424,5,15,Normal,1,0.05,0.64,1.8473074188025522,0.404,0.3,0.61,0.46665512232604844,0.2886417841878988
365.84451722861013,243,88900.21768655226,372,29,21,46.35407356180775,85,33,Moderate Risk,1,0.85,0.243,1.7780043537310453,0.744,0.9666666666666667,0.21,0.927081471236155,0.7316890344572202
185.84763994837544,245,45532.67178735198,243,26,79,11.178448396070745,1,21,Normal,0,0.01,0.245,0.9106534357470396,0.486,0.8666666666666667,0.79,0.2235689679214149,0.3716952798967509
214.9271385936423,99,21277.786720770586,433,6,39,42.47384203405433,31,12,Moderate Risk,1,0.31,0.099,0.4255557344154117,0.866,0.2,0.39,0.8494768406810865,0.4298542771872846
258.71181468197415,429,110987.36849856691,259,19,78,21.00375601635751,65,19,Normal,0,0.65,0.429,2.2197473699713384,0.518,0.6333333333333333,0.78,0.4200751203271502,0.5174236293639483
330.6542388442754,11,3637.1966272870295,352,21,91,15.769352457274193,10,21,Moderate Risk,0,0.1,0.011,0.07274393254574059,0.704,0.7,0.91,0.3153870491454839,0.6613084776885508
260.1825670566695,217,56459.617051297275,387,30,90,41.00144292507264,100,27,Moderate Risk,0,1.0,0.217,1.1291923410259455,0.774,1.0,0.9,0.8200288585014528,0.520365134113339
396.5215840475207,439,174072.97539686158,456,15,40,6.420195758123676,87,23,Moderate Risk,1,0.87,0.439,3.4814595079372315,0.912,0.5,0.4,0.12840391516247351,0.7930431680950414
337.4646273014381,256,86390.94458916815,223,20,59,10.478460218595036,41,15,Normal,0,0.41,0.256,1.727818891783363,0.446,0.6666666666666666,0.59,0.2095692043719007,0.6749292546028762
101.6159865990645,999,101514.37061246543,140,12,67,32.99922897207876,54,9,Normal,0,0.54,0.999,2.0302874122493084,0.28,0.4,0.67,0.6599845794415752,0.203231973198129
437.63922119701635,339,148359.69598578854,246,7,71,21.141677073291575,17,8,Normal,1,0.17,0.339,2.9671939197157706,0.492,0.23333333333333334,0.71,0.4228335414658315,0.8752784423940327
338.44268386279055,371,125562.23571309529,297,23,33,25.13772078351516,24,26,Normal,1,0.24,0.371,2.5112447142619057,0.594,0.7666666666666667,0.33,0.5027544156703032,0.676885367725581
156.7665996837919,122,19125.52516142261,475,11,81,39.507844907350695,22,21,Moderate Risk,1,0.22,0.122,0.3825105032284522,0.95,0.36666666666666664,0.81,0.7901568981470138,0.3135331993675838
157.26705607450015,44,6919.750467278007,475,13,53,37.670445965709725,9,8,Moderate Risk,0,0.09,0.044,0.13839500934556015,0.95,0.43333333333333335,0.53,0.7534089193141945,0.3145341121490003
454.80218846858344,446,202841.77605698822,230,13,95,23.19210517585457,6,16,Normal,1,0.06,0.446,4.056835521139765,0.46,0.43333333333333335,0.95,0.46384210351709143,0.9096043769371669
230.44864075243632,222,51159.59824704086,195,1,93,5.617170606006737,49,4,Normal,1,0.49,0.222,1.0231919649408172,0.39,0.03333333333333333,0.93,0.11234341212013474,0.46089728150487264
145.31905317474704,741,107681.41840248756,459,16,79,13.235462489662964,29,26,Moderate Risk,1,0.29,0.741,2.153628368049751,0.918,0.5333333333333333,0.79,0.26470924979325927,0.2906381063494941
82.32527795934831,439,36140.79702415391,69,23,69,35.79574780362205,54,24,Normal,1,0.54,0.439,0.7228159404830782,0.138,0.7666666666666667,0.69,0.7159149560724409,0.16465055591869662
224.69899054352754,730,164030.2630967751,255,4,25,12.439366520070926,100,12,Normal,1,1.0,0.73,3.280605261935502,0.51,0.13333333333333333,0.25,0.24878733040141854,0.4493979810870551
436.88195589123893,161,70337.99489848947,321,19,96,45.82348014485981,4,24,Moderate Risk,1,0.04,0.161,1.4067598979697895,0.642,0.6333333333333333,0.96,0.9164696028971961,0.8737639117824778
169.4689954669972,318,53891.14055850511,169,10,100,5.226037725108249,21,11,Normal,1,0.21,0.318,1.0778228111701023,0.338,0.3333333333333333,1.0,0.10452075450216497,0.3389379909339944
449.91969931939906,815,366684.5549453102,363,14,10,13.29701402235045,44,15,Moderate Risk,1,0.44,0.815,7.333691098906205,0.726,0.4666666666666667,0.1,0.265940280447009,0.8998393986387981
427.7704437335652,145,62026.71434136695,192,1,18,7.309115049064494,90,6,Normal,1,0.9,0.145,1.240534286827339,0.384,0.03333333333333333,0.18,0.14618230098128987,0.8555408874671303
253.5248180060357,459,116367.8914647704,450,3,81,44.35065947319013,39,12,Moderate Risk,1,0.39,0.459,2.327357829295408,0.9,0.1,0.81,0.8870131894638026,0.5070496360120714
244.38980232573644,671,163985.55736056916,264,4,42,44.506573209448604,13,4,Normal,0,0.13,0.671,3.2797111472113833,0.528,0.13333333333333333,0.42,0.890131464188972,0.48877960465147285
420.903608907911,692,291265.2973642744,325,1,46,9.961159847003795,71,8,Moderate Risk,1,0.71,0.692,5.825305947285488,0.65,0.03333333333333333,0.46,0.1992231969400759,0.841807217815822
17.543580343034222,801,14052.407854770412,334,29,75,8.294383089338897,23,30,Moderate Risk,1,0.23,0.801,0.28104815709540826,0.668,0.9666666666666667,0.75,0.16588766178677794,0.035087160686068444
444.30183711608913,81,35988.44880640322,457,10,82,36.79404437917937,1,9,Moderate Risk,0,0.01,0.081,0.7197689761280643,0.914,0.3333333333333333,0.82,0.7358808875835874,0.8886036742321782
68.59855498510328,495,33956.28471762612,174,21,51,10.239434657748038,0,27,Normal,1,0.0,0.495,0.6791256943525225,0.348,0.7,0.51,0.20478869315496076,0.13719710997020657
94.3080090287611,725,68373.3065458518,317,2,74,35.68377920354432,24,12,Moderate Risk,1,0.24,0.725,1.367466130917036,0.634,0.06666666666666667,0.74,0.7136755840708864,0.1886160180575222
293.210125973055,631,185015.58948899774,404,25,69,28.0136272847578,8,28,Moderate Risk,1,0.08,0.631,3.700311789779955,0.808,0.8333333333333334,0.69,0.5602725456951559,0.58642025194611
472.62601731022806,315,148877.19545272185,491,27,91,5.845367192133325,2,37,Moderate Risk,1,0.02,0.315,2.977543909054437,0.982,0.9,0.91,0.11690734384266649,0.9452520346204561
65.45237731225134,891,58318.06818521595,265,11,69,19.328089654399953,91,8,Normal,0,0.91,0.891,1.1663613637043189,0.53,0.36666666666666664,0.69,0.38656179308799904,0.13090475462450268
163.19379310126658,785,128107.12758449426,424,11,48,27.150008967821886,60,19,Moderate Risk,1,0.6,0.785,2.562142551689885,0.848,0.36666666666666664,0.48,0.5430001793564377,0.32638758620253316
147.67007331733186,852,125814.90246636674,425,7,62,15.786385350820966,49,9,Moderate Risk,1,0.49,0.852,2.5162980493273346,0.85,0.23333333333333334,0.62,0.31572770701641933,0.29534014663466374
223.15589542069287,792,176739.46917318876,153,5,14,16.799799737023932,63,1,Normal,0,0.63,0.792,3.5347893834637754,0.306,0.16666666666666666,0.14,0.33599599474047864,0.4463117908413857
398.90480373977505,733,292397.2211412551,273,25,50,7.211846427575855,18,32,Normal,1,0.18,0.733,5.847944422825102,0.546,0.8333333333333334,0.5,0.1442369285515171,0.7978096074795501
280.04255437104865,190,53208.08533049924,147,13,96,45.642850817828965,61,16,Normal,1,0.61,0.19,1.0641617066099849,0.294,0.43333333333333335,0.96,0.9128570163565793,0.5600851087420973
189.4802148026378,937,177542.9612700716,447,28,22,46.48307915972825,73,32,Moderate Risk,1,0.73,0.937,3.5508592254014317,0.894,0.9333333333333333,0.22,0.9296615831945649,0.3789604296052756
188.08156227605951,497,93476.53645120158,412,20,53,28.449665521981657,72,18,Moderate Risk,0,0.72,0.497,1.8695307290240315,0.824,0.6666666666666666,0.53,0.5689933104396332,0.37616312455211903
395.9444742699315,152,60183.56008902959,67,2,14,21.89126566685573,94,5,Normal,1,0.94,0.152,1.2036712017805917,0.134,0.06666666666666667,0.14,0.4378253133371146,0.791888948539863
176.93018557174142,302,53432.91604266591,363,16,22,14.285281654499315,19,20,Moderate Risk,1,0.19,0.302,1.0686583208533182,0.726,0.5333333333333333,0.22,0.2857056330899863,0.35386037114348284
370.75853694482777,241,89352.8074037035,159,23,64,13.551647339828087,27,22,Normal,0,0.27,0.241,1.7870561480740699,0.318,0.7666666666666667,0.64,0.27103294679656176,0.7415170738896555
279.76833411455226,939,262702.4657335646,132,9,48,45.91574312382598,10,8,Normal,0,0.1,0.939,5.254049314671292,0.264,0.3,0.48,0.9183148624765196,0.5595366682291045
243.54682991989026,675,164394.11019592592,447,14,95,36.21727671345707,17,24,Moderate Risk,1,0.17,0.675,3.2878822039185187,0.894,0.4666666666666667,0.95,0.7243455342691414,0.48709365983978054
74.59115570777914,636,47439.97503014753,258,8,76,13.496176106824942,69,5,Normal,0,0.69,0.636,0.9487995006029506,0.516,0.26666666666666666,0.76,0.26992352213649884,0.14918231141555827
408.8719184649306,595,243278.7914866337,410,9,71,42.5724596671292,43,12,Moderate Risk,1,0.43,0.595,4.865575829732674,0.82,0.3,0.71,0.8514491933425841,0.8177438369298612
147.10986787510936,531,78115.33984168308,110,14,77,12.127625397053652,72,19,Normal,1,0.72,0.531,1.5623067968336615,0.22,0.4666666666666667,0.77,0.24255250794107305,0.2942197357502187
216.21004267996454,979,211669.6317836853,135,21,68,26.262013955878285,25,22,Normal,1,0.25,0.979,4.233392635673706,0.27,0.7,0.68,0.5252402791175657,0.4324200853599291
240.47326722373293,373,89696.52867445239,197,8,75,41.889776733809555,88,11,Normal,1,0.88,0.373,1.7939305734890478,0.394,0.26666666666666666,0.75,0.8377955346761911,0.4809465344474659
391.87562530697903,161,63091.97567442362,155,7,65,44.21520776049067,65,9,Normal,1,0.65,0.161,1.2618395134884723,0.31,0.23333333333333334,0.65,0.8843041552098134,0.7837512506139581
311.736711339861,547,170519.98110290398,340,29,73,28.850458131618105,39,28,Moderate Risk,0,0.39,0.547,3.4103996220580797,0.68,0.9666666666666667,0.73,0.5770091626323621,0.6234734226797221
451.08719510875716,860,387934.98779353115,221,2,65,36.66100248290633,60,9,Normal,1,0.6,0.86,7.758699755870623,0.442,0.06666666666666667,0.65,0.7332200496581267,0.9021743902175143
182.9587422313125,917,167773.16662611355,251,29,53,28.831255263120493,41,38,Normal,1,0.41,0.917,3.355463332522271,0.502,0.9666666666666667,0.53,0.5766251052624098,0.365917484462625
381.17575407141334,967,368596.9541870567,356,11,45,6.402550070534504,69,13,Moderate Risk,1,0.69,0.967,7.371939083741133,0.712,0.36666666666666664,0.45,0.1280510014106901,0.7623515081428267
108.75496654536263,298,32408.980030518065,427,5,81,24.869462357862655,9,9,Moderate Risk,1,0.09,0.298,0.6481796006103613,0.854,0.16666666666666666,0.81,0.49738924715725313,0.21750993309072528
238.573393506211,942,224736.13668285077,7,10,61,26.049469652309895,25,10,High Risk,0,0.25,0.942,4.4947227336570155,0.014,0.3333333333333333,0.61,0.520989393046198,0.477146787012422
423.0161448231154,318,134519.1340537507,41,21,42,33.08912321034683,12,28,Normal,1,0.12,0.318,2.6903826810750138,0.082,0.7,0.42,0.6617824642069365,0.8460322896462308
67.19239288327289,556,37358.97044309972,468,10,23,9.524032691483397,59,18,Moderate Risk,1,0.59,0.556,0.7471794088619944,0.936,0.3333333333333333,0.23,0.19048065382966795,0.13438478576654578
434.33218624328725,560,243226.02429624085,46,6,55,20.590715769536537,71,7,Normal,1,0.71,0.56,4.8645204859248175,0.092,0.2,0.55,0.41181431539073077,0.8686643724865745
222.79961600512829,580,129223.7772829744,318,29,58,19.883749840141014,89,28,Moderate Risk,0,0.89,0.58,2.584475545659488,0.636,0.9666666666666667,0.58,0.3976749968028203,0.4455992320102566
331.9684456858015,258,85647.85898693679,467,17,35,8.690607058965245,70,24,Moderate Risk,1,0.7,0.258,1.7129571797387357,0.934,0.5666666666666667,0.35,0.1738121411793049,0.6639368913716029
225.86707705659143,759,171433.1114859529,314,15,32,7.946354048439177,97,14,Moderate Risk,0,0.97,0.759,3.4286622297190577,0.628,0.5,0.32,0.15892708096878352,0.45173415411318285
218.05183378213917,520,113386.95356671237,440,16,17,32.98441681788039,96,12,Moderate Risk,0,0.96,0.52,2.2677390713342476,0.88,0.5333333333333333,0.17,0.6596883363576077,0.4361036675642783
230.5425284172677,535,123340.25270323822,23,30,95,47.735037907564575,78,30,Normal,0,0.78,0.535,2.4668050540647646,0.046,1.0,0.95,0.9547007581512915,0.46108505683453543
492.88385811946796,495,243977.50976913664,305,13,22,33.90976944332487,80,13,Moderate Risk,0,0.8,0.495,4.879550195382733,0.61,0.43333333333333335,0.22,0.6781953888664973,0.9857677162389359
149.85642444334744,793,118836.14458357451,34,29,91,48.71495105257109,62,26,Normal,0,0.62,0.793,2.3767228916714904,0.068,0.9666666666666667,0.91,0.9742990210514217,0.29971284888669486
292.9208066058071,78,22847.822915252957,218,28,40,10.49032972930578,99,28,Normal,0,0.99,0.078,0.45695645830505915,0.436,0.9333333333333333,0.4,0.20980659458611559,0.5858416132116142
475.88068224743813,580,276010.79570351413,293,5,16,8.681815373771016,46,5,Normal,0,0.46,0.58,5.520215914070283,0.586,0.16666666666666666,0.16,0.17363630747542033,0.9517613644948762
423.6853586403708,758,321153.50184940104,164,25,17,29.010392105026252,64,29,Normal,1,0.64,0.758,6.423070036988021,0.328,0.8333333333333334,0.17,0.580207842100525,0.8473707172807415
271.7625320554152,972,264153.1811578636,47,24,46,36.68461782359591,95,28,Normal,1,0.95,0.972,5.283063623157272,0.094,0.8,0.46,0.7336923564719181,0.5435250641108303
321.14375903543004,428,137449.52886716404,34,30,85,13.531816335116398,97,38,Normal,1,0.97,0.428,2.748990577343281,0.068,1.0,0.85,0.27063632670232796,0.64228751807086
57.32634858716306,234,13414.365569396155,433,29,41,14.942441838110009,57,34,Moderate Risk,1,0.57,0.234,0.2682873113879231,0.866,0.9666666666666667,0.41,0.2988488367622002,0.11465269717432612
397.60425383865953,7,2783.2297768706167,403,27,24,49.87345660532128,57,37,Moderate Risk,1,0.57,0.007,0.055664595537412334,0.806,0.9,0.24,0.9974691321064256,0.7952085076773191
251.42721449786035,206,51794.00618655923,285,10,15,21.458037100086994,23,7,Normal,0,0.23,0.206,1.0358801237311845,0.57,0.3333333333333333,0.15,0.42916074200173987,0.5028544289957207
255.9585711969999,85,21756.478551744993,247,16,27,41.028616572647486,88,21,Normal,1,0.88,0.085,0.43512957103489985,0.494,0.5333333333333333,0.27,0.8205723314529497,0.5119171423939999
394.54180263328794,877,346013.1609093935,142,10,35,24.798338514993016,39,8,Normal,0,0.39,0.877,6.92026321818787,0.284,0.3333333333333333,0.35,0.4959667702998603,0.7890836052665758
250.52606451937163,663,166098.7807763434,233,18,83,34.1909606923983,75,28,Normal,1,0.75,0.663,3.321975615526868,0.466,0.6,0.83,0.683819213847966,0.5010521290387433
408.3163882424198,124,50631.23214206006,199,10,28,22.836865284938856,4,19,Normal,1,0.04,0.124,1.0126246428412011,0.398,0.3333333333333333,0.28,0.45673730569877713,0.8166327764848396
250.25751907726075,296,74076.22564686918,117,22,68,27.659129751051054,95,32,Normal,1,0.95,0.296,1.4815245129373835,0.234,0.7333333333333333,0.68,0.5531825950210211,0.5005150381545215
281.8288017941528,74,20855.33133276731,500,2,29,28.92280092856843,47,3,Moderate Risk,1,0.47,0.074,0.4171066266553462,1.0,0.06666666666666667,0.29,0.5784560185713686,0.5636576035883056
105.1941782075391,453,47652.96272801521,19,30,45,39.602289009237765,15,36,High Risk,1,0.15,0.453,0.9530592545603043,0.038,1.0,0.45,0.7920457801847554,0.2103883564150782
58.98049009431918,186,10970.371157543368,130,15,20,7.4944672554800045,70,15,Normal,0,0.7,0.186,0.21940742315086736,0.26,0.5,0.2,0.1498893451096001,0.11796098018863836
133.51181975979267,733,97864.16388392803,478,29,98,11.293237598824325,85,35,Moderate Risk,1,0.85,0.733,1.9572832776785607,0.956,0.9666666666666667,0.98,0.2258647519764865,0.26702363951958535
87.18437161626436,663,57803.238381583265,316,17,66,29.35850236953798,83,17,Moderate Risk,0,0.83,0.663,1.1560647676316653,0.632,0.5666666666666667,0.66,0.5871700473907596,0.1743687432325287
71.21699656999144,673,47929.03869160424,284,18,23,34.40837492567084,32,21,Normal,1,0.32,0.673,0.9585807738320848,0.568,0.6,0.23,0.6881674985134169,0.14243399313998287
278.6174627652515,403,112282.83749439636,335,15,10,10.756334069912683,94,20,Moderate Risk,1,0.94,0.403,2.245656749887927,0.67,0.5,0.1,0.21512668139825364,0.557234925530503
400.17990008196045,922,368965.8678755675,145,6,86,9.812277439020253,99,14,Normal,1,0.99,0.922,7.379317357511351,0.29,0.2,0.86,0.19624554878040507,0.8003598001639209
106.01345291424724,940,99652.6457393924,457,26,44,17.710611306180056,97,36,Moderate Risk,1,0.97,0.94,1.9930529147878482,0.914,0.8666666666666667,0.44,0.3542122261236011,0.21202690582849448
60.08559853612524,868,52154.29952935671,8,15,85,11.384052455353107,38,17,High Risk,1,0.38,0.868,1.0430859905871341,0.016,0.5,0.85,0.22768104910706213,0.12017119707225048
364.3667988478839,823,299873.87545180845,173,20,87,33.900774637565675,59,26,Normal,1,0.59,0.823,5.997477509036169,0.346,0.6666666666666666,0.87,0.6780154927513135,0.7287335976957678
452.1746181686076,612,276730.86631918786,168,6,28,43.717484676096404,77,15,Normal,1,0.77,0.612,5.534617326383757,0.336,0.2,0.28,0.874349693521928,0.9043492363372152
94.23388681541546,842,79344.93269857981,67,1,14,5.292452269077853,89,3,Normal,1,0.89,0.842,1.5868986539715961,0.134,0.03333333333333333,0.14,0.10584904538155707,0.18846777363083092
488.34057573472774,754,368208.7941039847,296,11,96,10.017857272655771,37,21,Normal,1,0.37,0.754,7.364175882079694,0.592,0.36666666666666664,0.96,0.20035714545311542,0.9766811514694554
468.60603113293917,521,244143.7422202613,392,2,29,42.71786790968727,92,7,Moderate Risk,1,0.92,0.521,4.882874844405226,0.784,0.06666666666666667,0.29,0.8543573581937455,0.9372120622658783
217.99262669008817,352,76733.40459491103,178,9,12,41.03074201982205,32,4,Normal,0,0.32,0.352,1.5346680918982205,0.356,0.3,0.12,0.820614840396441,0.43598525338017635
218.8217206449546,483,105690.89107151308,401,9,63,24.68038785624204,47,5,Moderate Risk,0,0.47,0.483,2.1138178214302616,0.802,0.3,0.63,0.4936077571248408,0.43764344128990923
194.28319394167877,298,57896.39179462028,282,29,88,31.345448598529437,55,38,Normal,1,0.55,0.298,1.1579278358924057,0.564,0.9666666666666667,0.88,0.6269089719705887,0.38856638788335757
18.054282135587208,722,13035.191701893964,73,11,79,32.96302710828232,95,7,Normal,0,0.95,0.722,0.2607038340378793,0.146,0.36666666666666664,0.79,0.6592605421656463,0.03610856427117442
193.31685132476005,676,130682.1914955378,407,12,48,22.935293760222603,80,12,Moderate Risk,0,0.8,0.676,2.613643829910756,0.814,0.4,0.48,0.45870587520445205,0.38663370264952013
60.29759245233787,781,47092.419705275875,339,21,89,31.445865904709475,29,25,Moderate Risk,1,0.29,0.781,0.9418483941055175,0.678,0.7,0.89,0.6289173180941895,0.12059518490467573
400.7094815437288,248,99375.95142284475,284,6,35,45.94800814615372,33,1,Normal,0,0.33,0.248,1.987519028456895,0.568,0.2,0.35,0.9189601629230744,0.8014189630874576
31.387273412222278,347,10891.38387404113,400,24,47,41.18402078772534,75,25,Moderate Risk,1,0.75,0.347,0.2178276774808226,0.8,0.8,0.47,0.8236804157545068,0.06277454682444455
441.19619058948365,674,297366.232457312,405,26,47,36.9102551139143,49,35,Moderate Risk,1,0.49,0.674,5.94732464914624,0.81,0.8666666666666667,0.47,0.7382051022782861,0.8823923811789673
451.06405293565166,412,185838.3898094885,98,16,56,37.1914488598254,3,16,Normal,0,0.03,0.412,3.71676779618977,0.196,0.5333333333333333,0.56,0.743828977196508,0.9021281058713033
423.6158220775248,233,98702.48654406327,142,7,64,20.189069513359826,11,8,Normal,1,0.11,0.233,1.9740497308812655,0.284,0.23333333333333334,0.64,0.4037813902671965,0.8472316441550496
454.4436071622955,24,10906.646571895093,86,23,83,49.966879224048874,21,24,Normal,1,0.21,0.024,0.21813293143790186,0.172,0.7666666666666667,0.83,0.9993375844809775,0.908887214324591
426.9871450749025,19,8112.755756423147,245,6,64,15.282277116049961,43,13,Normal,1,0.43,0.019,0.16225511512846294,0.49,0.2,0.64,0.3056455423209992,0.8539742901498051
343.0007383733776,568,194824.41939607848,366,10,29,31.817181938890926,61,16,Moderate Risk,1,0.61,0.568,3.8964883879215697,0.732,0.3333333333333333,0.29,0.6363436387778185,0.6860014767467552
197.02069727753855,344,67775.11986347326,98,17,93,33.77790539009193,10,12,Normal,0,0.1,0.344,1.355502397269465,0.196,0.5666666666666667,0.93,0.6755581078018387,0.3940413945550771
251.1456491596405,2,502.291298319281,278,11,56,39.87689216570251,29,17,Normal,1,0.29,0.002,0.01004582596638562,0.556,0.36666666666666664,0.56,0.7975378433140502,0.502291298319281
112.16447515129683,893,100162.87631010807,465,21,26,21.570942825875264,34,30,Moderate Risk,1,0.34,0.893,2.0032575262021615,0.93,0.7,0.26,0.4314188565175053,0.22432895030259364
403.68013353854593,927,374211.4837902321,318,1,51,17.990107058086814,30,7,Moderate Risk,1,0.3,0.927,7.484229675804642,0.636,0.03333333333333333,0.51,0.35980214116173626,0.8073602670770919
449.5046368026923,823,369942.31608861574,239,7,59,7.292972609706031,60,3,Normal,0,0.6,0.823,7.398846321772315,0.478,0.23333333333333334,0.59,0.14585945219412064,0.8990092736053846
396.1867700493684,979,387866.84787833167,21,22,78,26.25385021022003,66,18,Normal,0,0.66,0.979,7.7573369575666336,0.042,0.7333333333333333,0.78,0.5250770042044006,0.7923735400987368
131.2538420347695,94,12337.861151268333,199,18,32,34.283448854797015,80,18,Normal,0,0.8,0.094,0.24675722302536665,0.398,0.6,0.32,0.6856689770959403,0.262507684069539
420.1631213906395,361,151678.88682202087,281,19,27,41.83302345389771,82,23,Normal,1,0.82,0.361,3.0335777364404173,0.562,0.6333333333333333,0.27,0.8366604690779542,0.840326242781279
238.85985037861758,684,163380.13765897442,303,4,72,12.613077593796982,50,-1,Moderate Risk,0,0.5,0.684,3.2676027531794882,0.606,0.13333333333333333,0.72,0.2522615518759396,0.47771970075723513
14.284153640142847,271,3871.0056364787115,413,8,31,36.333673378770484,70,11,Moderate Risk,1,0.7,0.271,0.07742011272957423,0.826,0.26666666666666666,0.31,0.7266734675754097,0.028568307280285695
62.16380987822264,562,34936.06115156112,327,30,94,32.845372628897806,46,40,Moderate Risk,1,0.46,0.562,0.6987212230312224,0.654,1.0,0.94,0.6569074525779561,0.12432761975644527
148.0095571291971,523,77408.99837857009,236,29,23,34.88767631506384,43,25,Normal,0,0.43,0.523,1.5481799675714019,0.472,0.9666666666666667,0.23,0.6977535263012768,0.2960191142583942
387.39480160501756,76,29442.004921981334,419,21,26,17.376431685394923,39,29,Moderate Risk,1,0.39,0.076,0.5888400984396267,0.838,0.7,0.26,0.34752863370789844,0.7747896032100351
255.4380044931839,328,83783.66547376433,215,9,32,45.04127331977406,10,18,Normal,1,0.1,0.328,1.6756733094752865,0.43,0.3,0.32,0.9008254663954811,0.5108760089863679
247.37070374501954,17,4205.301963665333,79,15,37,7.9929473130038176,93,10,Normal,0,0.93,0.017,0.08410603927330665,0.158,0.5,0.37,0.15985894626007635,0.4947414074900391
149.93509596083547,485,72718.5215410052,264,7,49,8.64412172519017,2,11,Normal,1,0.02,0.485,1.454370430820104,0.528,0.23333333333333334,0.49,0.1728824345038034,0.2998701919216709
372.8866381190935,11,4101.753019310028,306,16,29,10.316060745688969,72,17,Moderate Risk,1,0.72,0.011,0.08203506038620056,0.612,0.5333333333333333,0.29,0.20632121491377936,0.745773276238187
499.6053744673996,631,315250.99128892913,481,24,44,27.554986520613053,11,33,Moderate Risk,1,0.11,0.631,6.305019825778583,0.962,0.8,0.44,0.551099730412261,0.9992107489347992
142.67079330883197,971,138533.34030287585,141,29,77,48.3651179786117,22,38,Normal,1,0.22,0.971,2.770666806057517,0.282,0.9666666666666667,0.77,0.967302359572234,0.28534158661766396
238.70656054386373,309,73760.32720805389,327,29,61,33.641783166922124,6,38,Moderate Risk,1,0.06,0.309,1.4752065441610778,0.654,0.9666666666666667,0.61,0.6728356633384425,0.4774131210877275
267.5076649925245,554,148199.24640585858,40,25,48,9.774390621856716,47,34,Normal,1,0.47,0.554,2.9639849281171715,0.08,0.8333333333333334,0.48,0.1954878124371343,0.535015329985049
305.6148941053841,394,120412.26827752133,446,30,60,30.173693561955876,27,28,Moderate Risk,0,0.27,0.394,2.408245365550427,0.892,1.0,0.6,0.6034738712391176,0.6112297882107682
70.18052929525352,856,60074.53307673701,228,28,52,15.187346352173448,48,35,Normal,1,0.48,0.856,1.2014906615347403,0.456,0.9333333333333333,0.52,0.30374692704346895,0.14036105859050704
192.80393548211865,108,20822.825032068813,260,15,26,5.757875127294504,59,10,Normal,0,0.59,0.108,0.41645650064137624,0.52,0.5,0.26,0.11515750254589008,0.3856078709642373
371.9176685302845,539,200463.62333782334,296,21,40,23.978913218329918,34,21,Normal,0,0.34,0.539,4.0092724667564665,0.592,0.7,0.4,0.47957826436659834,0.743835337060569
483.67741269813234,906,438211.7359045079,436,1,77,38.1968529263161,64,10,Moderate Risk,1,0.64,0.906,8.764234718090158,0.872,0.03333333333333333,0.77,0.763937058526322,0.9673548253962647
426.56771707971996,993,423581.74306016194,319,8,90,27.27794592095057,15,8,Moderate Risk,0,0.15,0.993,8.471634861203238,0.638,0.26666666666666666,0.9,0.5455589184190114,0.8531354341594399
199.13911264425508,421,83837.56642323139,63,9,98,18.73349924704126,63,18,Normal,1,0.63,0.421,1.6767513284646278,0.126,0.3,0.98,0.37466998494082515,0.39827822528851015
132.35397960913954,903,119515.64358705301,410,4,53,20.579141342443346,89,0,Moderate Risk,0,0.89,0.903,2.3903128717410604,0.82,0.13333333333333333,0.53,0.41158282684886693,0.2647079592182791
484.99445187506007,496,240557.2481300298,22,18,64,25.3956361824199,30,28,Normal,1,0.3,0.496,4.811144962600596,0.044,0.6,0.64,0.507912723648398,0.9699889037501201
42.51399836802366,115,4889.10981232272,383,22,96,18.338658411054396,38,22,Moderate Risk,0,0.38,0.115,0.0977821962464544,0.766,0.7333333333333333,0.96,0.3667731682210879,0.08502799673604731
238.64423030124135,849,202608.95152575392,118,19,73,29.30092634248223,46,24,Normal,1,0.46,0.849,4.052179030515078,0.236,0.6333333333333333,0.73,0.5860185268496446,0.4772884606024827
143.87217724917537,329,47333.9463149787,315,14,98,26.451662183394784,73,13,Moderate Risk,0,0.73,0.329,0.946678926299574,0.63,0.4666666666666667,0.98,0.5290332436678957,0.28774435449835073
489.28004105754684,733,358642.2700951818,153,25,68,30.507516328107656,91,27,Normal,1,0.91,0.733,7.172845401903636,0.306,0.8333333333333334,0.68,0.6101503265621531,0.9785600821150937
343.51752954688476,692,237714.13044644427,143,27,79,49.33866010149958,73,29,Normal,1,0.73,0.692,4.754282608928885,0.286,0.9,0.79,0.9867732020299915,0.6870350590937695
472.30213988197835,442,208757.54582783443,291,18,59,48.82368379043277,17,18,Normal,0,0.17,0.442,4.175150916556689,0.582,0.6,0.59,0.9764736758086553,0.9446042797639567
189.56248501290565,261,49475.808588368374,87,23,47,22.06322278785592,73,22,Normal,0,0.73,0.261,0.9895161717673675,0.174,0.7666666666666667,0.47,0.4412644557571184,0.3791249700258113
316.8576590971643,937,296895.62657404295,378,15,15,32.56930196660822,36,13,Moderate Risk,0,0.36,0.937,5.937912531480859,0.756,0.5,0.15,0.6513860393321644,0.6337153181943286
90.85849205735386,330,29983.30237892677,118,14,43,22.014403922667213,41,16,Normal,1,0.41,0.33,0.5996660475785355,0.236,0.4666666666666667,0.43,0.4402880784533443,0.1817169841147077
250.80697866837562,830,208169.79229475177,27,9,87,48.44229842822996,22,14,Normal,1,0.22,0.83,4.163395845895035,0.054,0.3,0.87,0.9688459685645993,0.5016139573367513
419.50691011625696,455,190875.6441028969,187,19,67,48.778671843360534,39,16,Normal,0,0.39,0.455,3.817512882057938,0.374,0.6333333333333333,0.67,0.9755734368672107,0.8390138202325139
169.24057982441312,977,165348.04648845163,140,6,24,8.923792854975993,62,1,Normal,0,0.62,0.977,3.3069609297690326,0.28,0.2,0.24,0.17847585709951985,0.33848115964882625
175.51404373713683,567,99516.46279895658,211,22,33,5.087077883576229,62,17,Normal,0,0.62,0.567,1.9903292559791315,0.422,0.7333333333333333,0.33,0.10174155767152458,0.35102808747427366
413.18338845571327,667,275593.3200999608,13,13,48,26.42751513249839,75,13,High Risk,0,0.75,0.667,5.511866401999216,0.026,0.43333333333333335,0.48,0.5285503026499678,0.8263667769114266
90.2409254137246,155,13987.343439127313,261,21,55,18.79890027783807,79,21,Normal,0,0.79,0.155,0.2797468687825463,0.522,0.7,0.55,0.37597800555676136,0.1804818508274492
301.0301606708019,928,279355.98910250416,396,13,41,36.132912952004716,28,17,Moderate Risk,1,0.28,0.928,5.587119782050083,0.792,0.43333333333333335,0.41,0.7226582590400943,0.6020603213416037
93.60264509878213,113,10577.09889616238,10,11,86,19.487777587271886,77,8,High Risk,0,0.77,0.113,0.2115419779232476,0.02,0.36666666666666664,0.86,0.3897555517454377,0.18720529019756427
483.6219445391811,353,170718.54642233092,159,11,73,44.62608148806543,88,13,Normal,1,0.88,0.353,3.4143709284466186,0.318,0.36666666666666664,0.73,0.8925216297613087,0.9672438890783621
215.32169372383842,88,18948.30904769778,95,13,75,22.47658759062665,13,22,Normal,1,0.13,0.088,0.3789661809539556,0.19,0.43333333333333335,0.75,0.449531751812533,0.43064338744767683
284.45607474968375,45,12800.523363735769,316,15,15,33.54280075158314,44,25,Moderate Risk,1,0.44,0.045,0.2560104672747154,0.632,0.5,0.15,0.6708560150316627,0.5689121494993675
386.0595769060822,701,270627.76341116364,345,20,99,42.96123167930472,7,28,Moderate Risk,1,0.07,0.701,5.412555268223273,0.69,0.6666666666666666,0.99,0.8592246335860944,0.7721191538121644
294.62649423181347,519,152911.15050631118,238,17,87,15.742734396029354,94,19,Normal,1,0.94,0.519,3.0582230101262238,0.476,0.5666666666666667,0.87,0.3148546879205871,0.589252988463627
385.19282377634,426,164092.14292872083,245,2,33,42.46401183742029,0,12,Normal,1,0.0,0.426,3.2818428585744166,0.49,0.06666666666666667,0.33,0.8492802367484057,0.77038564755268
51.695120971774315,59,3050.0121373346847,154,28,52,6.183713540361987,39,33,Normal,1,0.39,0.059,0.061000242746693696,0.308,0.9333333333333333,0.52,0.12367427080723975,0.10339024194354864
133.591775754513,229,30592.51664778348,331,12,87,44.458883604081855,37,18,Moderate Risk,1,0.37,0.229,0.6118503329556696,0.662,0.4,0.87,0.8891776720816371,0.267183551509026
374.7730312161816,467,175019.00557795682,13,13,78,35.03503434384565,77,19,High Risk,1,0.77,0.467,3.5003801115591364,0.026,0.43333333333333335,0.78,0.700700686876913,0.7495460624323632
426.910986336011,972,414957.4787186027,195,14,53,39.66000868426379,57,24,Normal,1,0.57,0.972,8.299149574372054,0.39,0.4666666666666667,0.53,0.7932001736852757,0.853821972672022
375.30184394021296,517,194031.0533170901,477,18,55,16.603599436037012,26,26,Moderate Risk,1,0.26,0.517,3.880621066341802,0.954,0.6,0.55,0.33207198872074023,0.750603687880426
188.30911477881023,332,62518.626106564996,275,28,49,33.70034162744297,60,35,Normal,1,0.6,0.332,1.2503725221313,0.55,0.9333333333333333,0.49,0.6740068325488593,0.3766182295576205
80.30878281797874,220,17667.93221995532,156,20,57,41.07250321291057,37,28,Normal,1,0.37,0.22,0.3533586443991064,0.312,0.6666666666666666,0.57,0.8214500642582113,0.16061756563595747
276.19403062541113,835,230622.01557221828,492,26,59,27.009383362928613,12,26,Moderate Risk,0,0.12,0.835,4.612440311444366,0.984,0.8666666666666667,0.59,0.5401876672585723,0.5523880612508223
263.9813068274491,392,103480.67227636004,22,11,100,15.91666619001399,3,20,Normal,1,0.03,0.392,2.069613445527201,0.044,0.36666666666666664,1.0,0.3183333238002798,0.5279626136548982
484.95401270981085,560,271574.24711749406,138,2,91,46.442938641844435,89,6,Normal,1,0.89,0.56,5.431484942349881,0.276,0.06666666666666667,0.91,0.9288587728368887,0.9699080254196217
400.02279559080483,358,143208.16082150812,383,28,99,18.716091425790694,83,32,Moderate Risk,1,0.83,0.358,2.8641632164301623,0.766,0.9333333333333333,0.99,0.37432182851581386,0.8000455911816097
62.4560514677335,126,7869.462484934421,132,8,75,33.918274209194124,95,6,Normal,0,0.95,0.126,0.15738924969868842,0.264,0.26666666666666666,0.75,0.6783654841838824,0.124912102935467
469.4586605676269,937,439882.7649518664,91,8,71,12.060485692106756,75,3,Normal,0,0.75,0.937,8.797655299037329,0.182,0.26666666666666666,0.71,0.2412097138421351,0.9389173211352538
400.9409961619006,41,16438.580842637926,130,30,75,18.570876269233185,100,25,Normal,0,1.0,0.041,0.3287716168527585,0.26,1.0,0.75,0.3714175253846637,0.8018819923238012
422.31621750924586,28,11824.854090258885,323,4,22,40.55790534790299,22,3,Moderate Risk,0,0.22,0.028,0.2364970818051777,0.646,0.13333333333333333,0.22,0.8111581069580598,0.8446324350184917
417.08410395438153,944,393727.39413293614,304,23,81,23.537991796497007,11,24,Moderate Risk,1,0.11,0.944,7.874547882658723,0.608,0.7666666666666667,0.81,0.47075983592994014,0.8341682079087631
397.2473939698947,742,294757.56632566184,138,13,85,7.061587262937508,68,23,Normal,1,0.68,0.742,5.895151326513237,0.276,0.43333333333333335,0.85,0.14123174525875015,0.7944947879397893
466.98704351992075,519,242366.27558683886,189,1,24,5.082403525241919,47,4,Normal,1,0.47,0.519,4.847325511736777,0.378,0.03333333333333333,0.24,0.10164807050483837,0.9339740870398415
415.65724186015035,536,222792.28163704058,488,23,62,31.508085507108643,97,20,Moderate Risk,0,0.97,0.536,4.455845632740812,0.976,0.7666666666666667,0.62,0.6301617101421728,0.8313144837203007
481.29540162596044,834,401400.364956051,317,22,41,33.101009429230544,79,28,Moderate Risk,1,0.79,0.834,8.02800729912102,0.634,0.7333333333333333,0.41,0.6620201885846109,0.9625908032519209
117.87828106004962,728,85815.38861171612,163,14,24,37.30299944729755,93,16,Normal,1,0.93,0.728,1.7163077722343223,0.326,0.4666666666666667,0.24,0.746059988945951,0.23575656212009924
113.93207438916909,529,60270.06735187045,18,1,89,40.86472280830316,0,9,High Risk,1,0.0,0.529,1.205401347037409,0.036,0.03333333333333333,0.89,0.8172944561660632,0.2278641487783382
132.34317766509497,765,101242.53091379766,390,15,23,20.487396848541522,46,17,Moderate Risk,1,0.46,0.765,2.0248506182759534,0.78,0.5,0.23,0.40974793697083045,0.2646863553301899
456.446491465893,379,172993.22026557344,48,4,44,34.65115925160839,32,6,Normal,1,0.32,0.379,3.459864405311469,0.096,0.13333333333333333,0.44,0.6930231850321679,0.912892982931786
255.04135982091256,47,11986.94391158289,315,6,42,34.73885243935491,69,13,Moderate Risk,1,0.69,0.047,0.2397388782316578,0.63,0.2,0.42,0.6947770487870981,0.5100827196418252
302.33275495141396,189,57140.89068581724,317,23,55,22.341643155211464,82,23,Moderate Risk,0,0.82,0.189,1.1428178137163447,0.634,0.7666666666666667,0.55,0.4468328631042293,0.604665509902828
400.2968378865168,31,12409.20197448202,203,25,45,26.340598254082447,63,34,Normal,1,0.63,0.031,0.2481840394896404,0.406,0.8333333333333334,0.45,0.526811965081649,0.8005936757730336
160.8852770415806,508,81729.72073712295,261,30,39,24.231604772268632,65,26,Normal,0,0.65,0.508,1.634594414742459,0.522,1.0,0.39,0.48463209544537267,0.3217705540831612
280.56440186215065,979,274672.5494230455,80,15,27,44.60249397813366,66,24,Normal,1,0.66,0.979,5.49345098846091,0.16,0.5,0.27,0.8920498795626731,0.5611288037243013
401.9935492058316,627,252049.9553520564,306,16,35,40.38202806133835,42,23,Moderate Risk,1,0.42,0.627,5.040999107041128,0.612,0.5333333333333333,0.35,0.8076405612267671,0.8039870984116632
442.5916722865524,358,158447.81867858575,179,4,41,49.30290337631463,41,7,Normal,1,0.41,0.358,3.168956373571715,0.358,0.13333333333333333,0.41,0.9860580675262927,0.8851833445731048
71.4201939473667,178,12712.794522631273,263,3,83,31.798994661018828,56,9,Normal,1,0.56,0.178,0.2542558904526255,0.526,0.1,0.83,0.6359798932203765,0.14284038789473338
429.613464877968,858,368608.35286529653,440,24,93,48.937917147703466,93,20,Moderate Risk,0,0.93,0.858,7.372167057305931,0.88,0.8,0.93,0.9787583429540693,0.859226929755936
161.17009804050923,123,19823.922058982636,479,4,31,11.564719436703452,54,9,Moderate Risk,1,0.54,0.123,0.39647844117965275,0.958,0.13333333333333333,0.31,0.23129438873406905,0.32234019608101844
387.33205016315225,691,267646.4466627382,231,13,89,39.083363414607945,22,23,Normal,1,0.22,0.691,5.3529289332547645,0.462,0.43333333333333335,0.89,0.7816672682921589,0.7746641003263045
21.63128536779267,619,13389.765642663664,238,28,14,15.938287529618998,70,29,Normal,1,0.7,0.619,0.2677953128532733,0.476,0.9333333333333333,0.14,0.31876575059238,0.04326257073558534
430.74869996158026,645,277832.91147521924,253,8,57,49.181707680265305,12,8,Normal,0,0.12,0.645,5.556658229504385,0.506,0.26666666666666666,0.57,0.9836341536053061,0.8614973999231605
424.15217484252395,321,136152.8481244502,328,25,36,10.591233629466515,80,26,Moderate Risk,1,0.8,0.321,2.7230569624890038,0.656,0.8333333333333334,0.36,0.2118246725893303,0.8483043496850479
261.11572090736354,510,133169.01766275542,433,1,59,47.359897728014616,98,6,Moderate Risk,1,0.98,0.51,2.6633803532551084,0.866,0.03333333333333333,0.59,0.9471979545602923,0.522231441814727
91.17040835703047,852,77677.18792018996,484,16,91,49.21501732616101,54,13,Moderate Risk,0,0.54,0.852,1.5535437584037992,0.968,0.5333333333333333,0.91,0.9843003465232202,0.18234081671406094
321.69993033260783,318,102300.5778457693,209,24,94,43.82875445562869,0,21,Normal,0,0.0,0.318,2.046011556915386,0.418,0.8,0.94,0.8765750891125738,0.6433998606652157
411.30336055556324,269,110640.6039894465,468,3,39,13.718366117630211,48,-2,Moderate Risk,0,0.48,0.269,2.21281207978893,0.936,0.1,0.39,0.2743673223526042,0.8226067211111265
117.3217873814043,191,22408.461389848224,488,11,52,16.67466051425916,56,9,Moderate Risk,0,0.56,0.191,0.4481692277969645,0.976,0.36666666666666664,0.52,0.3334932102851832,0.23464357476280862
194.50176529644227,35,6807.561785375479,433,20,89,17.208725531921615,99,25,Moderate Risk,1,0.99,0.035,0.1361512357075096,0.866,0.6666666666666666,0.89,0.3441745106384323,0.38900353059288456
495.2378507225574,868,429866.4544271798,148,21,76,29.582470043429154,39,22,Normal,1,0.39,0.868,8.597329088543596,0.296,0.7,0.76,0.5916494008685831,0.9904757014451149
67.86315317833663,584,39632.08145614859,270,6,21,15.190007866694785,32,14,Normal,1,0.32,0.584,0.7926416291229718,0.54,0.2,0.21,0.3038001573338957,0.13572630635667327
327.85235738050204,841,275723.8325570022,220,15,57,45.09751561324343,85,19,Normal,1,0.85,0.841,5.514476651140044,0.44,0.5,0.57,0.9019503122648687,0.6557047147610041
396.18987298654895,199,78841.78472432324,70,6,70,42.066703636502226,93,2,Normal,0,0.93,0.199,1.5768356944864648,0.14,0.2,0.7,0.8413340727300445,0.7923797459730979
245.07382042394894,521,127683.4604408774,59,15,97,48.25908692320474,71,18,Normal,1,0.71,0.521,2.553669208817548,0.118,0.5,0.97,0.9651817384640948,0.4901476408478979
338.2426675652423,71,24015.229397132203,335,10,31,25.99024202697372,1,16,Moderate Risk,1,0.01,0.071,0.4803045879426441,0.67,0.3333333333333333,0.31,0.5198048405394744,0.6764853351304846
347.0209890060651,282,97859.91889971036,113,10,18,26.724122842027697,88,17,Normal,1,0.88,0.282,1.9571983779942073,0.226,0.3333333333333333,0.18,0.534482456840554,0.6940419780121302
245.01385833628984,545,133532.55279327795,479,14,98,21.8327568368604,62,23,Moderate Risk,1,0.62,0.545,2.670651055865559,0.958,0.4666666666666667,0.98,0.436655136737208,0.49002771667257966
85.24794761220718,164,13980.663408401979,253,25,54,43.44138252309097,90,23,Normal,0,0.9,0.164,0.27961326816803955,0.506,0.8333333333333334,0.54,0.8688276504618194,0.17049589522441436
428.89637472060343,119,51038.66859175181,424,20,43,7.402141525502961,22,30,Moderate Risk,1,0.22,0.119,1.0207733718350362,0.848,0.6666666666666666,0.43,0.1480428305100592,0.8577927494412069
431.8606210152994,68,29366.522229040358,428,22,68,14.944369184282717,63,26,Moderate Risk,1,0.63,0.068,0.5873304445808072,0.856,0.7333333333333333,0.68,0.2988873836856543,0.8637212420305987
208.92665132637305,374,78138.56759606351,225,29,61,38.54574902596924,98,25,Normal,0,0.98,0.374,1.5627713519212703,0.45,0.9666666666666667,0.61,0.7709149805193849,0.4178533026527461
470.5219340310245,683,321366.48094318976,497,7,27,48.25765925011899,37,5,Moderate Risk,0,0.37,0.683,6.427329618863795,0.994,0.23333333333333334,0.27,0.9651531850023798,0.941043868062049
138.5723571498005,444,61526.12657451142,385,21,16,24.671110162998247,64,23,Moderate Risk,1,0.64,0.444,1.2305225314902284,0.77,0.7,0.16,0.49342220325996494,0.27714471429960097
53.95344297448728,864,46615.77472995701,333,9,89,26.477013148972905,75,14,Moderate Risk,1,0.75,0.864,0.9323154945991402,0.666,0.3,0.89,0.5295402629794581,0.10790688594897456
457.0851688805757,891,407262.88547259296,459,19,77,25.003959870165385,68,24,Moderate Risk,1,0.68,0.891,8.14525770945186,0.918,0.6333333333333333,0.77,0.5000791974033078,0.9141703377611513
419.11582708115725,301,126153.86395142833,493,17,85,15.686580822511713,13,13,Moderate Risk,0,0.13,0.301,2.5230772790285667,0.986,0.5666666666666667,0.85,0.3137316164502343,0.8382316541623145
252.18365751128314,109,27488.018668729863,54,28,72,29.13558614942987,97,28,Normal,0,0.97,0.109,0.5497603733745973,0.108,0.9333333333333333,0.72,0.5827117229885974,0.5043673150225663
24.802714066670163,795,19718.15768300278,197,25,87,9.952053488024417,85,27,Normal,1,0.85,0.795,0.3943631536600556,0.394,0.8333333333333334,0.87,0.19904106976048833,0.049605428133340325
39.041569503194296,490,19130.369056565207,375,3,81,12.262452310190099,46,4,Moderate Risk,1,0.46,0.49,0.38260738113130416,0.75,0.1,0.81,0.24524904620380197,0.0780831390063886
260.06537090775106,444,115469.02468304147,75,26,69,43.4789239249078,51,25,Normal,0,0.51,0.444,2.3093804936608295,0.15,0.8666666666666667,0.69,0.869578478498156,0.5201307418155021
440.0724113710994,827,363939.8842038992,121,7,99,35.960339100663106,76,9,Normal,1,0.76,0.827,7.2787976840779836,0.242,0.23333333333333334,0.99,0.7192067820132622,0.8801448227421989
300.40779228070056,251,75402.35586245584,265,13,19,34.55428905570999,30,13,Normal,0,0.3,0.251,1.5080471172491168,0.53,0.43333333333333335,0.19,0.6910857811141997,0.6008155845614012
427.0844969084745,294,125562.8420910915,353,29,77,46.04400227553119,24,29,Moderate Risk,0,0.24,0.294,2.51125684182183,0.706,0.9666666666666667,0.77,0.9208800455106239,0.854168993816949
212.9148283979112,837,178209.71136905169,75,13,64,10.748987153607803,24,15,Normal,1,0.24,0.837,3.5641942273810336,0.15,0.43333333333333335,0.64,0.21497974307215606,0.4258296567958224
474.7464945933828,947,449584.9303799335,235,8,82,29.489279411922535,0,9,Normal,1,0.0,0.947,8.99169860759867,0.47,0.26666666666666666,0.82,0.5897855882384507,0.9494929891867656
437.0911427844522,776,339182.7268007349,285,28,54,34.785338978031845,7,33,Normal,1,0.07,0.776,6.783654536014698,0.57,0.9333333333333333,0.54,0.6957067795606369,0.8741822855689044
225.64594458986917,543,122525.74791229896,378,12,83,12.1137491289873,63,7,Moderate Risk,0,0.63,0.543,2.450514958245979,0.756,0.4,0.83,0.242274982579746,0.45129188917973834
22.3995045811938,334,7481.434530118729,257,29,75,48.02360610738128,27,35,Normal,1,0.27,0.334,0.14962869060237458,0.514,0.9666666666666667,0.75,0.9604721221476257,0.0447990091623876
250.8448398506949,994,249339.77081159074,215,9,38,37.000379053930104,42,5,Normal,0,0.42,0.994,4.986795416231815,0.43,0.3,0.38,0.7400075810786021,0.5016896797013898
463.11261069986074,52,24081.855756392757,429,26,31,11.934665762603075,88,25,Moderate Risk,0,0.88,0.052,0.4816371151278551,0.858,0.8666666666666667,0.31,0.2386933152520615,0.9262252213997215
17.35790438375842,27,468.66341836147734,126,11,23,29.61252198095068,0,10,Normal,0,0.0,0.027,0.009373268367229546,0.252,0.36666666666666664,0.23,0.5922504396190136,0.03471580876751684
170.93858769402019,976,166836.0615893637,134,26,66,13.24766611516354,81,24,Normal,0,0.81,0.976,3.336721231787274,0.268,0.8666666666666667,0.66,0.2649533223032708,0.34187717538804036
322.5057454312935,308,99331.7695928384,284,9,28,14.214905269216775,88,11,Normal,1,0.88,0.308,1.986635391856768,0.568,0.3,0.28,0.2842981053843355,0.645011490862587
341.95772059215136,49,16755.928309015417,356,2,84,12.31997931484989,37,5,Moderate Risk,1,0.37,0.049,0.33511856618030833,0.712,0.06666666666666667,0.84,0.2463995862969978,0.6839154411843027
158.17337043802337,268,42390.46327739026,42,26,51,43.20065225768174,76,25,Normal,0,0.76,0.268,0.8478092655478052,0.084,0.8666666666666667,0.51,0.8640130451536348,0.31634674087604675
499.0443952526635,920,459120.8436324504,295,3,44,23.401385899433045,100,6,Normal,1,1.0,0.92,9.182416872649007,0.59,0.1,0.44,0.4680277179886609,0.998088790505327
344.067054905996,375,129025.14558974848,478,3,88,39.0002839318151,2,1,Moderate Risk,0,0.02,0.375,2.58050291179497,0.956,0.1,0.88,0.780005678636302,0.688134109811992
341.5345875159727,265,90506.66569173276,332,9,45,39.52001159017907,46,14,Moderate Risk,1,0.46,0.265,1.8101333138346554,0.664,0.3,0.45,0.7904002318035813,0.6830691750319454
223.1097642816736,228,50869.02625622158,423,29,54,48.38580148076797,23,35,Moderate Risk,1,0.23,0.228,1.0173805251244317,0.846,0.9666666666666667,0.54,0.9677160296153593,0.4462195285633472
28.540719190529956,120,3424.8863028635947,35,4,68,14.900397904557487,71,11,Normal,1,0.71,0.12,0.06849772605727189,0.07,0.13333333333333333,0.68,0.2980079580911497,0.05708143838105991
462.42704602833646,308,142427.53017672763,230,28,94,31.698531996469676,89,32,Normal,1,0.89,0.308,2.8485506035345525,0.46,0.9333333333333333,0.94,0.6339706399293935,0.9248540920566729
422.738610097465,159,67215.43900549694,148,1,86,19.455448953069357,17,-2,Normal,0,0.17,0.159,1.3443087801099387,0.296,0.03333333333333333,0.86,0.38910897906138714,0.8454772201949301
431.81445285567514,629,271611.29084621964,116,2,19,35.00331725541875,75,-2,Normal,0,0.75,0.629,5.432225816924393,0.232,0.06666666666666667,0.19,0.700066345108375,0.8636289057113503
73.65232033867451,57,4198.182259304447,49,12,89,30.75318969078659,40,22,Normal,1,0.4,0.057,0.08396364518608894,0.098,0.4,0.89,0.6150637938157318,0.14730464067734902
152.28202269443878,442,67308.65403094194,415,6,40,47.487799649655855,6,7,Moderate Risk,1,0.06,0.442,1.3461730806188388,0.83,0.2,0.4,0.9497559929931171,0.30456404538887755
126.0129433604505,547,68929.08001816642,311,14,97,11.318824690931159,75,24,Moderate Risk,1,0.75,0.547,1.3785816003633284,0.622,0.4666666666666667,0.97,0.22637649381862318,0.25202588672090104
173.21829022875232,753,130433.3725422505,239,13,82,28.53549615017325,25,22,Normal,1,0.25,0.753,2.60866745084501,0.478,0.43333333333333335,0.82,0.570709923003465,0.34643658045750464
11.336357878110668,693,7856.096009530693,420,30,22,45.93450821206432,21,30,Moderate Risk,0,0.21,0.693,0.15712192019061386,0.84,1.0,0.22,0.9186901642412865,0.022672715756221335
222.27368748924633,758,168483.45511684872,153,29,68,46.68682067315199,87,28,Normal,0,0.87,0.758,3.3696691023369745,0.306,0.9666666666666667,0.68,0.9337364134630398,0.44454737497849267
161.38323302145665,914,147504.27498161138,164,13,45,41.435880192333286,81,20,Normal,1,0.81,0.914,2.9500854996322277,0.328,0.43333333333333335,0.45,0.8287176038466657,0.3227664660429133
82.53299146114475,166,13700.476582550027,445,16,84,19.927167494339216,0,15,Moderate Risk,0,0.0,0.166,0.27400953165100056,0.89,0.5333333333333333,0.84,0.3985433498867843,0.1650659829222895
127.95384651885355,894,114390.73878785508,202,7,21,15.240631331968087,61,2,Normal,0,0.61,0.894,2.2878147757571017,0.404,0.23333333333333334,0.21,0.30481262663936176,0.2559076930377071
457.4027585320374,32,14636.888273025197,260,9,59,15.43545711768624,25,12,Normal,1,0.25,0.032,0.29273776546050395,0.52,0.3,0.59,0.3087091423537248,0.9148055170640749
70.15895338108706,276,19363.87113318003,486,10,13,6.705905882355797,81,15,Moderate Risk,1,0.81,0.276,0.3872774226636006,0.972,0.3333333333333333,0.13,0.13411811764711593,0.14031790676217412
462.0693877974031,681,314669.2530900315,231,19,44,33.41432690750578,7,26,Normal,1,0.07,0.681,6.29338506180063,0.462,0.6333333333333333,0.44,0.6682865381501156,0.9241387755948063
18.85706251800033,288,5430.834005184095,206,24,54,13.72531044418317,80,33,Normal,1,0.8,0.288,0.1086166801036819,0.412,0.8,0.54,0.2745062088836634,0.03771412503600066
66.66496163904688,369,24599.370844808298,417,3,13,32.89999234091463,58,9,Moderate Risk,1,0.58,0.369,0.491987416896166,0.834,0.1,0.13,0.6579998468182926,0.13332992327809376
485.98229800172834,649,315402.5114031217,452,9,79,21.707918541419385,28,7,Moderate Risk,0,0.28,0.649,6.3080502280624335,0.904,0.3,0.79,0.4341583708283877,0.9719645960034566
298.5014062493811,735,219398.5335932951,181,20,80,27.257998581087467,44,16,Normal,0,0.44,0.735,4.387970671865903,0.362,0.6666666666666666,0.8,0.5451599716217493,0.5970028124987622
124.05549271300514,244,30269.540221973253,150,19,64,9.691383436606028,63,24,Normal,1,0.63,0.244,0.605390804439465,0.3,0.6333333333333333,0.64,0.19382766873212057,0.24811098542601026
353.66637739760216,344,121661.23382477515,322,17,76,9.651855953273838,98,21,Moderate Risk,1,0.98,0.344,2.433224676495503,0.644,0.5666666666666667,0.76,0.19303711906547677,0.7073327547952043
99.18726704887189,253,25094.37856336459,166,30,99,14.802048539909514,85,39,Normal,1,0.85,0.253,0.5018875712672918,0.332,1.0,0.99,0.29604097079819025,0.19837453409774378
394.44792731282996,598,235879.86053307232,247,1,61,27.587559621921503,82,9,Normal,1,0.82,0.598,4.717597210661446,0.494,0.03333333333333333,0.61,0.5517511924384301,0.7888958546256599
182.44552714448184,447,81553.15063358338,108,23,75,23.039141534678148,72,32,Normal,1,0.72,0.447,1.6310630126716676,0.216,0.7666666666666667,0.75,0.46078283069356296,0.3648910542889637
183.475240110127,439,80545.63040834575,332,5,82,44.207669847160226,43,13,Moderate Risk,1,0.43,0.439,1.610912608166915,0.664,0.16666666666666666,0.82,0.8841533969432045,0.366950480220254
110.43653284095076,582,64274.06211343334,11,24,52,47.813742215418024,95,26,High Risk,1,0.95,0.582,1.2854812422686668,0.022,0.8,0.52,0.9562748443083605,0.22087306568190151
220.91465139509586,88,19440.489322768437,464,1,59,9.896320508755636,2,1,Moderate Risk,0,0.02,0.088,0.38880978645536873,0.928,0.03333333333333333,0.59,0.19792641017511273,0.4418293027901917
340.3432438379106,669,227689.6301275622,412,20,68,7.3111169872254145,61,20,Moderate Risk,0,0.61,0.669,4.553792602551244,0.824,0.6666666666666666,0.68,0.1462223397445083,0.6806864876758213
314.8114779446179,246,77443.623574376,63,3,74,35.88854763574767,70,-1,Normal,0,0.7,0.246,1.5488724714875202,0.126,0.1,0.74,0.7177709527149534,0.6296229558892358
25.213408723548817,941,23725.817608859437,270,8,65,39.11920176965295,95,7,Normal,0,0.95,0.941,0.47451635217718874,0.54,0.26666666666666666,0.65,0.7823840353930591,0.050426817447097635
102.0867711792658,224,22867.436744155537,310,10,62,5.691668000308279,72,18,Moderate Risk,1,0.72,0.224,0.45734873488311073,0.62,0.3333333333333333,0.62,0.11383336000616558,0.20417354235853158
79.48197435259272,641,50947.94556001193,366,3,36,24.830997915750388,10,13,Moderate Risk,1,0.1,0.641,1.0189589112002386,0.732,0.1,0.36,0.49661995831500777,0.15896394870518543
78.07575348987244,829,64724.799643104256,283,15,46,34.64800886229408,86,12,Normal,0,0.86,0.829,1.2944959928620852,0.566,0.5,0.46,0.6929601772458815,0.1561515069797449
127.54958724907156,98,12499.859550409014,208,29,27,37.90734631122173,67,33,Normal,1,0.67,0.098,0.24999719100818027,0.416,0.9666666666666667,0.27,0.7581469262244346,0.2550991744981431
461.12237133172056,930,428843.8053385001,20,28,99,21.1553345917351,98,24,Normal,0,0.98,0.93,8.576876106770003,0.04,0.9333333333333333,0.99,0.423106691834702,0.9222447426634411
425.6203468849082,832,354116.1286082436,164,10,38,19.882079202509694,69,15,Normal,1,0.69,0.832,7.082322572164872,0.328,0.3333333333333333,0.38,0.3976415840501939,0.8512406937698164
360.611964519491,283,102053.18595901594,257,10,21,30.714159886061218,83,8,Normal,0,0.83,0.283,2.0410637191803187,0.514,0.3333333333333333,0.21,0.6142831977212243,0.7212239290389819
51.82408544418139,391,20263.217408674926,488,9,15,30.59229300724289,30,8,Moderate Risk,0,0.3,0.391,0.4052643481734985,0.976,0.3,0.15,0.6118458601448578,0.10364817088836278
61.94932110602222,400,24779.728442408887,120,12,27,10.39188184803623,56,19,Normal,1,0.56,0.4,0.4955945688481777,0.24,0.4,0.27,0.20783763696072458,0.12389864221204444
223.4576896576706,343,76645.98755258102,256,5,33,9.22946521172364,60,8,Normal,1,0.6,0.343,1.5329197510516204,0.512,0.16666666666666666,0.33,0.1845893042344728,0.4469153793153412
224.1292510394936,840,188268.5708731746,50,12,97,12.534397437918678,100,10,Normal,0,1.0,0.84,3.7653714174634922,0.1,0.4,0.97,0.2506879487583735,0.4482585020789872
103.89553831126746,796,82700.84849576889,337,24,12,44.03350194740312,86,25,Moderate Risk,1,0.86,0.796,1.654016969915378,0.674,0.8,0.12,0.8806700389480624,0.2077910766225349
451.9245593580693,691,312279.8705164259,142,11,80,9.13509570480229,65,16,Normal,1,0.65,0.691,6.245597410328517,0.284,0.36666666666666664,0.8,0.18270191409604578,0.9038491187161386
134.25838100046934,726,97471.58460634074,292,20,45,44.71312612120819,79,15,Normal,0,0.79,0.726,1.9494316921268147,0.584,0.6666666666666666,0.45,0.8942625224241638,0.26851676200093866
428.1765742528871,163,69792.7816032206,361,15,93,34.16771673484228,56,11,Moderate Risk,0,0.56,0.163,1.395855632064412,0.722,0.5,0.93,0.6833543346968456,0.8563531485057743
187.29424305421844,620,116122.43069361543,204,6,15,7.732936965849555,20,14,Normal,1,0.2,0.62,2.3224486138723086,0.408,0.2,0.15,0.1546587393169911,0.37458848610843687
402.00637326885453,659,264922.19998417515,473,18,51,28.92218476488563,47,27,Moderate Risk,1,0.47,0.659,5.298443999683503,0.946,0.6,0.51,0.5784436952977126,0.804012746537709
327.2091584221365,155,50717.41955543116,229,2,26,35.40776963526644,96,3,Normal,1,0.96,0.155,1.0143483911086233,0.458,0.06666666666666667,0.26,0.7081553927053288,0.654418316844273
254.35715032299524,57,14498.357568410729,96,10,73,32.87726923885121,25,19,Normal,1,0.25,0.057,0.2899671513682146,0.192,0.3333333333333333,0.73,0.6575453847770243,0.5087143006459904
32.01158387685213,34,1088.3938518129723,308,20,61,46.50049932015843,98,21,Moderate Risk,1,0.98,0.034,0.02176787703625945,0.616,0.6666666666666666,0.61,0.9300099864031687,0.06402316775370426
249.75648901939934,332,82919.15435444059,259,27,98,45.71518815635252,31,28,Normal,1,0.31,0.332,1.6583830870888117,0.518,0.9,0.98,0.9143037631270503,0.4995129780387987
386.8512755980078,641,247971.66765832301,325,13,29,42.66106457758511,84,9,Moderate Risk,0,0.84,0.641,4.95943335316646,0.65,0.43333333333333335,0.29,0.8532212915517021,0.7737025511960156
267.15269015000956,383,102319.48032745367,306,24,39,39.955291956514486,71,33,Moderate Risk,1,0.71,0.383,2.046389606549073,0.612,0.8,0.39,0.7991058391302898,0.5343053803000192
54.98966117948226,487,26779.964994407863,116,6,89,21.98305908587236,72,2,Normal,0,0.72,0.487,0.5355992998881572,0.232,0.2,0.89,0.43966118171744717,0.10997932235896453
397.41332385149946,841,334224.60535911104,277,6,73,13.59757927192354,86,11,Normal,1,0.86,0.841,6.684492107182221,0.554,0.2,0.73,0.2719515854384708,0.7948266477029989
149.71827023345404,407,60935.335985015794,10,23,89,32.70425291511731,92,21,High Risk,0,0.92,0.407,1.2187067197003159,0.02,0.7666666666666667,0.89,0.6540850583023462,0.2994365404669081
222.12007357036725,69,15326.28507635534,325,14,16,32.670444703719696,54,13,Moderate Risk,0,0.54,0.069,0.3065257015271068,0.65,0.4666666666666667,0.16,0.653408894074394,0.4442401471407345
186.1571867371692,760,141479.4619202486,318,6,66,34.41086330951572,92,4,Moderate Risk,0,0.92,0.76,2.829589238404972,0.636,0.2,0.66,0.6882172661903144,0.37231437347433843
444.3135517156277,869,386108.47644088045,494,30,15,22.83830014898562,63,36,Moderate Risk,1,0.63,0.869,7.722169528817609,0.988,1.0,0.15,0.4567660029797124,0.8886271034312554
138.0969608775194,354,48886.32415064186,27,3,76,30.336280039641604,38,3,Normal,0,0.38,0.354,0.9777264830128373,0.054,0.1,0.76,0.6067256007928321,0.27619392175503876
305.54649652173265,52,15888.417819130098,29,16,75,19.22339636808495,69,18,Normal,1,0.69,0.052,0.317768356382602,0.058,0.5333333333333333,0.75,0.384467927361699,0.6110929930434653
159.04202327926166,852,135503.80383393093,172,7,57,39.46019292429411,80,14,Normal,1,0.8,0.852,2.7100760766786185,0.344,0.23333333333333334,0.57,0.7892038584858823,0.3180840465585233
221.60646663881522,687,152243.64258086606,8,7,29,45.437462493240226,52,12,High Risk,1,0.52,0.687,3.0448728516173214,0.016,0.23333333333333334,0.29,0.9087492498648045,0.44321293327763045
33.291543883821866,815,27132.608265314822,33,10,41,31.072173433359993,2,8,Normal,0,0.02,0.815,0.5426521653062965,0.066,0.3333333333333333,0.41,0.6214434686671999,0.06658308776764374
108.80555198183487,712,77469.55301106643,340,25,52,18.253641160845177,45,33,Moderate Risk,1,0.45,0.712,1.5493910602213286,0.68,0.8333333333333334,0.52,0.36507282321690354,0.21761110396366973
469.02214194852286,109,51123.413472388995,415,4,41,34.822166022763156,36,6,Moderate Risk,1,0.36,0.109,1.0224682694477798,0.83,0.13333333333333333,0.41,0.6964433204552631,0.9380442838970457
146.55650696286324,890,130435.29119694828,382,13,70,28.199325515498913,47,10,Moderate Risk,0,0.47,0.89,2.6087058239389656,0.764,0.43333333333333335,0.7,0.5639865103099783,0.2931130139257265
119.49832232423762,599,71579.49507221833,337,30,84,20.601263020379932,28,40,Moderate Risk,1,0.28,0.599,1.4315899014443665,0.674,1.0,0.84,0.4120252604075986,0.23899664464847523
104.0805910315435,842,87635.85764855963,253,27,17,18.789198724523633,26,23,Normal,0,0.26,0.842,1.7527171529711925,0.506,0.9,0.17,0.3757839744904727,0.208161182063087
176.67895387179493,192,33922.35914338463,203,30,99,44.8699336300321,16,34,Normal,1,0.16,0.192,0.6784471828676926,0.406,1.0,0.99,0.897398672600642,0.3533579077435899
452.0798180877978,961,434448.70518237364,226,27,81,41.10247359279654,100,35,Normal,1,1.0,0.961,8.688974103647473,0.452,0.9,0.81,0.8220494718559308,0.9041596361755956
60.8082758886904,988,60078.57657802612,59,4,56,40.42123789212653,69,2,Normal,0,0.69,0.988,1.2015715315605224,0.118,0.13333333333333333,0.56,0.8084247578425305,0.1216165517773808
245.44644965705078,556,136468.22600932023,231,4,53,38.00022374972161,0,7,Normal,1,0.0,0.556,2.7293645201864045,0.462,0.13333333333333333,0.53,0.7600044749944322,0.49089289931410157
424.171009317327,500,212085.5046586635,193,19,89,25.112472795503542,7,15,Normal,0,0.07,0.5,4.24171009317327,0.386,0.6333333333333333,0.89,0.5022494559100709,0.848342018634654
238.7853944681522,330,78799.18017449022,359,26,83,28.33262547927369,0,27,Moderate Risk,1,0.0,0.33,1.5759836034898043,0.718,0.8666666666666667,0.83,0.5666525095854739,0.4775707889363044
478.3378305510452,515,246343.9827337883,430,4,27,7.897306849603501,26,8,Moderate Risk,1,0.26,0.515,4.926879654675766,0.86,0.13333333333333333,0.27,0.15794613699207002,0.9566756611020905
116.35963845655598,516,60041.573443582885,159,27,25,5.750377041468739,46,36,Normal,1,0.46,0.516,1.2008314688716577,0.318,0.9,0.25,0.11500754082937478,0.23271927691311198
335.7194767968585,901,302483.2485939695,280,28,26,8.606266933890634,3,36,Normal,1,0.03,0.901,6.04966497187939,0.56,0.9333333333333333,0.26,0.17212533867781268,0.671438953593717
390.17191763432237,452,176357.7067707137,488,16,51,17.933931486602116,23,19,Moderate Risk,1,0.23,0.452,3.527154135414274,0.976,0.5333333333333333,0.51,0.35867862973204234,0.7803438352686447
197.04867641319146,358,70543.42615592254,421,19,41,35.49615968859145,33,25,Moderate Risk,1,0.33,0.358,1.4108685231184508,0.842,0.6333333333333333,0.41,0.709923193771829,0.3940973528263829
427.85537420877284,850,363677.0680774569,424,10,43,42.08471761505871,24,18,Moderate Risk,1,0.24,0.85,7.273541361549138,0.848,0.3333333333333333,0.43,0.8416943523011742,0.8557107484175457
126.09148827912006,162,20426.82110121745,223,1,90,17.623900692336235,10,4,Normal,1,0.1,0.162,0.40853642202434903,0.446,0.03333333333333333,0.9,0.3524780138467247,0.2521829765582401
489.4677428671308,865,423389.59758006816,155,9,95,7.50803313395885,69,15,Normal,1,0.69,0.865,8.467791951601363,0.31,0.3,0.95,0.15016066267917702,0.9789354857342617
423.4027563159085,182,77059.30164949535,174,9,79,19.451406236915865,7,8,Normal,0,0.07,0.182,1.541186032989907,0.348,0.3,0.79,0.3890281247383173,0.846805512631817
162.30019064013732,320,51936.06100484394,404,14,78,12.41553379418309,90,23,Moderate Risk,1,0.9,0.32,1.0387212200968787,0.808,0.4666666666666667,0.78,0.24831067588366182,0.32460038128027463
447.5323617810729,843,377269.78098144446,251,8,35,47.52371861159444,64,5,Normal,0,0.64,0.843,7.54539561962889,0.502,0.26666666666666666,0.35,0.9504743722318888,0.8950647235621458
153.4804298538988,868,133221.01311318416,243,8,98,42.51392812813409,65,6,Normal,0,0.65,0.868,2.6644202622636834,0.486,0.26666666666666666,0.98,0.8502785625626818,0.30696085970779763
248.23719761966458,584,144970.52340988413,329,6,84,45.26043459164502,88,15,Moderate Risk,1,0.88,0.584,2.8994104681976824,0.658,0.2,0.84,0.9052086918329004,0.4964743952393292
180.5304960414976,83,14984.031171444301,325,9,22,23.839220216883025,83,9,Moderate Risk,0,0.83,0.083,0.299680623428886,0.65,0.3,0.22,0.4767844043376605,0.3610609920829952
232.54147230353502,334,77668.8517493807,418,7,68,15.68836419539739,45,3,Moderate Risk,0,0.45,0.334,1.553377034987614,0.836,0.23333333333333334,0.68,0.31376728390794784,0.46508294460707006
136.25961412155368,1000,136259.6141215537,354,4,15,44.54588346502347,98,10,Moderate Risk,1,0.98,1.0,2.725192282431074,0.708,0.13333333333333333,0.15,0.8909176693004695,0.27251922824310737
87.8348787480209,239,20992.536020776995,435,18,75,8.987764692170686,32,18,Moderate Risk,0,0.32,0.239,0.4198507204155399,0.87,0.6,0.75,0.1797552938434137,0.1756697574960418
421.64967979540194,896,377798.11309668014,170,20,38,21.067120295903116,53,25,Normal,1,0.53,0.896,7.555962261933603,0.34,0.6666666666666666,0.38,0.4213424059180623,0.8432993595908038
374.78986279594704,935,350428.5217142105,47,8,57,18.058525409049494,56,15,Normal,1,0.56,0.935,7.00857043428421,0.094,0.26666666666666666,0.57,0.3611705081809899,0.7495797255918941
476.6415755317521,969,461865.68669026776,262,12,36,43.70770676661265,29,17,Normal,1,0.29,0.969,9.237313733805355,0.524,0.4,0.36,0.8741541353322531,0.9532831510635041
15.918833922648023,108,1719.2340636459865,446,22,52,44.48341413057804,93,29,Moderate Risk,1,0.93,0.108,0.03438468127291973,0.892,0.7333333333333333,0.52,0.8896682826115608,0.03183766784529605
481.05246251771,531,255438.857596904,84,1,68,34.13939512642463,26,7,Normal,1,0.26,0.531,5.10877715193808,0.168,0.03333333333333333,0.68,0.6827879025284926,0.96210492503542
43.53604783138863,560,24380.186785577633,455,23,69,47.83479132120215,90,24,Moderate Risk,1,0.9,0.56,0.48760373571155263,0.91,0.7666666666666667,0.69,0.9566958264240429,0.08707209566277725
311.9019887915375,963,300361.61520625063,40,25,75,14.18900459932285,73,24,Normal,0,0.73,0.963,6.007232304125012,0.08,0.8333333333333334,0.75,0.283780091986457,0.623803977583075
231.67098033826062,593,137380.89134058854,425,21,78,17.190866764379393,58,26,Moderate Risk,1,0.58,0.593,2.7476178268117706,0.85,0.7,0.78,0.34381733528758784,0.4633419606765212
41.412496660707475,836,34620.84720835145,97,24,50,16.060313998834474,61,28,Normal,1,0.61,0.836,0.692416944167029,0.194,0.8,0.5,0.3212062799766895,0.08282499332141495
488.6766227184273,827,404135.5669881394,161,20,99,21.950447622755302,12,19,Normal,0,0.12,0.827,8.082711339762788,0.322,0.6666666666666666,0.99,0.439008952455106,0.9773532454368546
66.8276163079073,734,49051.47037000396,435,4,83,45.55096976944204,18,7,Moderate Risk,1,0.18,0.734,0.9810294074000793,0.87,0.13333333333333333,0.83,0.9110193953888408,0.1336552326158146
17.415695079611105,735,12800.535883514161,89,3,21,45.383162766683164,3,4,Normal,1,0.03,0.735,0.2560107176702832,0.178,0.1,0.21,0.9076632553336633,0.03483139015922221
270.67661341899645,436,118015.00345068246,412,25,12,15.828254055165418,94,24,Moderate Risk,0,0.94,0.436,2.360300069013649,0.824,0.8333333333333334,0.12,0.3165650811033084,0.5413532268379929
383.0974070307334,894,342489.08188547567,464,14,95,11.954223520952535,50,24,Moderate Risk,1,0.5,0.894,6.849781637709513,0.928,0.4666666666666667,0.95,0.2390844704190507,0.7661948140614668
398.2212646328759,374,148934.75297269557,236,10,91,31.603847486320266,33,12,Normal,1,0.33,0.374,2.978695059453911,0.472,0.3333333333333333,0.91,0.6320769497264053,0.7964425292657518
88.42315454711459,682,60304.59140113215,76,16,96,47.68324515938928,31,25,Normal,1,0.31,0.682,1.206091828022643,0.152,0.5333333333333333,0.96,0.9536649031877856,0.1768463090942292
202.223459787929,417,84327.18273156638,428,27,74,15.774889402531942,54,27,Moderate Risk,0,0.54,0.417,1.6865436546313277,0.856,0.9,0.74,0.3154977880506388,0.404446919575858
177.5263798195521,563,99947.35183840782,164,17,34,17.77376914795343,91,26,Normal,1,0.91,0.563,1.9989470367681563,0.328,0.5666666666666667,0.34,0.3554753829590686,0.35505275963910415
243.7968280497548,212,51684.92754654802,200,9,11,33.19682336355505,59,14,Normal,1,0.59,0.212,1.0336985509309604,0.4,0.3,0.11,0.663936467271101,0.4875936560995096
199.96536339212113,934,186767.64940824115,455,26,33,16.259499877997996,49,31,Moderate Risk,1,0.49,0.934,3.735352988164823,0.91,0.8666666666666667,0.33,0.3251899975599599,0.39993072678424224
174.5775647496296,29,5062.749377739258,212,19,18,28.227798564469904,54,17,Normal,0,0.54,0.029,0.10125498755478517,0.424,0.6333333333333333,0.18,0.564555971289398,0.3491551294992592
326.9669969635253,529,172965.54139370486,343,1,69,12.639901893239236,71,-1,Moderate Risk,0,0.71,0.529,3.459310827874097,0.686,0.03333333333333333,0.69,0.2527980378647847,0.6539339939270505
124.50491809127064,500,62252.45904563532,305,23,27,13.336278173740292,1,22,Moderate Risk,0,0.01,0.5,1.2450491809127064,0.61,0.7666666666666667,0.27,0.2667255634748058,0.24900983618254127
490.9508617471683,520,255294.44810852752,486,29,19,12.669909011483686,24,37,Moderate Risk,1,0.24,0.52,5.1058889621705505,0.972,0.9666666666666667,0.19,0.2533981802296737,0.9819017234943366
213.2716778972966,992,211565.50447411824,334,8,24,16.309147512900896,78,18,Moderate Risk,1,0.78,0.992,4.231310089482364,0.668,0.26666666666666666,0.24,0.3261829502580179,0.4265433557945932
291.171486317193,372,108315.7929099958,161,24,85,5.167937057081554,51,34,Normal,1,0.51,0.372,2.166315858199916,0.322,0.8,0.85,0.10335874114163107,0.582342972634386
161.10929727986488,894,144031.7117681992,425,6,45,19.308230887569728,59,15,Moderate Risk,1,0.59,0.894,2.880634235363984,0.85,0.2,0.45,0.38616461775139455,0.32221859455972973
392.7933741880168,62,24353.18919965704,466,21,19,15.054617083630847,76,19,Moderate Risk,0,0.76,0.062,0.4870637839931408,0.932,0.7,0.19,0.30109234167261695,0.7855867483760336
361.9860103769227,603,218277.5642572844,20,17,93,10.958931735645361,79,19,Normal,1,0.79,0.603,4.3655512851456875,0.04,0.5666666666666667,0.93,0.21917863471290722,0.7239720207538454
266.3351309272745,840,223721.5099789106,247,25,45,35.58635244008597,73,30,Normal,1,0.73,0.84,4.474430199578212,0.494,0.8333333333333334,0.45,0.7117270488017193,0.532670261854549
470.2660632714669,503,236543.82982554787,373,19,95,46.965009993444944,18,20,Moderate Risk,1,0.18,0.503,4.730876596510957,0.746,0.6333333333333333,0.95,0.9393001998688989,0.9405321265429338
70.44028854186739,739,52055.37323244,318,12,11,34.99003591802281,34,15,Moderate Risk,1,0.34,0.739,1.0411074646487999,0.636,0.4,0.11,0.6998007183604562,0.14088057708373478
418.8398422069318,761,318737.1199194751,417,15,83,15.142024831792158,7,18,Moderate Risk,1,0.07,0.761,6.374742398389502,0.834,0.5,0.83,0.30284049663584317,0.8376796844138635
260.01097509919384,551,143266.04727965582,384,12,27,33.348892632990896,21,10,Moderate Risk,0,0.21,0.551,2.8653209455931163,0.768,0.4,0.27,0.6669778526598179,0.5200219501983877
421.929362673208,698,294506.6951458992,77,23,83,8.069607612949635,91,29,Normal,1,0.91,0.698,5.8901339029179836,0.154,0.7666666666666667,0.83,0.1613921522589927,0.843858725346416
229.71563229680194,450,103372.03453356087,40,23,52,10.21003461699436,69,25,Normal,1,0.69,0.45,2.0674406906712175,0.08,0.7666666666666667,0.52,0.2042006923398872,0.4594312645936039
478.9780332852706,113,54124.51776123558,42,12,27,17.64971585142827,34,20,Normal,1,0.34,0.113,1.0824903552247116,0.084,0.4,0.27,0.3529943170285654,0.9579560665705412
262.1603667309215,463,121380.24979641665,199,28,10,36.195336608426715,33,24,Normal,0,0.33,0.463,2.4276049959283332,0.398,0.9333333333333333,0.1,0.7239067321685343,0.524320733461843
399.2280514012087,399,159291.99250908228,472,4,41,12.308704445826635,89,2,Moderate Risk,0,0.89,0.399,3.1858398501816456,0.944,0.13333333333333333,0.41,0.2461740889165327,0.7984561028024174
486.5581835035719,40,19462.327340142878,20,18,18,19.46348070618897,24,28,Normal,1,0.24,0.04,0.38924654680285753,0.04,0.6,0.18,0.3892696141237794,0.9731163670071438
158.10191815403613,777,122845.19040568607,364,26,78,43.393683439628134,2,24,Moderate Risk,0,0.02,0.777,2.4569038081137213,0.728,0.8666666666666667,0.78,0.8678736687925627,0.31620383630807225
434.8049853275861,18,7826.48973589655,64,20,54,43.814080690688286,46,15,Normal,0,0.46,0.018,0.156529794717931,0.128,0.6666666666666666,0.54,0.8762816138137657,0.8696099706551722
326.6909588647554,484,158118.4240905416,78,11,48,21.09202734803239,40,20,Normal,1,0.4,0.484,3.162368481810832,0.156,0.36666666666666664,0.48,0.42184054696064777,0.6533819177295107
233.7286220621711,775,181139.6820981826,66,1,48,49.94944997948906,20,7,Normal,1,0.2,0.775,3.6227936419636517,0.132,0.03333333333333333,0.48,0.9989889995897812,0.4674572441243422
424.09118427225775,120,50890.94211267093,426,18,85,39.78530370923961,0,13,Moderate Risk,0,0.0,0.12,1.0178188422534185,0.852,0.6,0.85,0.7957060741847921,0.8481823685445155
409.80162538605884,349,143020.76725973454,482,17,53,48.37555270394872,55,15,Moderate Risk,0,0.55,0.349,2.8604153451946908,0.964,0.5666666666666667,0.53,0.9675110540789744,0.8196032507721177
475.2288241019943,344,163478.71549108604,457,27,14,13.829015817928449,70,27,Moderate Risk,0,0.7,0.344,3.2695743098217207,0.914,0.9,0.14,0.27658031635856895,0.9504576482039886
179.32701014042124,564,101140.43371919758,166,12,50,37.476471638444195,47,19,Normal,1,0.47,0.564,2.0228086743839517,0.332,0.4,0.5,0.749529432768884,0.3586540202808425
141.5487686339967,880,124562.9163979171,22,23,19,32.77411441136216,15,21,Normal,0,0.15,0.88,2.491258327958342,0.044,0.7666666666666667,0.19,0.6554822882272433,0.2830975372679934
103.87112356460372,591,61387.8340266808,20,1,21,19.481667807620447,41,3,Normal,1,0.41,0.591,1.227756680533616,0.04,0.03333333333333333,0.21,0.38963335615240896,0.20774224712920744
184.75251753201667,399,73716.25449527465,150,11,75,38.68928314154951,13,16,Normal,1,0.13,0.399,1.4743250899054932,0.3,0.36666666666666664,0.75,0.7737856628309902,0.3695050350640333
353.3334314246558,17,6006.668334219149,23,30,73,9.193944728290639,61,25,Normal,0,0.61,0.017,0.12013336668438299,0.046,1.0,0.73,0.18387889456581277,0.7066668628493117
112.02737162800739,813,91078.25313357,373,13,57,19.94528464927294,39,23,Moderate Risk,1,0.39,0.813,1.8215650626714002,0.746,0.43333333333333335,0.57,0.39890569298545875,0.22405474325601477
139.23526548630232,743,103451.80225632263,224,28,16,33.41210418732217,24,32,Normal,1,0.24,0.743,2.0690360451264524,0.448,0.9333333333333333,0.16,0.6682420837464434,0.27847053097260466
480.0729423664708,734,352373.5396969896,476,23,85,34.393827704801026,14,20,Moderate Risk,0,0.14,0.734,7.047470793939792,0.952,0.7666666666666667,0.85,0.6878765540960206,0.9601458847329416
432.843183107173,521,225511.29839883713,176,18,19,14.88085305751603,9,23,Normal,1,0.09,0.521,4.5102259679767425,0.352,0.6,0.19,0.2976170611503206,0.865686366214346
104.93082391557688,517,54249.23596435325,127,30,27,12.368629754589573,7,25,Normal,0,0.07,0.517,1.084984719287065,0.254,1.0,0.27,0.24737259509179146,0.20986164783115377
384.75801112576477,679,261250.68955439428,465,9,86,20.210355175891223,4,10,Moderate Risk,1,0.04,0.679,5.2250137910878856,0.93,0.3,0.86,0.40420710351782446,0.7695160222515295
387.1506263113454,609,235774.73142360934,114,13,93,45.81332297305253,14,20,Normal,1,0.14,0.609,4.715494628472187,0.228,0.43333333333333335,0.93,0.9162664594610506,0.7743012526226908
16.153196911003533,344,5556.6997373852155,315,20,62,41.83208289355691,24,20,Moderate Risk,0,0.24,0.344,0.11113399474770431,0.63,0.6666666666666666,0.62,0.8366416578711382,0.03230639382200707
272.67244926556947,397,108250.96235843108,271,25,59,41.87771064679637,64,27,Normal,1,0.64,0.397,2.1650192471686216,0.542,0.8333333333333334,0.59,0.8375542129359275,0.545344898531139
80.02451889107573,70,5601.716322375301,321,22,18,25.295393739972702,64,26,Moderate Risk,1,0.64,0.07,0.11203432644750602,0.642,0.7333333333333333,0.18,0.5059078747994541,0.16004903778215146
218.08528300061337,87,18973.419621053363,140,8,35,47.39955938466207,38,14,Normal,1,0.38,0.087,0.3794683924210673,0.28,0.26666666666666666,0.35,0.9479911876932414,0.4361705660012267
145.34836778218278,500,72674.1838910914,463,29,24,19.27506754601877,8,37,Moderate Risk,1,0.08,0.5,1.4534836778218279,0.926,0.9666666666666667,0.24,0.3855013509203754,0.29069673556436554
104.5409690721277,731,76419.44839172534,486,3,22,28.361800666903154,35,7,Moderate Risk,1,0.35,0.731,1.5283889678345068,0.972,0.1,0.22,0.5672360133380631,0.20908193814425538
182.39706218764653,72,13132.58847751055,325,26,60,43.817509009080524,95,30,Moderate Risk,1,0.95,0.072,0.26265176955021097,0.65,0.8666666666666667,0.6,0.8763501801816105,0.36479412437529307
495.2536874395252,656,324886.41896032856,61,11,100,9.14450029863416,88,18,Normal,1,0.88,0.656,6.497728379206571,0.122,0.36666666666666664,1.0,0.1828900059726832,0.9905073748790504
486.48452356075614,355,172702.00586406843,77,24,50,30.878801978167033,15,20,Normal,0,0.15,0.355,3.4540401172813686,0.154,0.8,0.5,0.6175760395633406,0.9729690471215123
436.9013595073023,255,111409.84667436208,269,29,17,22.409562284812637,3,26,Normal,0,0.03,0.255,2.228196933487242,0.538,0.9666666666666667,0.17,0.44819124569625274,0.8738027190146046
338.3692706302227,780,263928.0310915737,282,5,11,31.926098508324095,85,11,Normal,1,0.85,0.78,5.278560621831474,0.564,0.16666666666666666,0.11,0.6385219701664819,0.6767385412604453
359.2736825157512,677,243228.28306316357,154,14,53,30.576679519569694,55,22,Normal,1,0.55,0.677,4.8645656612632715,0.308,0.4666666666666667,0.53,0.6115335903913939,0.7185473650315024
294.7097719204707,159,46858.85373535484,390,14,83,40.83799168527481,90,14,Moderate Risk,0,0.9,0.159,0.9371770747070968,0.78,0.4666666666666667,0.83,0.8167598337054962,0.5894195438409414
80.62920856751336,753,60713.79405133756,275,1,29,8.652605845367443,73,6,Normal,1,0.73,0.753,1.214275881026751,0.55,0.03333333333333333,0.29,0.17305211690734887,0.16125841713502673
192.7026686610421,636,122558.89726842278,390,4,66,46.59420455578174,93,7,Moderate Risk,1,0.93,0.636,2.4511779453684555,0.78,0.13333333333333333,0.66,0.9318840911156347,0.3854053373220842
310.42846893644065,670,207987.07418741524,158,1,43,16.121344591058673,89,-1,Normal,0,0.89,0.67,4.159741483748305,0.316,0.03333333333333333,0.43,0.32242689182117346,0.6208569378728813
425.65055601739095,601,255815.98416645196,302,24,12,14.156402949595101,37,34,Moderate Risk,1,0.37,0.601,5.116319683329039,0.604,0.8,0.12,0.283128058991902,0.8513011120347819
456.7634371347396,82,37454.601845048644,236,10,95,40.19236432247656,88,20,Normal,1,0.88,0.082,0.7490920369009729,0.472,0.3333333333333333,0.95,0.8038472864495312,0.9135268742694792
142.01822612577436,340,48286.19688276328,162,16,88,11.654786688899819,0,11,Normal,0,0.0,0.34,0.9657239376552657,0.324,0.5333333333333333,0.88,0.23309573377799636,0.2840364522515487
149.32829332018727,20,2986.5658664037455,286,3,26,11.389153160093967,28,0,Normal,0,0.28,0.02,0.059731317328074914,0.572,0.1,0.26,0.22778306320187933,0.29865658664037453
306.08101555128,771,235988.4629900369,222,7,38,22.76388697349217,98,3,Normal,0,0.98,0.771,4.719769259800738,0.444,0.23333333333333334,0.38,0.4552777394698434,0.6121620311025601
295.20207323095696,554,163541.94856995015,197,16,18,20.21713773876037,5,23,Normal,1,0.05,0.554,3.270838971399003,0.394,0.5333333333333333,0.18,0.4043427547752074,0.5904041464619139
122.31629819993344,920,112530.99434393877,480,14,53,28.620537360945043,97,16,Moderate Risk,1,0.97,0.92,2.2506198868787752,0.96,0.4666666666666667,0.53,0.5724107472189008,0.2446325963998669
110.45507886214138,675,74557.17823194544,86,21,80,38.25347950488592,74,19,Normal,0,0.74,0.675,1.4911435646389086,0.172,0.7,0.8,0.7650695900977184,0.22091015772428274
386.69349461468937,722,279192.7031118057,191,8,21,36.918823457489,39,13,Normal,1,0.39,0.722,5.583854062236115,0.382,0.26666666666666666,0.21,0.73837646914978,0.7733869892293788
495.00334620962843,855,423227.8610092323,30,15,47,48.35134067512128,98,16,Normal,1,0.98,0.855,8.464557220184647,0.06,0.5,0.47,0.9670268135024256,0.9900066924192569
92.48891968132384,465,43007.34765181558,355,15,81,40.748560959449975,46,12,Moderate Risk,0,0.46,0.465,0.8601469530363116,0.71,0.5,0.81,0.8149712191889995,0.18497783936264767
350.5091514412946,501,175605.0848720886,145,24,63,20.69949906141167,11,27,Normal,1,0.11,0.501,3.512101697441772,0.29,0.8,0.63,0.41398998122823344,0.7010183028825892
202.87330590322154,100,20287.330590322155,271,6,66,34.3509840229281,82,8,Normal,1,0.82,0.1,0.4057466118064431,0.542,0.2,0.66,0.6870196804585621,0.40574661180644306
395.71584213037045,702,277792.52117552,183,1,40,16.296675830397067,58,6,Normal,1,0.58,0.702,5.5558504235104005,0.366,0.03333333333333333,0.4,0.32593351660794134,0.7914316842607408
177.88241578612096,208,36999.542483513156,240,15,76,21.46155024290606,44,15,Normal,0,0.44,0.208,0.7399908496702631,0.48,0.5,0.76,0.4292310048581212,0.3557648315722419
236.66340663479292,640,151464.58024626746,146,9,58,49.21647257170871,74,16,Normal,1,0.74,0.64,3.029291604925349,0.292,0.3,0.58,0.9843294514341742,0.47332681326958587
65.01352327846021,118,7671.595746858305,15,7,96,39.275384128840436,45,8,High Risk,1,0.45,0.118,0.1534319149371661,0.03,0.23333333333333334,0.96,0.7855076825768087,0.13002704655692043
108.45965308993652,760,82429.33634835176,447,12,12,17.554953319308012,16,16,Moderate Risk,1,0.16,0.76,1.6485867269670351,0.894,0.4,0.12,0.35109906638616023,0.21691930617987304
241.17831876092333,880,212236.92050961254,219,26,11,34.64703170502666,76,23,Normal,0,0.76,0.88,4.244738410192251,0.438,0.8666666666666667,0.11,0.6929406341005333,0.48235663752184665
493.95388321839715,276,136331.27176827763,236,24,53,24.51520584687838,88,32,Normal,1,0.88,0.276,2.7266254353655524,0.472,0.8,0.53,0.4903041169375676,0.9879077664367943
335.51831948622146,777,260697.73424079406,40,23,68,7.245471771726174,25,28,Normal,1,0.25,0.777,5.2139546848158815,0.08,0.7666666666666667,0.68,0.14490943543452348,0.6710366389724429
126.53369925022335,427,54029.88957984537,85,2,11,12.918792429449672,88,-1,Normal,0,0.88,0.427,1.0805977915969074,0.17,0.06666666666666667,0.11,0.25837584858899343,0.2530673985004467
220.27150879777082,862,189874.04058367843,479,19,25,10.830044693626792,98,25,Moderate Risk,1,0.98,0.862,3.7974808116735685,0.958,0.6333333333333333,0.25,0.21660089387253584,0.44054301759554165
183.0441552436009,35,6406.545433526031,30,5,68,25.514771366477092,75,11,Normal,1,0.75,0.035,0.12813090867052063,0.06,0.16666666666666666,0.68,0.5102954273295418,0.3660883104872018
104.1149568623535,672,69965.25101150155,297,10,81,14.62131841167704,11,11,Normal,1,0.11,0.672,1.399305020230031,0.594,0.3333333333333333,0.81,0.2924263682335408,0.20822991372470698
35.51710626137871,311,11045.820047288778,370,5,26,34.46464808974643,66,12,Moderate Risk,1,0.66,0.311,0.22091640094577555,0.74,0.16666666666666666,0.26,0.6892929617949286,0.07103421252275742
478.7451617970283,47,22501.02260446033,104,10,98,5.163131900192232,68,15,Normal,1,0.68,0.047,0.4500204520892066,0.208,0.3333333333333333,0.98,0.10326263800384464,0.9574903235940566
407.7431147844455,756,308253.7947770408,243,16,16,31.590286897720087,55,25,Normal,1,0.55,0.756,6.165075895540816,0.486,0.5333333333333333,0.16,0.6318057379544018,0.8154862295688909
266.60485350084787,307,81847.69002476029,436,18,60,32.508248513091864,1,26,Moderate Risk,1,0.01,0.307,1.6369538004952058,0.872,0.6,0.6,0.6501649702618373,0.5332097070016958
450.62293338208974,798,359597.1008389076,177,13,14,34.83570189379038,93,12,Normal,0,0.93,0.798,7.191942016778151,0.354,0.43333333333333335,0.14,0.6967140378758075,0.9012458667641795
434.94512123327235,197,85684.18888295465,255,24,54,27.987881588820194,47,28,Normal,1,0.47,0.197,1.713683777659093,0.51,0.8,0.54,0.5597576317764039,0.8698902424665447
448.4065659846557,588,263663.06079897756,72,8,37,45.24849646062506,82,12,Normal,1,0.82,0.588,5.273261215979551,0.144,0.26666666666666666,0.37,0.9049699292125013,0.8968131319693113
241.7374360960641,118,28525.017459335562,239,21,19,21.157846977616988,99,24,Normal,1,0.99,0.118,0.5705003491867112,0.478,0.7,0.19,0.42315693955233974,0.4834748721921282
64.58124793625736,942,60835.535555954426,81,5,76,18.733941963784478,15,6,Normal,1,0.15,0.942,1.2167107111190885,0.162,0.16666666666666666,0.76,0.37467883927568957,0.12916249587251472
277.4884616544311,918,254734.40779876773,22,12,47,48.73869648460257,81,10,Normal,0,0.81,0.918,5.094688155975355,0.044,0.4,0.47,0.9747739296920515,0.5549769233088622
498.23039244753863,161,80215.09318405372,98,13,83,21.618921144675028,37,22,Normal,1,0.37,0.161,1.6043018636810744,0.196,0.43333333333333335,0.83,0.43237842289350054,0.9964607848950773
122.22099055695335,261,31899.678535364827,384,19,60,9.713877364887342,13,16,Moderate Risk,0,0.13,0.261,0.6379935707072966,0.768,0.6333333333333333,0.6,0.19427754729774682,0.24444198111390672
467.72410463242073,699,326939.1491380621,201,30,67,29.39455413404913,32,30,Normal,0,0.32,0.699,6.538782982761242,0.402,1.0,0.67,0.5878910826809826,0.9354482092648415
86.51271474349532,892,77169.34155119782,407,4,62,48.40486282347909,38,7,Moderate Risk,1,0.38,0.892,1.5433868310239565,0.814,0.13333333333333333,0.62,0.9680972564695819,0.17302542948699065
445.9819019698457,350,156093.665689446,59,2,87,32.341762723421326,36,-2,Normal,0,0.36,0.35,3.12187331378892,0.118,0.06666666666666667,0.87,0.6468352544684265,0.8919638039396914
228.40735272626347,146,33347.473498034466,44,14,14,40.84662912876624,82,9,Normal,0,0.82,0.146,0.6669494699606893,0.088,0.4666666666666667,0.14,0.8169325825753248,0.45681470545252695
398.24247570062306,332,132216.50193260686,138,30,97,43.581041435899465,90,25,Normal,0,0.9,0.332,2.644330038652137,0.276,1.0,0.97,0.8716208287179893,0.7964849514012461
363.9876375827675,999,363623.6499451847,59,10,67,36.51346094419039,50,9,Normal,0,0.5,0.999,7.2724729989036945,0.118,0.3333333333333333,0.67,0.7302692188838078,0.727975275165535
310.89833961800673,858,266750.77539224975,306,17,13,27.10143318045285,47,20,Moderate Risk,1,0.47,0.858,5.335015507844995,0.612,0.5666666666666667,0.13,0.542028663609057,0.6217966792360134
280.93447463118,229,64333.994690540225,296,19,22,36.13974403934664,23,17,Normal,0,0.23,0.229,1.2866798938108044,0.592,0.6333333333333333,0.22,0.7227948807869328,0.5618689492623601
225.68361331683067,304,68607.81844831652,84,16,72,5.755128778382658,90,14,Normal,0,0.9,0.304,1.3721563689663305,0.168,0.5333333333333333,0.72,0.11510257556765316,0.45136722663366136
26.895791317316373,53,1425.4769398177677,120,10,43,23.463736245047564,60,9,Normal,0,0.6,0.053,0.028509538796355354,0.24,0.3333333333333333,0.43,0.4692747249009513,0.05379158263463275
248.43978318297823,142,35278.44921198291,141,17,15,34.18015115793641,3,19,Normal,1,0.03,0.142,0.7055689842396582,0.282,0.5666666666666667,0.15,0.6836030231587281,0.4968795663659565
211.61529703804146,414,87608.73297374917,128,18,32,15.887547344246997,100,19,Normal,1,1.0,0.414,1.7521746594749834,0.256,0.6,0.32,0.31775094688493993,0.42323059407608293
449.78220675291936,212,95353.82783161891,130,17,53,44.17086758525126,69,15,Normal,0,0.69,0.212,1.9070765566323782,0.26,0.5666666666666667,0.53,0.8834173517050252,0.8995644135058387
82.53717614968559,56,4622.081864382393,418,1,75,19.115609545945457,98,5,Moderate Risk,1,0.98,0.056,0.09244163728764786,0.836,0.03333333333333333,0.75,0.3823121909189091,0.16507435229937117
368.07704153108034,949,349305.11241299525,73,16,19,6.561493210130996,0,11,Normal,0,0.0,0.949,6.986102248259905,0.146,0.5333333333333333,0.19,0.13122986420261992,0.7361540830621607
490.9203251563933,423,207659.29754115437,454,14,91,47.85387210637232,30,11,Moderate Risk,0,0.3,0.423,4.1531859508230875,0.908,0.4666666666666667,0.91,0.9570774421274464,0.9818406503127866
313.31499442017184,794,248772.10556961645,415,3,67,42.55164208695606,53,4,Moderate Risk,1,0.53,0.794,4.975442111392329,0.83,0.1,0.67,0.8510328417391212,0.6266299888403437
289.93115448099763,264,76541.82478298337,114,24,72,45.90793181327058,8,19,Normal,0,0.08,0.264,1.5308364956596674,0.228,0.8,0.72,0.9181586362654116,0.5798623089619953
319.11444806174956,168,53611.22727437392,204,22,64,35.83639820337291,69,31,Normal,1,0.69,0.168,1.0722245454874784,0.408,0.7333333333333333,0.64,0.7167279640674582,0.6382288961234991
395.47081141333365,182,71975.68767722673,368,29,95,19.924154276327357,28,34,Moderate Risk,1,0.28,0.182,1.4395137535445346,0.736,0.9666666666666667,0.95,0.39848308552654715,0.7909416228266672
24.881463264480065,670,16670.580387201644,336,20,75,15.60437993850682,39,26,Moderate Risk,1,0.39,0.67,0.3334116077440329,0.672,0.6666666666666666,0.75,0.3120875987701364,0.04976292652896013
157.75388997963495,405,63890.32544175215,89,6,73,38.23200190200507,40,1,Normal,0,0.4,0.405,1.277806508835043,0.178,0.2,0.73,0.7646400380401013,0.3155077799592699
361.6371542414824,416,150441.05616445668,468,19,40,30.302844526722406,33,29,Moderate Risk,1,0.33,0.416,3.0088211232891338,0.936,0.6333333333333333,0.4,0.6060568905344481,0.7232743084829648
131.23311118714105,54,7086.588004105617,429,3,33,8.129718597047006,15,8,Moderate Risk,1,0.15,0.054,0.14173176008211233,0.858,0.1,0.33,0.16259437194094012,0.2624662223742821
398.2246437532763,872,347251.88935285696,339,29,66,11.554816992557837,17,30,Moderate Risk,1,0.17,0.872,6.94503778705714,0.678,0.9666666666666667,0.66,0.23109633985115674,0.7964492875065526
420.78740697998876,828,348411.9729794307,135,23,87,27.934387876182033,83,20,Normal,0,0.83,0.828,6.968239459588614,0.27,0.7666666666666667,0.87,0.5586877575236406,0.8415748139599775
39.341168315819196,833,32771.19320707739,300,8,10,37.06649774131559,58,7,Normal,0,0.58,0.833,0.6554238641415479,0.6,0.26666666666666666,0.1,0.7413299548263117,0.07868233663163839
463.02385591825407,877,406071.9216403088,248,4,40,24.22580021252932,97,6,Normal,1,0.97,0.877,8.121438432806176,0.496,0.13333333333333333,0.4,0.48451600425058644,0.9260477118365081
74.00584059578689,826,61128.82433211998,290,11,82,20.523737778344653,23,8,Normal,0,0.23,0.826,1.2225764866423996,0.58,0.36666666666666664,0.82,0.41047475556689306,0.1480116811915738
205.70623733429358,175,35998.59153350138,395,2,97,46.724700732352204,41,8,Moderate Risk,1,0.41,0.175,0.7199718306700276,0.79,0.06666666666666667,0.97,0.9344940146470441,0.41141247466858716
267.4380999565411,230,61510.762990004456,221,12,69,15.676738213030042,38,7,Normal,0,0.38,0.23,1.230215259800089,0.442,0.4,0.69,0.31353476426060084,0.5348761999130822
157.29037554149033,34,5347.872768410672,237,29,54,38.93283559463871,66,33,Normal,1,0.66,0.034,0.10695745536821344,0.474,0.9666666666666667,0.54,0.7786567118927742,0.31458075108298067
110.05201261560396,587,64600.53140535952,145,12,23,8.687058248052946,84,19,Normal,1,0.84,0.587,1.2920106281071904,0.29,0.4,0.23,0.1737411649610589,0.22010402523120792
275.6549857634732,175,48239.622508607805,341,8,74,20.917611070093425,97,3,Moderate Risk,0,0.97,0.175,0.9647924501721561,0.682,0.26666666666666666,0.74,0.4183522214018685,0.5513099715269464
354.92341134272664,397,140904.59430306248,147,10,84,28.21594538419305,1,11,Normal,1,0.01,0.397,2.8180918860612496,0.294,0.3333333333333333,0.84,0.564318907683861,0.7098468226854533
312.2637036056049,636,198599.71549316472,24,16,59,36.547572303756795,2,17,Normal,1,0.02,0.636,3.9719943098632946,0.048,0.5333333333333333,0.59,0.7309514460751358,0.6245274072112098
407.39103884279575,297,120995.13853631033,254,5,61,15.616108203362662,82,3,Normal,0,0.82,0.297,2.419902770726207,0.508,0.16666666666666666,0.61,0.31232216406725327,0.8147820776855915
110.28241582542651,638,70360.18129662212,37,19,13,23.899813149546663,17,17,Normal,0,0.17,0.638,1.4072036259324423,0.074,0.6333333333333333,0.13,0.4779962629909333,0.22056483165085303
250.9478548520797,309,77542.88714929263,352,29,46,18.906582251670716,74,30,Moderate Risk,1,0.74,0.309,1.5508577429858525,0.704,0.9666666666666667,0.46,0.37813164503341434,0.5018957097041594
344.58984477266654,238,82012.38305589464,357,24,49,19.662589618471493,80,34,Moderate Risk,1,0.8,0.238,1.6402476611178927,0.714,0.8,0.49,0.39325179236942986,0.689179689545333
330.39243326819746,29,9581.380564777726,217,9,62,28.198789049866846,61,15,Normal,1,0.61,0.029,0.19162761129555453,0.434,0.3,0.62,0.5639757809973369,0.6607848665363949
204.5930284287733,790,161628.4924587309,107,9,39,12.14075133209598,94,15,Normal,1,0.94,0.79,3.232569849174618,0.214,0.3,0.39,0.24281502664191962,0.4091860568575466
23.3104781675431,427,9953.574177540904,19,10,21,49.171164755059046,91,8,High Risk,0,0.91,0.427,0.19907148355081808,0.038,0.3333333333333333,0.21,0.9834232951011809,0.0466209563350862
133.80637062451976,516,69044.0872422522,382,22,15,35.46493276583209,10,19,Moderate Risk,0,0.1,0.516,1.380881744845044,0.764,0.7333333333333333,0.15,0.7092986553166418,0.2676127412490395
425.48342278921496,123,52334.46100307344,322,27,83,11.787485830921892,15,22,Moderate Risk,0,0.15,0.123,1.0466892200614688,0.644,0.9,0.83,0.23574971661843783,0.8509668455784299
88.75190273980954,103,9141.445982200383,383,9,80,9.17599910128661,90,18,Moderate Risk,1,0.9,0.103,0.18282891964400766,0.766,0.3,0.8,0.1835199820257322,0.17750380547961908
384.11010848925133,635,243909.9188906746,42,29,76,5.48900969776121,51,24,Normal,0,0.51,0.635,4.878198377813492,0.084,0.9666666666666667,0.76,0.1097801939552242,0.7682202169785026
198.71828971591944,959,190570.83983756675,495,1,91,29.201846633166397,0,7,Moderate Risk,1,0.0,0.959,3.811416796751335,0.99,0.03333333333333333,0.91,0.5840369326633279,0.39743657943183885
489.50098781361044,841,411670.33075124637,66,6,88,26.463980841825776,15,14,Normal,1,0.15,0.841,8.233406615024927,0.132,0.2,0.88,0.5292796168365155,0.9790019756272209
459.0834620876547,612,280959.0787976447,317,30,98,18.020675852902293,11,28,Moderate Risk,0,0.11,0.612,5.6191815759528945,0.634,1.0,0.98,0.36041351705804586,0.9181669241753094
467.1780892210311,11,5138.958981431342,454,30,60,22.97552406616304,82,32,Moderate Risk,1,0.82,0.011,0.10277917962862684,0.908,1.0,0.6,0.4595104813232608,0.9343561784420622
140.8929248749719,376,52975.73975298943,2,5,41,40.06777768430885,98,10,High Risk,1,0.98,0.376,1.0595147950597885,0.004,0.16666666666666666,0.41,0.8013555536861771,0.2817858497499438
422.644866400854,94,39728.617441680275,343,10,21,19.69792254114175,86,9,Moderate Risk,0,0.86,0.094,0.7945723488336055,0.686,0.3333333333333333,0.21,0.393958450822835,0.845289732801708
209.17378486695014,880,184072.93068291614,87,18,82,47.448328780782234,84,16,Normal,0,0.84,0.88,3.6814586136583225,0.174,0.6,0.82,0.9489665756156447,0.4183475697339003
129.12017768222393,788,101746.70001359245,278,17,100,49.2735715495409,52,14,Normal,0,0.52,0.788,2.034934000271849,0.556,0.5666666666666667,1.0,0.9854714309908179,0.25824035536444784
454.4025578996037,408,185396.24362303832,309,16,94,47.79700373189143,32,21,Moderate Risk,1,0.32,0.408,3.7079248724607665,0.618,0.5333333333333333,0.94,0.9559400746378286,0.9088051157992074
104.55620458672857,628,65661.29648046553,262,2,82,27.768276638415767,7,9,Normal,1,0.07,0.628,1.3132259296093107,0.524,0.06666666666666667,0.82,0.5553655327683154,0.20911240917345714
443.91304962247006,626,277889.5690636663,25,2,22,28.409184313766126,39,0,Normal,0,0.39,0.626,5.557791381273326,0.05,0.06666666666666667,0.22,0.5681836862753226,0.8878260992449402
492.7610677075559,187,92146.31966131295,49,20,19,8.521637449814403,95,23,Normal,1,0.95,0.187,1.8429263932262592,0.098,0.6666666666666666,0.19,0.17043274899628805,0.9855221354151118
218.88440710014783,919,201154.77012503587,159,14,16,7.2179449268214295,37,17,Normal,1,0.37,0.919,4.023095402500718,0.318,0.4666666666666667,0.16,0.14435889853642858,0.4377688142002957
200.86149796562998,634,127346.18971020941,428,11,20,36.28040737805808,35,17,Moderate Risk,1,0.35,0.634,2.5469237942041882,0.856,0.36666666666666664,0.2,0.7256081475611615,0.40172299593126
192.18333491385553,140,26905.666887939773,74,22,64,5.517687893225257,37,17,Normal,0,0.37,0.14,0.5381133377587954,0.148,0.7333333333333333,0.64,0.11035375786450513,0.38436666982771106
133.13401523406785,864,115027.78916223462,197,29,42,34.78136320296478,42,24,Normal,0,0.42,0.864,2.3005557832446923,0.394,0.9666666666666667,0.42,0.6956272640592956,0.2662680304681357
16.06979015981073,847,13611.112265359689,187,24,85,19.364894341442373,64,22,Normal,0,0.64,0.847,0.27222224530719374,0.374,0.8,0.85,0.38729788682884747,0.032139580319621455
27.324112957210193,543,14836.993335765135,416,25,58,34.844554086312414,85,31,Moderate Risk,1,0.85,0.543,0.2967398667153027,0.832,0.8333333333333334,0.58,0.6968910817262483,0.05464822591442039
274.0271434713879,15,4110.4071520708185,296,5,99,46.093470655620344,78,9,Normal,1,0.78,0.015,0.08220814304141637,0.592,0.16666666666666666,0.99,0.9218694131124069,0.5480542869427758
282.29262907469484,19,5363.559952419202,340,17,84,35.3285909741182,11,26,Moderate Risk,1,0.11,0.019,0.10727119904838404,0.68,0.5666666666666667,0.84,0.706571819482364,0.5645852581493896
136.47648920302876,180,24565.768056545177,419,6,82,25.01055475226665,81,6,Moderate Risk,0,0.81,0.18,0.49131536113090357,0.838,0.2,0.82,0.500211095045333,0.27295297840605753
57.33377817159096,952,54581.75681935459,162,23,58,13.645531274750653,32,24,Normal,1,0.32,0.952,1.0916351363870918,0.324,0.7666666666666667,0.58,0.27291062549501305,0.11466755634318192
471.4989702909473,998,470555.97235036537,360,30,80,8.554729806134192,97,27,Moderate Risk,0,0.97,0.998,9.411119447007307,0.72,1.0,0.8,0.17109459612268385,0.9429979405818946
330.8303625190607,327,108181.52854373286,183,24,28,33.45893926564733,86,19,Normal,0,0.86,0.327,2.1636305708746573,0.366,0.8,0.28,0.6691787853129466,0.6616607250381215
291.58639793968615,373,108761.72643150293,484,27,12,9.266477466567764,48,34,Moderate Risk,1,0.48,0.373,2.1752345286300585,0.968,0.9,0.12,0.1853295493313553,0.5831727958793723
133.3167103750244,337,44927.73139638322,288,8,91,21.47340074323518,15,18,Normal,1,0.15,0.337,0.8985546279276644,0.576,0.26666666666666666,0.91,0.42946801486470365,0.2666334207500488
308.52632025336004,948,292482.9516001853,495,25,34,48.90276906370079,42,29,Moderate Risk,1,0.42,0.948,5.849659032003706,0.99,0.8333333333333334,0.34,0.9780553812740158,0.61705264050672
102.05297397372873,438,44699.20260049318,32,6,56,28.183082670470853,47,9,Normal,1,0.47,0.438,0.8939840520098636,0.064,0.2,0.56,0.5636616534094171,0.20410594794745746
294.3149055081244,482,141859.78445491596,440,30,91,38.18605890764064,6,32,Moderate Risk,1,0.06,0.482,2.837195689098319,0.88,1.0,0.91,0.7637211781528128,0.5886298110162488
369.84836546160943,696,257414.46236128017,120,4,100,9.146103257069989,39,4,Normal,0,0.39,0.696,5.148289247225604,0.24,0.13333333333333333,1.0,0.18292206514139978,0.7396967309232189
342.4523783995883,556,190403.5223901711,178,4,97,23.833598246175647,74,3,Normal,0,0.74,0.556,3.808070447803422,0.356,0.13333333333333333,0.97,0.47667196492351294,0.6849047567991766
484.5814572120944,418,202555.04911465547,258,12,34,38.34380110033958,12,10,Normal,0,0.12,0.418,4.051100982293109,0.516,0.4,0.34,0.7668760220067916,0.9691629144241888
391.55672517991314,705,276047.49125183874,408,6,36,35.76860766791323,17,7,Moderate Risk,1,0.17,0.705,5.520949825036775,0.816,0.2,0.36,0.7153721533582647,0.7831134503598263
42.41198664982744,397,16837.558699981495,318,6,93,25.729106856018014,34,6,Moderate Risk,0,0.34,0.397,0.3367511739996299,0.636,0.2,0.93,0.5145821371203603,0.08482397329965488
120.13146425084345,941,113043.70786004368,180,9,12,24.766351078090928,17,9,Normal,0,0.17,0.941,2.2608741572008735,0.36,0.3,0.12,0.49532702156181857,0.2402629285016869
402.74310473834066,706,284336.6319452685,495,11,10,47.30440820828057,60,13,Moderate Risk,1,0.6,0.706,5.68673263890537,0.99,0.36666666666666664,0.1,0.9460881641656114,0.8054862094766814
446.9224704146213,84,37541.487514828186,162,24,10,8.56102893232763,52,24,Normal,0,0.52,0.084,0.7508297502965637,0.324,0.8,0.1,0.1712205786465526,0.8938449408292426
428.94123146852513,610,261654.15119580034,207,17,79,36.51435413853074,63,24,Normal,1,0.63,0.61,5.233083023916007,0.414,0.5666666666666667,0.79,0.7302870827706148,0.8578824629370503
248.3263182017805,825,204869.21251646892,247,16,77,39.457907491575305,6,11,Normal,0,0.06,0.825,4.0973842503293785,0.494,0.5333333333333333,0.77,0.7891581498315061,0.496652636403561
389.09169831607466,323,125676.61855609211,317,27,68,12.641166527308265,30,31,Moderate Risk,1,0.3,0.323,2.5135323711218422,0.634,0.9,0.68,0.2528233305461653,0.7781833966321493
59.14848089124678,315,18631.771480742736,57,21,80,24.36880392875588,43,28,Normal,1,0.43,0.315,0.37263542961485474,0.114,0.7,0.8,0.4873760785751176,0.11829696178249355
265.18759073185396,70,18563.13135122978,355,4,15,26.826367802586102,93,6,Moderate Risk,1,0.93,0.07,0.37126262702459556,0.71,0.13333333333333333,0.15,0.5365273560517221,0.5303751814637079
438.7658159007534,915,401470.72154918936,171,1,13,48.25641823237125,1,-4,Normal,0,0.01,0.915,8.029414430983786,0.342,0.03333333333333333,0.13,0.965128364647425,0.8775316318015068
35.383716363110565,224,7925.952465336766,358,15,19,37.693301816274115,1,13,Moderate Risk,0,0.01,0.224,0.15851904930673533,0.716,0.5,0.19,0.7538660363254823,0.07076743272622113
361.40518878257177,942,340443.68783318263,208,22,82,15.28277633996931,18,17,Normal,0,0.18,0.942,6.808873756663653,0.416,0.7333333333333333,0.82,0.3056555267993862,0.7228103775651435
148.31609518328315,151,22395.730372675756,248,28,71,49.26279270011988,13,38,Normal,1,0.13,0.151,0.44791460745351513,0.496,0.9333333333333333,0.71,0.9852558540023977,0.2966321903665663
89.41915357428486,137,12250.424039677026,496,30,86,33.78760930220152,39,40,Moderate Risk,1,0.39,0.137,0.2450084807935405,0.992,1.0,0.86,0.6757521860440303,0.17883830714856971
232.3510856565779,580,134763.62968081518,335,6,12,38.42781926099918,62,8,Moderate Risk,1,0.62,0.58,2.695272593616304,0.67,0.2,0.12,0.7685563852199836,0.46470217131315583
378.1768678778595,532,201190.09371102124,52,19,38,26.63780755729803,16,29,Normal,1,0.16,0.532,4.023801874220425,0.104,0.6333333333333333,0.38,0.5327561511459605,0.756353735755719
218.8038601580341,508,111152.36096028132,475,28,80,16.716916574484088,14,24,Moderate Risk,0,0.14,0.508,2.2230472192056263,0.95,0.9333333333333333,0.8,0.3343383314896818,0.4376077203160682
90.67167848966074,893,80969.80889126704,387,17,16,46.33055543073062,11,17,Moderate Risk,0,0.11,0.893,1.6193961778253407,0.774,0.5666666666666667,0.16,0.9266111086146124,0.18134335697932147
47.27514782615788,210,9927.781043493154,461,4,35,6.813646991689166,16,14,Moderate Risk,1,0.16,0.21,0.1985556208698631,0.922,0.13333333333333333,0.35,0.1362729398337833,0.09455029565231575
215.54439770747814,180,38797.99158734606,445,17,61,33.63944805686544,27,17,Moderate Risk,0,0.27,0.18,0.7759598317469213,0.89,0.5666666666666667,0.61,0.6727889611373088,0.43108879541495626
267.3957450286468,983,262850.0173631598,257,11,35,15.200530855984672,26,13,Normal,1,0.26,0.983,5.257000347263196,0.514,0.36666666666666664,0.35,0.30401061711969346,0.5347914900572935
369.1892771323097,628,231850.8660390905,364,15,37,27.464381984659482,39,21,Moderate Risk,1,0.39,0.628,4.63701732078181,0.728,0.5,0.37,0.5492876396931896,0.7383785542646194
275.199264079329,980,269695.27879774245,444,20,54,10.663176059535619,29,19,Moderate Risk,0,0.29,0.98,5.393905575954849,0.888,0.6666666666666666,0.54,0.21326352119071237,0.550398528158658
147.87375183265456,317,46875.97933095149,217,2,30,9.89010546615117,23,9,Normal,1,0.23,0.317,0.9375195866190299,0.434,0.06666666666666667,0.3,0.1978021093230234,0.2957475036653091
117.25097669772138,320,37520.31254327084,473,24,85,25.201574430502973,89,28,Moderate Risk,1,0.89,0.32,0.7504062508654168,0.946,0.8,0.85,0.5040314886100594,0.23450195339544277
249.70712274075416,639,159562.8514313419,224,17,23,35.49881922499399,53,13,Normal,0,0.53,0.639,3.191257028626838,0.448,0.5666666666666667,0.23,0.7099763844998798,0.4994142454815083
280.45802544054305,199,55811.14706266807,256,4,19,37.261489409256775,57,10,Normal,1,0.57,0.199,1.1162229412533613,0.512,0.13333333333333333,0.19,0.7452297881851355,0.5609160508810861
93.73062020555356,394,36929.864360988104,113,6,49,13.152412811247174,91,16,Normal,1,0.91,0.394,0.738597287219762,0.226,0.2,0.49,0.2630482562249435,0.18746124041110712
25.112286910602677,957,24032.458573446762,294,16,35,30.116349504686347,10,13,Normal,0,0.1,0.957,0.4806491714689352,0.588,0.5333333333333333,0.35,0.6023269900937269,0.050224573821205355
393.64439138707615,258,101560.25297786565,215,26,94,48.872221450056934,88,29,Normal,1,0.88,0.258,2.031205059557313,0.43,0.8666666666666667,0.94,0.9774444290011387,0.7872887827741523
137.94413256837655,837,115459.23895973117,116,4,41,47.41141946505789,66,6,Normal,1,0.66,0.837,2.3091847791946236,0.232,0.13333333333333333,0.41,0.9482283893011578,0.2758882651367531
432.85580356936106,915,396063.06026596535,256,17,12,41.47749865892959,70,22,Normal,1,0.7,0.915,7.921261205319307,0.512,0.5666666666666667,0.12,0.8295499731785918,0.8657116071387221
440.25029987991536,838,368929.7512993691,193,13,27,15.828753118017891,58,13,Normal,0,0.58,0.838,7.378595025987382,0.386,0.43333333333333335,0.27,0.3165750623603578,0.8805005997598307
457.58666887089925,626,286449.2547131829,92,3,94,10.891141635085484,67,2,Normal,0,0.67,0.626,5.728985094263658,0.184,0.1,0.94,0.21782283270170968,0.9151733377417985
49.95582340954522,457,22829.811298162163,400,7,85,6.032488185681696,37,6,Moderate Risk,0,0.37,0.457,0.4565962259632433,0.8,0.23333333333333334,0.85,0.12064976371363391,0.09991164681909044
383.13534712415697,495,189651.9968264577,151,18,68,28.410373282802077,70,22,Normal,1,0.7,0.495,3.793039936529154,0.302,0.6,0.68,0.5682074656560415,0.766270694248314
472.71725073602596,177,83670.9533802766,35,2,38,36.241013716686936,76,-3,Normal,0,0.76,0.177,1.6734190676055318,0.07,0.06666666666666667,0.38,0.7248202743337387,0.9454345014720519
160.29132923468205,555,88961.68772524854,303,27,94,29.47580580541166,86,23,Moderate Risk,0,0.86,0.555,1.7792337545049708,0.606,0.9,0.94,0.5895161161082332,0.3205826584693641
275.7582316087177,372,102582.06215844299,148,21,89,45.42474845899717,32,25,Normal,1,0.32,0.372,2.0516412431688598,0.296,0.7,0.89,0.9084949691799434,0.5515164632174354
192.86753878664544,969,186888.64508425942,174,14,30,24.58549991218628,15,17,Normal,1,0.15,0.969,3.7377729016851884,0.348,0.4666666666666667,0.3,0.4917099982437256,0.3857350775732909
208.11934690728523,391,81374.66464074852,386,9,25,31.459015152804053,43,15,Moderate Risk,1,0.43,0.391,1.6274932928149706,0.772,0.3,0.25,0.6291803030560811,0.41623869381457046
429.5899249433922,966,414983.86749531684,379,17,12,33.66012916421258,60,13,Moderate Risk,0,0.6,0.966,8.299677349906336,0.758,0.5666666666666667,0.12,0.6732025832842515,0.8591798498867844
273.24580946171596,814,222422.0889018368,151,1,14,43.12269810649653,89,7,Normal,1,0.89,0.814,4.448441778036736,0.302,0.03333333333333333,0.14,0.8624539621299305,0.5464916189234319
425.11886718734866,963,409389.46910141676,157,4,11,6.685175445026979,88,3,Normal,0,0.88,0.963,8.187789382028335,0.314,0.13333333333333333,0.11,0.13370350890053959,0.8502377343746973
480.61545111440097,240,115347.70826745623,77,21,13,30.361231056356218,81,20,Normal,0,0.81,0.24,2.3069541653491243,0.154,0.7,0.13,0.6072246211271244,0.9612309022288019
36.7488129663768,412,15140.510942147243,86,23,47,22.672725248830787,84,18,Normal,0,0.84,0.412,0.30281021884294484,0.172,0.7666666666666667,0.47,0.4534545049766157,0.07349762593275361
141.2835725816709,795,112320.44020242838,305,1,70,18.22528416399173,72,6,Moderate Risk,1,0.72,0.795,2.2464088040485675,0.61,0.03333333333333333,0.7,0.3645056832798346,0.2825671451633418
60.98139930675072,175,10671.744878681375,23,18,84,17.679841254967346,24,14,Normal,0,0.24,0.175,0.2134348975736275,0.046,0.6,0.84,0.3535968250993469,0.12196279861350143
216.49735513813576,595,128815.92630719078,206,12,17,44.3072542805901,17,18,Normal,1,0.17,0.595,2.5763185261438157,0.412,0.4,0.17,0.886145085611802,0.4329947102762715
345.00170310966814,291,100395.49560491343,48,1,96,25.760553418517553,54,0,Normal,0,0.54,0.291,2.0079099120982686,0.096,0.03333333333333333,0.96,0.515211068370351,0.6900034062193363
416.0340217473912,473,196784.09228651604,59,8,46,49.94677250710891,72,9,Normal,1,0.72,0.473,3.9356818457303206,0.118,0.26666666666666666,0.46,0.9989354501421782,0.8320680434947824
394.08816500114267,594,234088.37001067874,282,20,99,25.314374976940062,37,25,Normal,1,0.37,0.594,4.681767400213575,0.564,0.6666666666666666,0.99,0.5062874995388013,0.7881763300022854
290.7045125496958,347,100874.46585474444,265,24,87,46.1110095909827,29,20,Normal,0,0.29,0.347,2.017489317094889,0.53,0.8,0.87,0.922220191819654,0.5814090250993915
471.0455413491053,212,99861.65476601032,216,6,98,18.11116438520773,46,1,Normal,0,0.46,0.212,1.9972330953202064,0.432,0.2,0.98,0.3622232877041546,0.9420910826982106
222.64971306914717,701,156077.44886147216,281,2,55,41.76646649469143,2,9,Normal,1,0.02,0.701,3.1215489772294434,0.562,0.06666666666666667,0.55,0.8353293298938286,0.4452994261382943
313.22013200178264,405,126854.15346072197,361,21,49,25.992413978391905,21,30,Moderate Risk,1,0.21,0.405,2.5370830692144395,0.722,0.7,0.49,0.5198482795678381,0.6264402640035653
199.52171447647564,786,156824.06757850986,61,24,73,42.4818640677645,10,27,Normal,1,0.1,0.786,3.1364813515701973,0.122,0.8,0.73,0.8496372813552899,0.39904342895295125
164.25715798327792,992,162943.10071941168,32,25,75,27.86103595977123,62,33,Normal,1,0.62,0.992,3.258862014388234,0.064,0.8333333333333334,0.75,0.5572207191954246,0.32851431596655584
170.7912125172662,221,37744.85796631583,471,11,47,10.253566668872217,74,13,Moderate Risk,1,0.74,0.221,0.7548971593263166,0.942,0.36666666666666664,0.47,0.20507133337744435,0.3415824250345324
438.3420770590062,641,280977.271394823,214,9,74,43.987630332327775,96,17,Normal,1,0.96,0.641,5.619545427896459,0.428,0.3,0.74,0.8797526066465555,0.8766841541180125
461.42788155530747,375,173035.4555832403,489,5,74,20.68185361877612,84,6,Moderate Risk,1,0.84,0.375,3.4607091116648063,0.978,0.16666666666666666,0.74,0.4136370723755224,0.9228557631106149
45.69487804736182,676,30889.73756001659,59,14,73,15.256824592058877,5,9,Normal,0,0.05,0.676,0.6177947512003318,0.118,0.4666666666666667,0.73,0.3051364918411775,0.09138975609472363
87.71283264716915,646,56662.48989007127,107,12,47,38.2672380100871,3,11,Normal,0,0.03,0.646,1.1332497978014255,0.214,0.4,0.47,0.7653447602017419,0.1754256652943383
72.91843933631932,370,26979.82255443815,145,13,89,27.81696892643353,69,11,Normal,0,0.69,0.37,0.539596451088763,0.29,0.43333333333333335,0.89,0.5563393785286705,0.14583687867263864
148.09926100181687,62,9182.154182112647,90,12,40,45.1412785134176,19,12,Normal,0,0.19,0.062,0.18364308364225293,0.18,0.4,0.4,0.9028255702683521,0.2961985220036337
157.64153057969085,901,142035.01905230145,383,5,35,30.10666933937525,16,6,Moderate Risk,1,0.16,0.901,2.840700381046029,0.766,0.16666666666666666,0.35,0.602133386787505,0.3152830611593817
307.390278275619,539,165683.35999055865,217,26,49,42.26274706076558,15,36,Normal,1,0.15,0.539,3.313667199811173,0.434,0.8666666666666667,0.49,0.8452549412153115,0.614780556551238
178.94044859429772,275,49208.62336343187,191,26,47,27.167108522484646,66,31,Normal,1,0.66,0.275,0.9841724672686374,0.382,0.8666666666666667,0.47,0.5433421704496929,0.35788089718859545
472.3332543956498,438,206881.96542529462,251,13,14,49.28852857094023,59,18,Normal,1,0.59,0.438,4.137639308505892,0.502,0.43333333333333335,0.14,0.9857705714188046,0.9446665087912997
431.2298630059501,484,208715.25369487985,185,1,36,21.525377445338034,64,4,Normal,1,0.64,0.484,4.174305073897597,0.37,0.03333333333333333,0.36,0.4305075489067607,0.8624597260119002
317.1422272252494,362,114805.4862555403,63,26,32,22.80340248056659,10,34,Normal,1,0.1,0.362,2.296109725110806,0.126,0.8666666666666667,0.32,0.4560680496113318,0.6342844544504989
131.31617220695364,775,101770.03346038907,254,18,41,37.555692786856405,62,22,Normal,1,0.62,0.775,2.0354006692077813,0.508,0.6,0.41,0.7511138557371281,0.26263234441390726
173.8895993721082,240,41733.50384930597,50,15,18,9.392114494116738,61,21,Normal,1,0.61,0.24,0.8346700769861194,0.1,0.5,0.18,0.18784228988233476,0.34777919874421637
224.06760877698048,401,89851.11111956918,84,27,73,19.01510994501359,64,35,Normal,1,0.64,0.401,1.7970222223913837,0.168,0.9,0.73,0.38030219890027184,0.44813521755396096
262.2663205415122,579,151852.19959353557,427,4,81,48.81247706280283,44,-1,Moderate Risk,0,0.44,0.579,3.0370439918707115,0.854,0.13333333333333333,0.81,0.9762495412560566,0.5245326410830243
200.56720890096867,370,74209.8672933584,191,22,98,20.38845603451181,27,17,Normal,0,0.27,0.37,1.484197345867168,0.382,0.7333333333333333,0.98,0.40776912069023624,0.4011344178019373
158.1807833819907,154,24359.840640826566,446,28,14,45.14232940647819,0,33,Moderate Risk,1,0.0,0.154,0.4871968128165313,0.892,0.9333333333333333,0.14,0.9028465881295638,0.31636156676398136
168.1134063137915,968,162733.77731175016,271,9,19,11.135786790439408,82,15,Normal,1,0.82,0.968,3.254675546235003,0.542,0.3,0.19,0.22271573580878815,0.336226812627583
467.6155462890343,747,349308.8130779086,116,6,17,27.911013822883312,10,8,Normal,1,0.1,0.747,6.986176261558172,0.232,0.2,0.17,0.5582202764576663,0.9352310925780686
419.8249804328575,428,179685.091625263,165,19,73,43.7137208198788,34,22,Normal,1,0.34,0.428,3.59370183250526,0.33,0.6333333333333333,0.73,0.8742744163975761,0.839649960865715
224.28430725849927,298,66836.72356303278,452,29,25,47.96155154682041,1,29,Moderate Risk,0,0.01,0.298,1.3367344712606555,0.904,0.9666666666666667,0.25,0.9592310309364082,0.44856861451699853
473.54747630521655,667,315856.1666955794,346,2,17,24.20226483337192,4,7,Moderate Risk,1,0.04,0.667,6.317123333911589,0.692,0.06666666666666667,0.17,0.4840452966674384,0.9470949526104331
17.30077616598541,514,8892.598949316502,1,6,99,21.037177071150577,79,1,High Risk,0,0.79,0.514,0.17785197898633004,0.002,0.2,0.99,0.4207435414230115,0.03460155233197082
139.44651030587633,979,136518.13358945292,279,16,53,30.791529330508208,38,21,Normal,1,0.38,0.979,2.7303626717890586,0.558,0.5333333333333333,0.53,0.6158305866101642,0.27889302061175264
31.561418139596725,483,15244.164961425218,493,8,75,7.358156685390362,44,3,Moderate Risk,0,0.44,0.483,0.3048832992285044,0.986,0.26666666666666666,0.75,0.14716313370780726,0.06312283627919345
470.44702645011995,911,428577.24109605927,165,13,89,38.94946351841243,57,8,Normal,0,0.57,0.911,8.571544821921185,0.33,0.43333333333333335,0.89,0.7789892703682486,0.9408940529002399
438.58568994230967,576,252625.35740677037,180,2,31,45.202097858751415,0,-1,Normal,0,0.0,0.576,5.052507148135407,0.36,0.06666666666666667,0.31,0.9040419571750283,0.8771713798846194
99.01166514957366,120,11881.399817948839,61,20,16,48.23087807601484,50,17,Normal,0,0.5,0.12,0.23762799635897677,0.122,0.6666666666666666,0.16,0.9646175615202968,0.19802333029914732
400.949699289505,521,208894.79332983211,77,4,28,28.692169666279842,4,0,Normal,0,0.04,0.521,4.177895866596642,0.154,0.13333333333333333,0.28,0.5738433933255969,0.80189939857901
401.27901870706086,265,106338.93995737113,164,21,70,29.836042519759623,75,26,Normal,1,0.75,0.265,2.1267787991474227,0.328,0.7,0.7,0.5967208503951924,0.8025580374141217
134.6961355617592,918,123651.05244569495,398,13,36,23.523892177723145,55,14,Moderate Risk,1,0.55,0.918,2.473021048913899,0.796,0.43333333333333335,0.36,0.47047784355446287,0.26939227112351843
137.96500682237956,530,73121.45361586117,394,12,22,16.14632511365753,9,16,Moderate Risk,1,0.09,0.53,1.4624290723172235,0.788,0.4,0.22,0.32292650227315056,0.2759300136447591
435.4871925770728,631,274792.4185161329,19,29,21,16.243198891671213,67,37,High Risk,1,0.67,0.631,5.495848370322658,0.038,0.9666666666666667,0.21,0.32486397783342424,0.8709743851541456
156.6176646536935,886,138763.25088317244,403,19,72,8.639676786537336,35,21,Moderate Risk,1,0.35,0.886,2.775265017663449,0.806,0.6333333333333333,0.72,0.17279353573074674,0.313235329307387
409.8372414671018,84,34426.32828323655,487,10,82,37.73517726019332,88,19,Moderate Risk,1,0.88,0.084,0.688526565664731,0.974,0.3333333333333333,0.82,0.7547035452038664,0.8196744829342036
27.633132694741743,878,24261.89050598325,487,26,30,7.649631234569653,29,22,Moderate Risk,0,0.29,0.878,0.485237810119665,0.974,0.8666666666666667,0.3,0.15299262469139305,0.05526626538948349
277.5125415933404,379,105177.25326387602,86,24,65,28.151340483209214,45,24,Normal,0,0.45,0.379,2.1035450652775203,0.172,0.8,0.65,0.5630268096641843,0.5550250831866809
377.6978812022851,962,363345.3617165983,455,23,57,8.98825512345385,80,30,Moderate Risk,1,0.8,0.962,7.266907234331965,0.91,0.7666666666666667,0.57,0.179765102469077,0.7553957624045702
187.62098788187456,875,164168.36439664025,313,20,96,14.162278037996627,21,26,Moderate Risk,1,0.21,0.875,3.283367287932805,0.626,0.6666666666666666,0.96,0.2832455607599325,0.3752419757637491
346.6446324321903,942,326539.24375112326,421,1,69,7.205643482717763,89,2,Moderate Risk,1,0.89,0.942,6.530784875022465,0.842,0.03333333333333333,0.69,0.14411286965435527,0.6932892648643806
319.52672224084415,684,218556.2780127374,371,25,69,36.29224017866933,52,31,Moderate Risk,1,0.52,0.684,4.371125560254748,0.742,0.8333333333333334,0.69,0.7258448035733867,0.6390534444816883
139.1745183274213,568,79051.1264099753,445,25,53,37.603539495286604,68,25,Moderate Risk,0,0.68,0.568,1.581022528199506,0.89,0.8333333333333334,0.53,0.7520707899057321,0.2783490366548426
220.25740700987507,909,200213.98297197642,251,20,46,12.645435837027257,13,28,Normal,1,0.13,0.909,4.004279659439528,0.502,0.6666666666666666,0.46,0.25290871674054516,0.4405148140197501
192.9400258440552,477,92032.39232761433,132,2,22,46.51973230870274,88,7,Normal,1,0.88,0.477,1.8406478465522866,0.264,0.06666666666666667,0.22,0.9303946461740549,0.3858800516881104
85.71411749596508,834,71485.57399163488,19,6,18,30.238703370691653,90,2,High Risk,0,0.9,0.834,1.4297114798326978,0.038,0.2,0.18,0.6047740674138331,0.17142823499193016
483.81336109276367,834,403500.3431513649,236,16,37,13.185772046302848,94,25,Normal,1,0.94,0.834,8.070006863027297,0.472,0.5333333333333333,0.37,0.263715440926057,0.9676267221855274
27.959520443207264,822,22982.72580431637,223,30,89,23.63171129467886,40,29,Normal,0,0.4,0.822,0.4596545160863274,0.446,1.0,0.89,0.4726342258935772,0.05591904088641453
40.165139062899726,878,35264.99209722596,446,25,37,15.276046202201808,12,29,Moderate Risk,1,0.12,0.878,0.7052998419445191,0.892,0.8333333333333334,0.37,0.3055209240440362,0.08033027812579946
247.1709683175851,157,38805.84202586086,331,13,99,17.55671622092988,7,23,Moderate Risk,1,0.07,0.157,0.7761168405172172,0.662,0.43333333333333335,0.99,0.3511343244185976,0.49434193663517023
263.6473677505184,451,118904.9628554838,212,14,49,15.452344633092231,65,9,Normal,0,0.65,0.451,2.378099257109676,0.424,0.4666666666666667,0.49,0.3090468926618446,0.5272947355010368
384.5612811175976,802,308418.1474563133,398,11,40,31.09379644731727,27,12,Moderate Risk,1,0.27,0.802,6.168362949126267,0.796,0.36666666666666664,0.4,0.6218759289463454,0.7691225622351953
200.2647952810049,538,107742.45986118063,381,1,81,45.67428111597809,23,10,Moderate Risk,1,0.23,0.538,2.1548491972236126,0.762,0.03333333333333333,0.81,0.9134856223195618,0.40052959056200976
97.15387787332,884,85884.02804001488,206,6,93,12.512592177377057,55,8,Normal,1,0.55,0.884,1.7176805608002976,0.412,0.2,0.93,0.25025184354754115,0.19430775574664
380.5052498339292,637,242381.8441442129,280,28,75,31.079710162366812,62,23,Normal,0,0.62,0.637,4.847636882884258,0.56,0.9333333333333333,0.75,0.6215942032473363,0.7610104996678584
328.101628463632,176,57745.88660959923,495,22,11,20.648020878035886,98,20,Moderate Risk,0,0.98,0.176,1.1549177321919846,0.99,0.7333333333333333,0.11,0.4129604175607177,0.656203256927264
447.9885193999332,855,383030.18408694287,170,2,12,32.716159388312086,76,3,Normal,1,0.76,0.855,7.660603681738857,0.34,0.06666666666666667,0.12,0.6543231877662418,0.8959770387998663
330.28230381920457,943,311456.21250150993,107,24,77,41.04082613392905,32,25,Normal,1,0.32,0.943,6.229124250030199,0.214,0.8,0.77,0.8208165226785811,0.6605646076384092
349.37340078437336,915,319676.66171770165,67,21,56,20.161126489503783,8,18,Normal,0,0.08,0.915,6.393533234354033,0.134,0.7,0.56,0.40322252979007567,0.6987468015687467
16.37123386324214,818,13391.66930013207,8,28,47,46.77843988089453,45,26,High Risk,0,0.45,0.818,0.2678333860026414,0.016,0.9333333333333333,0.47,0.9355687976178906,0.03274246772648428
378.0066339153022,957,361752.3486569442,7,30,49,21.72096347035852,56,34,High Risk,1,0.56,0.957,7.235046973138884,0.014,1.0,0.49,0.4344192694071704,0.7560132678306044
413.9100946125613,139,57533.50315114602,132,27,15,19.110116910912254,82,36,Normal,1,0.82,0.139,1.1506700630229203,0.264,0.9,0.15,0.38220233821824506,0.8278201892251226
388.2324113718047,864,335432.8034252392,1,9,75,25.443135074845006,85,14,High Risk,1,0.85,0.864,6.7086560685047845,0.002,0.3,0.75,0.5088627014969002,0.7764648227436094
