Product ID,Order Date,Quantity
PROD-1,2023-01-01,233
PROD-1,2023-01-02,186
PROD-1,2023-01-03,240
PROD-1,2023-01-04,203
PROD-1,2023-01-05,250
PROD-1,2023-01-06,206
PROD-1,2023-01-07,200
PROD-1,2023-01-08,190
PROD-1,2023-01-09,245
PROD-1,2023-01-10,248
PROD-1,2023-01-11,236
PROD-1,2023-01-12,252
PROD-1,2023-01-13,187
PROD-1,2023-01-14,180
PROD-1,2023-01-15,189
PROD-1,2023-01-16,206
PROD-1,2023-01-17,198
PROD-1,2023-01-18,229
PROD-1,2023-01-19,187
PROD-1,2023-01-20,200
PROD-1,2023-01-21,227
PROD-1,2023-01-22,189
PROD-1,2023-01-23,233
PROD-1,2023-01-24,231
PROD-1,2023-01-25,206
PROD-1,2023-01-26,180
PROD-1,2023-01-27,244
PROD-1,2023-01-28,181
PROD-1,2023-01-29,183
PROD-1,2023-01-30,215
PROD-1,2023-01-31,221
PROD-1,2023-02-01,208
PROD-1,2023-02-02,191
PROD-1,2023-02-03,223
PROD-1,2023-02-04,269
PROD-1,2023-02-05,215
PROD-1,2023-02-06,251
PROD-1,2023-02-07,257
PROD-1,2023-02-08,272
PROD-1,2023-02-09,266
PROD-1,2023-02-10,256
PROD-1,2023-02-11,258
PROD-1,2023-02-12,232
PROD-1,2023-02-13,237
PROD-1,2023-02-14,256
PROD-1,2023-02-15,201
PROD-1,2023-02-16,192
PROD-1,2023-02-17,282
PROD-1,2023-02-18,249
PROD-1,2023-02-19,205
PROD-1,2023-02-20,243
PROD-1,2023-02-21,271
PROD-1,2023-02-22,282
PROD-1,2023-02-23,227
PROD-1,2023-02-24,278
PROD-1,2023-02-25,209
PROD-1,2023-02-26,197
PROD-1,2023-02-27,256
PROD-1,2023-02-28,264
PROD-1,2023-03-01,212
PROD-1,2023-03-02,203
PROD-1,2023-03-03,199
PROD-1,2023-03-04,271
PROD-1,2023-03-05,217
PROD-1,2023-03-06,253
PROD-1,2023-03-07,242
PROD-1,2023-03-08,281
PROD-1,2023-03-09,246
PROD-1,2023-03-10,226
PROD-1,2023-03-11,221
PROD-1,2023-03-12,205
PROD-1,2023-03-13,218
PROD-1,2023-03-14,292
PROD-1,2023-03-15,197
PROD-1,2023-03-16,261
PROD-1,2023-03-17,214
PROD-1,2023-03-18,242
PROD-1,2023-03-19,251
PROD-1,2023-03-20,232
PROD-1,2023-03-21,242
PROD-1,2023-03-22,291
PROD-1,2023-03-23,262
PROD-1,2023-03-24,274
PROD-1,2023-03-25,245
PROD-1,2023-03-26,236
PROD-1,2023-03-27,283
PROD-1,2023-03-28,282
PROD-1,2023-03-29,204
PROD-1,2023-03-30,206
PROD-1,2023-03-31,200
PROD-1,2023-04-01,217
PROD-1,2023-04-02,209
PROD-1,2023-04-03,267
PROD-1,2023-04-04,218
PROD-1,2023-04-05,269
PROD-1,2023-04-06,200
PROD-1,2023-04-07,233
PROD-1,2023-04-08,235
PROD-1,2023-04-09,208
PROD-1,2023-04-10,267
PROD-1,2023-04-11,194
PROD-1,2023-04-12,208
PROD-1,2023-04-13,232
PROD-1,2023-04-14,198
PROD-1,2023-04-15,212
PROD-1,2023-04-16,220
PROD-1,2023-04-17,228
PROD-1,2023-04-18,237
PROD-1,2023-04-19,266
PROD-1,2023-04-20,278
PROD-1,2023-04-21,263
PROD-1,2023-04-22,247
PROD-1,2023-04-23,203
PROD-1,2023-04-24,242
PROD-1,2023-04-25,220
PROD-1,2023-04-26,219
PROD-1,2023-04-27,220
PROD-1,2023-04-28,210
PROD-1,2023-04-29,238
PROD-1,2023-04-30,212
PROD-1,2023-05-01,184
PROD-1,2023-05-02,176
PROD-1,2023-05-03,183
PROD-1,2023-05-04,193
PROD-1,2023-05-05,176
PROD-1,2023-05-06,257
PROD-1,2023-05-07,234
PROD-1,2023-05-08,223
PROD-1,2023-05-09,252
PROD-1,2023-05-10,180
PROD-1,2023-05-11,191
PROD-1,2023-05-12,252
PROD-1,2023-05-13,207
PROD-1,2023-05-14,182
PROD-1,2023-05-15,253
PROD-1,2023-05-16,223
PROD-1,2023-05-17,176
PROD-1,2023-05-18,220
PROD-1,2023-05-19,202
PROD-1,2023-05-20,198
PROD-1,2023-05-21,209
PROD-1,2023-05-22,191
PROD-1,2023-05-23,207
PROD-1,2023-05-24,252
PROD-1,2023-05-25,241
PROD-1,2023-05-26,249
PROD-1,2023-05-27,205
PROD-1,2023-05-28,214
PROD-1,2023-05-29,239
PROD-1,2023-05-30,236
PROD-1,2023-05-31,200
PROD-1,2023-06-01,168
PROD-1,2023-06-02,201
PROD-1,2023-06-03,185
PROD-1,2023-06-04,198
PROD-1,2023-06-05,182
PROD-1,2023-06-06,185
PROD-1,2023-06-07,198
PROD-1,2023-06-08,187
PROD-1,2023-06-09,157
PROD-1,2023-06-10,151
PROD-1,2023-06-11,166
PROD-1,2023-06-12,150
PROD-1,2023-06-13,182
PROD-1,2023-06-14,205
PROD-1,2023-06-15,157
PROD-1,2023-06-16,212
PROD-1,2023-06-17,174
PROD-1,2023-06-18,193
PROD-1,2023-06-19,170
PROD-1,2023-06-20,162
PROD-1,2023-06-21,196
PROD-1,2023-06-22,162
PROD-1,2023-06-23,159
PROD-1,2023-06-24,166
PROD-1,2023-06-25,207
PROD-1,2023-06-26,224
PROD-1,2023-06-27,201
PROD-1,2023-06-28,172
PROD-1,2023-06-29,181
PROD-1,2023-06-30,161
PROD-1,2023-07-01,149
PROD-1,2023-07-02,150
PROD-1,2023-07-03,162
PROD-1,2023-07-04,180
PROD-1,2023-07-05,174
PROD-1,2023-07-06,180
PROD-1,2023-07-07,137
PROD-1,2023-07-08,182
PROD-1,2023-07-09,132
PROD-1,2023-07-10,185
PROD-1,2023-07-11,172
PROD-1,2023-07-12,133
PROD-1,2023-07-13,179
PROD-1,2023-07-14,133
PROD-1,2023-07-15,180
PROD-1,2023-07-16,150
PROD-1,2023-07-17,159
PROD-1,2023-07-18,157
PROD-1,2023-07-19,147
PROD-1,2023-07-20,172
PROD-1,2023-07-21,161
PROD-1,2023-07-22,181
PROD-1,2023-07-23,182
PROD-1,2023-07-24,132
PROD-1,2023-07-25,179
PROD-1,2023-07-26,183
PROD-1,2023-07-27,178
PROD-1,2023-07-28,152
PROD-1,2023-07-29,181
PROD-1,2023-07-30,181
PROD-1,2023-07-31,160
PROD-1,2023-08-01,112
PROD-1,2023-08-02,143
PROD-1,2023-08-03,131
PROD-1,2023-08-04,159
PROD-1,2023-08-05,141
PROD-1,2023-08-06,121
PROD-1,2023-08-07,112
PROD-1,2023-08-08,129
PROD-1,2023-08-09,158
PROD-1,2023-08-10,133
PROD-1,2023-08-11,148
PROD-1,2023-08-12,129
PROD-1,2023-08-13,150
PROD-1,2023-08-14,133
PROD-1,2023-08-15,131
PROD-1,2023-08-16,162
PROD-1,2023-08-17,129
PROD-1,2023-08-18,130
PROD-1,2023-08-19,135
PROD-1,2023-08-20,156
PROD-1,2023-08-21,114
PROD-1,2023-08-22,159
PROD-1,2023-08-23,142
PROD-1,2023-08-24,145
PROD-1,2023-08-25,143
PROD-1,2023-08-26,149
PROD-1,2023-08-27,153
PROD-1,2023-08-28,156
PROD-1,2023-08-29,113
PROD-1,2023-08-30,117
PROD-1,2023-08-31,152
PROD-1,2023-09-01,134
PROD-1,2023-09-02,131
PROD-1,2023-09-03,155
PROD-1,2023-09-04,112
PROD-1,2023-09-05,114
PROD-1,2023-09-06,125
PROD-1,2023-09-07,152
PROD-1,2023-09-08,155
PROD-1,2023-09-09,135
PROD-1,2023-09-10,152
PROD-1,2023-09-11,155
PROD-1,2023-09-12,113
PROD-1,2023-09-13,147
PROD-1,2023-09-14,128
PROD-1,2023-09-15,121
PROD-1,2023-09-16,147
PROD-1,2023-09-17,155
PROD-1,2023-09-18,148
PROD-1,2023-09-19,117
PROD-1,2023-09-20,133
PROD-1,2023-09-21,125
PROD-1,2023-09-22,120
PROD-1,2023-09-23,119
PROD-1,2023-09-24,112
PROD-1,2023-09-25,125
PROD-1,2023-09-26,146
PROD-1,2023-09-27,132
PROD-1,2023-09-28,125
PROD-1,2023-09-29,150
PROD-1,2023-09-30,141
PROD-1,2023-10-01,135
PROD-1,2023-10-02,152
PROD-1,2023-10-03,119
PROD-1,2023-10-04,161
PROD-1,2023-10-05,136
PROD-1,2023-10-06,134
PROD-1,2023-10-07,132
PROD-1,2023-10-08,156
PROD-1,2023-10-09,125
PROD-1,2023-10-10,131
PROD-1,2023-10-11,132
PROD-1,2023-10-12,147
PROD-1,2023-10-13,127
PROD-1,2023-10-14,120
PROD-1,2023-10-15,118
PROD-1,2023-10-16,129
PROD-1,2023-10-17,165
PROD-1,2023-10-18,120
PROD-1,2023-10-19,142
PROD-1,2023-10-20,120
PROD-1,2023-10-21,114
PROD-1,2023-10-22,114
PROD-1,2023-10-23,130
PROD-1,2023-10-24,153
PROD-1,2023-10-25,144
PROD-1,2023-10-26,129
PROD-1,2023-10-27,153
PROD-1,2023-10-28,117
PROD-1,2023-10-29,132
PROD-1,2023-10-30,150
PROD-1,2023-10-31,113
PROD-1,2023-11-01,165
PROD-1,2023-11-02,176
PROD-1,2023-11-03,172
PROD-1,2023-11-04,139
PROD-1,2023-11-05,178
PROD-1,2023-11-06,160
PROD-1,2023-11-07,165
PROD-1,2023-11-08,128
PROD-1,2023-11-09,149
PROD-1,2023-11-10,130
PROD-1,2023-11-11,180
PROD-1,2023-11-12,155
PROD-1,2023-11-13,166
PROD-1,2023-11-14,182
PROD-1,2023-11-15,160
PROD-1,2023-11-16,135
PROD-1,2023-11-17,179
PROD-1,2023-11-18,186
PROD-1,2023-11-19,152
PROD-1,2023-11-20,156
PROD-1,2023-11-21,188
PROD-1,2023-11-22,159
PROD-1,2023-11-23,180
PROD-1,2023-11-24,179
PROD-1,2023-11-25,180
PROD-1,2023-11-26,175
PROD-1,2023-11-27,162
PROD-1,2023-11-28,131
PROD-1,2023-11-29,164
PROD-1,2023-11-30,133
PROD-1,2023-12-01,205
PROD-1,2023-12-02,150
PROD-1,2023-12-03,219
PROD-1,2023-12-04,211
PROD-1,2023-12-05,183
PROD-1,2023-12-06,154
PROD-1,2023-12-07,186
PROD-1,2023-12-08,180
PROD-1,2023-12-09,195
PROD-1,2023-12-10,174
PROD-1,2023-12-11,206
PROD-1,2023-12-12,173
PROD-1,2023-12-13,156
PROD-1,2023-12-14,161
PROD-1,2023-12-15,196
PROD-1,2023-12-16,189
PROD-1,2023-12-17,155
PROD-1,2023-12-18,215
PROD-1,2023-12-19,161
PROD-1,2023-12-20,178
PROD-1,2023-12-21,215
PROD-1,2023-12-22,166
PROD-1,2023-12-23,188
PROD-1,2023-12-24,220
PROD-1,2023-12-25,181
PROD-1,2023-12-26,165
PROD-1,2023-12-27,223
PROD-1,2023-12-28,177
PROD-1,2023-12-29,218
PROD-1,2023-12-30,208
PROD-1,2023-12-31,173
PROD-1,2024-01-01,205
PROD-2,2023-01-01,140
PROD-2,2023-01-02,134
PROD-2,2023-01-03,149
PROD-2,2023-01-04,146
PROD-2,2023-01-05,147
PROD-2,2023-01-06,150
PROD-2,2023-01-07,141
PROD-2,2023-01-08,114
PROD-2,2023-01-09,111
PROD-2,2023-01-10,149
PROD-2,2023-01-11,132
PROD-2,2023-01-12,108
PROD-2,2023-01-13,137
PROD-2,2023-01-14,122
PROD-2,2023-01-15,116
PROD-2,2023-01-16,105
PROD-2,2023-01-17,118
PROD-2,2023-01-18,127
PROD-2,2023-01-19,115
PROD-2,2023-01-20,149
PROD-2,2023-01-21,151
PROD-2,2023-01-22,128
PROD-2,2023-01-23,132
PROD-2,2023-01-24,124
PROD-2,2023-01-25,118
PROD-2,2023-01-26,123
PROD-2,2023-01-27,138
PROD-2,2023-01-28,148
PROD-2,2023-01-29,128
PROD-2,2023-01-30,128
PROD-2,2023-01-31,150
PROD-2,2023-02-01,159
PROD-2,2023-02-02,167
PROD-2,2023-02-03,153
PROD-2,2023-02-04,144
PROD-2,2023-02-05,135
PROD-2,2023-02-06,135
PROD-2,2023-02-07,165
PROD-2,2023-02-08,165
PROD-2,2023-02-09,159
PROD-2,2023-02-10,138
PROD-2,2023-02-11,120
PROD-2,2023-02-12,130
PROD-2,2023-02-13,156
PROD-2,2023-02-14,154
PROD-2,2023-02-15,132
PROD-2,2023-02-16,116
PROD-2,2023-02-17,132
PROD-2,2023-02-18,134
PROD-2,2023-02-19,149
PROD-2,2023-02-20,123
PROD-2,2023-02-21,166
PROD-2,2023-02-22,131
PROD-2,2023-02-23,142
PROD-2,2023-02-24,171
PROD-2,2023-02-25,118
PROD-2,2023-02-26,142
PROD-2,2023-02-27,138
PROD-2,2023-02-28,150
PROD-2,2023-03-01,172
PROD-2,2023-03-02,130
PROD-2,2023-03-03,153
PROD-2,2023-03-04,143
PROD-2,2023-03-05,156
PROD-2,2023-03-06,128
PROD-2,2023-03-07,126
PROD-2,2023-03-08,130
PROD-2,2023-03-09,176
PROD-2,2023-03-10,153
PROD-2,2023-03-11,168
PROD-2,2023-03-12,152
PROD-2,2023-03-13,177
PROD-2,2023-03-14,172
PROD-2,2023-03-15,128
PROD-2,2023-03-16,159
PROD-2,2023-03-17,147
PROD-2,2023-03-18,149
PROD-2,2023-03-19,133
PROD-2,2023-03-20,175
PROD-2,2023-03-21,144
PROD-2,2023-03-22,167
PROD-2,2023-03-23,142
PROD-2,2023-03-24,170
PROD-2,2023-03-25,165
PROD-2,2023-03-26,168
PROD-2,2023-03-27,153
PROD-2,2023-03-28,134
PROD-2,2023-03-29,163
PROD-2,2023-03-30,152
PROD-2,2023-03-31,165
PROD-2,2023-04-01,159
PROD-2,2023-04-02,151
PROD-2,2023-04-03,130
PROD-2,2023-04-04,156
PROD-2,2023-04-05,164
PROD-2,2023-04-06,139
PROD-2,2023-04-07,167
PROD-2,2023-04-08,138
PROD-2,2023-04-09,149
PROD-2,2023-04-10,150
PROD-2,2023-04-11,149
PROD-2,2023-04-12,166
PROD-2,2023-04-13,151
PROD-2,2023-04-14,142
PROD-2,2023-04-15,157
PROD-2,2023-04-16,155
PROD-2,2023-04-17,164
PROD-2,2023-04-18,121
PROD-2,2023-04-19,150
PROD-2,2023-04-20,135
PROD-2,2023-04-21,118
PROD-2,2023-04-22,159
PROD-2,2023-04-23,160
PROD-2,2023-04-24,128
PROD-2,2023-04-25,116
PROD-2,2023-04-26,151
PROD-2,2023-04-27,137
PROD-2,2023-04-28,156
PROD-2,2023-04-29,170
PROD-2,2023-04-30,171
PROD-2,2023-05-01,141
PROD-2,2023-05-02,141
PROD-2,2023-05-03,151
PROD-2,2023-05-04,107
PROD-2,2023-05-05,120
PROD-2,2023-05-06,117
PROD-2,2023-05-07,119
PROD-2,2023-05-08,128
PROD-2,2023-05-09,105
PROD-2,2023-05-10,115
PROD-2,2023-05-11,106
PROD-2,2023-05-12,120
PROD-2,2023-05-13,133
PROD-2,2023-05-14,115
PROD-2,2023-05-15,154
PROD-2,2023-05-16,134
PROD-2,2023-05-17,152
PROD-2,2023-05-18,140
PROD-2,2023-05-19,114
PROD-2,2023-05-20,138
PROD-2,2023-05-21,117
PROD-2,2023-05-22,152
PROD-2,2023-05-23,156
PROD-2,2023-05-24,143
PROD-2,2023-05-25,131
PROD-2,2023-05-26,114
PROD-2,2023-05-27,150
PROD-2,2023-05-28,127
PROD-2,2023-05-29,122
PROD-2,2023-05-30,146
PROD-2,2023-05-31,140
PROD-2,2023-06-01,94
PROD-2,2023-06-02,122
PROD-2,2023-06-03,117
PROD-2,2023-06-04,123
PROD-2,2023-06-05,91
PROD-2,2023-06-06,113
PROD-2,2023-06-07,101
PROD-2,2023-06-08,105
PROD-2,2023-06-09,130
PROD-2,2023-06-10,96
PROD-2,2023-06-11,117
PROD-2,2023-06-12,99
PROD-2,2023-06-13,101
PROD-2,2023-06-14,136
PROD-2,2023-06-15,115
PROD-2,2023-06-16,131
PROD-2,2023-06-17,116
PROD-2,2023-06-18,124
PROD-2,2023-06-19,93
PROD-2,2023-06-20,127
PROD-2,2023-06-21,115
PROD-2,2023-06-22,120
PROD-2,2023-06-23,116
PROD-2,2023-06-24,119
PROD-2,2023-06-25,98
PROD-2,2023-06-26,100
PROD-2,2023-06-27,99
PROD-2,2023-06-28,117
PROD-2,2023-06-29,128
PROD-2,2023-06-30,111
PROD-2,2023-07-01,85
PROD-2,2023-07-02,95
PROD-2,2023-07-03,79
PROD-2,2023-07-04,107
PROD-2,2023-07-05,104
PROD-2,2023-07-06,106
PROD-2,2023-07-07,103
PROD-2,2023-07-08,115
PROD-2,2023-07-09,92
PROD-2,2023-07-10,98
PROD-2,2023-07-11,79
PROD-2,2023-07-12,99
PROD-2,2023-07-13,106
PROD-2,2023-07-14,99
PROD-2,2023-07-15,85
PROD-2,2023-07-16,80
PROD-2,2023-07-17,92
PROD-2,2023-07-18,101
PROD-2,2023-07-19,86
PROD-2,2023-07-20,100
PROD-2,2023-07-21,106
PROD-2,2023-07-22,115
PROD-2,2023-07-23,81
PROD-2,2023-07-24,106
PROD-2,2023-07-25,103
PROD-2,2023-07-26,98
PROD-2,2023-07-27,81
PROD-2,2023-07-28,98
PROD-2,2023-07-29,90
PROD-2,2023-07-30,104
PROD-2,2023-07-31,114
PROD-2,2023-08-01,89
PROD-2,2023-08-02,79
PROD-2,2023-08-03,84
PROD-2,2023-08-04,80
PROD-2,2023-08-05,95
PROD-2,2023-08-06,76
PROD-2,2023-08-07,81
PROD-2,2023-08-08,85
PROD-2,2023-08-09,81
PROD-2,2023-08-10,68
PROD-2,2023-08-11,98
PROD-2,2023-08-12,80
PROD-2,2023-08-13,87
PROD-2,2023-08-14,79
PROD-2,2023-08-15,81
PROD-2,2023-08-16,97
PROD-2,2023-08-17,101
PROD-2,2023-08-18,88
PROD-2,2023-08-19,95
PROD-2,2023-08-20,88
PROD-2,2023-08-21,99
PROD-2,2023-08-22,95
PROD-2,2023-08-23,81
PROD-2,2023-08-24,71
PROD-2,2023-08-25,69
PROD-2,2023-08-26,98
PROD-2,2023-08-27,69
PROD-2,2023-08-28,82
PROD-2,2023-08-29,84
PROD-2,2023-08-30,87
PROD-2,2023-08-31,86
PROD-2,2023-09-01,87
PROD-2,2023-09-02,63
PROD-2,2023-09-03,64
PROD-2,2023-09-04,74
PROD-2,2023-09-05,71
PROD-2,2023-09-06,80
PROD-2,2023-09-07,90
PROD-2,2023-09-08,93
PROD-2,2023-09-09,75
PROD-2,2023-09-10,95
PROD-2,2023-09-11,95
PROD-2,2023-09-12,81
PROD-2,2023-09-13,89
PROD-2,2023-09-14,91
PROD-2,2023-09-15,91
PROD-2,2023-09-16,69
PROD-2,2023-09-17,65
PROD-2,2023-09-18,90
PROD-2,2023-09-19,88
PROD-2,2023-09-20,68
PROD-2,2023-09-21,70
PROD-2,2023-09-22,94
PROD-2,2023-09-23,79
PROD-2,2023-09-24,86
PROD-2,2023-09-25,88
PROD-2,2023-09-26,65
PROD-2,2023-09-27,88
PROD-2,2023-09-28,94
PROD-2,2023-09-29,80
PROD-2,2023-09-30,69
PROD-2,2023-10-01,88
PROD-2,2023-10-02,87
PROD-2,2023-10-03,78
PROD-2,2023-10-04,90
PROD-2,2023-10-05,88
PROD-2,2023-10-06,82
PROD-2,2023-10-07,82
PROD-2,2023-10-08,75
PROD-2,2023-10-09,70
PROD-2,2023-10-10,90
PROD-2,2023-10-11,89
PROD-2,2023-10-12,76
PROD-2,2023-10-13,88
PROD-2,2023-10-14,84
PROD-2,2023-10-15,69
PROD-2,2023-10-16,71
PROD-2,2023-10-17,87
PROD-2,2023-10-18,76
PROD-2,2023-10-19,78
PROD-2,2023-10-20,82
PROD-2,2023-10-21,80
PROD-2,2023-10-22,79
PROD-2,2023-10-23,95
PROD-2,2023-10-24,77
PROD-2,2023-10-25,70
PROD-2,2023-10-26,95
PROD-2,2023-10-27,80
PROD-2,2023-10-28,92
PROD-2,2023-10-29,93
PROD-2,2023-10-30,70
PROD-2,2023-10-31,69
PROD-2,2023-11-01,79
PROD-2,2023-11-02,92
PROD-2,2023-11-03,97
PROD-2,2023-11-04,92
PROD-2,2023-11-05,104
PROD-2,2023-11-06,102
PROD-2,2023-11-07,98
PROD-2,2023-11-08,90
PROD-2,2023-11-09,82
PROD-2,2023-11-10,114
PROD-2,2023-11-11,112
PROD-2,2023-11-12,91
PROD-2,2023-11-13,106
PROD-2,2023-11-14,85
PROD-2,2023-11-15,92
PROD-2,2023-11-16,88
PROD-2,2023-11-17,107
PROD-2,2023-11-18,85
PROD-2,2023-11-19,100
PROD-2,2023-11-20,80
PROD-2,2023-11-21,84
PROD-2,2023-11-22,101
PROD-2,2023-11-23,87
PROD-2,2023-11-24,102
PROD-2,2023-11-25,77
PROD-2,2023-11-26,91
PROD-2,2023-11-27,79
PROD-2,2023-11-28,116
PROD-2,2023-11-29,86
PROD-2,2023-11-30,83
PROD-2,2023-12-01,124
PROD-2,2023-12-02,125
PROD-2,2023-12-03,100
PROD-2,2023-12-04,129
PROD-2,2023-12-05,120
PROD-2,2023-12-06,124
PROD-2,2023-12-07,92
PROD-2,2023-12-08,104
PROD-2,2023-12-09,125
PROD-2,2023-12-10,115
PROD-2,2023-12-11,133
PROD-2,2023-12-12,95
PROD-2,2023-12-13,93
PROD-2,2023-12-14,128
PROD-2,2023-12-15,134
PROD-2,2023-12-16,110
PROD-2,2023-12-17,104
PROD-2,2023-12-18,103
PROD-2,2023-12-19,110
PROD-2,2023-12-20,131
PROD-2,2023-12-21,125
PROD-2,2023-12-22,112
PROD-2,2023-12-23,129
PROD-2,2023-12-24,101
PROD-2,2023-12-25,109
PROD-2,2023-12-26,92
PROD-2,2023-12-27,121
PROD-2,2023-12-28,97
PROD-2,2023-12-29,96
PROD-2,2023-12-30,124
PROD-2,2023-12-31,125
PROD-2,2024-01-01,138
PROD-3,2023-01-01,138
PROD-3,2023-01-02,134
PROD-3,2023-01-03,151
PROD-3,2023-01-04,177
PROD-3,2023-01-05,173
PROD-3,2023-01-06,187
PROD-3,2023-01-07,186
PROD-3,2023-01-08,184
PROD-3,2023-01-09,137
PROD-3,2023-01-10,183
PROD-3,2023-01-11,136
PROD-3,2023-01-12,187
PROD-3,2023-01-13,143
PROD-3,2023-01-14,153
PROD-3,2023-01-15,127
PROD-3,2023-01-16,160
PROD-3,2023-01-17,174
PROD-3,2023-01-18,140
PROD-3,2023-01-19,164
PROD-3,2023-01-20,157
PROD-3,2023-01-21,137
PROD-3,2023-01-22,187
PROD-3,2023-01-23,188
PROD-3,2023-01-24,184
PROD-3,2023-01-25,153
PROD-3,2023-01-26,140
PROD-3,2023-01-27,147
PROD-3,2023-01-28,173
PROD-3,2023-01-29,176
PROD-3,2023-01-30,141
PROD-3,2023-01-31,141
PROD-3,2023-02-01,186
PROD-3,2023-02-02,146
PROD-3,2023-02-03,141
PROD-3,2023-02-04,152
PROD-3,2023-02-05,186
PROD-3,2023-02-06,191
PROD-3,2023-02-07,172
PROD-3,2023-02-08,196
PROD-3,2023-02-09,207
PROD-3,2023-02-10,204
PROD-3,2023-02-11,199
PROD-3,2023-02-12,147
PROD-3,2023-02-13,163
PROD-3,2023-02-14,153
PROD-3,2023-02-15,204
PROD-3,2023-02-16,167
PROD-3,2023-02-17,145
PROD-3,2023-02-18,159
PROD-3,2023-02-19,178
PROD-3,2023-02-20,144
PROD-3,2023-02-21,151
PROD-3,2023-02-22,199
PROD-3,2023-02-23,151
PROD-3,2023-02-24,153
PROD-3,2023-02-25,172
PROD-3,2023-02-26,160
PROD-3,2023-02-27,181
PROD-3,2023-02-28,147
PROD-3,2023-03-01,144
PROD-3,2023-03-02,175
PROD-3,2023-03-03,152
PROD-3,2023-03-04,165
PROD-3,2023-03-05,208
PROD-3,2023-03-06,202
PROD-3,2023-03-07,183
PROD-3,2023-03-08,179
PROD-3,2023-03-09,177
PROD-3,2023-03-10,154
PROD-3,2023-03-11,184
PROD-3,2023-03-12,151
PROD-3,2023-03-13,171
PROD-3,2023-03-14,171
PROD-3,2023-03-15,151
PROD-3,2023-03-16,196
PROD-3,2023-03-17,166
PROD-3,2023-03-18,199
PROD-3,2023-03-19,173
PROD-3,2023-03-20,176
PROD-3,2023-03-21,196
PROD-3,2023-03-22,156
PROD-3,2023-03-23,203
PROD-3,2023-03-24,199
PROD-3,2023-03-25,209
PROD-3,2023-03-26,202
PROD-3,2023-03-27,150
PROD-3,2023-03-28,145
PROD-3,2023-03-29,200
PROD-3,2023-03-30,190
PROD-3,2023-03-31,148
PROD-3,2023-04-01,148
PROD-3,2023-04-02,187
PROD-3,2023-04-03,140
PROD-3,2023-04-04,149
PROD-3,2023-04-05,160
PROD-3,2023-04-06,160
PROD-3,2023-04-07,191
PROD-3,2023-04-08,171
PROD-3,2023-04-09,157
PROD-3,2023-04-10,139
PROD-3,2023-04-11,179
PROD-3,2023-04-12,172
PROD-3,2023-04-13,208
PROD-3,2023-04-14,139
PROD-3,2023-04-15,161
PROD-3,2023-04-16,178
PROD-3,2023-04-17,180
PROD-3,2023-04-18,178
PROD-3,2023-04-19,202
PROD-3,2023-04-20,188
PROD-3,2023-04-21,165
PROD-3,2023-04-22,199
PROD-3,2023-04-23,161
PROD-3,2023-04-24,165
PROD-3,2023-04-25,185
PROD-3,2023-04-26,179
PROD-3,2023-04-27,200
PROD-3,2023-04-28,207
PROD-3,2023-04-29,176
PROD-3,2023-04-30,177
PROD-3,2023-05-01,190
PROD-3,2023-05-02,179
PROD-3,2023-05-03,131
PROD-3,2023-05-04,132
PROD-3,2023-05-05,180
PROD-3,2023-05-06,130
PROD-3,2023-05-07,152
PROD-3,2023-05-08,190
PROD-3,2023-05-09,182
PROD-3,2023-05-10,142
PROD-3,2023-05-11,131
PROD-3,2023-05-12,189
PROD-3,2023-05-13,150
PROD-3,2023-05-14,169
PROD-3,2023-05-15,187
PROD-3,2023-05-16,138
PROD-3,2023-05-17,166
PROD-3,2023-05-18,155
PROD-3,2023-05-19,161
PROD-3,2023-05-20,144
PROD-3,2023-05-21,153
PROD-3,2023-05-22,134
PROD-3,2023-05-23,166
PROD-3,2023-05-24,147
PROD-3,2023-05-25,185
PROD-3,2023-05-26,153
PROD-3,2023-05-27,184
PROD-3,2023-05-28,168
PROD-3,2023-05-29,134
PROD-3,2023-05-30,132
PROD-3,2023-05-31,166
PROD-3,2023-06-01,129
PROD-3,2023-06-02,140
PROD-3,2023-06-03,145
PROD-3,2023-06-04,147
PROD-3,2023-06-05,157
PROD-3,2023-06-06,111
PROD-3,2023-06-07,145
PROD-3,2023-06-08,111
PROD-3,2023-06-09,132
PROD-3,2023-06-10,147
PROD-3,2023-06-11,142
PROD-3,2023-06-12,152
PROD-3,2023-06-13,123
PROD-3,2023-06-14,115
PROD-3,2023-06-15,150
PROD-3,2023-06-16,141
PROD-3,2023-06-17,120
PROD-3,2023-06-18,150
PROD-3,2023-06-19,149
PROD-3,2023-06-20,112
PROD-3,2023-06-21,156
PROD-3,2023-06-22,153
PROD-3,2023-06-23,148
PROD-3,2023-06-24,128
PROD-3,2023-06-25,156
PROD-3,2023-06-26,159
PROD-3,2023-06-27,150
PROD-3,2023-06-28,115
PROD-3,2023-06-29,160
PROD-3,2023-06-30,150
PROD-3,2023-07-01,126
PROD-3,2023-07-02,109
PROD-3,2023-07-03,111
PROD-3,2023-07-04,114
PROD-3,2023-07-05,138
PROD-3,2023-07-06,104
PROD-3,2023-07-07,125
PROD-3,2023-07-08,110
PROD-3,2023-07-09,94
PROD-3,2023-07-10,109
PROD-3,2023-07-11,131
PROD-3,2023-07-12,110
PROD-3,2023-07-13,105
PROD-3,2023-07-14,121
PROD-3,2023-07-15,136
PROD-3,2023-07-16,135
PROD-3,2023-07-17,102
PROD-3,2023-07-18,98
PROD-3,2023-07-19,99
PROD-3,2023-07-20,102
PROD-3,2023-07-21,119
PROD-3,2023-07-22,100
PROD-3,2023-07-23,98
PROD-3,2023-07-24,113
PROD-3,2023-07-25,103
PROD-3,2023-07-26,103
PROD-3,2023-07-27,130
PROD-3,2023-07-28,107
PROD-3,2023-07-29,106
PROD-3,2023-07-30,126
PROD-3,2023-07-31,105
PROD-3,2023-08-01,90
PROD-3,2023-08-02,100
PROD-3,2023-08-03,97
PROD-3,2023-08-04,110
PROD-3,2023-08-05,112
PROD-3,2023-08-06,96
PROD-3,2023-08-07,115
PROD-3,2023-08-08,120
PROD-3,2023-08-09,110
PROD-3,2023-08-10,115
PROD-3,2023-08-11,116
PROD-3,2023-08-12,92
PROD-3,2023-08-13,121
PROD-3,2023-08-14,91
PROD-3,2023-08-15,101
PROD-3,2023-08-16,104
PROD-3,2023-08-17,107
PROD-3,2023-08-18,92
PROD-3,2023-08-19,111
PROD-3,2023-08-20,113
PROD-3,2023-08-21,102
PROD-3,2023-08-22,95
PROD-3,2023-08-23,106
PROD-3,2023-08-24,110
PROD-3,2023-08-25,89
PROD-3,2023-08-26,82
PROD-3,2023-08-27,89
PROD-3,2023-08-28,86
PROD-3,2023-08-29,112
PROD-3,2023-08-30,84
PROD-3,2023-08-31,95
PROD-3,2023-09-01,95
PROD-3,2023-09-02,95
PROD-3,2023-09-03,97
PROD-3,2023-09-04,84
PROD-3,2023-09-05,78
PROD-3,2023-09-06,83
PROD-3,2023-09-07,95
PROD-3,2023-09-08,94
PROD-3,2023-09-09,105
PROD-3,2023-09-10,87
PROD-3,2023-09-11,105
PROD-3,2023-09-12,98
PROD-3,2023-09-13,91
PROD-3,2023-09-14,102
PROD-3,2023-09-15,96
PROD-3,2023-09-16,90
PROD-3,2023-09-17,81
PROD-3,2023-09-18,97
PROD-3,2023-09-19,107
PROD-3,2023-09-20,93
PROD-3,2023-09-21,86
PROD-3,2023-09-22,112
PROD-3,2023-09-23,84
PROD-3,2023-09-24,88
PROD-3,2023-09-25,97
PROD-3,2023-09-26,110
PROD-3,2023-09-27,103
PROD-3,2023-09-28,84
PROD-3,2023-09-29,99
PROD-3,2023-09-30,101
PROD-3,2023-10-01,114
PROD-3,2023-10-02,90
PROD-3,2023-10-03,120
PROD-3,2023-10-04,99
PROD-3,2023-10-05,115
PROD-3,2023-10-06,119
PROD-3,2023-10-07,81
PROD-3,2023-10-08,86
PROD-3,2023-10-09,105
PROD-3,2023-10-10,87
PROD-3,2023-10-11,83
PROD-3,2023-10-12,111
PROD-3,2023-10-13,81
PROD-3,2023-10-14,105
PROD-3,2023-10-15,96
PROD-3,2023-10-16,94
PROD-3,2023-10-17,116
PROD-3,2023-10-18,108
PROD-3,2023-10-19,107
PROD-3,2023-10-20,111
PROD-3,2023-10-21,102
PROD-3,2023-10-22,91
PROD-3,2023-10-23,103
PROD-3,2023-10-24,113
PROD-3,2023-10-25,113
PROD-3,2023-10-26,100
PROD-3,2023-10-27,100
PROD-3,2023-10-28,100
PROD-3,2023-10-29,115
PROD-3,2023-10-30,96
PROD-3,2023-10-31,119
PROD-3,2023-11-01,123
PROD-3,2023-11-02,105
PROD-3,2023-11-03,103
PROD-3,2023-11-04,108
PROD-3,2023-11-05,109
PROD-3,2023-11-06,117
PROD-3,2023-11-07,127
PROD-3,2023-11-08,111
PROD-3,2023-11-09,140
PROD-3,2023-11-10,135
PROD-3,2023-11-11,129
PROD-3,2023-11-12,97
PROD-3,2023-11-13,132
PROD-3,2023-11-14,97
PROD-3,2023-11-15,138
PROD-3,2023-11-16,136
PROD-3,2023-11-17,129
PROD-3,2023-11-18,140
PROD-3,2023-11-19,110
PROD-3,2023-11-20,99
PROD-3,2023-11-21,106
PROD-3,2023-11-22,98
PROD-3,2023-11-23,139
PROD-3,2023-11-24,104
PROD-3,2023-11-25,113
PROD-3,2023-11-26,112
PROD-3,2023-11-27,129
PROD-3,2023-11-28,100
PROD-3,2023-11-29,94
PROD-3,2023-11-30,138
PROD-3,2023-12-01,158
PROD-3,2023-12-02,118
PROD-3,2023-12-03,149
PROD-3,2023-12-04,147
PROD-3,2023-12-05,128
PROD-3,2023-12-06,156
PROD-3,2023-12-07,155
PROD-3,2023-12-08,157
PROD-3,2023-12-09,127
PROD-3,2023-12-10,133
PROD-3,2023-12-11,164
PROD-3,2023-12-12,135
PROD-3,2023-12-13,161
PROD-3,2023-12-14,137
PROD-3,2023-12-15,161
PROD-3,2023-12-16,146
PROD-3,2023-12-17,164
PROD-3,2023-12-18,156
PROD-3,2023-12-19,140
PROD-3,2023-12-20,126
PROD-3,2023-12-21,126
PROD-3,2023-12-22,161
PROD-3,2023-12-23,135
PROD-3,2023-12-24,128
PROD-3,2023-12-25,123
PROD-3,2023-12-26,112
PROD-3,2023-12-27,122
PROD-3,2023-12-28,150
PROD-3,2023-12-29,122
PROD-3,2023-12-30,149
PROD-3,2023-12-31,157
PROD-3,2024-01-01,181
PROD-4,2023-01-01,147
PROD-4,2023-01-02,129
PROD-4,2023-01-03,138
PROD-4,2023-01-04,163
PROD-4,2023-01-05,162
PROD-4,2023-01-06,160
PROD-4,2023-01-07,157
PROD-4,2023-01-08,138
PROD-4,2023-01-09,180
PROD-4,2023-01-10,171
PROD-4,2023-01-11,142
PROD-4,2023-01-12,165
PROD-4,2023-01-13,166
PROD-4,2023-01-14,182
PROD-4,2023-01-15,135
PROD-4,2023-01-16,191
PROD-4,2023-01-17,131
PROD-4,2023-01-18,160
PROD-4,2023-01-19,190
PROD-4,2023-01-20,192
PROD-4,2023-01-21,144
PROD-4,2023-01-22,164
PROD-4,2023-01-23,168
PROD-4,2023-01-24,181
PROD-4,2023-01-25,167
PROD-4,2023-01-26,162
PROD-4,2023-01-27,190
PROD-4,2023-01-28,135
PROD-4,2023-01-29,140
PROD-4,2023-01-30,141
PROD-4,2023-01-31,153
PROD-4,2023-02-01,178
PROD-4,2023-02-02,181
PROD-4,2023-02-03,166
PROD-4,2023-02-04,143
PROD-4,2023-02-05,209
PROD-4,2023-02-06,148
PROD-4,2023-02-07,171
PROD-4,2023-02-08,200
PROD-4,2023-02-09,198
PROD-4,2023-02-10,185
PROD-4,2023-02-11,169
PROD-4,2023-02-12,152
PROD-4,2023-02-13,201
PROD-4,2023-02-14,179
PROD-4,2023-02-15,156
PROD-4,2023-02-16,151
PROD-4,2023-02-17,181
PROD-4,2023-02-18,142
PROD-4,2023-02-19,176
PROD-4,2023-02-20,156
PROD-4,2023-02-21,166
PROD-4,2023-02-22,208
PROD-4,2023-02-23,193
PROD-4,2023-02-24,207
PROD-4,2023-02-25,158
PROD-4,2023-02-26,178
PROD-4,2023-02-27,179
PROD-4,2023-02-28,142
PROD-4,2023-03-01,193
PROD-4,2023-03-02,193
PROD-4,2023-03-03,202
PROD-4,2023-03-04,161
PROD-4,2023-03-05,188
PROD-4,2023-03-06,217
PROD-4,2023-03-07,212
PROD-4,2023-03-08,175
PROD-4,2023-03-09,188
PROD-4,2023-03-10,212
PROD-4,2023-03-11,177
PROD-4,2023-03-12,181
PROD-4,2023-03-13,215
PROD-4,2023-03-14,180
PROD-4,2023-03-15,177
PROD-4,2023-03-16,190
PROD-4,2023-03-17,182
PROD-4,2023-03-18,212
PROD-4,2023-03-19,166
PROD-4,2023-03-20,161
PROD-4,2023-03-21,216
PROD-4,2023-03-22,155
PROD-4,2023-03-23,151
PROD-4,2023-03-24,217
PROD-4,2023-03-25,190
PROD-4,2023-03-26,172
PROD-4,2023-03-27,170
PROD-4,2023-03-28,186
PROD-4,2023-03-29,215
PROD-4,2023-03-30,200
PROD-4,2023-03-31,182
PROD-4,2023-04-01,154
PROD-4,2023-04-02,182
PROD-4,2023-04-03,170
PROD-4,2023-04-04,196
PROD-4,2023-04-05,196
PROD-4,2023-04-06,204
PROD-4,2023-04-07,141
PROD-4,2023-04-08,152
PROD-4,2023-04-09,173
PROD-4,2023-04-10,182
PROD-4,2023-04-11,208
PROD-4,2023-04-12,143
PROD-4,2023-04-13,203
PROD-4,2023-04-14,147
PROD-4,2023-04-15,162
PROD-4,2023-04-16,175
PROD-4,2023-04-17,202
PROD-4,2023-04-18,171
PROD-4,2023-04-19,179
PROD-4,2023-04-20,197
PROD-4,2023-04-21,189
PROD-4,2023-04-22,158
PROD-4,2023-04-23,159
PROD-4,2023-04-24,205
PROD-4,2023-04-25,175
PROD-4,2023-04-26,151
PROD-4,2023-04-27,193
PROD-4,2023-04-28,198
PROD-4,2023-04-29,150
PROD-4,2023-04-30,198
PROD-4,2023-05-01,191
PROD-4,2023-05-02,138
PROD-4,2023-05-03,189
PROD-4,2023-05-04,138
PROD-4,2023-05-05,138
PROD-4,2023-05-06,152
PROD-4,2023-05-07,165
PROD-4,2023-05-08,173
PROD-4,2023-05-09,170
PROD-4,2023-05-10,179
PROD-4,2023-05-11,137
PROD-4,2023-05-12,166
PROD-4,2023-05-13,182
PROD-4,2023-05-14,188
PROD-4,2023-05-15,191
PROD-4,2023-05-16,152
PROD-4,2023-05-17,169
PROD-4,2023-05-18,149
PROD-4,2023-05-19,139
PROD-4,2023-05-20,129
PROD-4,2023-05-21,129
PROD-4,2023-05-22,153
PROD-4,2023-05-23,152
PROD-4,2023-05-24,134
PROD-4,2023-05-25,139
PROD-4,2023-05-26,147
PROD-4,2023-05-27,190
PROD-4,2023-05-28,168
PROD-4,2023-05-29,187
PROD-4,2023-05-30,191
PROD-4,2023-05-31,155
PROD-4,2023-06-01,132
PROD-4,2023-06-02,166
PROD-4,2023-06-03,147
PROD-4,2023-06-04,138
PROD-4,2023-06-05,137
PROD-4,2023-06-06,145
PROD-4,2023-06-07,159
PROD-4,2023-06-08,130
PROD-4,2023-06-09,121
PROD-4,2023-06-10,112
PROD-4,2023-06-11,117
PROD-4,2023-06-12,164
PROD-4,2023-06-13,161
PROD-4,2023-06-14,123
PROD-4,2023-06-15,161
PROD-4,2023-06-16,113
PROD-4,2023-06-17,142
PROD-4,2023-06-18,133
PROD-4,2023-06-19,123
PROD-4,2023-06-20,112
PROD-4,2023-06-21,115
PROD-4,2023-06-22,167
PROD-4,2023-06-23,144
PROD-4,2023-06-24,166
PROD-4,2023-06-25,167
PROD-4,2023-06-26,119
PROD-4,2023-06-27,147
PROD-4,2023-06-28,132
PROD-4,2023-06-29,128
PROD-4,2023-06-30,126
PROD-4,2023-07-01,117
PROD-4,2023-07-02,129
PROD-4,2023-07-03,120
PROD-4,2023-07-04,124
PROD-4,2023-07-05,141
PROD-4,2023-07-06,118
PROD-4,2023-07-07,113
PROD-4,2023-07-08,107
PROD-4,2023-07-09,106
PROD-4,2023-07-10,98
PROD-4,2023-07-11,99
PROD-4,2023-07-12,116
PROD-4,2023-07-13,107
PROD-4,2023-07-14,107
PROD-4,2023-07-15,129
PROD-4,2023-07-16,108
PROD-4,2023-07-17,125
PROD-4,2023-07-18,101
PROD-4,2023-07-19,133
PROD-4,2023-07-20,128
PROD-4,2023-07-21,116
PROD-4,2023-07-22,131
PROD-4,2023-07-23,108
PROD-4,2023-07-24,106
PROD-4,2023-07-25,124
PROD-4,2023-07-26,108
PROD-4,2023-07-27,125
PROD-4,2023-07-28,97
PROD-4,2023-07-29,139
PROD-4,2023-07-30,107
PROD-4,2023-07-31,112
PROD-4,2023-08-01,95
PROD-4,2023-08-02,109
PROD-4,2023-08-03,97
PROD-4,2023-08-04,122
PROD-4,2023-08-05,123
PROD-4,2023-08-06,118
PROD-4,2023-08-07,90
PROD-4,2023-08-08,100
PROD-4,2023-08-09,97
PROD-4,2023-08-10,112
PROD-4,2023-08-11,91
PROD-4,2023-08-12,115
PROD-4,2023-08-13,108
PROD-4,2023-08-14,87
PROD-4,2023-08-15,110
PROD-4,2023-08-16,100
PROD-4,2023-08-17,102
PROD-4,2023-08-18,90
PROD-4,2023-08-19,115
PROD-4,2023-08-20,87
PROD-4,2023-08-21,87
PROD-4,2023-08-22,121
PROD-4,2023-08-23,91
PROD-4,2023-08-24,88
PROD-4,2023-08-25,104
PROD-4,2023-08-26,90
PROD-4,2023-08-27,100
PROD-4,2023-08-28,88
PROD-4,2023-08-29,94
PROD-4,2023-08-30,113
PROD-4,2023-08-31,112
PROD-4,2023-09-01,114
PROD-4,2023-09-02,115
PROD-4,2023-09-03,108
PROD-4,2023-09-04,93
PROD-4,2023-09-05,106
PROD-4,2023-09-06,81
PROD-4,2023-09-07,89
PROD-4,2023-09-08,95
PROD-4,2023-09-09,101
PROD-4,2023-09-10,84
PROD-4,2023-09-11,92
PROD-4,2023-09-12,106
PROD-4,2023-09-13,85
PROD-4,2023-09-14,98
PROD-4,2023-09-15,80
PROD-4,2023-09-16,102
PROD-4,2023-09-17,98
PROD-4,2023-09-18,113
PROD-4,2023-09-19,86
PROD-4,2023-09-20,96
PROD-4,2023-09-21,109
PROD-4,2023-09-22,107
PROD-4,2023-09-23,99
PROD-4,2023-09-24,83
PROD-4,2023-09-25,103
PROD-4,2023-09-26,84
PROD-4,2023-09-27,96
PROD-4,2023-09-28,90
PROD-4,2023-09-29,92
PROD-4,2023-09-30,100
PROD-4,2023-10-01,96
PROD-4,2023-10-02,91
PROD-4,2023-10-03,112
PROD-4,2023-10-04,83
PROD-4,2023-10-05,91
PROD-4,2023-10-06,93
PROD-4,2023-10-07,93
PROD-4,2023-10-08,102
PROD-4,2023-10-09,86
PROD-4,2023-10-10,89
PROD-4,2023-10-11,111
PROD-4,2023-10-12,111
PROD-4,2023-10-13,97
PROD-4,2023-10-14,89
PROD-4,2023-10-15,86
PROD-4,2023-10-16,84
PROD-4,2023-10-17,101
PROD-4,2023-10-18,112
PROD-4,2023-10-19,96
PROD-4,2023-10-20,110
PROD-4,2023-10-21,113
PROD-4,2023-10-22,112
PROD-4,2023-10-23,86
PROD-4,2023-10-24,110
PROD-4,2023-10-25,89
PROD-4,2023-10-26,89
PROD-4,2023-10-27,89
PROD-4,2023-10-28,84
PROD-4,2023-10-29,90
PROD-4,2023-10-30,99
PROD-4,2023-10-31,105
PROD-4,2023-11-01,105
PROD-4,2023-11-02,134
PROD-4,2023-11-03,132
PROD-4,2023-11-04,119
PROD-4,2023-11-05,103
PROD-4,2023-11-06,114
PROD-4,2023-11-07,131
PROD-4,2023-11-08,128
PROD-4,2023-11-09,109
PROD-4,2023-11-10,141
PROD-4,2023-11-11,95
PROD-4,2023-11-12,99
PROD-4,2023-11-13,104
PROD-4,2023-11-14,133
PROD-4,2023-11-15,129
PROD-4,2023-11-16,107
PROD-4,2023-11-17,107
PROD-4,2023-11-18,123
PROD-4,2023-11-19,95
PROD-4,2023-11-20,122
PROD-4,2023-11-21,132
PROD-4,2023-11-22,108
PROD-4,2023-11-23,111
PROD-4,2023-11-24,96
PROD-4,2023-11-25,98
PROD-4,2023-11-26,114
PROD-4,2023-11-27,134
PROD-4,2023-11-28,123
PROD-4,2023-11-29,112
PROD-4,2023-11-30,116
PROD-4,2023-12-01,119
PROD-4,2023-12-02,166
PROD-4,2023-12-03,167
PROD-4,2023-12-04,129
PROD-4,2023-12-05,137
PROD-4,2023-12-06,153
PROD-4,2023-12-07,166
PROD-4,2023-12-08,160
PROD-4,2023-12-09,160
PROD-4,2023-12-10,142
PROD-4,2023-12-11,160
PROD-4,2023-12-12,162
PROD-4,2023-12-13,149
PROD-4,2023-12-14,115
PROD-4,2023-12-15,149
PROD-4,2023-12-16,152
PROD-4,2023-12-17,162
PROD-4,2023-12-18,156
PROD-4,2023-12-19,155
PROD-4,2023-12-20,144
PROD-4,2023-12-21,123
PROD-4,2023-12-22,158
PROD-4,2023-12-23,133
PROD-4,2023-12-24,163
PROD-4,2023-12-25,161
PROD-4,2023-12-26,138
PROD-4,2023-12-27,117
PROD-4,2023-12-28,147
PROD-4,2023-12-29,146
PROD-4,2023-12-30,163
PROD-4,2023-12-31,122
PROD-4,2024-01-01,165
PROD-5,2023-01-01,189
PROD-5,2023-01-02,164
PROD-5,2023-01-03,155
PROD-5,2023-01-04,171
PROD-5,2023-01-05,179
PROD-5,2023-01-06,152
PROD-5,2023-01-07,136
PROD-5,2023-01-08,193
PROD-5,2023-01-09,188
PROD-5,2023-01-10,198
PROD-5,2023-01-11,173
PROD-5,2023-01-12,184
PROD-5,2023-01-13,138
PROD-5,2023-01-14,162
PROD-5,2023-01-15,136
PROD-5,2023-01-16,166
PROD-5,2023-01-17,199
PROD-5,2023-01-18,174
PROD-5,2023-01-19,156
PROD-5,2023-01-20,190
PROD-5,2023-01-21,137
PROD-5,2023-01-22,144
PROD-5,2023-01-23,141
PROD-5,2023-01-24,191
PROD-5,2023-01-25,193
PROD-5,2023-01-26,162
PROD-5,2023-01-27,195
PROD-5,2023-01-28,173
PROD-5,2023-01-29,157
PROD-5,2023-01-30,178
PROD-5,2023-01-31,140
PROD-5,2023-02-01,195
PROD-5,2023-02-02,196
PROD-5,2023-02-03,165
PROD-5,2023-02-04,158
PROD-5,2023-02-05,209
PROD-5,2023-02-06,209
PROD-5,2023-02-07,198
PROD-5,2023-02-08,187
PROD-5,2023-02-09,197
PROD-5,2023-02-10,189
PROD-5,2023-02-11,158
PROD-5,2023-02-12,202
PROD-5,2023-02-13,169
PROD-5,2023-02-14,218
PROD-5,2023-02-15,176
PROD-5,2023-02-16,166
PROD-5,2023-02-17,217
PROD-5,2023-02-18,198
PROD-5,2023-02-19,202
PROD-5,2023-02-20,199
PROD-5,2023-02-21,180
PROD-5,2023-02-22,200
PROD-5,2023-02-23,174
PROD-5,2023-02-24,195
PROD-5,2023-02-25,156
PROD-5,2023-02-26,177
PROD-5,2023-02-27,178
PROD-5,2023-02-28,168
PROD-5,2023-03-01,211
PROD-5,2023-03-02,219
PROD-5,2023-03-03,195
PROD-5,2023-03-04,173
PROD-5,2023-03-05,208
PROD-5,2023-03-06,206
PROD-5,2023-03-07,174
PROD-5,2023-03-08,170
PROD-5,2023-03-09,162
PROD-5,2023-03-10,183
PROD-5,2023-03-11,200
PROD-5,2023-03-12,157
PROD-5,2023-03-13,222
PROD-5,2023-03-14,195
PROD-5,2023-03-15,188
PROD-5,2023-03-16,223
PROD-5,2023-03-17,189
PROD-5,2023-03-18,175
PROD-5,2023-03-19,207
PROD-5,2023-03-20,226
PROD-5,2023-03-21,205
PROD-5,2023-03-22,153
PROD-5,2023-03-23,157
PROD-5,2023-03-24,214
PROD-5,2023-03-25,155
PROD-5,2023-03-26,191
PROD-5,2023-03-27,179
PROD-5,2023-03-28,170
PROD-5,2023-03-29,221
PROD-5,2023-03-30,200
PROD-5,2023-03-31,226
PROD-5,2023-04-01,148
PROD-5,2023-04-02,171
PROD-5,2023-04-03,164
PROD-5,2023-04-04,201
PROD-5,2023-04-05,214
PROD-5,2023-04-06,202
PROD-5,2023-04-07,205
PROD-5,2023-04-08,168
PROD-5,2023-04-09,196
PROD-5,2023-04-10,163
PROD-5,2023-04-11,213
PROD-5,2023-04-12,174
PROD-5,2023-04-13,165
PROD-5,2023-04-14,222
PROD-5,2023-04-15,220
PROD-5,2023-04-16,185
PROD-5,2023-04-17,156
PROD-5,2023-04-18,218
PROD-5,2023-04-19,189
PROD-5,2023-04-20,196
PROD-5,2023-04-21,201
PROD-5,2023-04-22,201
PROD-5,2023-04-23,155
PROD-5,2023-04-24,163
PROD-5,2023-04-25,197
PROD-5,2023-04-26,153
PROD-5,2023-04-27,209
PROD-5,2023-04-28,215
PROD-5,2023-04-29,211
PROD-5,2023-04-30,163
PROD-5,2023-05-01,158
PROD-5,2023-05-02,148
PROD-5,2023-05-03,145
PROD-5,2023-05-04,141
PROD-5,2023-05-05,183
PROD-5,2023-05-06,138
PROD-5,2023-05-07,145
PROD-5,2023-05-08,185
PROD-5,2023-05-09,142
PROD-5,2023-05-10,155
PROD-5,2023-05-11,162
PROD-5,2023-05-12,150
PROD-5,2023-05-13,168
PROD-5,2023-05-14,140
PROD-5,2023-05-15,154
PROD-5,2023-05-16,156
PROD-5,2023-05-17,168
PROD-5,2023-05-18,135
PROD-5,2023-05-19,167
PROD-5,2023-05-20,195
PROD-5,2023-05-21,157
PROD-5,2023-05-22,160
PROD-5,2023-05-23,172
PROD-5,2023-05-24,180
PROD-5,2023-05-25,146
PROD-5,2023-05-26,169
PROD-5,2023-05-27,190
PROD-5,2023-05-28,183
PROD-5,2023-05-29,148
PROD-5,2023-05-30,151
PROD-5,2023-05-31,157
PROD-5,2023-06-01,124
PROD-5,2023-06-02,149
PROD-5,2023-06-03,132
PROD-5,2023-06-04,155
PROD-5,2023-06-05,130
PROD-5,2023-06-06,174
PROD-5,2023-06-07,121
PROD-5,2023-06-08,119
PROD-5,2023-06-09,162
PROD-5,2023-06-10,125
PROD-5,2023-06-11,145
PROD-5,2023-06-12,158
PROD-5,2023-06-13,143
PROD-5,2023-06-14,167
PROD-5,2023-06-15,159
PROD-5,2023-06-16,140
PROD-5,2023-06-17,132
PROD-5,2023-06-18,120
PROD-5,2023-06-19,146
PROD-5,2023-06-20,155
PROD-5,2023-06-21,130
PROD-5,2023-06-22,153
PROD-5,2023-06-23,139
PROD-5,2023-06-24,130
PROD-5,2023-06-25,117
PROD-5,2023-06-26,172
PROD-5,2023-06-27,168
PROD-5,2023-06-28,134
PROD-5,2023-06-29,171
PROD-5,2023-06-30,119
PROD-5,2023-07-01,127
PROD-5,2023-07-02,126
PROD-5,2023-07-03,124
PROD-5,2023-07-04,112
PROD-5,2023-07-05,123
PROD-5,2023-07-06,140
PROD-5,2023-07-07,147
PROD-5,2023-07-08,123
PROD-5,2023-07-09,139
PROD-5,2023-07-10,120
PROD-5,2023-07-11,144
PROD-5,2023-07-12,136
PROD-5,2023-07-13,100
PROD-5,2023-07-14,118
PROD-5,2023-07-15,139
PROD-5,2023-07-16,141
PROD-5,2023-07-17,123
PROD-5,2023-07-18,119
PROD-5,2023-07-19,102
PROD-5,2023-07-20,136
PROD-5,2023-07-21,142
PROD-5,2023-07-22,119
PROD-5,2023-07-23,127
PROD-5,2023-07-24,125
PROD-5,2023-07-25,130
PROD-5,2023-07-26,124
PROD-5,2023-07-27,116
PROD-5,2023-07-28,149
PROD-5,2023-07-29,100
PROD-5,2023-07-30,133
PROD-5,2023-07-31,109
PROD-5,2023-08-01,106
PROD-5,2023-08-02,106
PROD-5,2023-08-03,106
PROD-5,2023-08-04,98
PROD-5,2023-08-05,97
PROD-5,2023-08-06,122
PROD-5,2023-08-07,104
PROD-5,2023-08-08,113
PROD-5,2023-08-09,96
PROD-5,2023-08-10,98
PROD-5,2023-08-11,102
PROD-5,2023-08-12,97
PROD-5,2023-08-13,99
PROD-5,2023-08-14,111
PROD-5,2023-08-15,121
PROD-5,2023-08-16,97
PROD-5,2023-08-17,88
PROD-5,2023-08-18,100
PROD-5,2023-08-19,105
PROD-5,2023-08-20,111
PROD-5,2023-08-21,102
PROD-5,2023-08-22,98
PROD-5,2023-08-23,118
PROD-5,2023-08-24,123
PROD-5,2023-08-25,104
PROD-5,2023-08-26,94
PROD-5,2023-08-27,107
PROD-5,2023-08-28,105
PROD-5,2023-08-29,89
PROD-5,2023-08-30,96
PROD-5,2023-08-31,114
PROD-5,2023-09-01,104
PROD-5,2023-09-02,89
PROD-5,2023-09-03,119
PROD-5,2023-09-04,82
PROD-5,2023-09-05,89
PROD-5,2023-09-06,112
PROD-5,2023-09-07,112
PROD-5,2023-09-08,99
PROD-5,2023-09-09,117
PROD-5,2023-09-10,87
PROD-5,2023-09-11,119
PROD-5,2023-09-12,95
PROD-5,2023-09-13,116
PROD-5,2023-09-14,92
PROD-5,2023-09-15,110
PROD-5,2023-09-16,100
PROD-5,2023-09-17,88
PROD-5,2023-09-18,91
PROD-5,2023-09-19,119
PROD-5,2023-09-20,91
PROD-5,2023-09-21,102
PROD-5,2023-09-22,90
PROD-5,2023-09-23,109
PROD-5,2023-09-24,84
PROD-5,2023-09-25,99
PROD-5,2023-09-26,92
PROD-5,2023-09-27,94
PROD-5,2023-09-28,85
PROD-5,2023-09-29,93
PROD-5,2023-09-30,110
PROD-5,2023-10-01,88
PROD-5,2023-10-02,97
PROD-5,2023-10-03,120
PROD-5,2023-10-04,97
PROD-5,2023-10-05,105
PROD-5,2023-10-06,111
PROD-5,2023-10-07,119
PROD-5,2023-10-08,88
PROD-5,2023-10-09,107
PROD-5,2023-10-10,123
PROD-5,2023-10-11,118
PROD-5,2023-10-12,99
PROD-5,2023-10-13,102
PROD-5,2023-10-14,115
PROD-5,2023-10-15,93
PROD-5,2023-10-16,126
PROD-5,2023-10-17,99
PROD-5,2023-10-18,98
PROD-5,2023-10-19,99
PROD-5,2023-10-20,93
PROD-5,2023-10-21,118
PROD-5,2023-10-22,92
PROD-5,2023-10-23,98
PROD-5,2023-10-24,106
PROD-5,2023-10-25,109
PROD-5,2023-10-26,129
PROD-5,2023-10-27,127
PROD-5,2023-10-28,100
PROD-5,2023-10-29,117
PROD-5,2023-10-30,114
PROD-5,2023-10-31,110
PROD-5,2023-11-01,132
PROD-5,2023-11-02,141
PROD-5,2023-11-03,119
PROD-5,2023-11-04,134
PROD-5,2023-11-05,121
PROD-5,2023-11-06,133
PROD-5,2023-11-07,114
PROD-5,2023-11-08,132
PROD-5,2023-11-09,136
PROD-5,2023-11-10,117
PROD-5,2023-11-11,138
PROD-5,2023-11-12,127
PROD-5,2023-11-13,123
PROD-5,2023-11-14,134
PROD-5,2023-11-15,126
PROD-5,2023-11-16,117
PROD-5,2023-11-17,112
PROD-5,2023-11-18,111
PROD-5,2023-11-19,103
PROD-5,2023-11-20,138
PROD-5,2023-11-21,135
PROD-5,2023-11-22,107
PROD-5,2023-11-23,113
PROD-5,2023-11-24,102
PROD-5,2023-11-25,102
PROD-5,2023-11-26,134
PROD-5,2023-11-27,127
PROD-5,2023-11-28,105
PROD-5,2023-11-29,112
PROD-5,2023-11-30,134
PROD-5,2023-12-01,134
PROD-5,2023-12-02,156
PROD-5,2023-12-03,170
PROD-5,2023-12-04,157
PROD-5,2023-12-05,151
PROD-5,2023-12-06,162
PROD-5,2023-12-07,127
PROD-5,2023-12-08,131
PROD-5,2023-12-09,153
PROD-5,2023-12-10,152
PROD-5,2023-12-11,132
PROD-5,2023-12-12,170
PROD-5,2023-12-13,152
PROD-5,2023-12-14,153
PROD-5,2023-12-15,171
PROD-5,2023-12-16,165
PROD-5,2023-12-17,174
PROD-5,2023-12-18,157
PROD-5,2023-12-19,143
PROD-5,2023-12-20,169
PROD-5,2023-12-21,143
PROD-5,2023-12-22,146
PROD-5,2023-12-23,171
PROD-5,2023-12-24,168
PROD-5,2023-12-25,165
PROD-5,2023-12-26,174
PROD-5,2023-12-27,130
PROD-5,2023-12-28,160
PROD-5,2023-12-29,130
PROD-5,2023-12-30,163
PROD-5,2023-12-31,130
PROD-5,2024-01-01,173
PROD-6,2023-01-01,100
PROD-6,2023-01-02,99
PROD-6,2023-01-03,140
PROD-6,2023-01-04,107
PROD-6,2023-01-05,114
PROD-6,2023-01-06,113
PROD-6,2023-01-07,108
PROD-6,2023-01-08,112
PROD-6,2023-01-09,140
PROD-6,2023-01-10,97
PROD-6,2023-01-11,136
PROD-6,2023-01-12,135
PROD-6,2023-01-13,128
PROD-6,2023-01-14,127
PROD-6,2023-01-15,138
PROD-6,2023-01-16,98
PROD-6,2023-01-17,122
PROD-6,2023-01-18,127
PROD-6,2023-01-19,93
PROD-6,2023-01-20,102
PROD-6,2023-01-21,134
PROD-6,2023-01-22,106
PROD-6,2023-01-23,119
PROD-6,2023-01-24,130
PROD-6,2023-01-25,95
PROD-6,2023-01-26,106
PROD-6,2023-01-27,96
PROD-6,2023-01-28,120
PROD-6,2023-01-29,98
PROD-6,2023-01-30,124
PROD-6,2023-01-31,135
PROD-6,2023-02-01,135
PROD-6,2023-02-02,111
PROD-6,2023-02-03,135
PROD-6,2023-02-04,134
PROD-6,2023-02-05,119
PROD-6,2023-02-06,118
PROD-6,2023-02-07,111
PROD-6,2023-02-08,146
PROD-6,2023-02-09,119
PROD-6,2023-02-10,131
PROD-6,2023-02-11,132
PROD-6,2023-02-12,123
PROD-6,2023-02-13,136
PROD-6,2023-02-14,151
PROD-6,2023-02-15,148
PROD-6,2023-02-16,104
PROD-6,2023-02-17,131
PROD-6,2023-02-18,151
PROD-6,2023-02-19,134
PROD-6,2023-02-20,125
PROD-6,2023-02-21,105
PROD-6,2023-02-22,132
PROD-6,2023-02-23,118
PROD-6,2023-02-24,107
PROD-6,2023-02-25,144
PROD-6,2023-02-26,123
PROD-6,2023-02-27,135
PROD-6,2023-02-28,137
PROD-6,2023-03-01,146
PROD-6,2023-03-02,117
PROD-6,2023-03-03,130
PROD-6,2023-03-04,135
PROD-6,2023-03-05,137
PROD-6,2023-03-06,124
PROD-6,2023-03-07,135
PROD-6,2023-03-08,145
PROD-6,2023-03-09,149
PROD-6,2023-03-10,155
PROD-6,2023-03-11,108
PROD-6,2023-03-12,131
PROD-6,2023-03-13,149
PROD-6,2023-03-14,155
PROD-6,2023-03-15,113
PROD-6,2023-03-16,147
PROD-6,2023-03-17,116
PROD-6,2023-03-18,139
PROD-6,2023-03-19,109
PROD-6,2023-03-20,130
PROD-6,2023-03-21,152
PROD-6,2023-03-22,127
PROD-6,2023-03-23,146
PROD-6,2023-03-24,119
PROD-6,2023-03-25,116
PROD-6,2023-03-26,135
PROD-6,2023-03-27,134
PROD-6,2023-03-28,154
PROD-6,2023-03-29,146
PROD-6,2023-03-30,126
PROD-6,2023-03-31,158
PROD-6,2023-04-01,147
PROD-6,2023-04-02,126
PROD-6,2023-04-03,150
PROD-6,2023-04-04,122
PROD-6,2023-04-05,111
PROD-6,2023-04-06,120
PROD-6,2023-04-07,152
PROD-6,2023-04-08,118
PROD-6,2023-04-09,150
PROD-6,2023-04-10,106
PROD-6,2023-04-11,107
PROD-6,2023-04-12,113
PROD-6,2023-04-13,107
PROD-6,2023-04-14,127
PROD-6,2023-04-15,145
PROD-6,2023-04-16,143
PROD-6,2023-04-17,129
PROD-6,2023-04-18,132
PROD-6,2023-04-19,138
PROD-6,2023-04-20,140
PROD-6,2023-04-21,150
PROD-6,2023-04-22,132
PROD-6,2023-04-23,124
PROD-6,2023-04-24,138
PROD-6,2023-04-25,116
PROD-6,2023-04-26,135
PROD-6,2023-04-27,144
PROD-6,2023-04-28,137
PROD-6,2023-04-29,144
PROD-6,2023-04-30,149
PROD-6,2023-05-01,132
PROD-6,2023-05-02,128
PROD-6,2023-05-03,96
PROD-6,2023-05-04,93
PROD-6,2023-05-05,99
PROD-6,2023-05-06,120
PROD-6,2023-05-07,133
PROD-6,2023-05-08,122
PROD-6,2023-05-09,138
PROD-6,2023-05-10,132
PROD-6,2023-05-11,100
PROD-6,2023-05-12,129
PROD-6,2023-05-13,121
PROD-6,2023-05-14,113
PROD-6,2023-05-15,109
PROD-6,2023-05-16,102
PROD-6,2023-05-17,112
PROD-6,2023-05-18,138
PROD-6,2023-05-19,97
PROD-6,2023-05-20,111
PROD-6,2023-05-21,97
PROD-6,2023-05-22,119
PROD-6,2023-05-23,119
PROD-6,2023-05-24,97
PROD-6,2023-05-25,120
PROD-6,2023-05-26,138
PROD-6,2023-05-27,114
PROD-6,2023-05-28,124
PROD-6,2023-05-29,132
PROD-6,2023-05-30,106
PROD-6,2023-05-31,117
PROD-6,2023-06-01,118
PROD-6,2023-06-02,110
PROD-6,2023-06-03,82
PROD-6,2023-06-04,93
PROD-6,2023-06-05,116
PROD-6,2023-06-06,91
PROD-6,2023-06-07,103
PROD-6,2023-06-08,93
PROD-6,2023-06-09,84
PROD-6,2023-06-10,106
PROD-6,2023-06-11,93
PROD-6,2023-06-12,113
PROD-6,2023-06-13,114
PROD-6,2023-06-14,83
PROD-6,2023-06-15,99
PROD-6,2023-06-16,104
PROD-6,2023-06-17,87
PROD-6,2023-06-18,117
PROD-6,2023-06-19,98
PROD-6,2023-06-20,118
PROD-6,2023-06-21,91
PROD-6,2023-06-22,110
PROD-6,2023-06-23,117
PROD-6,2023-06-24,116
PROD-6,2023-06-25,104
PROD-6,2023-06-26,94
PROD-6,2023-06-27,122
PROD-6,2023-06-28,117
PROD-6,2023-06-29,87
PROD-6,2023-06-30,104
PROD-6,2023-07-01,69
PROD-6,2023-07-02,102
PROD-6,2023-07-03,102
PROD-6,2023-07-04,78
PROD-6,2023-07-05,72
PROD-6,2023-07-06,101
PROD-6,2023-07-07,96
PROD-6,2023-07-08,97
PROD-6,2023-07-09,91
PROD-6,2023-07-10,102
PROD-6,2023-07-11,93
PROD-6,2023-07-12,73
PROD-6,2023-07-13,86
PROD-6,2023-07-14,95
PROD-6,2023-07-15,79
PROD-6,2023-07-16,95
PROD-6,2023-07-17,85
PROD-6,2023-07-18,81
PROD-6,2023-07-19,81
PROD-6,2023-07-20,86
PROD-6,2023-07-21,86
PROD-6,2023-07-22,77
PROD-6,2023-07-23,77
PROD-6,2023-07-24,90
PROD-6,2023-07-25,76
PROD-6,2023-07-26,86
PROD-6,2023-07-27,97
PROD-6,2023-07-28,100
PROD-6,2023-07-29,74
PROD-6,2023-07-30,87
PROD-6,2023-07-31,85
PROD-6,2023-08-01,88
PROD-6,2023-08-02,66
PROD-6,2023-08-03,80
PROD-6,2023-08-04,61
PROD-6,2023-08-05,75
PROD-6,2023-08-06,73
PROD-6,2023-08-07,68
PROD-6,2023-08-08,83
PROD-6,2023-08-09,61
PROD-6,2023-08-10,62
PROD-6,2023-08-11,69
PROD-6,2023-08-12,61
PROD-6,2023-08-13,84
PROD-6,2023-08-14,62
PROD-6,2023-08-15,65
PROD-6,2023-08-16,84
PROD-6,2023-08-17,78
PROD-6,2023-08-18,65
PROD-6,2023-08-19,60
PROD-6,2023-08-20,63
PROD-6,2023-08-21,69
PROD-6,2023-08-22,81
PROD-6,2023-08-23,62
PROD-6,2023-08-24,73
PROD-6,2023-08-25,81
PROD-6,2023-08-26,87
PROD-6,2023-08-27,83
PROD-6,2023-08-28,65
PROD-6,2023-08-29,79
PROD-6,2023-08-30,69
PROD-6,2023-08-31,76
PROD-6,2023-09-01,61
PROD-6,2023-09-02,68
PROD-6,2023-09-03,75
PROD-6,2023-09-04,80
PROD-6,2023-09-05,80
PROD-6,2023-09-06,70
PROD-6,2023-09-07,61
PROD-6,2023-09-08,79
PROD-6,2023-09-09,81
PROD-6,2023-09-10,70
PROD-6,2023-09-11,62
PROD-6,2023-09-12,69
PROD-6,2023-09-13,80
PROD-6,2023-09-14,73
PROD-6,2023-09-15,73
PROD-6,2023-09-16,60
PROD-6,2023-09-17,70
PROD-6,2023-09-18,64
PROD-6,2023-09-19,61
PROD-6,2023-09-20,72
PROD-6,2023-09-21,81
PROD-6,2023-09-22,80
PROD-6,2023-09-23,79
PROD-6,2023-09-24,72
PROD-6,2023-09-25,67
PROD-6,2023-09-26,80
PROD-6,2023-09-27,61
PROD-6,2023-09-28,85
PROD-6,2023-09-29,61
PROD-6,2023-09-30,58
PROD-6,2023-10-01,79
PROD-6,2023-10-02,69
PROD-6,2023-10-03,63
PROD-6,2023-10-04,63
PROD-6,2023-10-05,87
PROD-6,2023-10-06,63
PROD-6,2023-10-07,61
PROD-6,2023-10-08,80
PROD-6,2023-10-09,87
PROD-6,2023-10-10,79
PROD-6,2023-10-11,74
PROD-6,2023-10-12,90
PROD-6,2023-10-13,78
PROD-6,2023-10-14,83
PROD-6,2023-10-15,69
PROD-6,2023-10-16,88
PROD-6,2023-10-17,79
PROD-6,2023-10-18,60
PROD-6,2023-10-19,90
PROD-6,2023-10-20,75
PROD-6,2023-10-21,65
PROD-6,2023-10-22,63
PROD-6,2023-10-23,66
PROD-6,2023-10-24,60
PROD-6,2023-10-25,84
PROD-6,2023-10-26,84
PROD-6,2023-10-27,80
PROD-6,2023-10-28,89
PROD-6,2023-10-29,76
PROD-6,2023-10-30,88
PROD-6,2023-10-31,88
PROD-6,2023-11-01,82
PROD-6,2023-11-02,102
PROD-6,2023-11-03,86
PROD-6,2023-11-04,90
PROD-6,2023-11-05,74
PROD-6,2023-11-06,103
PROD-6,2023-11-07,73
PROD-6,2023-11-08,76
PROD-6,2023-11-09,92
PROD-6,2023-11-10,81
PROD-6,2023-11-11,85
PROD-6,2023-11-12,97
PROD-6,2023-11-13,72
PROD-6,2023-11-14,78
PROD-6,2023-11-15,102
PROD-6,2023-11-16,78
PROD-6,2023-11-17,77
PROD-6,2023-11-18,95
PROD-6,2023-11-19,95
PROD-6,2023-11-20,75
PROD-6,2023-11-21,79
PROD-6,2023-11-22,75
PROD-6,2023-11-23,81
PROD-6,2023-11-24,97
PROD-6,2023-11-25,103
PROD-6,2023-11-26,77
PROD-6,2023-11-27,74
PROD-6,2023-11-28,72
PROD-6,2023-11-29,74
PROD-6,2023-11-30,79
PROD-6,2023-12-01,81
PROD-6,2023-12-02,106
PROD-6,2023-12-03,118
PROD-6,2023-12-04,117
PROD-6,2023-12-05,97
PROD-6,2023-12-06,116
PROD-6,2023-12-07,88
PROD-6,2023-12-08,100
PROD-6,2023-12-09,112
PROD-6,2023-12-10,84
PROD-6,2023-12-11,97
PROD-6,2023-12-12,94
PROD-6,2023-12-13,84
PROD-6,2023-12-14,117
PROD-6,2023-12-15,92
PROD-6,2023-12-16,103
PROD-6,2023-12-17,122
PROD-6,2023-12-18,110
PROD-6,2023-12-19,112
PROD-6,2023-12-20,104
PROD-6,2023-12-21,86
PROD-6,2023-12-22,117
PROD-6,2023-12-23,95
PROD-6,2023-12-24,84
PROD-6,2023-12-25,110
PROD-6,2023-12-26,96
PROD-6,2023-12-27,96
PROD-6,2023-12-28,119
PROD-6,2023-12-29,82
PROD-6,2023-12-30,82
PROD-6,2023-12-31,120
PROD-6,2024-01-01,133
PROD-7,2023-01-01,99
PROD-7,2023-01-02,94
PROD-7,2023-01-03,109
PROD-7,2023-01-04,77
PROD-7,2023-01-05,105
PROD-7,2023-01-06,87
PROD-7,2023-01-07,81
PROD-7,2023-01-08,83
PROD-7,2023-01-09,80
PROD-7,2023-01-10,88
PROD-7,2023-01-11,95
PROD-7,2023-01-12,98
PROD-7,2023-01-13,83
PROD-7,2023-01-14,75
PROD-7,2023-01-15,96
PROD-7,2023-01-16,99
PROD-7,2023-01-17,108
PROD-7,2023-01-18,107
PROD-7,2023-01-19,94
PROD-7,2023-01-20,89
PROD-7,2023-01-21,86
PROD-7,2023-01-22,80
PROD-7,2023-01-23,105
PROD-7,2023-01-24,99
PROD-7,2023-01-25,111
PROD-7,2023-01-26,102
PROD-7,2023-01-27,95
PROD-7,2023-01-28,111
PROD-7,2023-01-29,76
PROD-7,2023-01-30,89
PROD-7,2023-01-31,103
PROD-7,2023-02-01,96
PROD-7,2023-02-02,99
PROD-7,2023-02-03,110
PROD-7,2023-02-04,95
PROD-7,2023-02-05,102
PROD-7,2023-02-06,100
PROD-7,2023-02-07,109
PROD-7,2023-02-08,95
PROD-7,2023-02-09,94
PROD-7,2023-02-10,95
PROD-7,2023-02-11,85
PROD-7,2023-02-12,110
PROD-7,2023-02-13,101
PROD-7,2023-02-14,116
PROD-7,2023-02-15,92
PROD-7,2023-02-16,90
PROD-7,2023-02-17,95
PROD-7,2023-02-18,83
PROD-7,2023-02-19,119
PROD-7,2023-02-20,120
PROD-7,2023-02-21,102
PROD-7,2023-02-22,108
PROD-7,2023-02-23,95
PROD-7,2023-02-24,86
PROD-7,2023-02-25,95
PROD-7,2023-02-26,102
PROD-7,2023-02-27,115
PROD-7,2023-02-28,95
PROD-7,2023-03-01,85
PROD-7,2023-03-02,127
PROD-7,2023-03-03,96
PROD-7,2023-03-04,125
PROD-7,2023-03-05,118
PROD-7,2023-03-06,122
PROD-7,2023-03-07,90
PROD-7,2023-03-08,116
PROD-7,2023-03-09,112
PROD-7,2023-03-10,87
PROD-7,2023-03-11,90
PROD-7,2023-03-12,121
PROD-7,2023-03-13,123
PROD-7,2023-03-14,109
PROD-7,2023-03-15,91
PROD-7,2023-03-16,116
PROD-7,2023-03-17,125
PROD-7,2023-03-18,97
PROD-7,2023-03-19,86
PROD-7,2023-03-20,116
PROD-7,2023-03-21,104
PROD-7,2023-03-22,113
PROD-7,2023-03-23,92
PROD-7,2023-03-24,88
PROD-7,2023-03-25,122
PROD-7,2023-03-26,116
PROD-7,2023-03-27,87
PROD-7,2023-03-28,90
PROD-7,2023-03-29,95
PROD-7,2023-03-30,121
PROD-7,2023-03-31,122
PROD-7,2023-04-01,93
PROD-7,2023-04-02,94
PROD-7,2023-04-03,117
PROD-7,2023-04-04,110
PROD-7,2023-04-05,86
PROD-7,2023-04-06,109
PROD-7,2023-04-07,95
PROD-7,2023-04-08,89
PROD-7,2023-04-09,95
PROD-7,2023-04-10,106
PROD-7,2023-04-11,106
PROD-7,2023-04-12,101
PROD-7,2023-04-13,105
PROD-7,2023-04-14,104
PROD-7,2023-04-15,115
PROD-7,2023-04-16,112
PROD-7,2023-04-17,110
PROD-7,2023-04-18,116
PROD-7,2023-04-19,107
PROD-7,2023-04-20,110
PROD-7,2023-04-21,87
PROD-7,2023-04-22,103
PROD-7,2023-04-23,94
PROD-7,2023-04-24,85
PROD-7,2023-04-25,107
PROD-7,2023-04-26,109
PROD-7,2023-04-27,86
PROD-7,2023-04-28,121
PROD-7,2023-04-29,101
PROD-7,2023-04-30,111
PROD-7,2023-05-01,102
PROD-7,2023-05-02,80
PROD-7,2023-05-03,77
PROD-7,2023-05-04,111
PROD-7,2023-05-05,105
PROD-7,2023-05-06,97
PROD-7,2023-05-07,91
PROD-7,2023-05-08,99
PROD-7,2023-05-09,93
PROD-7,2023-05-10,108
PROD-7,2023-05-11,87
PROD-7,2023-05-12,93
PROD-7,2023-05-13,84
PROD-7,2023-05-14,82
PROD-7,2023-05-15,75
PROD-7,2023-05-16,101
PROD-7,2023-05-17,110
PROD-7,2023-05-18,108
PROD-7,2023-05-19,88
PROD-7,2023-05-20,101
PROD-7,2023-05-21,101
PROD-7,2023-05-22,90
PROD-7,2023-05-23,94
PROD-7,2023-05-24,88
PROD-7,2023-05-25,102
PROD-7,2023-05-26,111
PROD-7,2023-05-27,101
PROD-7,2023-05-28,107
PROD-7,2023-05-29,94
PROD-7,2023-05-30,110
PROD-7,2023-05-31,111
PROD-7,2023-06-01,68
PROD-7,2023-06-02,71
PROD-7,2023-06-03,94
PROD-7,2023-06-04,97
PROD-7,2023-06-05,95
PROD-7,2023-06-06,73
PROD-7,2023-06-07,88
PROD-7,2023-06-08,68
PROD-7,2023-06-09,69
PROD-7,2023-06-10,91
PROD-7,2023-06-11,89
PROD-7,2023-06-12,72
PROD-7,2023-06-13,91
PROD-7,2023-06-14,92
PROD-7,2023-06-15,90
PROD-7,2023-06-16,67
PROD-7,2023-06-17,72
PROD-7,2023-06-18,92
PROD-7,2023-06-19,68
PROD-7,2023-06-20,87
PROD-7,2023-06-21,77
PROD-7,2023-06-22,70
PROD-7,2023-06-23,95
PROD-7,2023-06-24,82
PROD-7,2023-06-25,75
PROD-7,2023-06-26,97
PROD-7,2023-06-27,70
PROD-7,2023-06-28,67
PROD-7,2023-06-29,96
PROD-7,2023-06-30,70
PROD-7,2023-07-01,56
PROD-7,2023-07-02,70
PROD-7,2023-07-03,59
PROD-7,2023-07-04,80
PROD-7,2023-07-05,64
PROD-7,2023-07-06,71
PROD-7,2023-07-07,58
PROD-7,2023-07-08,57
PROD-7,2023-07-09,73
PROD-7,2023-07-10,62
PROD-7,2023-07-11,77
PROD-7,2023-07-12,60
PROD-7,2023-07-13,70
PROD-7,2023-07-14,60
PROD-7,2023-07-15,80
PROD-7,2023-07-16,81
PROD-7,2023-07-17,64
PROD-7,2023-07-18,59
PROD-7,2023-07-19,60
PROD-7,2023-07-20,59
PROD-7,2023-07-21,69
PROD-7,2023-07-22,60
PROD-7,2023-07-23,73
PROD-7,2023-07-24,65
PROD-7,2023-07-25,77
PROD-7,2023-07-26,75
PROD-7,2023-07-27,69
PROD-7,2023-07-28,64
PROD-7,2023-07-29,73
PROD-7,2023-07-30,81
PROD-7,2023-07-31,63
PROD-7,2023-08-01,64
PROD-7,2023-08-02,63
PROD-7,2023-08-03,64
PROD-7,2023-08-04,65
PROD-7,2023-08-05,56
PROD-7,2023-08-06,71
PROD-7,2023-08-07,59
PROD-7,2023-08-08,63
PROD-7,2023-08-09,72
PROD-7,2023-08-10,51
PROD-7,2023-08-11,66
PROD-7,2023-08-12,51
PROD-7,2023-08-13,56
PROD-7,2023-08-14,69
PROD-7,2023-08-15,48
PROD-7,2023-08-16,49
PROD-7,2023-08-17,58
PROD-7,2023-08-18,64
PROD-7,2023-08-19,71
PROD-7,2023-08-20,54
PROD-7,2023-08-21,58
PROD-7,2023-08-22,55
PROD-7,2023-08-23,59
PROD-7,2023-08-24,67
PROD-7,2023-08-25,61
PROD-7,2023-08-26,58
PROD-7,2023-08-27,70
PROD-7,2023-08-28,61
PROD-7,2023-08-29,62
PROD-7,2023-08-30,58
PROD-7,2023-08-31,63
PROD-7,2023-09-01,61
PROD-7,2023-09-02,48
PROD-7,2023-09-03,56
PROD-7,2023-09-04,53
PROD-7,2023-09-05,60
PROD-7,2023-09-06,56
PROD-7,2023-09-07,47
PROD-7,2023-09-08,46
PROD-7,2023-09-09,67
PROD-7,2023-09-10,50
PROD-7,2023-09-11,61
PROD-7,2023-09-12,63
PROD-7,2023-09-13,67
PROD-7,2023-09-14,53
PROD-7,2023-09-15,67
PROD-7,2023-09-16,47
PROD-7,2023-09-17,58
PROD-7,2023-09-18,59
PROD-7,2023-09-19,58
PROD-7,2023-09-20,60
PROD-7,2023-09-21,50
PROD-7,2023-09-22,58
PROD-7,2023-09-23,65
PROD-7,2023-09-24,49
PROD-7,2023-09-25,59
PROD-7,2023-09-26,50
PROD-7,2023-09-27,49
PROD-7,2023-09-28,48
PROD-7,2023-09-29,56
PROD-7,2023-09-30,59
PROD-7,2023-10-01,66
PROD-7,2023-10-02,64
PROD-7,2023-10-03,63
PROD-7,2023-10-04,51
PROD-7,2023-10-05,62
PROD-7,2023-10-06,54
PROD-7,2023-10-07,64
PROD-7,2023-10-08,62
PROD-7,2023-10-09,60
PROD-7,2023-10-10,63
PROD-7,2023-10-11,53
PROD-7,2023-10-12,50
PROD-7,2023-10-13,55
PROD-7,2023-10-14,58
PROD-7,2023-10-15,60
PROD-7,2023-10-16,53
PROD-7,2023-10-17,52
PROD-7,2023-10-18,55
PROD-7,2023-10-19,52
PROD-7,2023-10-20,64
PROD-7,2023-10-21,52
PROD-7,2023-10-22,70
PROD-7,2023-10-23,60
PROD-7,2023-10-24,63
PROD-7,2023-10-25,70
PROD-7,2023-10-26,57
PROD-7,2023-10-27,63
PROD-7,2023-10-28,65
PROD-7,2023-10-29,64
PROD-7,2023-10-30,59
PROD-7,2023-10-31,55
PROD-7,2023-11-01,64
PROD-7,2023-11-02,70
PROD-7,2023-11-03,60
PROD-7,2023-11-04,81
PROD-7,2023-11-05,59
PROD-7,2023-11-06,62
PROD-7,2023-11-07,62
PROD-7,2023-11-08,57
PROD-7,2023-11-09,80
PROD-7,2023-11-10,61
PROD-7,2023-11-11,56
PROD-7,2023-11-12,61
PROD-7,2023-11-13,82
PROD-7,2023-11-14,67
PROD-7,2023-11-15,82
PROD-7,2023-11-16,68
PROD-7,2023-11-17,77
PROD-7,2023-11-18,68
PROD-7,2023-11-19,81
PROD-7,2023-11-20,59
PROD-7,2023-11-21,67
PROD-7,2023-11-22,70
PROD-7,2023-11-23,69
PROD-7,2023-11-24,76
PROD-7,2023-11-25,67
PROD-7,2023-11-26,74
PROD-7,2023-11-27,82
PROD-7,2023-11-28,68
PROD-7,2023-11-29,79
PROD-7,2023-11-30,56
PROD-7,2023-12-01,68
PROD-7,2023-12-02,92
PROD-7,2023-12-03,84
PROD-7,2023-12-04,66
PROD-7,2023-12-05,66
PROD-7,2023-12-06,76
PROD-7,2023-12-07,96
PROD-7,2023-12-08,84
PROD-7,2023-12-09,88
PROD-7,2023-12-10,82
PROD-7,2023-12-11,87
PROD-7,2023-12-12,86
PROD-7,2023-12-13,79
PROD-7,2023-12-14,71
PROD-7,2023-12-15,83
PROD-7,2023-12-16,94
PROD-7,2023-12-17,77
PROD-7,2023-12-18,96
PROD-7,2023-12-19,91
PROD-7,2023-12-20,75
PROD-7,2023-12-21,65
PROD-7,2023-12-22,81
PROD-7,2023-12-23,91
PROD-7,2023-12-24,83
PROD-7,2023-12-25,66
PROD-7,2023-12-26,93
PROD-7,2023-12-27,92
PROD-7,2023-12-28,78
PROD-7,2023-12-29,70
PROD-7,2023-12-30,91
PROD-7,2023-12-31,67
PROD-7,2024-01-01,108
PROD-8,2023-01-01,140
PROD-8,2023-01-02,111
PROD-8,2023-01-03,134
PROD-8,2023-01-04,126
PROD-8,2023-01-05,148
PROD-8,2023-01-06,115
PROD-8,2023-01-07,116
PROD-8,2023-01-08,116
PROD-8,2023-01-09,130
PROD-8,2023-01-10,146
PROD-8,2023-01-11,144
PROD-8,2023-01-12,115
PROD-8,2023-01-13,148
PROD-8,2023-01-14,108
PROD-8,2023-01-15,126
PROD-8,2023-01-16,106
PROD-8,2023-01-17,114
PROD-8,2023-01-18,130
PROD-8,2023-01-19,147
PROD-8,2023-01-20,142
PROD-8,2023-01-21,115
PROD-8,2023-01-22,119
PROD-8,2023-01-23,123
PROD-8,2023-01-24,150
PROD-8,2023-01-25,109
PROD-8,2023-01-26,104
PROD-8,2023-01-27,117
PROD-8,2023-01-28,124
PROD-8,2023-01-29,132
PROD-8,2023-01-30,154
PROD-8,2023-01-31,130
PROD-8,2023-02-01,147
PROD-8,2023-02-02,169
PROD-8,2023-02-03,153
PROD-8,2023-02-04,149
PROD-8,2023-02-05,147
PROD-8,2023-02-06,163
PROD-8,2023-02-07,149
PROD-8,2023-02-08,116
PROD-8,2023-02-09,123
PROD-8,2023-02-10,141
PROD-8,2023-02-11,147
PROD-8,2023-02-12,137
PROD-8,2023-02-13,135
PROD-8,2023-02-14,132
PROD-8,2023-02-15,114
PROD-8,2023-02-16,130
PROD-8,2023-02-17,157
PROD-8,2023-02-18,170
PROD-8,2023-02-19,130
PROD-8,2023-02-20,147
PROD-8,2023-02-21,132
PROD-8,2023-02-22,164
PROD-8,2023-02-23,116
PROD-8,2023-02-24,158
PROD-8,2023-02-25,145
PROD-8,2023-02-26,136
PROD-8,2023-02-27,138
PROD-8,2023-02-28,129
PROD-8,2023-03-01,126
PROD-8,2023-03-02,127
PROD-8,2023-03-03,119
PROD-8,2023-03-04,136
PROD-8,2023-03-05,125
PROD-8,2023-03-06,132
PROD-8,2023-03-07,149
PROD-8,2023-03-08,141
PROD-8,2023-03-09,152
PROD-8,2023-03-10,146
PROD-8,2023-03-11,128
PROD-8,2023-03-12,149
PROD-8,2023-03-13,129
PROD-8,2023-03-14,167
PROD-8,2023-03-15,148
PROD-8,2023-03-16,133
PROD-8,2023-03-17,120
PROD-8,2023-03-18,161
PROD-8,2023-03-19,139
PROD-8,2023-03-20,155
PROD-8,2023-03-21,128
PROD-8,2023-03-22,163
PROD-8,2023-03-23,149
PROD-8,2023-03-24,162
PROD-8,2023-03-25,142
PROD-8,2023-03-26,158
PROD-8,2023-03-27,170
PROD-8,2023-03-28,135
PROD-8,2023-03-29,128
PROD-8,2023-03-30,157
PROD-8,2023-03-31,161
PROD-8,2023-04-01,134
PROD-8,2023-04-02,156
PROD-8,2023-04-03,156
PROD-8,2023-04-04,142
PROD-8,2023-04-05,126
PROD-8,2023-04-06,131
PROD-8,2023-04-07,142
PROD-8,2023-04-08,117
PROD-8,2023-04-09,154
PROD-8,2023-04-10,141
PROD-8,2023-04-11,143
PROD-8,2023-04-12,121
PROD-8,2023-04-13,151
PROD-8,2023-04-14,138
PROD-8,2023-04-15,119
PROD-8,2023-04-16,152
PROD-8,2023-04-17,116
PROD-8,2023-04-18,124
PROD-8,2023-04-19,148
PROD-8,2023-04-20,165
PROD-8,2023-04-21,155
PROD-8,2023-04-22,133
PROD-8,2023-04-23,162
PROD-8,2023-04-24,162
PROD-8,2023-04-25,121
PROD-8,2023-04-26,137
PROD-8,2023-04-27,120
PROD-8,2023-04-28,143
PROD-8,2023-04-29,151
PROD-8,2023-04-30,125
PROD-8,2023-05-01,120
PROD-8,2023-05-02,119
PROD-8,2023-05-03,108
PROD-8,2023-05-04,113
PROD-8,2023-05-05,128
PROD-8,2023-05-06,135
PROD-8,2023-05-07,110
PROD-8,2023-05-08,119
PROD-8,2023-05-09,114
PROD-8,2023-05-10,107
PROD-8,2023-05-11,107
PROD-8,2023-05-12,148
PROD-8,2023-05-13,154
PROD-8,2023-05-14,115
PROD-8,2023-05-15,134
PROD-8,2023-05-16,104
PROD-8,2023-05-17,154
PROD-8,2023-05-18,138
PROD-8,2023-05-19,104
PROD-8,2023-05-20,142
PROD-8,2023-05-21,117
PROD-8,2023-05-22,127
PROD-8,2023-05-23,108
PROD-8,2023-05-24,155
PROD-8,2023-05-25,123
PROD-8,2023-05-26,150
PROD-8,2023-05-27,110
PROD-8,2023-05-28,131
PROD-8,2023-05-29,131
PROD-8,2023-05-30,134
PROD-8,2023-05-31,144
PROD-8,2023-06-01,97
PROD-8,2023-06-02,121
PROD-8,2023-06-03,106
PROD-8,2023-06-04,116
PROD-8,2023-06-05,132
PROD-8,2023-06-06,110
PROD-8,2023-06-07,134
PROD-8,2023-06-08,133
PROD-8,2023-06-09,92
PROD-8,2023-06-10,100
PROD-8,2023-06-11,121
PROD-8,2023-06-12,129
PROD-8,2023-06-13,98
PROD-8,2023-06-14,126
PROD-8,2023-06-15,134
PROD-8,2023-06-16,111
PROD-8,2023-06-17,134
PROD-8,2023-06-18,113
PROD-8,2023-06-19,106
PROD-8,2023-06-20,94
PROD-8,2023-06-21,127
PROD-8,2023-06-22,99
PROD-8,2023-06-23,98
PROD-8,2023-06-24,95
PROD-8,2023-06-25,108
PROD-8,2023-06-26,116
PROD-8,2023-06-27,117
PROD-8,2023-06-28,90
PROD-8,2023-06-29,114
PROD-8,2023-06-30,115
PROD-8,2023-07-01,86
PROD-8,2023-07-02,77
PROD-8,2023-07-03,78
PROD-8,2023-07-04,103
PROD-8,2023-07-05,94
PROD-8,2023-07-06,90
PROD-8,2023-07-07,80
PROD-8,2023-07-08,104
PROD-8,2023-07-09,94
PROD-8,2023-07-10,77
PROD-8,2023-07-11,87
PROD-8,2023-07-12,100
PROD-8,2023-07-13,93
PROD-8,2023-07-14,114
PROD-8,2023-07-15,115
PROD-8,2023-07-16,90
PROD-8,2023-07-17,92
PROD-8,2023-07-18,112
PROD-8,2023-07-19,107
PROD-8,2023-07-20,104
PROD-8,2023-07-21,76
PROD-8,2023-07-22,99
PROD-8,2023-07-23,115
PROD-8,2023-07-24,88
PROD-8,2023-07-25,80
PROD-8,2023-07-26,85
PROD-8,2023-07-27,81
PROD-8,2023-07-28,85
PROD-8,2023-07-29,83
PROD-8,2023-07-30,77
PROD-8,2023-07-31,110
PROD-8,2023-08-01,81
PROD-8,2023-08-02,83
PROD-8,2023-08-03,73
PROD-8,2023-08-04,68
PROD-8,2023-08-05,87
PROD-8,2023-08-06,78
PROD-8,2023-08-07,83
PROD-8,2023-08-08,66
PROD-8,2023-08-09,68
PROD-8,2023-08-10,69
PROD-8,2023-08-11,74
PROD-8,2023-08-12,98
PROD-8,2023-08-13,73
PROD-8,2023-08-14,95
PROD-8,2023-08-15,90
PROD-8,2023-08-16,96
PROD-8,2023-08-17,99
PROD-8,2023-08-18,88
PROD-8,2023-08-19,66
PROD-8,2023-08-20,85
PROD-8,2023-08-21,81
PROD-8,2023-08-22,78
PROD-8,2023-08-23,68
PROD-8,2023-08-24,90
PROD-8,2023-08-25,98
PROD-8,2023-08-26,78
PROD-8,2023-08-27,91
PROD-8,2023-08-28,92
PROD-8,2023-08-29,86
PROD-8,2023-08-30,78
PROD-8,2023-08-31,90
PROD-8,2023-09-01,92
PROD-8,2023-09-02,79
PROD-8,2023-09-03,84
PROD-8,2023-09-04,78
PROD-8,2023-09-05,74
PROD-8,2023-09-06,64
PROD-8,2023-09-07,94
PROD-8,2023-09-08,92
PROD-8,2023-09-09,70
PROD-8,2023-09-10,66
PROD-8,2023-09-11,67
PROD-8,2023-09-12,65
PROD-8,2023-09-13,76
PROD-8,2023-09-14,65
PROD-8,2023-09-15,89
PROD-8,2023-09-16,87
PROD-8,2023-09-17,89
PROD-8,2023-09-18,83
PROD-8,2023-09-19,82
PROD-8,2023-09-20,79
PROD-8,2023-09-21,70
PROD-8,2023-09-22,75
PROD-8,2023-09-23,78
PROD-8,2023-09-24,79
PROD-8,2023-09-25,69
PROD-8,2023-09-26,68
PROD-8,2023-09-27,71
PROD-8,2023-09-28,79
PROD-8,2023-09-29,88
PROD-8,2023-09-30,68
PROD-8,2023-10-01,71
PROD-8,2023-10-02,75
PROD-8,2023-10-03,99
PROD-8,2023-10-04,84
PROD-8,2023-10-05,88
PROD-8,2023-10-06,67
PROD-8,2023-10-07,72
PROD-8,2023-10-08,83
PROD-8,2023-10-09,92
PROD-8,2023-10-10,93
PROD-8,2023-10-11,77
PROD-8,2023-10-12,71
PROD-8,2023-10-13,95
PROD-8,2023-10-14,70
PROD-8,2023-10-15,97
PROD-8,2023-10-16,74
PROD-8,2023-10-17,95
PROD-8,2023-10-18,96
PROD-8,2023-10-19,91
PROD-8,2023-10-20,79
PROD-8,2023-10-21,67
PROD-8,2023-10-22,87
PROD-8,2023-10-23,93
PROD-8,2023-10-24,77
PROD-8,2023-10-25,78
PROD-8,2023-10-26,88
PROD-8,2023-10-27,75
PROD-8,2023-10-28,88
PROD-8,2023-10-29,84
PROD-8,2023-10-30,74
PROD-8,2023-10-31,68
PROD-8,2023-11-01,99
PROD-8,2023-11-02,78
PROD-8,2023-11-03,106
PROD-8,2023-11-04,91
PROD-8,2023-11-05,105
PROD-8,2023-11-06,110
PROD-8,2023-11-07,93
PROD-8,2023-11-08,88
PROD-8,2023-11-09,108
PROD-8,2023-11-10,114
PROD-8,2023-11-11,97
PROD-8,2023-11-12,96
PROD-8,2023-11-13,104
PROD-8,2023-11-14,90
PROD-8,2023-11-15,79
PROD-8,2023-11-16,108
PROD-8,2023-11-17,90
PROD-8,2023-11-18,96
PROD-8,2023-11-19,84
PROD-8,2023-11-20,114
PROD-8,2023-11-21,101
PROD-8,2023-11-22,79
PROD-8,2023-11-23,82
PROD-8,2023-11-24,84
PROD-8,2023-11-25,84
PROD-8,2023-11-26,94
PROD-8,2023-11-27,110
PROD-8,2023-11-28,95
PROD-8,2023-11-29,82
PROD-8,2023-11-30,108
PROD-8,2023-12-01,121
PROD-8,2023-12-02,123
PROD-8,2023-12-03,93
PROD-8,2023-12-04,97
PROD-8,2023-12-05,110
PROD-8,2023-12-06,119
PROD-8,2023-12-07,91
PROD-8,2023-12-08,112
PROD-8,2023-12-09,107
PROD-8,2023-12-10,103
PROD-8,2023-12-11,127
PROD-8,2023-12-12,103
PROD-8,2023-12-13,95
PROD-8,2023-12-14,115
PROD-8,2023-12-15,117
PROD-8,2023-12-16,132
PROD-8,2023-12-17,92
PROD-8,2023-12-18,126
PROD-8,2023-12-19,115
PROD-8,2023-12-20,124
PROD-8,2023-12-21,102
PROD-8,2023-12-22,101
PROD-8,2023-12-23,91
PROD-8,2023-12-24,118
PROD-8,2023-12-25,129
PROD-8,2023-12-26,115
PROD-8,2023-12-27,120
PROD-8,2023-12-28,133
PROD-8,2023-12-29,100
PROD-8,2023-12-30,120
PROD-8,2023-12-31,111
PROD-8,2024-01-01,143
PROD-9,2023-01-01,96
PROD-9,2023-01-02,103
PROD-9,2023-01-03,106
PROD-9,2023-01-04,99
PROD-9,2023-01-05,101
PROD-9,2023-01-06,108
PROD-9,2023-01-07,83
PROD-9,2023-01-08,103
PROD-9,2023-01-09,83
PROD-9,2023-01-10,98
PROD-9,2023-01-11,102
PROD-9,2023-01-12,98
PROD-9,2023-01-13,81
PROD-9,2023-01-14,96
PROD-9,2023-01-15,104
PROD-9,2023-01-16,101
PROD-9,2023-01-17,107
PROD-9,2023-01-18,75
PROD-9,2023-01-19,101
PROD-9,2023-01-20,85
PROD-9,2023-01-21,94
PROD-9,2023-01-22,101
PROD-9,2023-01-23,104
PROD-9,2023-01-24,78
PROD-9,2023-01-25,96
PROD-9,2023-01-26,90
PROD-9,2023-01-27,85
PROD-9,2023-01-28,91
PROD-9,2023-01-29,104
PROD-9,2023-01-30,87
PROD-9,2023-01-31,88
PROD-9,2023-02-01,117
PROD-9,2023-02-02,107
PROD-9,2023-02-03,95
PROD-9,2023-02-04,117
PROD-9,2023-02-05,106
PROD-9,2023-02-06,113
PROD-9,2023-02-07,85
PROD-9,2023-02-08,96
PROD-9,2023-02-09,109
PROD-9,2023-02-10,94
PROD-9,2023-02-11,87
PROD-9,2023-02-12,89
PROD-9,2023-02-13,105
PROD-9,2023-02-14,102
PROD-9,2023-02-15,99
PROD-9,2023-02-16,105
PROD-9,2023-02-17,108
PROD-9,2023-02-18,90
PROD-9,2023-02-19,97
PROD-9,2023-02-20,118
PROD-9,2023-02-21,117
PROD-9,2023-02-22,94
PROD-9,2023-02-23,83
PROD-9,2023-02-24,114
PROD-9,2023-02-25,115
PROD-9,2023-02-26,106
PROD-9,2023-02-27,102
PROD-9,2023-02-28,113
PROD-9,2023-03-01,108
PROD-9,2023-03-02,115
PROD-9,2023-03-03,118
PROD-9,2023-03-04,98
PROD-9,2023-03-05,109
PROD-9,2023-03-06,103
PROD-9,2023-03-07,112
PROD-9,2023-03-08,83
PROD-9,2023-03-09,116
PROD-9,2023-03-10,110
PROD-9,2023-03-11,121
PROD-9,2023-03-12,103
PROD-9,2023-03-13,101
PROD-9,2023-03-14,92
PROD-9,2023-03-15,111
PROD-9,2023-03-16,114
PROD-9,2023-03-17,91
PROD-9,2023-03-18,108
PROD-9,2023-03-19,92
PROD-9,2023-03-20,89
PROD-9,2023-03-21,112
PROD-9,2023-03-22,92
PROD-9,2023-03-23,106
PROD-9,2023-03-24,94
PROD-9,2023-03-25,94
PROD-9,2023-03-26,94
PROD-9,2023-03-27,107
PROD-9,2023-03-28,106
PROD-9,2023-03-29,95
PROD-9,2023-03-30,91
PROD-9,2023-03-31,113
PROD-9,2023-04-01,90
PROD-9,2023-04-02,81
PROD-9,2023-04-03,97
PROD-9,2023-04-04,119
PROD-9,2023-04-05,112
PROD-9,2023-04-06,111
PROD-9,2023-04-07,81
PROD-9,2023-04-08,105
PROD-9,2023-04-09,93
PROD-9,2023-04-10,88
PROD-9,2023-04-11,116
PROD-9,2023-04-12,90
PROD-9,2023-04-13,89
PROD-9,2023-04-14,88
PROD-9,2023-04-15,118
PROD-9,2023-04-16,106
PROD-9,2023-04-17,86
PROD-9,2023-04-18,112
PROD-9,2023-04-19,111
PROD-9,2023-04-20,116
PROD-9,2023-04-21,103
PROD-9,2023-04-22,103
PROD-9,2023-04-23,119
PROD-9,2023-04-24,88
PROD-9,2023-04-25,102
PROD-9,2023-04-26,83
PROD-9,2023-04-27,93
PROD-9,2023-04-28,116
PROD-9,2023-04-29,109
PROD-9,2023-04-30,100
PROD-9,2023-05-01,106
PROD-9,2023-05-02,97
PROD-9,2023-05-03,79
PROD-9,2023-05-04,91
PROD-9,2023-05-05,89
PROD-9,2023-05-06,82
PROD-9,2023-05-07,85
PROD-9,2023-05-08,107
PROD-9,2023-05-09,83
PROD-9,2023-05-10,75
PROD-9,2023-05-11,84
PROD-9,2023-05-12,96
PROD-9,2023-05-13,87
PROD-9,2023-05-14,106
PROD-9,2023-05-15,78
PROD-9,2023-05-16,83
PROD-9,2023-05-17,95
PROD-9,2023-05-18,76
PROD-9,2023-05-19,86
PROD-9,2023-05-20,103
PROD-9,2023-05-21,83
PROD-9,2023-05-22,88
PROD-9,2023-05-23,87
PROD-9,2023-05-24,104
PROD-9,2023-05-25,78
PROD-9,2023-05-26,73
PROD-9,2023-05-27,101
PROD-9,2023-05-28,76
PROD-9,2023-05-29,96
PROD-9,2023-05-30,88
PROD-9,2023-05-31,107
PROD-9,2023-06-01,82
PROD-9,2023-06-02,66
PROD-9,2023-06-03,91
PROD-9,2023-06-04,63
PROD-9,2023-06-05,68
PROD-9,2023-06-06,75
PROD-9,2023-06-07,89
PROD-9,2023-06-08,69
PROD-9,2023-06-09,73
PROD-9,2023-06-10,83
PROD-9,2023-06-11,93
PROD-9,2023-06-12,86
PROD-9,2023-06-13,76
PROD-9,2023-06-14,83
PROD-9,2023-06-15,92
PROD-9,2023-06-16,70
PROD-9,2023-06-17,83
PROD-9,2023-06-18,64
PROD-9,2023-06-19,94
PROD-9,2023-06-20,81
PROD-9,2023-06-21,85
PROD-9,2023-06-22,82
PROD-9,2023-06-23,90
PROD-9,2023-06-24,70
PROD-9,2023-06-25,84
PROD-9,2023-06-26,85
PROD-9,2023-06-27,77
PROD-9,2023-06-28,73
PROD-9,2023-06-29,82
PROD-9,2023-06-30,85
PROD-9,2023-07-01,59
PROD-9,2023-07-02,60
PROD-9,2023-07-03,67
PROD-9,2023-07-04,79
PROD-9,2023-07-05,74
PROD-9,2023-07-06,69
PROD-9,2023-07-07,77
PROD-9,2023-07-08,75
PROD-9,2023-07-09,74
PROD-9,2023-07-10,56
PROD-9,2023-07-11,59
PROD-9,2023-07-12,55
PROD-9,2023-07-13,55
PROD-9,2023-07-14,74
PROD-9,2023-07-15,60
PROD-9,2023-07-16,78
PROD-9,2023-07-17,55
PROD-9,2023-07-18,78
PROD-9,2023-07-19,66
PROD-9,2023-07-20,55
PROD-9,2023-07-21,55
PROD-9,2023-07-22,76
PROD-9,2023-07-23,77
PROD-9,2023-07-24,70
PROD-9,2023-07-25,73
PROD-9,2023-07-26,73
PROD-9,2023-07-27,67
PROD-9,2023-07-28,73
PROD-9,2023-07-29,72
PROD-9,2023-07-30,62
PROD-9,2023-07-31,79
PROD-9,2023-08-01,52
PROD-9,2023-08-02,68
PROD-9,2023-08-03,54
PROD-9,2023-08-04,47
PROD-9,2023-08-05,58
PROD-9,2023-08-06,65
PROD-9,2023-08-07,49
PROD-9,2023-08-08,58
PROD-9,2023-08-09,68
PROD-9,2023-08-10,50
PROD-9,2023-08-11,63
PROD-9,2023-08-12,56
PROD-9,2023-08-13,67
PROD-9,2023-08-14,58
PROD-9,2023-08-15,67
PROD-9,2023-08-16,46
PROD-9,2023-08-17,53
PROD-9,2023-08-18,68
PROD-9,2023-08-19,60
PROD-9,2023-08-20,51
PROD-9,2023-08-21,54
PROD-9,2023-08-22,60
PROD-9,2023-08-23,49
PROD-9,2023-08-24,53
PROD-9,2023-08-25,55
PROD-9,2023-08-26,55
PROD-9,2023-08-27,47
PROD-9,2023-08-28,51
PROD-9,2023-08-29,51
PROD-9,2023-08-30,50
PROD-9,2023-08-31,64
PROD-9,2023-09-01,59
PROD-9,2023-09-02,57
PROD-9,2023-09-03,59
PROD-9,2023-09-04,66
PROD-9,2023-09-05,48
PROD-9,2023-09-06,64
PROD-9,2023-09-07,46
PROD-9,2023-09-08,48
PROD-9,2023-09-09,49
PROD-9,2023-09-10,55
PROD-9,2023-09-11,50
PROD-9,2023-09-12,45
PROD-9,2023-09-13,63
PROD-9,2023-09-14,46
PROD-9,2023-09-15,57
PROD-9,2023-09-16,53
PROD-9,2023-09-17,52
PROD-9,2023-09-18,59
PROD-9,2023-09-19,47
PROD-9,2023-09-20,45
PROD-9,2023-09-21,62
PROD-9,2023-09-22,50
PROD-9,2023-09-23,51
PROD-9,2023-09-24,45
PROD-9,2023-09-25,54
PROD-9,2023-09-26,49
PROD-9,2023-09-27,55
PROD-9,2023-09-28,55
PROD-9,2023-09-29,60
PROD-9,2023-09-30,49
PROD-9,2023-10-01,67
PROD-9,2023-10-02,65
PROD-9,2023-10-03,59
PROD-9,2023-10-04,53
PROD-9,2023-10-05,48
PROD-9,2023-10-06,65
PROD-9,2023-10-07,64
PROD-9,2023-10-08,64
PROD-9,2023-10-09,67
PROD-9,2023-10-10,52
PROD-9,2023-10-11,49
PROD-9,2023-10-12,51
PROD-9,2023-10-13,60
PROD-9,2023-10-14,51
PROD-9,2023-10-15,67
PROD-9,2023-10-16,67
PROD-9,2023-10-17,60
PROD-9,2023-10-18,59
PROD-9,2023-10-19,61
PROD-9,2023-10-20,53
PROD-9,2023-10-21,68
PROD-9,2023-10-22,64
PROD-9,2023-10-23,66
PROD-9,2023-10-24,52
PROD-9,2023-10-25,64
PROD-9,2023-10-26,55
PROD-9,2023-10-27,69
PROD-9,2023-10-28,68
PROD-9,2023-10-29,62
PROD-9,2023-10-30,51
PROD-9,2023-10-31,62
PROD-9,2023-11-01,65
PROD-9,2023-11-02,75
PROD-9,2023-11-03,56
PROD-9,2023-11-04,60
PROD-9,2023-11-05,55
PROD-9,2023-11-06,74
PROD-9,2023-11-07,67
PROD-9,2023-11-08,67
PROD-9,2023-11-09,63
PROD-9,2023-11-10,72
PROD-9,2023-11-11,62
PROD-9,2023-11-12,78
PROD-9,2023-11-13,58
PROD-9,2023-11-14,55
PROD-9,2023-11-15,57
PROD-9,2023-11-16,79
PROD-9,2023-11-17,56
PROD-9,2023-11-18,78
PROD-9,2023-11-19,59
PROD-9,2023-11-20,62
PROD-9,2023-11-21,55
PROD-9,2023-11-22,63
PROD-9,2023-11-23,68
PROD-9,2023-11-24,57
PROD-9,2023-11-25,73
PROD-9,2023-11-26,80
PROD-9,2023-11-27,55
PROD-9,2023-11-28,78
PROD-9,2023-11-29,72
PROD-9,2023-11-30,61
PROD-9,2023-12-01,87
PROD-9,2023-12-02,68
PROD-9,2023-12-03,65
PROD-9,2023-12-04,86
PROD-9,2023-12-05,84
PROD-9,2023-12-06,65
PROD-9,2023-12-07,65
PROD-9,2023-12-08,67
PROD-9,2023-12-09,92
PROD-9,2023-12-10,92
PROD-9,2023-12-11,90
PROD-9,2023-12-12,84
PROD-9,2023-12-13,73
PROD-9,2023-12-14,80
PROD-9,2023-12-15,86
PROD-9,2023-12-16,83
PROD-9,2023-12-17,68
PROD-9,2023-12-18,75
PROD-9,2023-12-19,91
PROD-9,2023-12-20,87
PROD-9,2023-12-21,91
PROD-9,2023-12-22,80
PROD-9,2023-12-23,81
PROD-9,2023-12-24,86
PROD-9,2023-12-25,80
PROD-9,2023-12-26,84
PROD-9,2023-12-27,86
PROD-9,2023-12-28,65
PROD-9,2023-12-29,93
PROD-9,2023-12-30,86
PROD-9,2023-12-31,72
PROD-9,2024-01-01,82
PROD-10,2023-01-01,152
PROD-10,2023-01-02,172
PROD-10,2023-01-03,142
PROD-10,2023-01-04,186
PROD-10,2023-01-05,155
PROD-10,2023-01-06,196
PROD-10,2023-01-07,148
PROD-10,2023-01-08,141
PROD-10,2023-01-09,151
PROD-10,2023-01-10,157
PROD-10,2023-01-11,166
PROD-10,2023-01-12,173
PROD-10,2023-01-13,177
PROD-10,2023-01-14,197
PROD-10,2023-01-15,138
PROD-10,2023-01-16,151
PROD-10,2023-01-17,192
PROD-10,2023-01-18,147
PROD-10,2023-01-19,193
PROD-10,2023-01-20,190
PROD-10,2023-01-21,193
PROD-10,2023-01-22,178
PROD-10,2023-01-23,166
PROD-10,2023-01-24,188
PROD-10,2023-01-25,184
PROD-10,2023-01-26,153
PROD-10,2023-01-27,199
PROD-10,2023-01-28,197
PROD-10,2023-01-29,199
PROD-10,2023-01-30,137
PROD-10,2023-01-31,201
PROD-10,2023-02-01,217
PROD-10,2023-02-02,155
PROD-10,2023-02-03,150
PROD-10,2023-02-04,189
PROD-10,2023-02-05,161
PROD-10,2023-02-06,196
PROD-10,2023-02-07,207
PROD-10,2023-02-08,203
PROD-10,2023-02-09,150
PROD-10,2023-02-10,172
PROD-10,2023-02-11,175
PROD-10,2023-02-12,157
PROD-10,2023-02-13,172
PROD-10,2023-02-14,209
PROD-10,2023-02-15,152
PROD-10,2023-02-16,150
PROD-10,2023-02-17,149
PROD-10,2023-02-18,176
PROD-10,2023-02-19,157
PROD-10,2023-02-20,168
PROD-10,2023-02-21,201
PROD-10,2023-02-22,183
PROD-10,2023-02-23,168
PROD-10,2023-02-24,173
PROD-10,2023-02-25,157
PROD-10,2023-02-26,170
PROD-10,2023-02-27,152
PROD-10,2023-02-28,205
PROD-10,2023-03-01,220
PROD-10,2023-03-02,214
PROD-10,2023-03-03,168
PROD-10,2023-03-04,206
PROD-10,2023-03-05,227
PROD-10,2023-03-06,196
PROD-10,2023-03-07,212
PROD-10,2023-03-08,208
PROD-10,2023-03-09,223
PROD-10,2023-03-10,183
PROD-10,2023-03-11,189
PROD-10,2023-03-12,170
PROD-10,2023-03-13,225
PROD-10,2023-03-14,162
PROD-10,2023-03-15,153
PROD-10,2023-03-16,205
PROD-10,2023-03-17,221
PROD-10,2023-03-18,216
PROD-10,2023-03-19,186
PROD-10,2023-03-20,181
PROD-10,2023-03-21,197
PROD-10,2023-03-22,163
PROD-10,2023-03-23,205
PROD-10,2023-03-24,212
PROD-10,2023-03-25,227
PROD-10,2023-03-26,158
PROD-10,2023-03-27,220
PROD-10,2023-03-28,198
PROD-10,2023-03-29,204
PROD-10,2023-03-30,213
PROD-10,2023-03-31,216
PROD-10,2023-04-01,169
PROD-10,2023-04-02,175
PROD-10,2023-04-03,200
PROD-10,2023-04-04,161
PROD-10,2023-04-05,192
PROD-10,2023-04-06,183
PROD-10,2023-04-07,154
PROD-10,2023-04-08,194
PROD-10,2023-04-09,184
PROD-10,2023-04-10,162
PROD-10,2023-04-11,187
PROD-10,2023-04-12,199
PROD-10,2023-04-13,155
PROD-10,2023-04-14,193
PROD-10,2023-04-15,154
PROD-10,2023-04-16,200
PROD-10,2023-04-17,147
PROD-10,2023-04-18,208
PROD-10,2023-04-19,194
PROD-10,2023-04-20,196
PROD-10,2023-04-21,217
PROD-10,2023-04-22,175
PROD-10,2023-04-23,173
PROD-10,2023-04-24,215
PROD-10,2023-04-25,219
PROD-10,2023-04-26,186
PROD-10,2023-04-27,202
PROD-10,2023-04-28,168
PROD-10,2023-04-29,152
PROD-10,2023-04-30,208
PROD-10,2023-05-01,161
PROD-10,2023-05-02,176
PROD-10,2023-05-03,161
PROD-10,2023-05-04,162
PROD-10,2023-05-05,140
PROD-10,2023-05-06,173
PROD-10,2023-05-07,155
PROD-10,2023-05-08,199
PROD-10,2023-05-09,189
PROD-10,2023-05-10,170
PROD-10,2023-05-11,199
PROD-10,2023-05-12,154
PROD-10,2023-05-13,151
PROD-10,2023-05-14,195
PROD-10,2023-05-15,194
PROD-10,2023-05-16,160
PROD-10,2023-05-17,194
PROD-10,2023-05-18,153
PROD-10,2023-05-19,195
PROD-10,2023-05-20,168
PROD-10,2023-05-21,185
PROD-10,2023-05-22,144
PROD-10,2023-05-23,194
PROD-10,2023-05-24,143
PROD-10,2023-05-25,171
PROD-10,2023-05-26,197
PROD-10,2023-05-27,177
PROD-10,2023-05-28,141
PROD-10,2023-05-29,157
PROD-10,2023-05-30,189
PROD-10,2023-05-31,193
PROD-10,2023-06-01,171
PROD-10,2023-06-02,172
PROD-10,2023-06-03,119
PROD-10,2023-06-04,138
PROD-10,2023-06-05,128
PROD-10,2023-06-06,161
PROD-10,2023-06-07,171
PROD-10,2023-06-08,147
PROD-10,2023-06-09,152
PROD-10,2023-06-10,142
PROD-10,2023-06-11,159
PROD-10,2023-06-12,139
PROD-10,2023-06-13,130
PROD-10,2023-06-14,150
PROD-10,2023-06-15,167
PROD-10,2023-06-16,175
PROD-10,2023-06-17,130
PROD-10,2023-06-18,150
PROD-10,2023-06-19,168
PROD-10,2023-06-20,171
PROD-10,2023-06-21,163
PROD-10,2023-06-22,169
PROD-10,2023-06-23,148
PROD-10,2023-06-24,149
PROD-10,2023-06-25,171
PROD-10,2023-06-26,163
PROD-10,2023-06-27,164
PROD-10,2023-06-28,130
PROD-10,2023-06-29,123
PROD-10,2023-06-30,135
PROD-10,2023-07-01,131
PROD-10,2023-07-02,101
PROD-10,2023-07-03,111
PROD-10,2023-07-04,126
PROD-10,2023-07-05,134
PROD-10,2023-07-06,128
PROD-10,2023-07-07,109
PROD-10,2023-07-08,108
PROD-10,2023-07-09,120
PROD-10,2023-07-10,124
PROD-10,2023-07-11,124
PROD-10,2023-07-12,118
PROD-10,2023-07-13,106
PROD-10,2023-07-14,135
PROD-10,2023-07-15,114
PROD-10,2023-07-16,113
PROD-10,2023-07-17,128
PROD-10,2023-07-18,117
PROD-10,2023-07-19,105
PROD-10,2023-07-20,139
PROD-10,2023-07-21,118
PROD-10,2023-07-22,113
PROD-10,2023-07-23,112
PROD-10,2023-07-24,123
PROD-10,2023-07-25,120
PROD-10,2023-07-26,135
PROD-10,2023-07-27,142
PROD-10,2023-07-28,125
PROD-10,2023-07-29,116
PROD-10,2023-07-30,133
PROD-10,2023-07-31,109
PROD-10,2023-08-01,121
PROD-10,2023-08-02,110
PROD-10,2023-08-03,97
PROD-10,2023-08-04,122
PROD-10,2023-08-05,103
PROD-10,2023-08-06,91
PROD-10,2023-08-07,104
PROD-10,2023-08-08,117
PROD-10,2023-08-09,92
PROD-10,2023-08-10,110
PROD-10,2023-08-11,105
PROD-10,2023-08-12,118
PROD-10,2023-08-13,105
PROD-10,2023-08-14,102
PROD-10,2023-08-15,105
PROD-10,2023-08-16,113
PROD-10,2023-08-17,122
PROD-10,2023-08-18,90
PROD-10,2023-08-19,87
PROD-10,2023-08-20,89
PROD-10,2023-08-21,110
PROD-10,2023-08-22,117
PROD-10,2023-08-23,129
PROD-10,2023-08-24,120
PROD-10,2023-08-25,106
PROD-10,2023-08-26,115
PROD-10,2023-08-27,115
PROD-10,2023-08-28,97
PROD-10,2023-08-29,125
PROD-10,2023-08-30,97
PROD-10,2023-08-31,111
PROD-10,2023-09-01,91
PROD-10,2023-09-02,101
PROD-10,2023-09-03,117
PROD-10,2023-09-04,116
PROD-10,2023-09-05,103
PROD-10,2023-09-06,108
PROD-10,2023-09-07,88
PROD-10,2023-09-08,90
PROD-10,2023-09-09,86
PROD-10,2023-09-10,98
PROD-10,2023-09-11,118
PROD-10,2023-09-12,119
PROD-10,2023-09-13,101
PROD-10,2023-09-14,91
PROD-10,2023-09-15,108
PROD-10,2023-09-16,93
PROD-10,2023-09-17,112
PROD-10,2023-09-18,100
PROD-10,2023-09-19,108
PROD-10,2023-09-20,103
PROD-10,2023-09-21,110
PROD-10,2023-09-22,100
PROD-10,2023-09-23,105
PROD-10,2023-09-24,117
PROD-10,2023-09-25,99
PROD-10,2023-09-26,121
PROD-10,2023-09-27,115
PROD-10,2023-09-28,105
PROD-10,2023-09-29,84
PROD-10,2023-09-30,88
PROD-10,2023-10-01,87
PROD-10,2023-10-02,125
PROD-10,2023-10-03,90
PROD-10,2023-10-04,120
PROD-10,2023-10-05,121
PROD-10,2023-10-06,105
PROD-10,2023-10-07,120
PROD-10,2023-10-08,125
PROD-10,2023-10-09,94
PROD-10,2023-10-10,100
PROD-10,2023-10-11,97
PROD-10,2023-10-12,99
PROD-10,2023-10-13,112
PROD-10,2023-10-14,116
PROD-10,2023-10-15,93
PROD-10,2023-10-16,92
PROD-10,2023-10-17,87
PROD-10,2023-10-18,93
PROD-10,2023-10-19,95
PROD-10,2023-10-20,91
PROD-10,2023-10-21,129
PROD-10,2023-10-22,125
PROD-10,2023-10-23,126
PROD-10,2023-10-24,95
PROD-10,2023-10-25,98
PROD-10,2023-10-26,92
PROD-10,2023-10-27,94
PROD-10,2023-10-28,125
PROD-10,2023-10-29,125
PROD-10,2023-10-30,113
PROD-10,2023-10-31,106
PROD-10,2023-11-01,134
PROD-10,2023-11-02,104
PROD-10,2023-11-03,105
PROD-10,2023-11-04,125
PROD-10,2023-11-05,101
PROD-10,2023-11-06,142
PROD-10,2023-11-07,106
PROD-10,2023-11-08,138
PROD-10,2023-11-09,125
PROD-10,2023-11-10,109
PROD-10,2023-11-11,108
PROD-10,2023-11-12,129
PROD-10,2023-11-13,107
PROD-10,2023-11-14,112
PROD-10,2023-11-15,147
PROD-10,2023-11-16,105
PROD-10,2023-11-17,148
PROD-10,2023-11-18,110
PROD-10,2023-11-19,138
PROD-10,2023-11-20,114
PROD-10,2023-11-21,135
PROD-10,2023-11-22,143
PROD-10,2023-11-23,105
PROD-10,2023-11-24,148
PROD-10,2023-11-25,142
PROD-10,2023-11-26,112
PROD-10,2023-11-27,108
PROD-10,2023-11-28,140
PROD-10,2023-11-29,117
PROD-10,2023-11-30,108
PROD-10,2023-12-01,152
PROD-10,2023-12-02,148
PROD-10,2023-12-03,119
PROD-10,2023-12-04,168
PROD-10,2023-12-05,143
PROD-10,2023-12-06,152
PROD-10,2023-12-07,132
PROD-10,2023-12-08,152
PROD-10,2023-12-09,123
PROD-10,2023-12-10,129
PROD-10,2023-12-11,122
PROD-10,2023-12-12,142
PROD-10,2023-12-13,162
PROD-10,2023-12-14,171
PROD-10,2023-12-15,128
PROD-10,2023-12-16,172
PROD-10,2023-12-17,124
PROD-10,2023-12-18,132
PROD-10,2023-12-19,173
PROD-10,2023-12-20,159
PROD-10,2023-12-21,158
PROD-10,2023-12-22,167
PROD-10,2023-12-23,164
PROD-10,2023-12-24,164
PROD-10,2023-12-25,130
PROD-10,2023-12-26,155
PROD-10,2023-12-27,167
PROD-10,2023-12-28,137
PROD-10,2023-12-29,123
PROD-10,2023-12-30,123
PROD-10,2023-12-31,160
PROD-10,2024-01-01,158
PROD-11,2023-01-01,194
PROD-11,2023-01-02,158
PROD-11,2023-01-03,202
PROD-11,2023-01-04,199
PROD-11,2023-01-05,167
PROD-11,2023-01-06,191
PROD-11,2023-01-07,200
PROD-11,2023-01-08,198
PROD-11,2023-01-09,184
PROD-11,2023-01-10,143
PROD-11,2023-01-11,197
PROD-11,2023-01-12,196
PROD-11,2023-01-13,163
PROD-11,2023-01-14,178
PROD-11,2023-01-15,195
PROD-11,2023-01-16,153
PROD-11,2023-01-17,202
PROD-11,2023-01-18,183
PROD-11,2023-01-19,208
PROD-11,2023-01-20,207
PROD-11,2023-01-21,151
PROD-11,2023-01-22,206
PROD-11,2023-01-23,189
PROD-11,2023-01-24,195
PROD-11,2023-01-25,159
PROD-11,2023-01-26,168
PROD-11,2023-01-27,196
PROD-11,2023-01-28,190
PROD-11,2023-01-29,162
PROD-11,2023-01-30,201
PROD-11,2023-01-31,173
PROD-11,2023-02-01,176
PROD-11,2023-02-02,160
PROD-11,2023-02-03,205
PROD-11,2023-02-04,220
PROD-11,2023-02-05,172
PROD-11,2023-02-06,214
PROD-11,2023-02-07,229
PROD-11,2023-02-08,153
PROD-11,2023-02-09,168
PROD-11,2023-02-10,172
PROD-11,2023-02-11,184
PROD-11,2023-02-12,229
PROD-11,2023-02-13,156
PROD-11,2023-02-14,170
PROD-11,2023-02-15,218
PROD-11,2023-02-16,224
PROD-11,2023-02-17,204
PROD-11,2023-02-18,222
PROD-11,2023-02-19,193
PROD-11,2023-02-20,162
PROD-11,2023-02-21,155
PROD-11,2023-02-22,177
PROD-11,2023-02-23,225
PROD-11,2023-02-24,160
PROD-11,2023-02-25,182
PROD-11,2023-02-26,203
PROD-11,2023-02-27,181
PROD-11,2023-02-28,201
PROD-11,2023-03-01,236
PROD-11,2023-03-02,212
PROD-11,2023-03-03,203
PROD-11,2023-03-04,214
PROD-11,2023-03-05,160
PROD-11,2023-03-06,178
PROD-11,2023-03-07,236
PROD-11,2023-03-08,223
PROD-11,2023-03-09,235
PROD-11,2023-03-10,196
PROD-11,2023-03-11,200
PROD-11,2023-03-12,191
PROD-11,2023-03-13,171
PROD-11,2023-03-14,228
PROD-11,2023-03-15,163
PROD-11,2023-03-16,200
PROD-11,2023-03-17,183
PROD-11,2023-03-18,236
PROD-11,2023-03-19,211
PROD-11,2023-03-20,216
PROD-11,2023-03-21,172
PROD-11,2023-03-22,169
PROD-11,2023-03-23,161
PROD-11,2023-03-24,235
PROD-11,2023-03-25,209
PROD-11,2023-03-26,224
PROD-11,2023-03-27,178
PROD-11,2023-03-28,235
PROD-11,2023-03-29,209
PROD-11,2023-03-30,181
PROD-11,2023-03-31,217
PROD-11,2023-04-01,181
PROD-11,2023-04-02,182
PROD-11,2023-04-03,209
PROD-11,2023-04-04,183
PROD-11,2023-04-05,191
PROD-11,2023-04-06,223
PROD-11,2023-04-07,202
PROD-11,2023-04-08,229
PROD-11,2023-04-09,173
PROD-11,2023-04-10,215
PROD-11,2023-04-11,201
PROD-11,2023-04-12,180
PROD-11,2023-04-13,172
PROD-11,2023-04-14,192
PROD-11,2023-04-15,154
PROD-11,2023-04-16,171
PROD-11,2023-04-17,179
PROD-11,2023-04-18,176
PROD-11,2023-04-19,202
PROD-11,2023-04-20,188
PROD-11,2023-04-21,177
PROD-11,2023-04-22,189
PROD-11,2023-04-23,172
PROD-11,2023-04-24,175
PROD-11,2023-04-25,186
PROD-11,2023-04-26,207
PROD-11,2023-04-27,166
PROD-11,2023-04-28,189
PROD-11,2023-04-29,195
PROD-11,2023-04-30,170
PROD-11,2023-05-01,191
PROD-11,2023-05-02,176
PROD-11,2023-05-03,190
PROD-11,2023-05-04,189
PROD-11,2023-05-05,162
PROD-11,2023-05-06,203
PROD-11,2023-05-07,165
PROD-11,2023-05-08,185
PROD-11,2023-05-09,145
PROD-11,2023-05-10,171
PROD-11,2023-05-11,159
PROD-11,2023-05-12,156
PROD-11,2023-05-13,153
PROD-11,2023-05-14,187
PROD-11,2023-05-15,183
PROD-11,2023-05-16,179
PROD-11,2023-05-17,175
PROD-11,2023-05-18,193
PROD-11,2023-05-19,198
PROD-11,2023-05-20,148
PROD-11,2023-05-21,186
PROD-11,2023-05-22,150
PROD-11,2023-05-23,162
PROD-11,2023-05-24,184
PROD-11,2023-05-25,176
PROD-11,2023-05-26,182
PROD-11,2023-05-27,184
PROD-11,2023-05-28,198
PROD-11,2023-05-29,159
PROD-11,2023-05-30,182
PROD-11,2023-05-31,175
PROD-11,2023-06-01,157
PROD-11,2023-06-02,158
PROD-11,2023-06-03,145
PROD-11,2023-06-04,127
PROD-11,2023-06-05,180
PROD-11,2023-06-06,155
PROD-11,2023-06-07,141
PROD-11,2023-06-08,123
PROD-11,2023-06-09,170
PROD-11,2023-06-10,123
PROD-11,2023-06-11,123
PROD-11,2023-06-12,142
PROD-11,2023-06-13,154
PROD-11,2023-06-14,131
PROD-11,2023-06-15,138
PROD-11,2023-06-16,131
PROD-11,2023-06-17,147
PROD-11,2023-06-18,167
PROD-11,2023-06-19,168
PROD-11,2023-06-20,147
PROD-11,2023-06-21,151
PROD-11,2023-06-22,154
PROD-11,2023-06-23,139
PROD-11,2023-06-24,172
PROD-11,2023-06-25,177
PROD-11,2023-06-26,165
PROD-11,2023-06-27,173
PROD-11,2023-06-28,123
PROD-11,2023-06-29,157
PROD-11,2023-06-30,164
PROD-11,2023-07-01,132
PROD-11,2023-07-02,140
PROD-11,2023-07-03,141
PROD-11,2023-07-04,141
PROD-11,2023-07-05,152
PROD-11,2023-07-06,114
PROD-11,2023-07-07,137
PROD-11,2023-07-08,107
PROD-11,2023-07-09,136
PROD-11,2023-07-10,107
PROD-11,2023-07-11,104
PROD-11,2023-07-12,139
PROD-11,2023-07-13,146
PROD-11,2023-07-14,118
PROD-11,2023-07-15,105
PROD-11,2023-07-16,140
PROD-11,2023-07-17,122
PROD-11,2023-07-18,125
PROD-11,2023-07-19,104
PROD-11,2023-07-20,121
PROD-11,2023-07-21,128
PROD-11,2023-07-22,105
PROD-11,2023-07-23,136
PROD-11,2023-07-24,105
PROD-11,2023-07-25,116
PROD-11,2023-07-26,152
PROD-11,2023-07-27,142
PROD-11,2023-07-28,143
PROD-11,2023-07-29,115
PROD-11,2023-07-30,133
PROD-11,2023-07-31,137
PROD-11,2023-08-01,116
PROD-11,2023-08-02,113
PROD-11,2023-08-03,94
PROD-11,2023-08-04,108
PROD-11,2023-08-05,98
PROD-11,2023-08-06,98
PROD-11,2023-08-07,114
PROD-11,2023-08-08,126
PROD-11,2023-08-09,131
PROD-11,2023-08-10,119
PROD-11,2023-08-11,124
PROD-11,2023-08-12,94
PROD-11,2023-08-13,132
PROD-11,2023-08-14,128
PROD-11,2023-08-15,95
PROD-11,2023-08-16,90
PROD-11,2023-08-17,91
PROD-11,2023-08-18,127
PROD-11,2023-08-19,125
PROD-11,2023-08-20,108
PROD-11,2023-08-21,120
PROD-11,2023-08-22,95
PROD-11,2023-08-23,127
PROD-11,2023-08-24,134
PROD-11,2023-08-25,132
PROD-11,2023-08-26,117
PROD-11,2023-08-27,125
PROD-11,2023-08-28,111
PROD-11,2023-08-29,127
PROD-11,2023-08-30,117
PROD-11,2023-08-31,124
PROD-11,2023-09-01,126
PROD-11,2023-09-02,104
PROD-11,2023-09-03,121
PROD-11,2023-09-04,106
PROD-11,2023-09-05,109
PROD-11,2023-09-06,121
PROD-11,2023-09-07,91
PROD-11,2023-09-08,125
PROD-11,2023-09-09,94
PROD-11,2023-09-10,106
PROD-11,2023-09-11,96
PROD-11,2023-09-12,87
PROD-11,2023-09-13,97
PROD-11,2023-09-14,87
PROD-11,2023-09-15,127
PROD-11,2023-09-16,104
PROD-11,2023-09-17,127
PROD-11,2023-09-18,105
PROD-11,2023-09-19,100
PROD-11,2023-09-20,89
PROD-11,2023-09-21,85
PROD-11,2023-09-22,115
PROD-11,2023-09-23,107
PROD-11,2023-09-24,101
PROD-11,2023-09-25,122
PROD-11,2023-09-26,97
PROD-11,2023-09-27,116
PROD-11,2023-09-28,100
PROD-11,2023-09-29,124
PROD-11,2023-09-30,125
PROD-11,2023-10-01,129
PROD-11,2023-10-02,129
PROD-11,2023-10-03,130
PROD-11,2023-10-04,98
PROD-11,2023-10-05,102
PROD-11,2023-10-06,114
PROD-11,2023-10-07,118
PROD-11,2023-10-08,97
PROD-11,2023-10-09,128
PROD-11,2023-10-10,97
PROD-11,2023-10-11,116
PROD-11,2023-10-12,101
PROD-11,2023-10-13,102
PROD-11,2023-10-14,117
PROD-11,2023-10-15,125
PROD-11,2023-10-16,98
PROD-11,2023-10-17,121
PROD-11,2023-10-18,130
PROD-11,2023-10-19,134
PROD-11,2023-10-20,103
PROD-11,2023-10-21,122
PROD-11,2023-10-22,105
PROD-11,2023-10-23,107
PROD-11,2023-10-24,96
PROD-11,2023-10-25,101
PROD-11,2023-10-26,115
PROD-11,2023-10-27,110
PROD-11,2023-10-28,108
PROD-11,2023-10-29,121
PROD-11,2023-10-30,116
PROD-11,2023-10-31,94
PROD-11,2023-11-01,122
PROD-11,2023-11-02,108
PROD-11,2023-11-03,111
PROD-11,2023-11-04,141
PROD-11,2023-11-05,134
PROD-11,2023-11-06,109
PROD-11,2023-11-07,107
PROD-11,2023-11-08,127
PROD-11,2023-11-09,147
PROD-11,2023-11-10,113
PROD-11,2023-11-11,115
PROD-11,2023-11-12,105
PROD-11,2023-11-13,140
PROD-11,2023-11-14,126
PROD-11,2023-11-15,130
PROD-11,2023-11-16,139
PROD-11,2023-11-17,136
PROD-11,2023-11-18,107
PROD-11,2023-11-19,112
PROD-11,2023-11-20,132
PROD-11,2023-11-21,120
PROD-11,2023-11-22,112
PROD-11,2023-11-23,140
PROD-11,2023-11-24,137
PROD-11,2023-11-25,148
PROD-11,2023-11-26,149
PROD-11,2023-11-27,122
PROD-11,2023-11-28,145
PROD-11,2023-11-29,123
PROD-11,2023-11-30,151
PROD-11,2023-12-01,151
PROD-11,2023-12-02,123
PROD-11,2023-12-03,167
PROD-11,2023-12-04,127
PROD-11,2023-12-05,167
PROD-11,2023-12-06,128
PROD-11,2023-12-07,140
PROD-11,2023-12-08,140
PROD-11,2023-12-09,128
PROD-11,2023-12-10,153
PROD-11,2023-12-11,144
PROD-11,2023-12-12,169
PROD-11,2023-12-13,155
PROD-11,2023-12-14,124
PROD-11,2023-12-15,129
PROD-11,2023-12-16,132
PROD-11,2023-12-17,157
PROD-11,2023-12-18,173
PROD-11,2023-12-19,172
PROD-11,2023-12-20,122
PROD-11,2023-12-21,135
PROD-11,2023-12-22,168
PROD-11,2023-12-23,146
PROD-11,2023-12-24,127
PROD-11,2023-12-25,175
PROD-11,2023-12-26,134
PROD-11,2023-12-27,145
PROD-11,2023-12-28,146
PROD-11,2023-12-29,180
PROD-11,2023-12-30,129
PROD-11,2023-12-31,151
PROD-11,2024-01-01,151
PROD-12,2023-01-01,126
PROD-12,2023-01-02,120
PROD-12,2023-01-03,128
PROD-12,2023-01-04,152
PROD-12,2023-01-05,142
PROD-12,2023-01-06,119
PROD-12,2023-01-07,116
PROD-12,2023-01-08,165
PROD-12,2023-01-09,126
PROD-12,2023-01-10,156
PROD-12,2023-01-11,142
PROD-12,2023-01-12,164
PROD-12,2023-01-13,130
PROD-12,2023-01-14,162
PROD-12,2023-01-15,152
PROD-12,2023-01-16,149
PROD-12,2023-01-17,146
PROD-12,2023-01-18,165
PROD-12,2023-01-19,123
PROD-12,2023-01-20,123
PROD-12,2023-01-21,157
PROD-12,2023-01-22,161
PROD-12,2023-01-23,148
PROD-12,2023-01-24,134
PROD-12,2023-01-25,121
PROD-12,2023-01-26,130
PROD-12,2023-01-27,160
PROD-12,2023-01-28,148
PROD-12,2023-01-29,161
PROD-12,2023-01-30,136
PROD-12,2023-01-31,135
PROD-12,2023-02-01,136
PROD-12,2023-02-02,171
PROD-12,2023-02-03,169
PROD-12,2023-02-04,177
PROD-12,2023-02-05,154
PROD-12,2023-02-06,141
PROD-12,2023-02-07,149
PROD-12,2023-02-08,153
PROD-12,2023-02-09,159
PROD-12,2023-02-10,170
PROD-12,2023-02-11,164
PROD-12,2023-02-12,173
PROD-12,2023-02-13,142
PROD-12,2023-02-14,135
PROD-12,2023-02-15,145
PROD-12,2023-02-16,131
PROD-12,2023-02-17,151
PROD-12,2023-02-18,183
PROD-12,2023-02-19,154
PROD-12,2023-02-20,138
PROD-12,2023-02-21,141
PROD-12,2023-02-22,184
PROD-12,2023-02-23,168
PROD-12,2023-02-24,172
PROD-12,2023-02-25,148
PROD-12,2023-02-26,182
PROD-12,2023-02-27,182
PROD-12,2023-02-28,179
PROD-12,2023-03-01,187
PROD-12,2023-03-02,161
PROD-12,2023-03-03,170
PROD-12,2023-03-04,174
PROD-12,2023-03-05,163
PROD-12,2023-03-06,169
PROD-12,2023-03-07,141
PROD-12,2023-03-08,190
PROD-12,2023-03-09,187
PROD-12,2023-03-10,180
PROD-12,2023-03-11,143
PROD-12,2023-03-12,139
PROD-12,2023-03-13,161
PROD-12,2023-03-14,183
PROD-12,2023-03-15,161
PROD-12,2023-03-16,147
PROD-12,2023-03-17,184
PROD-12,2023-03-18,180
PROD-12,2023-03-19,154
PROD-12,2023-03-20,189
PROD-12,2023-03-21,185
PROD-12,2023-03-22,137
PROD-12,2023-03-23,138
PROD-12,2023-03-24,136
PROD-12,2023-03-25,159
PROD-12,2023-03-26,176
PROD-12,2023-03-27,169
PROD-12,2023-03-28,181
PROD-12,2023-03-29,158
PROD-12,2023-03-30,157
PROD-12,2023-03-31,136
PROD-12,2023-04-01,131
PROD-12,2023-04-02,184
PROD-12,2023-04-03,135
PROD-12,2023-04-04,150
PROD-12,2023-04-05,127
PROD-12,2023-04-06,172
PROD-12,2023-04-07,172
PROD-12,2023-04-08,149
PROD-12,2023-04-09,137
PROD-12,2023-04-10,175
PROD-12,2023-04-11,173
PROD-12,2023-04-12,153
PROD-12,2023-04-13,126
PROD-12,2023-04-14,137
PROD-12,2023-04-15,132
PROD-12,2023-04-16,145
PROD-12,2023-04-17,156
PROD-12,2023-04-18,168
PROD-12,2023-04-19,143
PROD-12,2023-04-20,182
PROD-12,2023-04-21,141
PROD-12,2023-04-22,148
PROD-12,2023-04-23,176
PROD-12,2023-04-24,144
PROD-12,2023-04-25,173
PROD-12,2023-04-26,147
PROD-12,2023-04-27,161
PROD-12,2023-04-28,153
PROD-12,2023-04-29,183
PROD-12,2023-04-30,180
PROD-12,2023-05-01,114
PROD-12,2023-05-02,157
PROD-12,2023-05-03,155
PROD-12,2023-05-04,143
PROD-12,2023-05-05,119
PROD-12,2023-05-06,133
PROD-12,2023-05-07,158
PROD-12,2023-05-08,167
PROD-12,2023-05-09,119
PROD-12,2023-05-10,165
PROD-12,2023-05-11,152
PROD-12,2023-05-12,155
PROD-12,2023-05-13,115
PROD-12,2023-05-14,146
PROD-12,2023-05-15,168
PROD-12,2023-05-16,138
PROD-12,2023-05-17,121
PROD-12,2023-05-18,160
PROD-12,2023-05-19,159
PROD-12,2023-05-20,135
PROD-12,2023-05-21,153
PROD-12,2023-05-22,128
PROD-12,2023-05-23,116
PROD-12,2023-05-24,130
PROD-12,2023-05-25,116
PROD-12,2023-05-26,148
PROD-12,2023-05-27,120
PROD-12,2023-05-28,140
PROD-12,2023-05-29,146
PROD-12,2023-05-30,158
PROD-12,2023-05-31,144
PROD-12,2023-06-01,139
PROD-12,2023-06-02,140
PROD-12,2023-06-03,137
PROD-12,2023-06-04,127
PROD-12,2023-06-05,142
PROD-12,2023-06-06,116
PROD-12,2023-06-07,137
PROD-12,2023-06-08,139
PROD-12,2023-06-09,112
PROD-12,2023-06-10,115
PROD-12,2023-06-11,116
PROD-12,2023-06-12,121
PROD-12,2023-06-13,99
PROD-12,2023-06-14,124
PROD-12,2023-06-15,116
PROD-12,2023-06-16,106
PROD-12,2023-06-17,138
PROD-12,2023-06-18,119
PROD-12,2023-06-19,146
PROD-12,2023-06-20,100
PROD-12,2023-06-21,146
PROD-12,2023-06-22,140
PROD-12,2023-06-23,102
PROD-12,2023-06-24,109
PROD-12,2023-06-25,110
PROD-12,2023-06-26,130
PROD-12,2023-06-27,147
PROD-12,2023-06-28,127
PROD-12,2023-06-29,107
PROD-12,2023-06-30,113
PROD-12,2023-07-01,83
PROD-12,2023-07-02,95
PROD-12,2023-07-03,123
PROD-12,2023-07-04,104
PROD-12,2023-07-05,122
PROD-12,2023-07-06,89
PROD-12,2023-07-07,90
PROD-12,2023-07-08,118
PROD-12,2023-07-09,103
PROD-12,2023-07-10,98
PROD-12,2023-07-11,113
PROD-12,2023-07-12,84
PROD-12,2023-07-13,121
PROD-12,2023-07-14,91
PROD-12,2023-07-15,107
PROD-12,2023-07-16,112
PROD-12,2023-07-17,123
PROD-12,2023-07-18,104
PROD-12,2023-07-19,102
PROD-12,2023-07-20,101
PROD-12,2023-07-21,123
PROD-12,2023-07-22,109
PROD-12,2023-07-23,99
PROD-12,2023-07-24,86
PROD-12,2023-07-25,93
PROD-12,2023-07-26,101
PROD-12,2023-07-27,84
PROD-12,2023-07-28,88
PROD-12,2023-07-29,122
PROD-12,2023-07-30,122
PROD-12,2023-07-31,95
PROD-12,2023-08-01,84
PROD-12,2023-08-02,86
PROD-12,2023-08-03,98
PROD-12,2023-08-04,79
PROD-12,2023-08-05,98
PROD-12,2023-08-06,103
PROD-12,2023-08-07,86
PROD-12,2023-08-08,89
PROD-12,2023-08-09,82
PROD-12,2023-08-10,105
PROD-12,2023-08-11,105
PROD-12,2023-08-12,100
PROD-12,2023-08-13,76
PROD-12,2023-08-14,82
PROD-12,2023-08-15,82
PROD-12,2023-08-16,92
PROD-12,2023-08-17,76
PROD-12,2023-08-18,80
PROD-12,2023-08-19,88
PROD-12,2023-08-20,91
PROD-12,2023-08-21,91
PROD-12,2023-08-22,102
PROD-12,2023-08-23,76
PROD-12,2023-08-24,83
PROD-12,2023-08-25,74
PROD-12,2023-08-26,98
PROD-12,2023-08-27,107
PROD-12,2023-08-28,80
PROD-12,2023-08-29,95
PROD-12,2023-08-30,73
PROD-12,2023-08-31,90
PROD-12,2023-09-01,80
PROD-12,2023-09-02,94
PROD-12,2023-09-03,101
PROD-12,2023-09-04,70
PROD-12,2023-09-05,72
PROD-12,2023-09-06,84
PROD-12,2023-09-07,100
PROD-12,2023-09-08,74
PROD-12,2023-09-09,77
PROD-12,2023-09-10,86
PROD-12,2023-09-11,96
PROD-12,2023-09-12,90
PROD-12,2023-09-13,91
PROD-12,2023-09-14,90
PROD-12,2023-09-15,72
PROD-12,2023-09-16,93
PROD-12,2023-09-17,75
PROD-12,2023-09-18,79
PROD-12,2023-09-19,89
PROD-12,2023-09-20,86
PROD-12,2023-09-21,84
PROD-12,2023-09-22,92
PROD-12,2023-09-23,89
PROD-12,2023-09-24,102
PROD-12,2023-09-25,87
PROD-12,2023-09-26,84
PROD-12,2023-09-27,77
PROD-12,2023-09-28,91
PROD-12,2023-09-29,96
PROD-12,2023-09-30,77
PROD-12,2023-10-01,105
PROD-12,2023-10-02,85
PROD-12,2023-10-03,79
PROD-12,2023-10-04,97
PROD-12,2023-10-05,77
PROD-12,2023-10-06,77
PROD-12,2023-10-07,102
PROD-12,2023-10-08,104
PROD-12,2023-10-09,81
PROD-12,2023-10-10,94
PROD-12,2023-10-11,91
PROD-12,2023-10-12,91
PROD-12,2023-10-13,96
PROD-12,2023-10-14,73
PROD-12,2023-10-15,85
PROD-12,2023-10-16,73
PROD-12,2023-10-17,102
PROD-12,2023-10-18,106
PROD-12,2023-10-19,81
PROD-12,2023-10-20,97
PROD-12,2023-10-21,104
PROD-12,2023-10-22,102
PROD-12,2023-10-23,107
PROD-12,2023-10-24,98
PROD-12,2023-10-25,79
PROD-12,2023-10-26,80
PROD-12,2023-10-27,80
PROD-12,2023-10-28,92
PROD-12,2023-10-29,103
PROD-12,2023-10-30,84
PROD-12,2023-10-31,72
PROD-12,2023-11-01,108
PROD-12,2023-11-02,108
PROD-12,2023-11-03,92
PROD-12,2023-11-04,83
PROD-12,2023-11-05,110
PROD-12,2023-11-06,101
PROD-12,2023-11-07,93
PROD-12,2023-11-08,113
PROD-12,2023-11-09,122
PROD-12,2023-11-10,100
PROD-12,2023-11-11,115
PROD-12,2023-11-12,91
PROD-12,2023-11-13,91
PROD-12,2023-11-14,119
PROD-12,2023-11-15,112
PROD-12,2023-11-16,119
PROD-12,2023-11-17,108
PROD-12,2023-11-18,113
PROD-12,2023-11-19,125
PROD-12,2023-11-20,117
PROD-12,2023-11-21,96
PROD-12,2023-11-22,113
PROD-12,2023-11-23,113
PROD-12,2023-11-24,111
PROD-12,2023-11-25,124
PROD-12,2023-11-26,89
PROD-12,2023-11-27,90
PROD-12,2023-11-28,121
PROD-12,2023-11-29,101
PROD-12,2023-11-30,115
PROD-12,2023-12-01,144
PROD-12,2023-12-02,102
PROD-12,2023-12-03,103
PROD-12,2023-12-04,134
PROD-12,2023-12-05,101
PROD-12,2023-12-06,132
PROD-12,2023-12-07,147
PROD-12,2023-12-08,129
PROD-12,2023-12-09,114
PROD-12,2023-12-10,114
PROD-12,2023-12-11,138
PROD-12,2023-12-12,132
PROD-12,2023-12-13,100
PROD-12,2023-12-14,129
PROD-12,2023-12-15,134
PROD-12,2023-12-16,129
PROD-12,2023-12-17,102
PROD-12,2023-12-18,100
PROD-12,2023-12-19,102
PROD-12,2023-12-20,125
PROD-12,2023-12-21,145
PROD-12,2023-12-22,125
PROD-12,2023-12-23,137
PROD-12,2023-12-24,110
PROD-12,2023-12-25,115
PROD-12,2023-12-26,123
PROD-12,2023-12-27,122
PROD-12,2023-12-28,112
PROD-12,2023-12-29,114
PROD-12,2023-12-30,107
PROD-12,2023-12-31,127
PROD-12,2024-01-01,131
PROD-13,2023-01-01,113
PROD-13,2023-01-02,97
PROD-13,2023-01-03,88
PROD-13,2023-01-04,119
PROD-13,2023-01-05,103
PROD-13,2023-01-06,101
PROD-13,2023-01-07,105
PROD-13,2023-01-08,106
PROD-13,2023-01-09,113
PROD-13,2023-01-10,112
PROD-13,2023-01-11,109
PROD-13,2023-01-12,99
PROD-13,2023-01-13,112
PROD-13,2023-01-14,121
PROD-13,2023-01-15,96
PROD-13,2023-01-16,125
PROD-13,2023-01-17,125
PROD-13,2023-01-18,109
PROD-13,2023-01-19,99
PROD-13,2023-01-20,122
PROD-13,2023-01-21,94
PROD-13,2023-01-22,85
PROD-13,2023-01-23,126
PROD-13,2023-01-24,95
PROD-13,2023-01-25,116
PROD-13,2023-01-26,125
PROD-13,2023-01-27,86
PROD-13,2023-01-28,117
PROD-13,2023-01-29,86
PROD-13,2023-01-30,116
PROD-13,2023-01-31,118
PROD-13,2023-02-01,109
PROD-13,2023-02-02,121
PROD-13,2023-02-03,95
PROD-13,2023-02-04,103
PROD-13,2023-02-05,128
PROD-13,2023-02-06,117
PROD-13,2023-02-07,137
PROD-13,2023-02-08,117
PROD-13,2023-02-09,101
PROD-13,2023-02-10,122
PROD-13,2023-02-11,126
PROD-13,2023-02-12,135
PROD-13,2023-02-13,96
PROD-13,2023-02-14,113
PROD-13,2023-02-15,120
PROD-13,2023-02-16,110
PROD-13,2023-02-17,99
PROD-13,2023-02-18,118
PROD-13,2023-02-19,118
PROD-13,2023-02-20,126
PROD-13,2023-02-21,97
PROD-13,2023-02-22,104
PROD-13,2023-02-23,133
PROD-13,2023-02-24,101
PROD-13,2023-02-25,105
PROD-13,2023-02-26,135
PROD-13,2023-02-27,130
PROD-13,2023-02-28,128
PROD-13,2023-03-01,120
PROD-13,2023-03-02,141
PROD-13,2023-03-03,101
PROD-13,2023-03-04,141
PROD-13,2023-03-05,140
PROD-13,2023-03-06,119
PROD-13,2023-03-07,133
PROD-13,2023-03-08,121
PROD-13,2023-03-09,127
PROD-13,2023-03-10,106
PROD-13,2023-03-11,107
PROD-13,2023-03-12,103
PROD-13,2023-03-13,130
PROD-13,2023-03-14,123
PROD-13,2023-03-15,139
PROD-13,2023-03-16,113
PROD-13,2023-03-17,99
PROD-13,2023-03-18,115
PROD-13,2023-03-19,129
PROD-13,2023-03-20,110
PROD-13,2023-03-21,134
PROD-13,2023-03-22,115
PROD-13,2023-03-23,128
PROD-13,2023-03-24,123
PROD-13,2023-03-25,117
PROD-13,2023-03-26,136
PROD-13,2023-03-27,119
PROD-13,2023-03-28,96
PROD-13,2023-03-29,111
PROD-13,2023-03-30,98
PROD-13,2023-03-31,111
PROD-13,2023-04-01,134
PROD-13,2023-04-02,101
PROD-13,2023-04-03,128
PROD-13,2023-04-04,119
PROD-13,2023-04-05,99
PROD-13,2023-04-06,94
PROD-13,2023-04-07,96
PROD-13,2023-04-08,129
PROD-13,2023-04-09,117
PROD-13,2023-04-10,113
PROD-13,2023-04-11,104
PROD-13,2023-04-12,116
PROD-13,2023-04-13,121
PROD-13,2023-04-14,127
PROD-13,2023-04-15,109
PROD-13,2023-04-16,122
PROD-13,2023-04-17,96
PROD-13,2023-04-18,121
PROD-13,2023-04-19,133
PROD-13,2023-04-20,125
PROD-13,2023-04-21,136
PROD-13,2023-04-22,132
PROD-13,2023-04-23,98
PROD-13,2023-04-24,124
PROD-13,2023-04-25,133
PROD-13,2023-04-26,111
PROD-13,2023-04-27,109
PROD-13,2023-04-28,136
PROD-13,2023-04-29,121
PROD-13,2023-04-30,135
PROD-13,2023-05-01,95
PROD-13,2023-05-02,122
PROD-13,2023-05-03,107
PROD-13,2023-05-04,100
PROD-13,2023-05-05,87
PROD-13,2023-05-06,115
PROD-13,2023-05-07,110
PROD-13,2023-05-08,112
PROD-13,2023-05-09,115
PROD-13,2023-05-10,106
PROD-13,2023-05-11,118
PROD-13,2023-05-12,90
PROD-13,2023-05-13,124
PROD-13,2023-05-14,108
PROD-13,2023-05-15,90
PROD-13,2023-05-16,104
PROD-13,2023-05-17,110
PROD-13,2023-05-18,124
PROD-13,2023-05-19,97
PROD-13,2023-05-20,89
PROD-13,2023-05-21,106
PROD-13,2023-05-22,124
PROD-13,2023-05-23,92
PROD-13,2023-05-24,125
PROD-13,2023-05-25,86
PROD-13,2023-05-26,117
PROD-13,2023-05-27,90
PROD-13,2023-05-28,113
PROD-13,2023-05-29,126
PROD-13,2023-05-30,85
PROD-13,2023-05-31,90
PROD-13,2023-06-01,82
PROD-13,2023-06-02,81
PROD-13,2023-06-03,100
PROD-13,2023-06-04,90
PROD-13,2023-06-05,91
PROD-13,2023-06-06,82
PROD-13,2023-06-07,108
PROD-13,2023-06-08,88
PROD-13,2023-06-09,77
PROD-13,2023-06-10,104
PROD-13,2023-06-11,104
PROD-13,2023-06-12,104
PROD-13,2023-06-13,82
PROD-13,2023-06-14,87
PROD-13,2023-06-15,78
PROD-13,2023-06-16,108
PROD-13,2023-06-17,104
PROD-13,2023-06-18,97
PROD-13,2023-06-19,75
PROD-13,2023-06-20,76
PROD-13,2023-06-21,98
PROD-13,2023-06-22,85
PROD-13,2023-06-23,99
PROD-13,2023-06-24,98
PROD-13,2023-06-25,77
PROD-13,2023-06-26,83
PROD-13,2023-06-27,80
PROD-13,2023-06-28,100
PROD-13,2023-06-29,87
PROD-13,2023-06-30,81
PROD-13,2023-07-01,89
PROD-13,2023-07-02,83
PROD-13,2023-07-03,81
PROD-13,2023-07-04,66
PROD-13,2023-07-05,71
PROD-13,2023-07-06,80
PROD-13,2023-07-07,81
PROD-13,2023-07-08,86
PROD-13,2023-07-09,81
PROD-13,2023-07-10,88
PROD-13,2023-07-11,67
PROD-13,2023-07-12,68
PROD-13,2023-07-13,77
PROD-13,2023-07-14,70
PROD-13,2023-07-15,67
PROD-13,2023-07-16,68
PROD-13,2023-07-17,63
PROD-13,2023-07-18,74
PROD-13,2023-07-19,85
PROD-13,2023-07-20,69
PROD-13,2023-07-21,78
PROD-13,2023-07-22,76
PROD-13,2023-07-23,88
PROD-13,2023-07-24,63
PROD-13,2023-07-25,86
PROD-13,2023-07-26,76
PROD-13,2023-07-27,73
PROD-13,2023-07-28,77
PROD-13,2023-07-29,76
PROD-13,2023-07-30,67
PROD-13,2023-07-31,81
PROD-13,2023-08-01,68
PROD-13,2023-08-02,69
PROD-13,2023-08-03,57
PROD-13,2023-08-04,56
PROD-13,2023-08-05,71
PROD-13,2023-08-06,63
PROD-13,2023-08-07,55
PROD-13,2023-08-08,54
PROD-13,2023-08-09,60
PROD-13,2023-08-10,62
PROD-13,2023-08-11,74
PROD-13,2023-08-12,64
PROD-13,2023-08-13,63
PROD-13,2023-08-14,77
PROD-13,2023-08-15,69
PROD-13,2023-08-16,58
PROD-13,2023-08-17,56
PROD-13,2023-08-18,76
PROD-13,2023-08-19,65
PROD-13,2023-08-20,69
PROD-13,2023-08-21,62
PROD-13,2023-08-22,59
PROD-13,2023-08-23,61
PROD-13,2023-08-24,79
PROD-13,2023-08-25,56
PROD-13,2023-08-26,54
PROD-13,2023-08-27,62
PROD-13,2023-08-28,55
PROD-13,2023-08-29,68
PROD-13,2023-08-30,56
PROD-13,2023-08-31,64
PROD-13,2023-09-01,64
PROD-13,2023-09-02,64
PROD-13,2023-09-03,74
PROD-13,2023-09-04,55
PROD-13,2023-09-05,75
PROD-13,2023-09-06,54
PROD-13,2023-09-07,55
PROD-13,2023-09-08,67
PROD-13,2023-09-09,63
PROD-13,2023-09-10,68
PROD-13,2023-09-11,72
PROD-13,2023-09-12,55
PROD-13,2023-09-13,73
PROD-13,2023-09-14,52
PROD-13,2023-09-15,58
PROD-13,2023-09-16,66
PROD-13,2023-09-17,72
PROD-13,2023-09-18,52
PROD-13,2023-09-19,75
PROD-13,2023-09-20,60
PROD-13,2023-09-21,66
PROD-13,2023-09-22,51
PROD-13,2023-09-23,69
PROD-13,2023-09-24,57
PROD-13,2023-09-25,70
PROD-13,2023-09-26,74
PROD-13,2023-09-27,63
PROD-13,2023-09-28,53
PROD-13,2023-09-29,64
PROD-13,2023-09-30,60
PROD-13,2023-10-01,62
PROD-13,2023-10-02,74
PROD-13,2023-10-03,55
PROD-13,2023-10-04,77
PROD-13,2023-10-05,61
PROD-13,2023-10-06,74
PROD-13,2023-10-07,73
PROD-13,2023-10-08,67
PROD-13,2023-10-09,60
PROD-13,2023-10-10,78
PROD-13,2023-10-11,70
PROD-13,2023-10-12,58
PROD-13,2023-10-13,66
PROD-13,2023-10-14,56
PROD-13,2023-10-15,58
PROD-13,2023-10-16,68
PROD-13,2023-10-17,73
PROD-13,2023-10-18,57
PROD-13,2023-10-19,60
PROD-13,2023-10-20,77
PROD-13,2023-10-21,54
PROD-13,2023-10-22,80
PROD-13,2023-10-23,63
PROD-13,2023-10-24,74
PROD-13,2023-10-25,68
PROD-13,2023-10-26,63
PROD-13,2023-10-27,60
PROD-13,2023-10-28,71
PROD-13,2023-10-29,69
PROD-13,2023-10-30,71
PROD-13,2023-10-31,74
PROD-13,2023-11-01,75
PROD-13,2023-11-02,90
PROD-13,2023-11-03,77
PROD-13,2023-11-04,88
PROD-13,2023-11-05,72
PROD-13,2023-11-06,71
PROD-13,2023-11-07,67
PROD-13,2023-11-08,66
PROD-13,2023-11-09,91
PROD-13,2023-11-10,66
PROD-13,2023-11-11,79
PROD-13,2023-11-12,72
PROD-13,2023-11-13,72
PROD-13,2023-11-14,67
PROD-13,2023-11-15,70
PROD-13,2023-11-16,83
PROD-13,2023-11-17,72
PROD-13,2023-11-18,81
PROD-13,2023-11-19,72
PROD-13,2023-11-20,93
PROD-13,2023-11-21,82
PROD-13,2023-11-22,92
PROD-13,2023-11-23,77
PROD-13,2023-11-24,70
PROD-13,2023-11-25,81
PROD-13,2023-11-26,87
PROD-13,2023-11-27,66
PROD-13,2023-11-28,78
PROD-13,2023-11-29,90
PROD-13,2023-11-30,66
PROD-13,2023-12-01,104
PROD-13,2023-12-02,78
PROD-13,2023-12-03,96
PROD-13,2023-12-04,87
PROD-13,2023-12-05,78
PROD-13,2023-12-06,79
PROD-13,2023-12-07,78
PROD-13,2023-12-08,92
PROD-13,2023-12-09,104
PROD-13,2023-12-10,103
PROD-13,2023-12-11,97
PROD-13,2023-12-12,87
PROD-13,2023-12-13,79
PROD-13,2023-12-14,110
PROD-13,2023-12-15,97
PROD-13,2023-12-16,87
PROD-13,2023-12-17,80
PROD-13,2023-12-18,103
PROD-13,2023-12-19,79
PROD-13,2023-12-20,88
PROD-13,2023-12-21,75
PROD-13,2023-12-22,82
PROD-13,2023-12-23,82
PROD-13,2023-12-24,103
PROD-13,2023-12-25,104
PROD-13,2023-12-26,87
PROD-13,2023-12-27,92
PROD-13,2023-12-28,81
PROD-13,2023-12-29,99
PROD-13,2023-12-30,85
PROD-13,2023-12-31,107
PROD-13,2024-01-01,97
PROD-14,2023-01-01,211
PROD-14,2023-01-02,192
PROD-14,2023-01-03,168
PROD-14,2023-01-04,167
PROD-14,2023-01-05,193
PROD-14,2023-01-06,220
PROD-14,2023-01-07,225
PROD-14,2023-01-08,186
PROD-14,2023-01-09,213
PROD-14,2023-01-10,217
PROD-14,2023-01-11,221
PROD-14,2023-01-12,187
PROD-14,2023-01-13,186
PROD-14,2023-01-14,176
PROD-14,2023-01-15,203
PROD-14,2023-01-16,204
PROD-14,2023-01-17,189
PROD-14,2023-01-18,174
PROD-14,2023-01-19,214
PROD-14,2023-01-20,207
PROD-14,2023-01-21,220
PROD-14,2023-01-22,172
PROD-14,2023-01-23,180
PROD-14,2023-01-24,178
PROD-14,2023-01-25,209
PROD-14,2023-01-26,185
PROD-14,2023-01-27,183
PROD-14,2023-01-28,156
PROD-14,2023-01-29,173
PROD-14,2023-01-30,208
PROD-14,2023-01-31,192
PROD-14,2023-02-01,233
PROD-14,2023-02-02,199
PROD-14,2023-02-03,189
PROD-14,2023-02-04,227
PROD-14,2023-02-05,240
PROD-14,2023-02-06,205
PROD-14,2023-02-07,222
PROD-14,2023-02-08,222
PROD-14,2023-02-09,246
PROD-14,2023-02-10,219
PROD-14,2023-02-11,226
PROD-14,2023-02-12,198
PROD-14,2023-02-13,228
PROD-14,2023-02-14,204
PROD-14,2023-02-15,184
PROD-14,2023-02-16,189
PROD-14,2023-02-17,173
PROD-14,2023-02-18,174
PROD-14,2023-02-19,184
PROD-14,2023-02-20,247
PROD-14,2023-02-21,191
PROD-14,2023-02-22,229
PROD-14,2023-02-23,215
PROD-14,2023-02-24,180
PROD-14,2023-02-25,208
PROD-14,2023-02-26,212
PROD-14,2023-02-27,237
PROD-14,2023-02-28,175
PROD-14,2023-03-01,193
PROD-14,2023-03-02,259
PROD-14,2023-03-03,201
PROD-14,2023-03-04,207
PROD-14,2023-03-05,254
PROD-14,2023-03-06,213
PROD-14,2023-03-07,261
PROD-14,2023-03-08,243
PROD-14,2023-03-09,190
PROD-14,2023-03-10,231
PROD-14,2023-03-11,244
PROD-14,2023-03-12,256
PROD-14,2023-03-13,185
PROD-14,2023-03-14,212
PROD-14,2023-03-15,259
PROD-14,2023-03-16,177
PROD-14,2023-03-17,250
PROD-14,2023-03-18,194
PROD-14,2023-03-19,209
PROD-14,2023-03-20,179
PROD-14,2023-03-21,177
PROD-14,2023-03-22,216
PROD-14,2023-03-23,239
PROD-14,2023-03-24,254
PROD-14,2023-03-25,224
PROD-14,2023-03-26,228
PROD-14,2023-03-27,258
PROD-14,2023-03-28,259
PROD-14,2023-03-29,256
PROD-14,2023-03-30,208
PROD-14,2023-03-31,219
PROD-14,2023-04-01,173
PROD-14,2023-04-02,233
PROD-14,2023-04-03,247
PROD-14,2023-04-04,189
PROD-14,2023-04-05,249
PROD-14,2023-04-06,203
PROD-14,2023-04-07,179
PROD-14,2023-04-08,199
PROD-14,2023-04-09,200
PROD-14,2023-04-10,193
PROD-14,2023-04-11,202
PROD-14,2023-04-12,245
PROD-14,2023-04-13,173
PROD-14,2023-04-14,172
PROD-14,2023-04-15,214
PROD-14,2023-04-16,225
PROD-14,2023-04-17,225
PROD-14,2023-04-18,175
PROD-14,2023-04-19,204
PROD-14,2023-04-20,223
PROD-14,2023-04-21,225
PROD-14,2023-04-22,231
PROD-14,2023-04-23,190
PROD-14,2023-04-24,233
PROD-14,2023-04-25,200
PROD-14,2023-04-26,170
PROD-14,2023-04-27,250
PROD-14,2023-04-28,175
PROD-14,2023-04-29,223
PROD-14,2023-04-30,241
PROD-14,2023-05-01,195
PROD-14,2023-05-02,194
PROD-14,2023-05-03,216
PROD-14,2023-05-04,223
PROD-14,2023-05-05,222
PROD-14,2023-05-06,173
PROD-14,2023-05-07,186
PROD-14,2023-05-08,230
PROD-14,2023-05-09,217
PROD-14,2023-05-10,189
PROD-14,2023-05-11,211
PROD-14,2023-05-12,220
PROD-14,2023-05-13,216
PROD-14,2023-05-14,210
PROD-14,2023-05-15,172
PROD-14,2023-05-16,195
PROD-14,2023-05-17,189
PROD-14,2023-05-18,231
PROD-14,2023-05-19,179
PROD-14,2023-05-20,214
PROD-14,2023-05-21,226
PROD-14,2023-05-22,197
PROD-14,2023-05-23,172
PROD-14,2023-05-24,208
PROD-14,2023-05-25,200
PROD-14,2023-05-26,226
PROD-14,2023-05-27,156
PROD-14,2023-05-28,163
PROD-14,2023-05-29,192
PROD-14,2023-05-30,163
PROD-14,2023-05-31,173
PROD-14,2023-06-01,200
PROD-14,2023-06-02,189
PROD-14,2023-06-03,153
PROD-14,2023-06-04,179
PROD-14,2023-06-05,154
PROD-14,2023-06-06,182
PROD-14,2023-06-07,135
PROD-14,2023-06-08,199
PROD-14,2023-06-09,189
PROD-14,2023-06-10,198
PROD-14,2023-06-11,192
PROD-14,2023-06-12,163
PROD-14,2023-06-13,151
PROD-14,2023-06-14,188
PROD-14,2023-06-15,184
PROD-14,2023-06-16,142
PROD-14,2023-06-17,136
PROD-14,2023-06-18,180
PROD-14,2023-06-19,172
PROD-14,2023-06-20,164
PROD-14,2023-06-21,153
PROD-14,2023-06-22,171
PROD-14,2023-06-23,156
PROD-14,2023-06-24,188
PROD-14,2023-06-25,138
PROD-14,2023-06-26,152
PROD-14,2023-06-27,192
PROD-14,2023-06-28,135
PROD-14,2023-06-29,144
PROD-14,2023-06-30,181
PROD-14,2023-07-01,137
PROD-14,2023-07-02,128
PROD-14,2023-07-03,163
PROD-14,2023-07-04,115
PROD-14,2023-07-05,117
PROD-14,2023-07-06,142
PROD-14,2023-07-07,114
PROD-14,2023-07-08,124
PROD-14,2023-07-09,149
PROD-14,2023-07-10,132
PROD-14,2023-07-11,117
PROD-14,2023-07-12,163
PROD-14,2023-07-13,136
PROD-14,2023-07-14,125
PROD-14,2023-07-15,168
PROD-14,2023-07-16,120
PROD-14,2023-07-17,138
PROD-14,2023-07-18,116
PROD-14,2023-07-19,120
PROD-14,2023-07-20,135
PROD-14,2023-07-21,165
PROD-14,2023-07-22,127
PROD-14,2023-07-23,163
PROD-14,2023-07-24,144
PROD-14,2023-07-25,169
PROD-14,2023-07-26,146
PROD-14,2023-07-27,133
PROD-14,2023-07-28,162
PROD-14,2023-07-29,154
PROD-14,2023-07-30,117
PROD-14,2023-07-31,158
PROD-14,2023-08-01,104
PROD-14,2023-08-02,114
PROD-14,2023-08-03,107
PROD-14,2023-08-04,148
PROD-14,2023-08-05,104
PROD-14,2023-08-06,140
PROD-14,2023-08-07,109
PROD-14,2023-08-08,120
PROD-14,2023-08-09,135
PROD-14,2023-08-10,101
PROD-14,2023-08-11,142
PROD-14,2023-08-12,128
PROD-14,2023-08-13,124
PROD-14,2023-08-14,102
PROD-14,2023-08-15,148
PROD-14,2023-08-16,144
PROD-14,2023-08-17,119
PROD-14,2023-08-18,133
PROD-14,2023-08-19,134
PROD-14,2023-08-20,122
PROD-14,2023-08-21,147
PROD-14,2023-08-22,104
PROD-14,2023-08-23,142
PROD-14,2023-08-24,109
PROD-14,2023-08-25,136
PROD-14,2023-08-26,105
PROD-14,2023-08-27,117
PROD-14,2023-08-28,109
PROD-14,2023-08-29,104
PROD-14,2023-08-30,116
PROD-14,2023-08-31,127
PROD-14,2023-09-01,99
PROD-14,2023-09-02,133
PROD-14,2023-09-03,112
PROD-14,2023-09-04,110
PROD-14,2023-09-05,95
PROD-14,2023-09-06,106
PROD-14,2023-09-07,132
PROD-14,2023-09-08,141
PROD-14,2023-09-09,108
PROD-14,2023-09-10,126
PROD-14,2023-09-11,123
PROD-14,2023-09-12,95
PROD-14,2023-09-13,139
PROD-14,2023-09-14,132
PROD-14,2023-09-15,120
PROD-14,2023-09-16,119
PROD-14,2023-09-17,98
PROD-14,2023-09-18,116
PROD-14,2023-09-19,110
PROD-14,2023-09-20,131
PROD-14,2023-09-21,130
PROD-14,2023-09-22,122
PROD-14,2023-09-23,133
PROD-14,2023-09-24,129
PROD-14,2023-09-25,104
PROD-14,2023-09-26,125
PROD-14,2023-09-27,113
PROD-14,2023-09-28,125
PROD-14,2023-09-29,123
PROD-14,2023-09-30,123
PROD-14,2023-10-01,124
PROD-14,2023-10-02,127
PROD-14,2023-10-03,145
PROD-14,2023-10-04,100
PROD-14,2023-10-05,130
PROD-14,2023-10-06,123
PROD-14,2023-10-07,133
PROD-14,2023-10-08,119
PROD-14,2023-10-09,130
PROD-14,2023-10-10,112
PROD-14,2023-10-11,143
PROD-14,2023-10-12,145
PROD-14,2023-10-13,106
PROD-14,2023-10-14,139
PROD-14,2023-10-15,127
PROD-14,2023-10-16,119
PROD-14,2023-10-17,106
PROD-14,2023-10-18,137
PROD-14,2023-10-19,99
PROD-14,2023-10-20,126
PROD-14,2023-10-21,144
PROD-14,2023-10-22,107
PROD-14,2023-10-23,111
PROD-14,2023-10-24,111
PROD-14,2023-10-25,130
PROD-14,2023-10-26,126
PROD-14,2023-10-27,129
PROD-14,2023-10-28,104
PROD-14,2023-10-29,103
PROD-14,2023-10-30,146
PROD-14,2023-10-31,121
PROD-14,2023-11-01,167
PROD-14,2023-11-02,122
PROD-14,2023-11-03,151
PROD-14,2023-11-04,146
PROD-14,2023-11-05,151
PROD-14,2023-11-06,156
PROD-14,2023-11-07,147
PROD-14,2023-11-08,157
PROD-14,2023-11-09,138
PROD-14,2023-11-10,152
PROD-14,2023-11-11,130
PROD-14,2023-11-12,119
PROD-14,2023-11-13,119
PROD-14,2023-11-14,124
PROD-14,2023-11-15,152
PROD-14,2023-11-16,162
PROD-14,2023-11-17,125
PROD-14,2023-11-18,128
PROD-14,2023-11-19,148
PROD-14,2023-11-20,138
PROD-14,2023-11-21,147
PROD-14,2023-11-22,165
PROD-14,2023-11-23,148
PROD-14,2023-11-24,115
PROD-14,2023-11-25,149
PROD-14,2023-11-26,128
PROD-14,2023-11-27,170
PROD-14,2023-11-28,149
PROD-14,2023-11-29,150
PROD-14,2023-11-30,129
PROD-14,2023-12-01,182
PROD-14,2023-12-02,168
PROD-14,2023-12-03,140
PROD-14,2023-12-04,169
PROD-14,2023-12-05,185
PROD-14,2023-12-06,194
PROD-14,2023-12-07,179
PROD-14,2023-12-08,189
PROD-14,2023-12-09,159
PROD-14,2023-12-10,198
PROD-14,2023-12-11,169
PROD-14,2023-12-12,155
PROD-14,2023-12-13,178
PROD-14,2023-12-14,148
PROD-14,2023-12-15,195
PROD-14,2023-12-16,199
PROD-14,2023-12-17,140
PROD-14,2023-12-18,148
PROD-14,2023-12-19,190
PROD-14,2023-12-20,169
PROD-14,2023-12-21,180
PROD-14,2023-12-22,175
PROD-14,2023-12-23,148
PROD-14,2023-12-24,189
PROD-14,2023-12-25,149
PROD-14,2023-12-26,163
PROD-14,2023-12-27,146
PROD-14,2023-12-28,197
PROD-14,2023-12-29,155
PROD-14,2023-12-30,201
PROD-14,2023-12-31,185
PROD-14,2024-01-01,197
PROD-15,2023-01-01,151
PROD-15,2023-01-02,144
PROD-15,2023-01-03,127
PROD-15,2023-01-04,134
PROD-15,2023-01-05,170
PROD-15,2023-01-06,124
PROD-15,2023-01-07,162
PROD-15,2023-01-08,149
PROD-15,2023-01-09,132
PROD-15,2023-01-10,145
PROD-15,2023-01-11,133
PROD-15,2023-01-12,150
PROD-15,2023-01-13,123
PROD-15,2023-01-14,149
PROD-15,2023-01-15,148
PROD-15,2023-01-16,180
PROD-15,2023-01-17,171
PROD-15,2023-01-18,148
PROD-15,2023-01-19,151
PROD-15,2023-01-20,123
PROD-15,2023-01-21,178
PROD-15,2023-01-22,182
PROD-15,2023-01-23,137
PROD-15,2023-01-24,158
PROD-15,2023-01-25,129
PROD-15,2023-01-26,126
PROD-15,2023-01-27,153
PROD-15,2023-01-28,125
PROD-15,2023-01-29,125
PROD-15,2023-01-30,164
PROD-15,2023-01-31,140
PROD-15,2023-02-01,174
PROD-15,2023-02-02,177
PROD-15,2023-02-03,166
PROD-15,2023-02-04,159
PROD-15,2023-02-05,136
PROD-15,2023-02-06,159
PROD-15,2023-02-07,192
PROD-15,2023-02-08,166
PROD-15,2023-02-09,153
PROD-15,2023-02-10,192
PROD-15,2023-02-11,158
PROD-15,2023-02-12,169
PROD-15,2023-02-13,170
PROD-15,2023-02-14,192
PROD-15,2023-02-15,166
PROD-15,2023-02-16,152
PROD-15,2023-02-17,193
PROD-15,2023-02-18,147
PROD-15,2023-02-19,199
PROD-15,2023-02-20,176
PROD-15,2023-02-21,153
PROD-15,2023-02-22,134
PROD-15,2023-02-23,143
PROD-15,2023-02-24,167
PROD-15,2023-02-25,136
PROD-15,2023-02-26,187
PROD-15,2023-02-27,142
PROD-15,2023-02-28,169
PROD-15,2023-03-01,181
PROD-15,2023-03-02,177
PROD-15,2023-03-03,204
PROD-15,2023-03-04,180
PROD-15,2023-03-05,171
PROD-15,2023-03-06,168
PROD-15,2023-03-07,148
PROD-15,2023-03-08,166
PROD-15,2023-03-09,183
PROD-15,2023-03-10,148
PROD-15,2023-03-11,166
PROD-15,2023-03-12,151
PROD-15,2023-03-13,199
PROD-15,2023-03-14,205
PROD-15,2023-03-15,189
PROD-15,2023-03-16,200
PROD-15,2023-03-17,148
PROD-15,2023-03-18,192
PROD-15,2023-03-19,178
PROD-15,2023-03-20,170
PROD-15,2023-03-21,144
PROD-15,2023-03-22,183
PROD-15,2023-03-23,182
PROD-15,2023-03-24,197
PROD-15,2023-03-25,201
PROD-15,2023-03-26,167
PROD-15,2023-03-27,191
PROD-15,2023-03-28,193
PROD-15,2023-03-29,157
PROD-15,2023-03-30,182
PROD-15,2023-03-31,140
PROD-15,2023-04-01,140
PROD-15,2023-04-02,184
PROD-15,2023-04-03,195
PROD-15,2023-04-04,179
PROD-15,2023-04-05,165
PROD-15,2023-04-06,179
PROD-15,2023-04-07,184
PROD-15,2023-04-08,178
PROD-15,2023-04-09,160
PROD-15,2023-04-10,155
PROD-15,2023-04-11,140
PROD-15,2023-04-12,200
PROD-15,2023-04-13,189
PROD-15,2023-04-14,140
PROD-15,2023-04-15,187
PROD-15,2023-04-16,173
PROD-15,2023-04-17,195
PROD-15,2023-04-18,186
PROD-15,2023-04-19,175
PROD-15,2023-04-20,177
PROD-15,2023-04-21,136
PROD-15,2023-04-22,192
PROD-15,2023-04-23,151
PROD-15,2023-04-24,174
PROD-15,2023-04-25,191
PROD-15,2023-04-26,169
PROD-15,2023-04-27,135
PROD-15,2023-04-28,187
PROD-15,2023-04-29,170
PROD-15,2023-04-30,135
PROD-15,2023-05-01,182
PROD-15,2023-05-02,164
PROD-15,2023-05-03,139
PROD-15,2023-05-04,158
PROD-15,2023-05-05,148
PROD-15,2023-05-06,150
PROD-15,2023-05-07,146
PROD-15,2023-05-08,142
PROD-15,2023-05-09,181
PROD-15,2023-05-10,124
PROD-15,2023-05-11,152
PROD-15,2023-05-12,140
PROD-15,2023-05-13,172
PROD-15,2023-05-14,159
PROD-15,2023-05-15,145
PROD-15,2023-05-16,136
PROD-15,2023-05-17,135
PROD-15,2023-05-18,178
PROD-15,2023-05-19,178
PROD-15,2023-05-20,168
PROD-15,2023-05-21,170
PROD-15,2023-05-22,125
PROD-15,2023-05-23,130
PROD-15,2023-05-24,150
PROD-15,2023-05-25,143
PROD-15,2023-05-26,171
PROD-15,2023-05-27,174
PROD-15,2023-05-28,122
PROD-15,2023-05-29,152
PROD-15,2023-05-30,137
PROD-15,2023-05-31,170
PROD-15,2023-06-01,158
PROD-15,2023-06-02,150
PROD-15,2023-06-03,113
PROD-15,2023-06-04,133
PROD-15,2023-06-05,127
PROD-15,2023-06-06,133
PROD-15,2023-06-07,115
PROD-15,2023-06-08,139
PROD-15,2023-06-09,136
PROD-15,2023-06-10,142
PROD-15,2023-06-11,124
PROD-15,2023-06-12,153
PROD-15,2023-06-13,112
PROD-15,2023-06-14,158
PROD-15,2023-06-15,109
PROD-15,2023-06-16,125
PROD-15,2023-06-17,114
PROD-15,2023-06-18,122
PROD-15,2023-06-19,152
PROD-15,2023-06-20,135
PROD-15,2023-06-21,129
PROD-15,2023-06-22,121
PROD-15,2023-06-23,154
PROD-15,2023-06-24,124
PROD-15,2023-06-25,139
PROD-15,2023-06-26,122
PROD-15,2023-06-27,143
PROD-15,2023-06-28,155
PROD-15,2023-06-29,130
PROD-15,2023-06-30,108
PROD-15,2023-07-01,113
PROD-15,2023-07-02,95
PROD-15,2023-07-03,129
PROD-15,2023-07-04,118
PROD-15,2023-07-05,123
PROD-15,2023-07-06,104
PROD-15,2023-07-07,114
PROD-15,2023-07-08,100
PROD-15,2023-07-09,92
PROD-15,2023-07-10,98
PROD-15,2023-07-11,102
PROD-15,2023-07-12,99
PROD-15,2023-07-13,121
PROD-15,2023-07-14,95
PROD-15,2023-07-15,131
PROD-15,2023-07-16,101
PROD-15,2023-07-17,112
PROD-15,2023-07-18,120
PROD-15,2023-07-19,107
PROD-15,2023-07-20,117
PROD-15,2023-07-21,119
PROD-15,2023-07-22,120
PROD-15,2023-07-23,108
PROD-15,2023-07-24,100
PROD-15,2023-07-25,101
PROD-15,2023-07-26,95
PROD-15,2023-07-27,93
PROD-15,2023-07-28,111
PROD-15,2023-07-29,122
PROD-15,2023-07-30,99
PROD-15,2023-07-31,101
PROD-15,2023-08-01,107
PROD-15,2023-08-02,101
PROD-15,2023-08-03,95
PROD-15,2023-08-04,103
PROD-15,2023-08-05,98
PROD-15,2023-08-06,110
PROD-15,2023-08-07,106
PROD-15,2023-08-08,84
PROD-15,2023-08-09,98
PROD-15,2023-08-10,92
PROD-15,2023-08-11,105
PROD-15,2023-08-12,86
PROD-15,2023-08-13,89
PROD-15,2023-08-14,116
PROD-15,2023-08-15,94
PROD-15,2023-08-16,99
PROD-15,2023-08-17,89
PROD-15,2023-08-18,107
PROD-15,2023-08-19,97
PROD-15,2023-08-20,100
PROD-15,2023-08-21,111
PROD-15,2023-08-22,82
PROD-15,2023-08-23,114
PROD-15,2023-08-24,97
PROD-15,2023-08-25,97
PROD-15,2023-08-26,105
PROD-15,2023-08-27,93
PROD-15,2023-08-28,84
PROD-15,2023-08-29,115
PROD-15,2023-08-30,79
PROD-15,2023-08-31,78
PROD-15,2023-09-01,91
PROD-15,2023-09-02,78
PROD-15,2023-09-03,80
PROD-15,2023-09-04,90
PROD-15,2023-09-05,84
PROD-15,2023-09-06,99
PROD-15,2023-09-07,75
PROD-15,2023-09-08,108
PROD-15,2023-09-09,96
PROD-15,2023-09-10,81
PROD-15,2023-09-11,110
PROD-15,2023-09-12,76
PROD-15,2023-09-13,93
PROD-15,2023-09-14,111
PROD-15,2023-09-15,100
PROD-15,2023-09-16,87
PROD-15,2023-09-17,105
PROD-15,2023-09-18,75
PROD-15,2023-09-19,101
PROD-15,2023-09-20,88
PROD-15,2023-09-21,103
PROD-15,2023-09-22,105
PROD-15,2023-09-23,78
PROD-15,2023-09-24,91
PROD-15,2023-09-25,109
PROD-15,2023-09-26,95
PROD-15,2023-09-27,109
PROD-15,2023-09-28,85
PROD-15,2023-09-29,93
PROD-15,2023-09-30,109
PROD-15,2023-10-01,104
PROD-15,2023-10-02,95
PROD-15,2023-10-03,89
PROD-15,2023-10-04,99
PROD-15,2023-10-05,105
PROD-15,2023-10-06,83
PROD-15,2023-10-07,100
PROD-15,2023-10-08,89
PROD-15,2023-10-09,112
PROD-15,2023-10-10,84
PROD-15,2023-10-11,108
PROD-15,2023-10-12,118
PROD-15,2023-10-13,101
PROD-15,2023-10-14,82
PROD-15,2023-10-15,79
PROD-15,2023-10-16,100
PROD-15,2023-10-17,92
PROD-15,2023-10-18,84
PROD-15,2023-10-19,110
PROD-15,2023-10-20,103
PROD-15,2023-10-21,104
PROD-15,2023-10-22,87
PROD-15,2023-10-23,90
PROD-15,2023-10-24,105
PROD-15,2023-10-25,100
PROD-15,2023-10-26,103
PROD-15,2023-10-27,88
PROD-15,2023-10-28,114
PROD-15,2023-10-29,95
PROD-15,2023-10-30,115
PROD-15,2023-10-31,103
PROD-15,2023-11-01,110
PROD-15,2023-11-02,101
PROD-15,2023-11-03,106
PROD-15,2023-11-04,110
PROD-15,2023-11-05,120
PROD-15,2023-11-06,97
PROD-15,2023-11-07,135
PROD-15,2023-11-08,101
PROD-15,2023-11-09,114
PROD-15,2023-11-10,121
PROD-15,2023-11-11,121
PROD-15,2023-11-12,122
PROD-15,2023-11-13,130
PROD-15,2023-11-14,90
PROD-15,2023-11-15,108
PROD-15,2023-11-16,126
PROD-15,2023-11-17,102
PROD-15,2023-11-18,120
PROD-15,2023-11-19,106
PROD-15,2023-11-20,124
PROD-15,2023-11-21,122
PROD-15,2023-11-22,91
PROD-15,2023-11-23,109
PROD-15,2023-11-24,115
PROD-15,2023-11-25,134
PROD-15,2023-11-26,113
PROD-15,2023-11-27,113
PROD-15,2023-11-28,115
PROD-15,2023-11-29,119
PROD-15,2023-11-30,111
PROD-15,2023-12-01,141
PROD-15,2023-12-02,153
PROD-15,2023-12-03,128
PROD-15,2023-12-04,109
PROD-15,2023-12-05,156
PROD-15,2023-12-06,133
PROD-15,2023-12-07,115
PROD-15,2023-12-08,119
PROD-15,2023-12-09,131
PROD-15,2023-12-10,156
PROD-15,2023-12-11,109
PROD-15,2023-12-12,154
PROD-15,2023-12-13,140
PROD-15,2023-12-14,137
PROD-15,2023-12-15,107
PROD-15,2023-12-16,119
PROD-15,2023-12-17,127
PROD-15,2023-12-18,136
PROD-15,2023-12-19,155
PROD-15,2023-12-20,159
PROD-15,2023-12-21,130
PROD-15,2023-12-22,150
PROD-15,2023-12-23,156
PROD-15,2023-12-24,135
PROD-15,2023-12-25,141
PROD-15,2023-12-26,136
PROD-15,2023-12-27,149
PROD-15,2023-12-28,109
PROD-15,2023-12-29,137
PROD-15,2023-12-30,146
PROD-15,2023-12-31,129
PROD-15,2024-01-01,151
PROD-16,2023-01-01,239
PROD-16,2023-01-02,206
PROD-16,2023-01-03,199
PROD-16,2023-01-04,255
PROD-16,2023-01-05,241
PROD-16,2023-01-06,236
PROD-16,2023-01-07,215
PROD-16,2023-01-08,214
PROD-16,2023-01-09,231
PROD-16,2023-01-10,242
PROD-16,2023-01-11,180
PROD-16,2023-01-12,245
PROD-16,2023-01-13,199
PROD-16,2023-01-14,204
PROD-16,2023-01-15,193
PROD-16,2023-01-16,233
PROD-16,2023-01-17,235
PROD-16,2023-01-18,203
PROD-16,2023-01-19,259
PROD-16,2023-01-20,187
PROD-16,2023-01-21,246
PROD-16,2023-01-22,175
PROD-16,2023-01-23,260
PROD-16,2023-01-24,234
PROD-16,2023-01-25,208
PROD-16,2023-01-26,244
PROD-16,2023-01-27,195
PROD-16,2023-01-28,243
PROD-16,2023-01-29,209
PROD-16,2023-01-30,244
PROD-16,2023-01-31,184
PROD-16,2023-02-01,271
PROD-16,2023-02-02,283
PROD-16,2023-02-03,224
PROD-16,2023-02-04,249
PROD-16,2023-02-05,219
PROD-16,2023-02-06,240
PROD-16,2023-02-07,213
PROD-16,2023-02-08,200
PROD-16,2023-02-09,216
PROD-16,2023-02-10,243
PROD-16,2023-02-11,260
PROD-16,2023-02-12,277
PROD-16,2023-02-13,247
PROD-16,2023-02-14,260
PROD-16,2023-02-15,225
PROD-16,2023-02-16,219
PROD-16,2023-02-17,208
PROD-16,2023-02-18,204
PROD-16,2023-02-19,257
PROD-16,2023-02-20,247
PROD-16,2023-02-21,285
PROD-16,2023-02-22,234
PROD-16,2023-02-23,249
PROD-16,2023-02-24,271
PROD-16,2023-02-25,274
PROD-16,2023-02-26,259
PROD-16,2023-02-27,260
PROD-16,2023-02-28,275
PROD-16,2023-03-01,245
PROD-16,2023-03-02,245
PROD-16,2023-03-03,281
PROD-16,2023-03-04,258
PROD-16,2023-03-05,219
PROD-16,2023-03-06,206
PROD-16,2023-03-07,221
PROD-16,2023-03-08,233
PROD-16,2023-03-09,286
PROD-16,2023-03-10,293
PROD-16,2023-03-11,253
PROD-16,2023-03-12,225
PROD-16,2023-03-13,206
PROD-16,2023-03-14,273
PROD-16,2023-03-15,259
PROD-16,2023-03-16,260
PROD-16,2023-03-17,258
PROD-16,2023-03-18,290
PROD-16,2023-03-19,270
PROD-16,2023-03-20,271
PROD-16,2023-03-21,287
PROD-16,2023-03-22,270
PROD-16,2023-03-23,238
PROD-16,2023-03-24,289
PROD-16,2023-03-25,224
PROD-16,2023-03-26,243
PROD-16,2023-03-27,226
PROD-16,2023-03-28,214
PROD-16,2023-03-29,227
PROD-16,2023-03-30,247
PROD-16,2023-03-31,238
PROD-16,2023-04-01,222
PROD-16,2023-04-02,276
PROD-16,2023-04-03,201
PROD-16,2023-04-04,256
PROD-16,2023-04-05,281
PROD-16,2023-04-06,249
PROD-16,2023-04-07,224
PROD-16,2023-04-08,203
PROD-16,2023-04-09,237
PROD-16,2023-04-10,264
PROD-16,2023-04-11,214
PROD-16,2023-04-12,225
PROD-16,2023-04-13,271
PROD-16,2023-04-14,280
PROD-16,2023-04-15,226
PROD-16,2023-04-16,232
PROD-16,2023-04-17,235
PROD-16,2023-04-18,264
PROD-16,2023-04-19,229
PROD-16,2023-04-20,274
PROD-16,2023-04-21,269
PROD-16,2023-04-22,265
PROD-16,2023-04-23,243
PROD-16,2023-04-24,267
PROD-16,2023-04-25,230
PROD-16,2023-04-26,243
PROD-16,2023-04-27,233
PROD-16,2023-04-28,268
PROD-16,2023-04-29,204
PROD-16,2023-04-30,268
PROD-16,2023-05-01,184
PROD-16,2023-05-02,239
PROD-16,2023-05-03,220
PROD-16,2023-05-04,183
PROD-16,2023-05-05,243
PROD-16,2023-05-06,174
PROD-16,2023-05-07,221
PROD-16,2023-05-08,241
PROD-16,2023-05-09,259
PROD-16,2023-05-10,179
PROD-16,2023-05-11,211
PROD-16,2023-05-12,190
PROD-16,2023-05-13,257
PROD-16,2023-05-14,224
PROD-16,2023-05-15,229
PROD-16,2023-05-16,229
PROD-16,2023-05-17,195
PROD-16,2023-05-18,214
PROD-16,2023-05-19,208
PROD-16,2023-05-20,242
PROD-16,2023-05-21,258
PROD-16,2023-05-22,180
PROD-16,2023-05-23,225
PROD-16,2023-05-24,247
PROD-16,2023-05-25,219
PROD-16,2023-05-26,213
PROD-16,2023-05-27,211
PROD-16,2023-05-28,252
PROD-16,2023-05-29,218
PROD-16,2023-05-30,202
PROD-16,2023-05-31,249
PROD-16,2023-06-01,221
PROD-16,2023-06-02,160
PROD-16,2023-06-03,158
PROD-16,2023-06-04,217
PROD-16,2023-06-05,176
PROD-16,2023-06-06,164
PROD-16,2023-06-07,221
PROD-16,2023-06-08,181
PROD-16,2023-06-09,162
PROD-16,2023-06-10,176
PROD-16,2023-06-11,164
PROD-16,2023-06-12,224
PROD-16,2023-06-13,158
PROD-16,2023-06-14,175
PROD-16,2023-06-15,205
PROD-16,2023-06-16,205
PROD-16,2023-06-17,153
PROD-16,2023-06-18,215
PROD-16,2023-06-19,181
PROD-16,2023-06-20,154
PROD-16,2023-06-21,165
PROD-16,2023-06-22,216
PROD-16,2023-06-23,181
PROD-16,2023-06-24,185
PROD-16,2023-06-25,161
PROD-16,2023-06-26,177
PROD-16,2023-06-27,157
PROD-16,2023-06-28,163
PROD-16,2023-06-29,201
PROD-16,2023-06-30,221
PROD-16,2023-07-01,134
PROD-16,2023-07-02,192
PROD-16,2023-07-03,158
PROD-16,2023-07-04,142
PROD-16,2023-07-05,157
PROD-16,2023-07-06,144
PROD-16,2023-07-07,137
PROD-16,2023-07-08,131
PROD-16,2023-07-09,148
PROD-16,2023-07-10,175
PROD-16,2023-07-11,159
PROD-16,2023-07-12,150
PROD-16,2023-07-13,167
PROD-16,2023-07-14,161
PROD-16,2023-07-15,192
PROD-16,2023-07-16,133
PROD-16,2023-07-17,150
PROD-16,2023-07-18,144
PROD-16,2023-07-19,173
PROD-16,2023-07-20,166
PROD-16,2023-07-21,150
PROD-16,2023-07-22,148
PROD-16,2023-07-23,168
PROD-16,2023-07-24,151
PROD-16,2023-07-25,176
PROD-16,2023-07-26,172
PROD-16,2023-07-27,138
PROD-16,2023-07-28,152
PROD-16,2023-07-29,146
PROD-16,2023-07-30,130
PROD-16,2023-07-31,178
PROD-16,2023-08-01,161
PROD-16,2023-08-02,125
PROD-16,2023-08-03,142
PROD-16,2023-08-04,115
PROD-16,2023-08-05,160
PROD-16,2023-08-06,124
PROD-16,2023-08-07,127
PROD-16,2023-08-08,152
PROD-16,2023-08-09,152
PROD-16,2023-08-10,153
PROD-16,2023-08-11,124
PROD-16,2023-08-12,155
PROD-16,2023-08-13,144
PROD-16,2023-08-14,113
PROD-16,2023-08-15,134
PROD-16,2023-08-16,142
PROD-16,2023-08-17,156
PROD-16,2023-08-18,160
PROD-16,2023-08-19,114
PROD-16,2023-08-20,157
PROD-16,2023-08-21,142
PROD-16,2023-08-22,158
PROD-16,2023-08-23,144
PROD-16,2023-08-24,143
PROD-16,2023-08-25,156
PROD-16,2023-08-26,125
PROD-16,2023-08-27,153
PROD-16,2023-08-28,130
PROD-16,2023-08-29,145
PROD-16,2023-08-30,167
PROD-16,2023-08-31,133
PROD-16,2023-09-01,125
PROD-16,2023-09-02,131
PROD-16,2023-09-03,155
PROD-16,2023-09-04,121
PROD-16,2023-09-05,146
PROD-16,2023-09-06,110
PROD-16,2023-09-07,144
PROD-16,2023-09-08,106
PROD-16,2023-09-09,118
PROD-16,2023-09-10,123
PROD-16,2023-09-11,146
PROD-16,2023-09-12,121
PROD-16,2023-09-13,107
PROD-16,2023-09-14,125
PROD-16,2023-09-15,131
PROD-16,2023-09-16,156
PROD-16,2023-09-17,153
PROD-16,2023-09-18,155
PROD-16,2023-09-19,144
PROD-16,2023-09-20,148
PROD-16,2023-09-21,114
PROD-16,2023-09-22,123
PROD-16,2023-09-23,157
PROD-16,2023-09-24,146
PROD-16,2023-09-25,128
PROD-16,2023-09-26,133
PROD-16,2023-09-27,145
PROD-16,2023-09-28,153
PROD-16,2023-09-29,142
PROD-16,2023-09-30,146
PROD-16,2023-10-01,123
PROD-16,2023-10-02,151
PROD-16,2023-10-03,158
PROD-16,2023-10-04,135
PROD-16,2023-10-05,142
PROD-16,2023-10-06,149
PROD-16,2023-10-07,167
PROD-16,2023-10-08,134
PROD-16,2023-10-09,161
PROD-16,2023-10-10,117
PROD-16,2023-10-11,127
PROD-16,2023-10-12,163
PROD-16,2023-10-13,164
PROD-16,2023-10-14,144
PROD-16,2023-10-15,144
PROD-16,2023-10-16,139
PROD-16,2023-10-17,115
PROD-16,2023-10-18,156
PROD-16,2023-10-19,138
PROD-16,2023-10-20,144
PROD-16,2023-10-21,116
PROD-16,2023-10-22,143
PROD-16,2023-10-23,121
PROD-16,2023-10-24,138
PROD-16,2023-10-25,137
PROD-16,2023-10-26,150
PROD-16,2023-10-27,145
PROD-16,2023-10-28,133
PROD-16,2023-10-29,161
PROD-16,2023-10-30,125
PROD-16,2023-10-31,148
PROD-16,2023-11-01,146
PROD-16,2023-11-02,161
PROD-16,2023-11-03,187
PROD-16,2023-11-04,188
PROD-16,2023-11-05,180
PROD-16,2023-11-06,163
PROD-16,2023-11-07,148
PROD-16,2023-11-08,143
PROD-16,2023-11-09,184
PROD-16,2023-11-10,152
PROD-16,2023-11-11,187
PROD-16,2023-11-12,140
PROD-16,2023-11-13,157
PROD-16,2023-11-14,148
PROD-16,2023-11-15,189
PROD-16,2023-11-16,150
PROD-16,2023-11-17,160
PROD-16,2023-11-18,144
PROD-16,2023-11-19,162
PROD-16,2023-11-20,161
PROD-16,2023-11-21,133
PROD-16,2023-11-22,183
PROD-16,2023-11-23,192
PROD-16,2023-11-24,164
PROD-16,2023-11-25,190
PROD-16,2023-11-26,180
PROD-16,2023-11-27,164
PROD-16,2023-11-28,172
PROD-16,2023-11-29,145
PROD-16,2023-11-30,142
PROD-16,2023-12-01,175
PROD-16,2023-12-02,226
PROD-16,2023-12-03,182
PROD-16,2023-12-04,211
PROD-16,2023-12-05,202
PROD-16,2023-12-06,204
PROD-16,2023-12-07,211
PROD-16,2023-12-08,213
PROD-16,2023-12-09,201
PROD-16,2023-12-10,172
PROD-16,2023-12-11,181
PROD-16,2023-12-12,173
PROD-16,2023-12-13,193
PROD-16,2023-12-14,182
PROD-16,2023-12-15,164
PROD-16,2023-12-16,209
PROD-16,2023-12-17,159
PROD-16,2023-12-18,207
PROD-16,2023-12-19,153
PROD-16,2023-12-20,174
PROD-16,2023-12-21,208
PROD-16,2023-12-22,205
PROD-16,2023-12-23,212
PROD-16,2023-12-24,152
PROD-16,2023-12-25,213
PROD-16,2023-12-26,211
PROD-16,2023-12-27,198
PROD-16,2023-12-28,193
PROD-16,2023-12-29,196
PROD-16,2023-12-30,198
PROD-16,2023-12-31,187
PROD-16,2024-01-01,210
PROD-17,2023-01-01,57
PROD-17,2023-01-02,53
PROD-17,2023-01-03,67
PROD-17,2023-01-04,66
PROD-17,2023-01-05,66
PROD-17,2023-01-06,55
PROD-17,2023-01-07,69
PROD-17,2023-01-08,67
PROD-17,2023-01-09,64
PROD-17,2023-01-10,51
PROD-17,2023-01-11,61
PROD-17,2023-01-12,63
PROD-17,2023-01-13,72
PROD-17,2023-01-14,61
PROD-17,2023-01-15,61
PROD-17,2023-01-16,59
PROD-17,2023-01-17,52
PROD-17,2023-01-18,72
PROD-17,2023-01-19,66
PROD-17,2023-01-20,48
PROD-17,2023-01-21,69
PROD-17,2023-01-22,65
PROD-17,2023-01-23,57
PROD-17,2023-01-24,66
PROD-17,2023-01-25,72
PROD-17,2023-01-26,65
PROD-17,2023-01-27,70
PROD-17,2023-01-28,53
PROD-17,2023-01-29,70
PROD-17,2023-01-30,55
PROD-17,2023-01-31,65
PROD-17,2023-02-01,56
PROD-17,2023-02-02,57
PROD-17,2023-02-03,57
PROD-17,2023-02-04,66
PROD-17,2023-02-05,54
PROD-17,2023-02-06,72
PROD-17,2023-02-07,69
PROD-17,2023-02-08,72
PROD-17,2023-02-09,70
PROD-17,2023-02-10,63
PROD-17,2023-02-11,72
PROD-17,2023-02-12,77
PROD-17,2023-02-13,66
PROD-17,2023-02-14,68
PROD-17,2023-02-15,56
PROD-17,2023-02-16,79
PROD-17,2023-02-17,64
PROD-17,2023-02-18,65
PROD-17,2023-02-19,69
PROD-17,2023-02-20,54
PROD-17,2023-02-21,55
PROD-17,2023-02-22,55
PROD-17,2023-02-23,77
PROD-17,2023-02-24,75
PROD-17,2023-02-25,76
PROD-17,2023-02-26,67
PROD-17,2023-02-27,73
PROD-17,2023-02-28,70
PROD-17,2023-03-01,71
PROD-17,2023-03-02,57
PROD-17,2023-03-03,69
PROD-17,2023-03-04,64
PROD-17,2023-03-05,59
PROD-17,2023-03-06,68
PROD-17,2023-03-07,68
PROD-17,2023-03-08,63
PROD-17,2023-03-09,58
PROD-17,2023-03-10,72
PROD-17,2023-03-11,69
PROD-17,2023-03-12,80
PROD-17,2023-03-13,80
PROD-17,2023-03-14,60
PROD-17,2023-03-15,71
PROD-17,2023-03-16,75
PROD-17,2023-03-17,60
PROD-17,2023-03-18,75
PROD-17,2023-03-19,80
PROD-17,2023-03-20,77
PROD-17,2023-03-21,57
PROD-17,2023-03-22,66
PROD-17,2023-03-23,78
PROD-17,2023-03-24,68
PROD-17,2023-03-25,76
PROD-17,2023-03-26,65
PROD-17,2023-03-27,59
PROD-17,2023-03-28,73
PROD-17,2023-03-29,80
PROD-17,2023-03-30,61
PROD-17,2023-03-31,68
PROD-17,2023-04-01,69
PROD-17,2023-04-02,71
PROD-17,2023-04-03,54
PROD-17,2023-04-04,65
PROD-17,2023-04-05,76
PROD-17,2023-04-06,71
PROD-17,2023-04-07,77
PROD-17,2023-04-08,69
PROD-17,2023-04-09,63
PROD-17,2023-04-10,69
PROD-17,2023-04-11,78
PROD-17,2023-04-12,70
PROD-17,2023-04-13,70
PROD-17,2023-04-14,65
PROD-17,2023-04-15,74
PROD-17,2023-04-16,67
PROD-17,2023-04-17,60
PROD-17,2023-04-18,75
PROD-17,2023-04-19,65
PROD-17,2023-04-20,66
PROD-17,2023-04-21,66
PROD-17,2023-04-22,58
PROD-17,2023-04-23,78
PROD-17,2023-04-24,70
PROD-17,2023-04-25,62
PROD-17,2023-04-26,78
PROD-17,2023-04-27,78
PROD-17,2023-04-28,69
PROD-17,2023-04-29,76
PROD-17,2023-04-30,63
PROD-17,2023-05-01,71
PROD-17,2023-05-02,51
PROD-17,2023-05-03,59
PROD-17,2023-05-04,53
PROD-17,2023-05-05,57
PROD-17,2023-05-06,63
PROD-17,2023-05-07,67
PROD-17,2023-05-08,50
PROD-17,2023-05-09,71
PROD-17,2023-05-10,49
PROD-17,2023-05-11,64
PROD-17,2023-05-12,60
PROD-17,2023-05-13,70
PROD-17,2023-05-14,68
PROD-17,2023-05-15,54
PROD-17,2023-05-16,53
PROD-17,2023-05-17,65
PROD-17,2023-05-18,50
PROD-17,2023-05-19,51
PROD-17,2023-05-20,54
PROD-17,2023-05-21,67
PROD-17,2023-05-22,49
PROD-17,2023-05-23,61
PROD-17,2023-05-24,52
PROD-17,2023-05-25,49
PROD-17,2023-05-26,71
PROD-17,2023-05-27,51
PROD-17,2023-05-28,49
PROD-17,2023-05-29,66
PROD-17,2023-05-30,68
PROD-17,2023-05-31,48
PROD-17,2023-06-01,54
PROD-17,2023-06-02,46
PROD-17,2023-06-03,51
PROD-17,2023-06-04,53
PROD-17,2023-06-05,52
PROD-17,2023-06-06,63
PROD-17,2023-06-07,50
PROD-17,2023-06-08,60
PROD-17,2023-06-09,47
PROD-17,2023-06-10,53
PROD-17,2023-06-11,59
PROD-17,2023-06-12,46
PROD-17,2023-06-13,47
PROD-17,2023-06-14,57
PROD-17,2023-06-15,48
PROD-17,2023-06-16,47
PROD-17,2023-06-17,57
PROD-17,2023-06-18,47
PROD-17,2023-06-19,61
PROD-17,2023-06-20,46
PROD-17,2023-06-21,44
PROD-17,2023-06-22,48
PROD-17,2023-06-23,56
PROD-17,2023-06-24,55
PROD-17,2023-06-25,48
PROD-17,2023-06-26,63
PROD-17,2023-06-27,54
PROD-17,2023-06-28,57
PROD-17,2023-06-29,42
PROD-17,2023-06-30,49
PROD-17,2023-07-01,43
PROD-17,2023-07-02,53
PROD-17,2023-07-03,37
PROD-17,2023-07-04,43
PROD-17,2023-07-05,44
PROD-17,2023-07-06,42
PROD-17,2023-07-07,42
PROD-17,2023-07-08,39
PROD-17,2023-07-09,48
PROD-17,2023-07-10,45
PROD-17,2023-07-11,36
PROD-17,2023-07-12,43
PROD-17,2023-07-13,42
PROD-17,2023-07-14,43
PROD-17,2023-07-15,47
PROD-17,2023-07-16,47
PROD-17,2023-07-17,39
PROD-17,2023-07-18,48
PROD-17,2023-07-19,40
PROD-17,2023-07-20,41
PROD-17,2023-07-21,51
PROD-17,2023-07-22,45
PROD-17,2023-07-23,44
PROD-17,2023-07-24,50
PROD-17,2023-07-25,47
PROD-17,2023-07-26,49
PROD-17,2023-07-27,41
PROD-17,2023-07-28,42
PROD-17,2023-07-29,48
PROD-17,2023-07-30,41
PROD-17,2023-07-31,42
PROD-17,2023-08-01,32
PROD-17,2023-08-02,34
PROD-17,2023-08-03,46
PROD-17,2023-08-04,40
PROD-17,2023-08-05,31
PROD-17,2023-08-06,35
PROD-17,2023-08-07,37
PROD-17,2023-08-08,33
PROD-17,2023-08-09,43
PROD-17,2023-08-10,38
PROD-17,2023-08-11,44
PROD-17,2023-08-12,37
PROD-17,2023-08-13,31
PROD-17,2023-08-14,36
PROD-17,2023-08-15,31
PROD-17,2023-08-16,40
PROD-17,2023-08-17,34
PROD-17,2023-08-18,35
PROD-17,2023-08-19,34
PROD-17,2023-08-20,33
PROD-17,2023-08-21,36
PROD-17,2023-08-22,38
PROD-17,2023-08-23,33
PROD-17,2023-08-24,44
PROD-17,2023-08-25,32
PROD-17,2023-08-26,42
PROD-17,2023-08-27,32
PROD-17,2023-08-28,40
PROD-17,2023-08-29,46
PROD-17,2023-08-30,35
PROD-17,2023-08-31,44
PROD-17,2023-09-01,39
PROD-17,2023-09-02,31
PROD-17,2023-09-03,32
PROD-17,2023-09-04,34
PROD-17,2023-09-05,41
PROD-17,2023-09-06,34
PROD-17,2023-09-07,30
PROD-17,2023-09-08,33
PROD-17,2023-09-09,34
PROD-17,2023-09-10,31
PROD-17,2023-09-11,35
PROD-17,2023-09-12,37
PROD-17,2023-09-13,34
PROD-17,2023-09-14,43
PROD-17,2023-09-15,39
PROD-17,2023-09-16,41
PROD-17,2023-09-17,33
PROD-17,2023-09-18,35
PROD-17,2023-09-19,31
PROD-17,2023-09-20,32
PROD-17,2023-09-21,35
PROD-17,2023-09-22,44
PROD-17,2023-09-23,43
PROD-17,2023-09-24,37
PROD-17,2023-09-25,44
PROD-17,2023-09-26,36
PROD-17,2023-09-27,39
PROD-17,2023-09-28,30
PROD-17,2023-09-29,34
PROD-17,2023-09-30,37
PROD-17,2023-10-01,42
PROD-17,2023-10-02,36
PROD-17,2023-10-03,40
PROD-17,2023-10-04,45
PROD-17,2023-10-05,40
PROD-17,2023-10-06,34
PROD-17,2023-10-07,41
PROD-17,2023-10-08,40
PROD-17,2023-10-09,39
PROD-17,2023-10-10,43
PROD-17,2023-10-11,38
PROD-17,2023-10-12,39
PROD-17,2023-10-13,38
PROD-17,2023-10-14,36
PROD-17,2023-10-15,37
PROD-17,2023-10-16,32
PROD-17,2023-10-17,40
PROD-17,2023-10-18,31
PROD-17,2023-10-19,36
PROD-17,2023-10-20,32
PROD-17,2023-10-21,36
PROD-17,2023-10-22,46
PROD-17,2023-10-23,36
PROD-17,2023-10-24,40
PROD-17,2023-10-25,38
PROD-17,2023-10-26,35
PROD-17,2023-10-27,37
PROD-17,2023-10-28,40
PROD-17,2023-10-29,31
PROD-17,2023-10-30,32
PROD-17,2023-10-31,33
PROD-17,2023-11-01,42
PROD-17,2023-11-02,37
PROD-17,2023-11-03,41
PROD-17,2023-11-04,50
PROD-17,2023-11-05,52
PROD-17,2023-11-06,46
PROD-17,2023-11-07,50
PROD-17,2023-11-08,51
PROD-17,2023-11-09,40
PROD-17,2023-11-10,50
PROD-17,2023-11-11,36
PROD-17,2023-11-12,53
PROD-17,2023-11-13,49
PROD-17,2023-11-14,42
PROD-17,2023-11-15,38
PROD-17,2023-11-16,39
PROD-17,2023-11-17,50
PROD-17,2023-11-18,40
PROD-17,2023-11-19,39
PROD-17,2023-11-20,37
PROD-17,2023-11-21,41
PROD-17,2023-11-22,46
PROD-17,2023-11-23,41
PROD-17,2023-11-24,53
PROD-17,2023-11-25,52
PROD-17,2023-11-26,46
PROD-17,2023-11-27,47
PROD-17,2023-11-28,43
PROD-17,2023-11-29,38
PROD-17,2023-11-30,39
PROD-17,2023-12-01,54
PROD-17,2023-12-02,56
PROD-17,2023-12-03,54
PROD-17,2023-12-04,51
PROD-17,2023-12-05,62
PROD-17,2023-12-06,55
PROD-17,2023-12-07,53
PROD-17,2023-12-08,50
PROD-17,2023-12-09,55
PROD-17,2023-12-10,54
PROD-17,2023-12-11,54
PROD-17,2023-12-12,45
PROD-17,2023-12-13,54
PROD-17,2023-12-14,55
PROD-17,2023-12-15,52
PROD-17,2023-12-16,49
PROD-17,2023-12-17,60
PROD-17,2023-12-18,43
PROD-17,2023-12-19,46
PROD-17,2023-12-20,44
PROD-17,2023-12-21,44
PROD-17,2023-12-22,42
PROD-17,2023-12-23,47
PROD-17,2023-12-24,60
PROD-17,2023-12-25,54
PROD-17,2023-12-26,59
PROD-17,2023-12-27,52
PROD-17,2023-12-28,61
PROD-17,2023-12-29,43
PROD-17,2023-12-30,50
PROD-17,2023-12-31,49
PROD-17,2024-01-01,67
PROD-18,2023-01-01,67
PROD-18,2023-01-02,74
PROD-18,2023-01-03,71
PROD-18,2023-01-04,95
PROD-18,2023-01-05,88
PROD-18,2023-01-06,68
PROD-18,2023-01-07,65
PROD-18,2023-01-08,82
PROD-18,2023-01-09,85
PROD-18,2023-01-10,95
PROD-18,2023-01-11,76
PROD-18,2023-01-12,92
PROD-18,2023-01-13,69
PROD-18,2023-01-14,80
PROD-18,2023-01-15,66
PROD-18,2023-01-16,78
PROD-18,2023-01-17,81
PROD-18,2023-01-18,75
PROD-18,2023-01-19,75
PROD-18,2023-01-20,89
PROD-18,2023-01-21,78
PROD-18,2023-01-22,76
PROD-18,2023-01-23,84
PROD-18,2023-01-24,96
PROD-18,2023-01-25,70
PROD-18,2023-01-26,87
PROD-18,2023-01-27,92
PROD-18,2023-01-28,92
PROD-18,2023-01-29,74
PROD-18,2023-01-30,74
PROD-18,2023-01-31,70
PROD-18,2023-02-01,102
PROD-18,2023-02-02,72
PROD-18,2023-02-03,89
PROD-18,2023-02-04,100
PROD-18,2023-02-05,73
PROD-18,2023-02-06,90
PROD-18,2023-02-07,82
PROD-18,2023-02-08,107
PROD-18,2023-02-09,93
PROD-18,2023-02-10,90
PROD-18,2023-02-11,96
PROD-18,2023-02-12,100
PROD-18,2023-02-13,88
PROD-18,2023-02-14,92
PROD-18,2023-02-15,104
PROD-18,2023-02-16,86
PROD-18,2023-02-17,95
PROD-18,2023-02-18,74
PROD-18,2023-02-19,93
PROD-18,2023-02-20,107
PROD-18,2023-02-21,100
PROD-18,2023-02-22,87
PROD-18,2023-02-23,73
PROD-18,2023-02-24,85
PROD-18,2023-02-25,104
PROD-18,2023-02-26,94
PROD-18,2023-02-27,97
PROD-18,2023-02-28,76
PROD-18,2023-03-01,78
PROD-18,2023-03-02,88
PROD-18,2023-03-03,75
PROD-18,2023-03-04,93
PROD-18,2023-03-05,106
PROD-18,2023-03-06,94
PROD-18,2023-03-07,93
PROD-18,2023-03-08,78
PROD-18,2023-03-09,84
PROD-18,2023-03-10,108
PROD-18,2023-03-11,109
PROD-18,2023-03-12,87
PROD-18,2023-03-13,95
PROD-18,2023-03-14,77
PROD-18,2023-03-15,91
PROD-18,2023-03-16,108
PROD-18,2023-03-17,107
PROD-18,2023-03-18,90
PROD-18,2023-03-19,74
PROD-18,2023-03-20,84
PROD-18,2023-03-21,109
PROD-18,2023-03-22,76
PROD-18,2023-03-23,98
PROD-18,2023-03-24,104
PROD-18,2023-03-25,98
PROD-18,2023-03-26,85
PROD-18,2023-03-27,96
PROD-18,2023-03-28,92
PROD-18,2023-03-29,99
PROD-18,2023-03-30,98
PROD-18,2023-03-31,97
PROD-18,2023-04-01,96
PROD-18,2023-04-02,95
PROD-18,2023-04-03,83
PROD-18,2023-04-04,80
PROD-18,2023-04-05,100
PROD-18,2023-04-06,98
PROD-18,2023-04-07,77
PROD-18,2023-04-08,91
PROD-18,2023-04-09,105
PROD-18,2023-04-10,90
PROD-18,2023-04-11,84
PROD-18,2023-04-12,95
PROD-18,2023-04-13,78
PROD-18,2023-04-14,75
PROD-18,2023-04-15,74
PROD-18,2023-04-16,101
PROD-18,2023-04-17,78
PROD-18,2023-04-18,102
PROD-18,2023-04-19,97
PROD-18,2023-04-20,76
PROD-18,2023-04-21,92
PROD-18,2023-04-22,102
PROD-18,2023-04-23,89
PROD-18,2023-04-24,89
PROD-18,2023-04-25,94
PROD-18,2023-04-26,81
PROD-18,2023-04-27,86
PROD-18,2023-04-28,85
PROD-18,2023-04-29,76
PROD-18,2023-04-30,85
PROD-18,2023-05-01,78
PROD-18,2023-05-02,83
PROD-18,2023-05-03,87
PROD-18,2023-05-04,69
PROD-18,2023-05-05,96
PROD-18,2023-05-06,79
PROD-18,2023-05-07,83
PROD-18,2023-05-08,91
PROD-18,2023-05-09,90
PROD-18,2023-05-10,91
PROD-18,2023-05-11,96
PROD-18,2023-05-12,71
PROD-18,2023-05-13,72
PROD-18,2023-05-14,75
PROD-18,2023-05-15,89
PROD-18,2023-05-16,84
PROD-18,2023-05-17,77
PROD-18,2023-05-18,78
PROD-18,2023-05-19,79
PROD-18,2023-05-20,73
PROD-18,2023-05-21,79
PROD-18,2023-05-22,80
PROD-18,2023-05-23,94
PROD-18,2023-05-24,87
PROD-18,2023-05-25,75
PROD-18,2023-05-26,86
PROD-18,2023-05-27,78
PROD-18,2023-05-28,92
PROD-18,2023-05-29,91
PROD-18,2023-05-30,76
PROD-18,2023-05-31,73
PROD-18,2023-06-01,68
PROD-18,2023-06-02,78
PROD-18,2023-06-03,59
PROD-18,2023-06-04,60
PROD-18,2023-06-05,78
PROD-18,2023-06-06,69
PROD-18,2023-06-07,78
PROD-18,2023-06-08,65
PROD-18,2023-06-09,64
PROD-18,2023-06-10,68
PROD-18,2023-06-11,78
PROD-18,2023-06-12,81
PROD-18,2023-06-13,63
PROD-18,2023-06-14,57
PROD-18,2023-06-15,69
PROD-18,2023-06-16,80
PROD-18,2023-06-17,56
PROD-18,2023-06-18,64
PROD-18,2023-06-19,62
PROD-18,2023-06-20,84
PROD-18,2023-06-21,71
PROD-18,2023-06-22,65
PROD-18,2023-06-23,71
PROD-18,2023-06-24,61
PROD-18,2023-06-25,82
PROD-18,2023-06-26,59
PROD-18,2023-06-27,64
PROD-18,2023-06-28,63
PROD-18,2023-06-29,83
PROD-18,2023-06-30,83
PROD-18,2023-07-01,59
PROD-18,2023-07-02,69
PROD-18,2023-07-03,54
PROD-18,2023-07-04,66
PROD-18,2023-07-05,65
PROD-18,2023-07-06,53
PROD-18,2023-07-07,66
PROD-18,2023-07-08,61
PROD-18,2023-07-09,52
PROD-18,2023-07-10,60
PROD-18,2023-07-11,53
PROD-18,2023-07-12,50
PROD-18,2023-07-13,54
PROD-18,2023-07-14,49
PROD-18,2023-07-15,63
PROD-18,2023-07-16,49
PROD-18,2023-07-17,66
PROD-18,2023-07-18,51
PROD-18,2023-07-19,66
PROD-18,2023-07-20,60
PROD-18,2023-07-21,64
PROD-18,2023-07-22,54
PROD-18,2023-07-23,49
PROD-18,2023-07-24,58
PROD-18,2023-07-25,72
PROD-18,2023-07-26,66
PROD-18,2023-07-27,63
PROD-18,2023-07-28,72
PROD-18,2023-07-29,66
PROD-18,2023-07-30,49
PROD-18,2023-07-31,62
PROD-18,2023-08-01,60
PROD-18,2023-08-02,52
PROD-18,2023-08-03,62
PROD-18,2023-08-04,57
PROD-18,2023-08-05,56
PROD-18,2023-08-06,52
PROD-18,2023-08-07,42
PROD-18,2023-08-08,53
PROD-18,2023-08-09,49
PROD-18,2023-08-10,44
PROD-18,2023-08-11,46
PROD-18,2023-08-12,57
PROD-18,2023-08-13,45
PROD-18,2023-08-14,51
PROD-18,2023-08-15,45
PROD-18,2023-08-16,50
PROD-18,2023-08-17,43
PROD-18,2023-08-18,45
PROD-18,2023-08-19,62
PROD-18,2023-08-20,53
PROD-18,2023-08-21,59
PROD-18,2023-08-22,55
PROD-18,2023-08-23,54
PROD-18,2023-08-24,60
PROD-18,2023-08-25,51
PROD-18,2023-08-26,47
PROD-18,2023-08-27,56
PROD-18,2023-08-28,46
PROD-18,2023-08-29,62
PROD-18,2023-08-30,49
PROD-18,2023-08-31,45
PROD-18,2023-09-01,56
PROD-18,2023-09-02,41
PROD-18,2023-09-03,44
PROD-18,2023-09-04,50
PROD-18,2023-09-05,42
PROD-18,2023-09-06,53
PROD-18,2023-09-07,54
PROD-18,2023-09-08,57
PROD-18,2023-09-09,42
PROD-18,2023-09-10,56
PROD-18,2023-09-11,45
PROD-18,2023-09-12,44
PROD-18,2023-09-13,58
PROD-18,2023-09-14,48
PROD-18,2023-09-15,50
PROD-18,2023-09-16,55
PROD-18,2023-09-17,39
PROD-18,2023-09-18,41
PROD-18,2023-09-19,49
PROD-18,2023-09-20,50
PROD-18,2023-09-21,54
PROD-18,2023-09-22,47
PROD-18,2023-09-23,48
PROD-18,2023-09-24,51
PROD-18,2023-09-25,56
PROD-18,2023-09-26,43
PROD-18,2023-09-27,54
PROD-18,2023-09-28,53
PROD-18,2023-09-29,48
PROD-18,2023-09-30,55
PROD-18,2023-10-01,58
PROD-18,2023-10-02,49
PROD-18,2023-10-03,60
PROD-18,2023-10-04,48
PROD-18,2023-10-05,48
PROD-18,2023-10-06,57
PROD-18,2023-10-07,43
PROD-18,2023-10-08,61
PROD-18,2023-10-09,57
PROD-18,2023-10-10,43
PROD-18,2023-10-11,56
PROD-18,2023-10-12,44
PROD-18,2023-10-13,53
PROD-18,2023-10-14,59
PROD-18,2023-10-15,61
PROD-18,2023-10-16,61
PROD-18,2023-10-17,59
PROD-18,2023-10-18,49
PROD-18,2023-10-19,62
PROD-18,2023-10-20,45
PROD-18,2023-10-21,61
PROD-18,2023-10-22,43
PROD-18,2023-10-23,58
PROD-18,2023-10-24,52
PROD-18,2023-10-25,52
PROD-18,2023-10-26,43
PROD-18,2023-10-27,55
PROD-18,2023-10-28,48
PROD-18,2023-10-29,56
PROD-18,2023-10-30,48
PROD-18,2023-10-31,62
PROD-18,2023-11-01,60
PROD-18,2023-11-02,50
PROD-18,2023-11-03,68
PROD-18,2023-11-04,67
PROD-18,2023-11-05,64
PROD-18,2023-11-06,64
PROD-18,2023-11-07,65
PROD-18,2023-11-08,49
PROD-18,2023-11-09,55
PROD-18,2023-11-10,52
PROD-18,2023-11-11,57
PROD-18,2023-11-12,57
PROD-18,2023-11-13,59
PROD-18,2023-11-14,61
PROD-18,2023-11-15,65
PROD-18,2023-11-16,51
PROD-18,2023-11-17,64
PROD-18,2023-11-18,61
PROD-18,2023-11-19,68
PROD-18,2023-11-20,49
PROD-18,2023-11-21,50
PROD-18,2023-11-22,62
PROD-18,2023-11-23,60
PROD-18,2023-11-24,67
PROD-18,2023-11-25,67
PROD-18,2023-11-26,71
PROD-18,2023-11-27,69
PROD-18,2023-11-28,48
PROD-18,2023-11-29,55
PROD-18,2023-11-30,55
PROD-18,2023-12-01,66
PROD-18,2023-12-02,58
PROD-18,2023-12-03,68
PROD-18,2023-12-04,64
PROD-18,2023-12-05,68
PROD-18,2023-12-06,60
PROD-18,2023-12-07,83
PROD-18,2023-12-08,57
PROD-18,2023-12-09,70
PROD-18,2023-12-10,60
PROD-18,2023-12-11,64
PROD-18,2023-12-12,73
PROD-18,2023-12-13,75
PROD-18,2023-12-14,63
PROD-18,2023-12-15,84
PROD-18,2023-12-16,73
PROD-18,2023-12-17,68
PROD-18,2023-12-18,60
PROD-18,2023-12-19,82
PROD-18,2023-12-20,66
PROD-18,2023-12-21,61
PROD-18,2023-12-22,73
PROD-18,2023-12-23,83
PROD-18,2023-12-24,64
PROD-18,2023-12-25,76
PROD-18,2023-12-26,71
PROD-18,2023-12-27,85
PROD-18,2023-12-28,58
PROD-18,2023-12-29,83
PROD-18,2023-12-30,61
PROD-18,2023-12-31,59
PROD-18,2024-01-01,96
PROD-19,2023-01-01,80
PROD-19,2023-01-02,63
PROD-19,2023-01-03,77
PROD-19,2023-01-04,64
PROD-19,2023-01-05,71
PROD-19,2023-01-06,72
PROD-19,2023-01-07,59
PROD-19,2023-01-08,79
PROD-19,2023-01-09,66
PROD-19,2023-01-10,79
PROD-19,2023-01-11,64
PROD-19,2023-01-12,78
PROD-19,2023-01-13,81
PROD-19,2023-01-14,71
PROD-19,2023-01-15,70
PROD-19,2023-01-16,63
PROD-19,2023-01-17,59
PROD-19,2023-01-18,70
PROD-19,2023-01-19,60
PROD-19,2023-01-20,56
PROD-19,2023-01-21,66
PROD-19,2023-01-22,73
PROD-19,2023-01-23,59
PROD-19,2023-01-24,57
PROD-19,2023-01-25,59
PROD-19,2023-01-26,71
PROD-19,2023-01-27,60
PROD-19,2023-01-28,77
PROD-19,2023-01-29,57
PROD-19,2023-01-30,66
PROD-19,2023-01-31,62
PROD-19,2023-02-01,60
PROD-19,2023-02-02,83
PROD-19,2023-02-03,88
PROD-19,2023-02-04,78
PROD-19,2023-02-05,89
PROD-19,2023-02-06,83
PROD-19,2023-02-07,82
PROD-19,2023-02-08,64
PROD-19,2023-02-09,89
PROD-19,2023-02-10,78
PROD-19,2023-02-11,77
PROD-19,2023-02-12,69
PROD-19,2023-02-13,75
PROD-19,2023-02-14,83
PROD-19,2023-02-15,78
PROD-19,2023-02-16,83
PROD-19,2023-02-17,70
PROD-19,2023-02-18,61
PROD-19,2023-02-19,66
PROD-19,2023-02-20,63
PROD-19,2023-02-21,72
PROD-19,2023-02-22,70
PROD-19,2023-02-23,90
PROD-19,2023-02-24,61
PROD-19,2023-02-25,90
PROD-19,2023-02-26,72
PROD-19,2023-02-27,65
PROD-19,2023-02-28,67
PROD-19,2023-03-01,79
PROD-19,2023-03-02,63
PROD-19,2023-03-03,75
PROD-19,2023-03-04,92
PROD-19,2023-03-05,67
PROD-19,2023-03-06,89
PROD-19,2023-03-07,80
PROD-19,2023-03-08,90
PROD-19,2023-03-09,78
PROD-19,2023-03-10,65
PROD-19,2023-03-11,93
PROD-19,2023-03-12,63
PROD-19,2023-03-13,70
PROD-19,2023-03-14,81
PROD-19,2023-03-15,73
PROD-19,2023-03-16,64
PROD-19,2023-03-17,68
PROD-19,2023-03-18,86
PROD-19,2023-03-19,82
PROD-19,2023-03-20,90
PROD-19,2023-03-21,66
PROD-19,2023-03-22,74
PROD-19,2023-03-23,62
PROD-19,2023-03-24,88
PROD-19,2023-03-25,67
PROD-19,2023-03-26,83
PROD-19,2023-03-27,82
PROD-19,2023-03-28,92
PROD-19,2023-03-29,69
PROD-19,2023-03-30,85
PROD-19,2023-03-31,91
PROD-19,2023-04-01,69
PROD-19,2023-04-02,60
PROD-19,2023-04-03,79
PROD-19,2023-04-04,70
PROD-19,2023-04-05,83
PROD-19,2023-04-06,73
PROD-19,2023-04-07,76
PROD-19,2023-04-08,66
PROD-19,2023-04-09,81
PROD-19,2023-04-10,80
PROD-19,2023-04-11,74
PROD-19,2023-04-12,79
PROD-19,2023-04-13,86
PROD-19,2023-04-14,73
PROD-19,2023-04-15,69
PROD-19,2023-04-16,89
PROD-19,2023-04-17,73
PROD-19,2023-04-18,90
PROD-19,2023-04-19,68
PROD-19,2023-04-20,63
PROD-19,2023-04-21,60
PROD-19,2023-04-22,86
PROD-19,2023-04-23,61
PROD-19,2023-04-24,63
PROD-19,2023-04-25,77
PROD-19,2023-04-26,76
PROD-19,2023-04-27,62
PROD-19,2023-04-28,66
PROD-19,2023-04-29,78
PROD-19,2023-04-30,84
PROD-19,2023-05-01,63
PROD-19,2023-05-02,72
PROD-19,2023-05-03,73
PROD-19,2023-05-04,78
PROD-19,2023-05-05,60
PROD-19,2023-05-06,81
PROD-19,2023-05-07,63
PROD-19,2023-05-08,71
PROD-19,2023-05-09,74
PROD-19,2023-05-10,62
PROD-19,2023-05-11,77
PROD-19,2023-05-12,82
PROD-19,2023-05-13,71
PROD-19,2023-05-14,78
PROD-19,2023-05-15,64
PROD-19,2023-05-16,77
PROD-19,2023-05-17,62
PROD-19,2023-05-18,80
PROD-19,2023-05-19,64
PROD-19,2023-05-20,79
PROD-19,2023-05-21,65
PROD-19,2023-05-22,74
PROD-19,2023-05-23,76
PROD-19,2023-05-24,71
PROD-19,2023-05-25,61
PROD-19,2023-05-26,60
PROD-19,2023-05-27,70
PROD-19,2023-05-28,66
PROD-19,2023-05-29,73
PROD-19,2023-05-30,55
PROD-19,2023-05-31,71
PROD-19,2023-06-01,66
PROD-19,2023-06-02,50
PROD-19,2023-06-03,58
PROD-19,2023-06-04,61
PROD-19,2023-06-05,48
PROD-19,2023-06-06,63
PROD-19,2023-06-07,54
PROD-19,2023-06-08,64
PROD-19,2023-06-09,54
PROD-19,2023-06-10,50
PROD-19,2023-06-11,62
PROD-19,2023-06-12,68
PROD-19,2023-06-13,56
PROD-19,2023-06-14,60
PROD-19,2023-06-15,50
PROD-19,2023-06-16,48
PROD-19,2023-06-17,65
PROD-19,2023-06-18,53
PROD-19,2023-06-19,55
PROD-19,2023-06-20,61
PROD-19,2023-06-21,49
PROD-19,2023-06-22,56
PROD-19,2023-06-23,67
PROD-19,2023-06-24,71
PROD-19,2023-06-25,51
PROD-19,2023-06-26,62
PROD-19,2023-06-27,67
PROD-19,2023-06-28,68
PROD-19,2023-06-29,51
PROD-19,2023-06-30,52
PROD-19,2023-07-01,46
PROD-19,2023-07-02,47
PROD-19,2023-07-03,51
PROD-19,2023-07-04,61
PROD-19,2023-07-05,60
PROD-19,2023-07-06,48
PROD-19,2023-07-07,50
PROD-19,2023-07-08,53
PROD-19,2023-07-09,61
PROD-19,2023-07-10,59
PROD-19,2023-07-11,53
PROD-19,2023-07-12,44
PROD-19,2023-07-13,49
PROD-19,2023-07-14,55
PROD-19,2023-07-15,43
PROD-19,2023-07-16,60
PROD-19,2023-07-17,57
PROD-19,2023-07-18,55
PROD-19,2023-07-19,43
PROD-19,2023-07-20,42
PROD-19,2023-07-21,46
PROD-19,2023-07-22,47
PROD-19,2023-07-23,60
PROD-19,2023-07-24,54
PROD-19,2023-07-25,53
PROD-19,2023-07-26,47
PROD-19,2023-07-27,50
PROD-19,2023-07-28,57
PROD-19,2023-07-29,56
PROD-19,2023-07-30,58
PROD-19,2023-07-31,46
PROD-19,2023-08-01,41
PROD-19,2023-08-02,40
PROD-19,2023-08-03,42
PROD-19,2023-08-04,36
PROD-19,2023-08-05,50
PROD-19,2023-08-06,37
PROD-19,2023-08-07,36
PROD-19,2023-08-08,41
PROD-19,2023-08-09,44
PROD-19,2023-08-10,43
PROD-19,2023-08-11,52
PROD-19,2023-08-12,39
PROD-19,2023-08-13,53
PROD-19,2023-08-14,38
PROD-19,2023-08-15,51
PROD-19,2023-08-16,45
PROD-19,2023-08-17,49
PROD-19,2023-08-18,47
PROD-19,2023-08-19,42
PROD-19,2023-08-20,36
PROD-19,2023-08-21,38
PROD-19,2023-08-22,53
PROD-19,2023-08-23,41
PROD-19,2023-08-24,39
PROD-19,2023-08-25,40
PROD-19,2023-08-26,49
PROD-19,2023-08-27,37
PROD-19,2023-08-28,49
PROD-19,2023-08-29,47
PROD-19,2023-08-30,37
PROD-19,2023-08-31,41
PROD-19,2023-09-01,42
PROD-19,2023-09-02,43
PROD-19,2023-09-03,37
PROD-19,2023-09-04,45
PROD-19,2023-09-05,47
PROD-19,2023-09-06,46
PROD-19,2023-09-07,44
PROD-19,2023-09-08,48
PROD-19,2023-09-09,47
PROD-19,2023-09-10,42
PROD-19,2023-09-11,37
PROD-19,2023-09-12,46
PROD-19,2023-09-13,48
PROD-19,2023-09-14,46
PROD-19,2023-09-15,45
PROD-19,2023-09-16,42
PROD-19,2023-09-17,46
PROD-19,2023-09-18,35
PROD-19,2023-09-19,49
PROD-19,2023-09-20,49
PROD-19,2023-09-21,39
PROD-19,2023-09-22,48
PROD-19,2023-09-23,44
PROD-19,2023-09-24,49
PROD-19,2023-09-25,37
PROD-19,2023-09-26,46
PROD-19,2023-09-27,46
PROD-19,2023-09-28,47
PROD-19,2023-09-29,34
PROD-19,2023-09-30,47
PROD-19,2023-10-01,39
PROD-19,2023-10-02,52
PROD-19,2023-10-03,36
PROD-19,2023-10-04,41
PROD-19,2023-10-05,40
PROD-19,2023-10-06,36
PROD-19,2023-10-07,47
PROD-19,2023-10-08,42
PROD-19,2023-10-09,44
PROD-19,2023-10-10,47
PROD-19,2023-10-11,42
PROD-19,2023-10-12,47
PROD-19,2023-10-13,42
PROD-19,2023-10-14,40
PROD-19,2023-10-15,47
PROD-19,2023-10-16,36
PROD-19,2023-10-17,38
PROD-19,2023-10-18,36
PROD-19,2023-10-19,52
PROD-19,2023-10-20,37
PROD-19,2023-10-21,38
PROD-19,2023-10-22,39
PROD-19,2023-10-23,49
PROD-19,2023-10-24,39
PROD-19,2023-10-25,41
PROD-19,2023-10-26,49
PROD-19,2023-10-27,37
PROD-19,2023-10-28,52
PROD-19,2023-10-29,41
PROD-19,2023-10-30,45
PROD-19,2023-10-31,40
PROD-19,2023-11-01,52
PROD-19,2023-11-02,43
PROD-19,2023-11-03,46
PROD-19,2023-11-04,60
PROD-19,2023-11-05,56
PROD-19,2023-11-06,53
PROD-19,2023-11-07,60
PROD-19,2023-11-08,49
PROD-19,2023-11-09,44
PROD-19,2023-11-10,51
PROD-19,2023-11-11,52
PROD-19,2023-11-12,43
PROD-19,2023-11-13,40
PROD-19,2023-11-14,53
PROD-19,2023-11-15,45
PROD-19,2023-11-16,59
PROD-19,2023-11-17,52
PROD-19,2023-11-18,49
PROD-19,2023-11-19,59
PROD-19,2023-11-20,50
PROD-19,2023-11-21,58
PROD-19,2023-11-22,41
PROD-19,2023-11-23,45
PROD-19,2023-11-24,42
PROD-19,2023-11-25,44
PROD-19,2023-11-26,59
PROD-19,2023-11-27,43
PROD-19,2023-11-28,41
PROD-19,2023-11-29,43
PROD-19,2023-11-30,53
PROD-19,2023-12-01,50
PROD-19,2023-12-02,71
PROD-19,2023-12-03,71
PROD-19,2023-12-04,65
PROD-19,2023-12-05,61
PROD-19,2023-12-06,64
PROD-19,2023-12-07,58
PROD-19,2023-12-08,65
PROD-19,2023-12-09,70
PROD-19,2023-12-10,64
PROD-19,2023-12-11,69
PROD-19,2023-12-12,59
PROD-19,2023-12-13,64
PROD-19,2023-12-14,52
PROD-19,2023-12-15,67
PROD-19,2023-12-16,57
PROD-19,2023-12-17,56
PROD-19,2023-12-18,67
PROD-19,2023-12-19,57
PROD-19,2023-12-20,60
PROD-19,2023-12-21,53
PROD-19,2023-12-22,54
PROD-19,2023-12-23,66
PROD-19,2023-12-24,59
PROD-19,2023-12-25,53
PROD-19,2023-12-26,52
PROD-19,2023-12-27,53
PROD-19,2023-12-28,61
PROD-19,2023-12-29,50
PROD-19,2023-12-30,59
PROD-19,2023-12-31,49
PROD-19,2024-01-01,58
PROD-20,2023-01-01,163
PROD-20,2023-01-02,152
PROD-20,2023-01-03,127
PROD-20,2023-01-04,136
PROD-20,2023-01-05,142
PROD-20,2023-01-06,174
PROD-20,2023-01-07,179
PROD-20,2023-01-08,173
PROD-20,2023-01-09,130
PROD-20,2023-01-10,130
PROD-20,2023-01-11,135
PROD-20,2023-01-12,129
PROD-20,2023-01-13,182
PROD-20,2023-01-14,173
PROD-20,2023-01-15,143
PROD-20,2023-01-16,161
PROD-20,2023-01-17,149
PROD-20,2023-01-18,176
PROD-20,2023-01-19,125
PROD-20,2023-01-20,128
PROD-20,2023-01-21,139
PROD-20,2023-01-22,152
PROD-20,2023-01-23,177
PROD-20,2023-01-24,176
PROD-20,2023-01-25,176
PROD-20,2023-01-26,176
PROD-20,2023-01-27,139
PROD-20,2023-01-28,154
PROD-20,2023-01-29,167
PROD-20,2023-01-30,144
PROD-20,2023-01-31,162
PROD-20,2023-02-01,144
PROD-20,2023-02-02,144
PROD-20,2023-02-03,147
PROD-20,2023-02-04,157
PROD-20,2023-02-05,186
PROD-20,2023-02-06,180
PROD-20,2023-02-07,175
PROD-20,2023-02-08,162
PROD-20,2023-02-09,143
PROD-20,2023-02-10,144
PROD-20,2023-02-11,186
PROD-20,2023-02-12,167
PROD-20,2023-02-13,173
PROD-20,2023-02-14,189
PROD-20,2023-02-15,185
PROD-20,2023-02-16,153
PROD-20,2023-02-17,164
PROD-20,2023-02-18,194
PROD-20,2023-02-19,172
PROD-20,2023-02-20,190
PROD-20,2023-02-21,196
PROD-20,2023-02-22,171
PROD-20,2023-02-23,138
PROD-20,2023-02-24,139
PROD-20,2023-02-25,197
PROD-20,2023-02-26,141
PROD-20,2023-02-27,149
PROD-20,2023-02-28,176
PROD-20,2023-03-01,186
PROD-20,2023-03-02,148
PROD-20,2023-03-03,203
PROD-20,2023-03-04,141
PROD-20,2023-03-05,174
PROD-20,2023-03-06,193
PROD-20,2023-03-07,188
PROD-20,2023-03-08,185
PROD-20,2023-03-09,170
PROD-20,2023-03-10,176
PROD-20,2023-03-11,154
PROD-20,2023-03-12,198
PROD-20,2023-03-13,193
PROD-20,2023-03-14,184
PROD-20,2023-03-15,139
PROD-20,2023-03-16,195
PROD-20,2023-03-17,157
PROD-20,2023-03-18,177
PROD-20,2023-03-19,193
PROD-20,2023-03-20,176
PROD-20,2023-03-21,162
PROD-20,2023-03-22,178
PROD-20,2023-03-23,201
PROD-20,2023-03-24,147
PROD-20,2023-03-25,180
PROD-20,2023-03-26,141
PROD-20,2023-03-27,139
PROD-20,2023-03-28,164
PROD-20,2023-03-29,186
PROD-20,2023-03-30,173
PROD-20,2023-03-31,197
PROD-20,2023-04-01,171
PROD-20,2023-04-02,164
PROD-20,2023-04-03,152
PROD-20,2023-04-04,183
PROD-20,2023-04-05,193
PROD-20,2023-04-06,196
PROD-20,2023-04-07,152
PROD-20,2023-04-08,147
PROD-20,2023-04-09,161
PROD-20,2023-04-10,186
PROD-20,2023-04-11,168
PROD-20,2023-04-12,183
PROD-20,2023-04-13,192
PROD-20,2023-04-14,142
PROD-20,2023-04-15,177
PROD-20,2023-04-16,140
PROD-20,2023-04-17,157
PROD-20,2023-04-18,199
PROD-20,2023-04-19,160
PROD-20,2023-04-20,175
PROD-20,2023-04-21,192
PROD-20,2023-04-22,141
PROD-20,2023-04-23,138
PROD-20,2023-04-24,167
PROD-20,2023-04-25,151
PROD-20,2023-04-26,144
PROD-20,2023-04-27,141
PROD-20,2023-04-28,143
PROD-20,2023-04-29,170
PROD-20,2023-04-30,139
PROD-20,2023-05-01,175
PROD-20,2023-05-02,150
PROD-20,2023-05-03,146
PROD-20,2023-05-04,156
PROD-20,2023-05-05,161
PROD-20,2023-05-06,173
PROD-20,2023-05-07,140
PROD-20,2023-05-08,161
PROD-20,2023-05-09,147
PROD-20,2023-05-10,127
PROD-20,2023-05-11,178
PROD-20,2023-05-12,136
PROD-20,2023-05-13,176
PROD-20,2023-05-14,173
PROD-20,2023-05-15,129
PROD-20,2023-05-16,144
PROD-20,2023-05-17,134
PROD-20,2023-05-18,138
PROD-20,2023-05-19,149
PROD-20,2023-05-20,134
PROD-20,2023-05-21,122
PROD-20,2023-05-22,138
PROD-20,2023-05-23,165
PROD-20,2023-05-24,182
PROD-20,2023-05-25,168
PROD-20,2023-05-26,179
PROD-20,2023-05-27,180
PROD-20,2023-05-28,143
PROD-20,2023-05-29,167
PROD-20,2023-05-30,146
PROD-20,2023-05-31,157
PROD-20,2023-06-01,150
PROD-20,2023-06-02,118
PROD-20,2023-06-03,144
PROD-20,2023-06-04,151
PROD-20,2023-06-05,143
PROD-20,2023-06-06,143
PROD-20,2023-06-07,158
PROD-20,2023-06-08,140
PROD-20,2023-06-09,152
PROD-20,2023-06-10,110
PROD-20,2023-06-11,108
PROD-20,2023-06-12,119
PROD-20,2023-06-13,135
PROD-20,2023-06-14,114
PROD-20,2023-06-15,142
PROD-20,2023-06-16,154
PROD-20,2023-06-17,149
PROD-20,2023-06-18,113
PROD-20,2023-06-19,144
PROD-20,2023-06-20,116
PROD-20,2023-06-21,149
PROD-20,2023-06-22,123
PROD-20,2023-06-23,149
PROD-20,2023-06-24,123
PROD-20,2023-06-25,156
PROD-20,2023-06-26,137
PROD-20,2023-06-27,134
PROD-20,2023-06-28,124
PROD-20,2023-06-29,148
PROD-20,2023-06-30,114
PROD-20,2023-07-01,133
PROD-20,2023-07-02,90
PROD-20,2023-07-03,92
PROD-20,2023-07-04,124
PROD-20,2023-07-05,121
PROD-20,2023-07-06,100
PROD-20,2023-07-07,111
PROD-20,2023-07-08,97
PROD-20,2023-07-09,106
PROD-20,2023-07-10,124
PROD-20,2023-07-11,114
PROD-20,2023-07-12,120
PROD-20,2023-07-13,108
PROD-20,2023-07-14,98
PROD-20,2023-07-15,102
PROD-20,2023-07-16,131
PROD-20,2023-07-17,103
PROD-20,2023-07-18,132
PROD-20,2023-07-19,101
PROD-20,2023-07-20,103
PROD-20,2023-07-21,117
PROD-20,2023-07-22,92
PROD-20,2023-07-23,114
PROD-20,2023-07-24,115
PROD-20,2023-07-25,131
PROD-20,2023-07-26,109
PROD-20,2023-07-27,94
PROD-20,2023-07-28,95
PROD-20,2023-07-29,91
PROD-20,2023-07-30,108
PROD-20,2023-07-31,119
PROD-20,2023-08-01,84
PROD-20,2023-08-02,116
PROD-20,2023-08-03,81
PROD-20,2023-08-04,93
PROD-20,2023-08-05,86
PROD-20,2023-08-06,108
PROD-20,2023-08-07,94
PROD-20,2023-08-08,116
PROD-20,2023-08-09,115
PROD-20,2023-08-10,110
PROD-20,2023-08-11,86
PROD-20,2023-08-12,116
PROD-20,2023-08-13,106
PROD-20,2023-08-14,99
PROD-20,2023-08-15,112
PROD-20,2023-08-16,110
PROD-20,2023-08-17,94
PROD-20,2023-08-18,112
PROD-20,2023-08-19,92
PROD-20,2023-08-20,106
PROD-20,2023-08-21,106
PROD-20,2023-08-22,85
PROD-20,2023-08-23,102
PROD-20,2023-08-24,96
PROD-20,2023-08-25,81
PROD-20,2023-08-26,108
PROD-20,2023-08-27,94
PROD-20,2023-08-28,81
PROD-20,2023-08-29,97
PROD-20,2023-08-30,79
PROD-20,2023-08-31,80
PROD-20,2023-09-01,110
PROD-20,2023-09-02,75
PROD-20,2023-09-03,98
PROD-20,2023-09-04,107
PROD-20,2023-09-05,84
PROD-20,2023-09-06,74
PROD-20,2023-09-07,95
PROD-20,2023-09-08,83
PROD-20,2023-09-09,94
PROD-20,2023-09-10,99
PROD-20,2023-09-11,99
PROD-20,2023-09-12,93
PROD-20,2023-09-13,81
PROD-20,2023-09-14,93
PROD-20,2023-09-15,86
PROD-20,2023-09-16,94
PROD-20,2023-09-17,85
PROD-20,2023-09-18,75
PROD-20,2023-09-19,111
PROD-20,2023-09-20,94
PROD-20,2023-09-21,109
PROD-20,2023-09-22,83
PROD-20,2023-09-23,101
PROD-20,2023-09-24,92
PROD-20,2023-09-25,110
PROD-20,2023-09-26,89
PROD-20,2023-09-27,88
PROD-20,2023-09-28,111
PROD-20,2023-09-29,97
PROD-20,2023-09-30,108
PROD-20,2023-10-01,98
PROD-20,2023-10-02,92
PROD-20,2023-10-03,103
PROD-20,2023-10-04,112
PROD-20,2023-10-05,87
PROD-20,2023-10-06,102
PROD-20,2023-10-07,97
PROD-20,2023-10-08,97
PROD-20,2023-10-09,91
PROD-20,2023-10-10,107
PROD-20,2023-10-11,115
PROD-20,2023-10-12,86
PROD-20,2023-10-13,104
PROD-20,2023-10-14,82
PROD-20,2023-10-15,113
PROD-20,2023-10-16,107
PROD-20,2023-10-17,89
PROD-20,2023-10-18,91
PROD-20,2023-10-19,104
PROD-20,2023-10-20,102
PROD-20,2023-10-21,106
PROD-20,2023-10-22,96
PROD-20,2023-10-23,104
PROD-20,2023-10-24,117
PROD-20,2023-10-25,81
PROD-20,2023-10-26,86
PROD-20,2023-10-27,116
PROD-20,2023-10-28,87
PROD-20,2023-10-29,81
PROD-20,2023-10-30,113
PROD-20,2023-10-31,94
PROD-20,2023-11-01,90
PROD-20,2023-11-02,109
PROD-20,2023-11-03,107
PROD-20,2023-11-04,91
PROD-20,2023-11-05,124
PROD-20,2023-11-06,117
PROD-20,2023-11-07,113
PROD-20,2023-11-08,106
PROD-20,2023-11-09,102
PROD-20,2023-11-10,102
PROD-20,2023-11-11,133
PROD-20,2023-11-12,106
PROD-20,2023-11-13,91
PROD-20,2023-11-14,130
PROD-20,2023-11-15,120
PROD-20,2023-11-16,121
PROD-20,2023-11-17,108
PROD-20,2023-11-18,120
PROD-20,2023-11-19,101
PROD-20,2023-11-20,104
PROD-20,2023-11-21,100
PROD-20,2023-11-22,125
PROD-20,2023-11-23,126
PROD-20,2023-11-24,124
PROD-20,2023-11-25,101
PROD-20,2023-11-26,132
PROD-20,2023-11-27,104
PROD-20,2023-11-28,113
PROD-20,2023-11-29,93
PROD-20,2023-11-30,113
PROD-20,2023-12-01,128
PROD-20,2023-12-02,139
PROD-20,2023-12-03,146
PROD-20,2023-12-04,127
PROD-20,2023-12-05,125
PROD-20,2023-12-06,156
PROD-20,2023-12-07,158
PROD-20,2023-12-08,154
PROD-20,2023-12-09,149
PROD-20,2023-12-10,154
PROD-20,2023-12-11,120
PROD-20,2023-12-12,117
PROD-20,2023-12-13,135
PROD-20,2023-12-14,145
PROD-20,2023-12-15,148
PROD-20,2023-12-16,124
PROD-20,2023-12-17,153
PROD-20,2023-12-18,144
PROD-20,2023-12-19,134
PROD-20,2023-12-20,137
PROD-20,2023-12-21,146
PROD-20,2023-12-22,117
PROD-20,2023-12-23,147
PROD-20,2023-12-24,142
PROD-20,2023-12-25,113
PROD-20,2023-12-26,137
PROD-20,2023-12-27,113
PROD-20,2023-12-28,114
PROD-20,2023-12-29,134
PROD-20,2023-12-30,138
PROD-20,2023-12-31,138
PROD-20,2024-01-01,147
PROD-21,2023-01-01,241
PROD-21,2023-01-02,234
PROD-21,2023-01-03,237
PROD-21,2023-01-04,219
PROD-21,2023-01-05,209
PROD-21,2023-01-06,222
PROD-21,2023-01-07,221
PROD-21,2023-01-08,232
PROD-21,2023-01-09,168
PROD-21,2023-01-10,227
PROD-21,2023-01-11,246
PROD-21,2023-01-12,230
PROD-21,2023-01-13,185
PROD-21,2023-01-14,214
PROD-21,2023-01-15,224
PROD-21,2023-01-16,208
PROD-21,2023-01-17,232
PROD-21,2023-01-18,238
PROD-21,2023-01-19,193
PROD-21,2023-01-20,212
PROD-21,2023-01-21,188
PROD-21,2023-01-22,200
PROD-21,2023-01-23,180
PROD-21,2023-01-24,188
PROD-21,2023-01-25,240
PROD-21,2023-01-26,168
PROD-21,2023-01-27,214
PROD-21,2023-01-28,224
PROD-21,2023-01-29,246
PROD-21,2023-01-30,200
PROD-21,2023-01-31,237
PROD-21,2023-02-01,190
PROD-21,2023-02-02,246
PROD-21,2023-02-03,215
PROD-21,2023-02-04,211
PROD-21,2023-02-05,264
PROD-21,2023-02-06,229
PROD-21,2023-02-07,251
PROD-21,2023-02-08,232
PROD-21,2023-02-09,241
PROD-21,2023-02-10,256
PROD-21,2023-02-11,258
PROD-21,2023-02-12,270
PROD-21,2023-02-13,219
PROD-21,2023-02-14,253
PROD-21,2023-02-15,196
PROD-21,2023-02-16,208
PROD-21,2023-02-17,210
PROD-21,2023-02-18,250
PROD-21,2023-02-19,187
PROD-21,2023-02-20,200
PROD-21,2023-02-21,219
PROD-21,2023-02-22,217
PROD-21,2023-02-23,239
PROD-21,2023-02-24,202
PROD-21,2023-02-25,249
PROD-21,2023-02-26,206
PROD-21,2023-02-27,257
PROD-21,2023-02-28,233
PROD-21,2023-03-01,269
PROD-21,2023-03-02,213
PROD-21,2023-03-03,214
PROD-21,2023-03-04,228
PROD-21,2023-03-05,195
PROD-21,2023-03-06,204
PROD-21,2023-03-07,254
PROD-21,2023-03-08,233
PROD-21,2023-03-09,252
PROD-21,2023-03-10,219
PROD-21,2023-03-11,218
PROD-21,2023-03-12,214
PROD-21,2023-03-13,270
PROD-21,2023-03-14,246
PROD-21,2023-03-15,224
PROD-21,2023-03-16,235
PROD-21,2023-03-17,229
PROD-21,2023-03-18,224
PROD-21,2023-03-19,267
PROD-21,2023-03-20,243
PROD-21,2023-03-21,202
PROD-21,2023-03-22,240
PROD-21,2023-03-23,223
PROD-21,2023-03-24,200
PROD-21,2023-03-25,190
PROD-21,2023-03-26,218
PROD-21,2023-03-27,262
PROD-21,2023-03-28,213
PROD-21,2023-03-29,216
PROD-21,2023-03-30,266
PROD-21,2023-03-31,273
PROD-21,2023-04-01,221
PROD-21,2023-04-02,204
PROD-21,2023-04-03,272
PROD-21,2023-04-04,189
PROD-21,2023-04-05,240
PROD-21,2023-04-06,269
PROD-21,2023-04-07,256
PROD-21,2023-04-08,216
PROD-21,2023-04-09,212
PROD-21,2023-04-10,218
PROD-21,2023-04-11,223
PROD-21,2023-04-12,206
PROD-21,2023-04-13,219
PROD-21,2023-04-14,263
PROD-21,2023-04-15,204
PROD-21,2023-04-16,256
PROD-21,2023-04-17,184
PROD-21,2023-04-18,225
PROD-21,2023-04-19,258
PROD-21,2023-04-20,240
PROD-21,2023-04-21,184
PROD-21,2023-04-22,221
PROD-21,2023-04-23,258
PROD-21,2023-04-24,272
PROD-21,2023-04-25,264
PROD-21,2023-04-26,202
PROD-21,2023-04-27,233
PROD-21,2023-04-28,262
PROD-21,2023-04-29,255
PROD-21,2023-04-30,201
PROD-21,2023-05-01,199
PROD-21,2023-05-02,205
PROD-21,2023-05-03,212
PROD-21,2023-05-04,198
PROD-21,2023-05-05,230
PROD-21,2023-05-06,198
PROD-21,2023-05-07,180
PROD-21,2023-05-08,173
PROD-21,2023-05-09,176
PROD-21,2023-05-10,236
PROD-21,2023-05-11,241
PROD-21,2023-05-12,186
PROD-21,2023-05-13,249
PROD-21,2023-05-14,229
PROD-21,2023-05-15,181
PROD-21,2023-05-16,197
PROD-21,2023-05-17,196
PROD-21,2023-05-18,231
PROD-21,2023-05-19,172
PROD-21,2023-05-20,231
PROD-21,2023-05-21,168
PROD-21,2023-05-22,213
PROD-21,2023-05-23,225
PROD-21,2023-05-24,245
PROD-21,2023-05-25,204
PROD-21,2023-05-26,220
PROD-21,2023-05-27,202
PROD-21,2023-05-28,235
PROD-21,2023-05-29,207
PROD-21,2023-05-30,169
PROD-21,2023-05-31,204
PROD-21,2023-06-01,198
PROD-21,2023-06-02,157
PROD-21,2023-06-03,209
PROD-21,2023-06-04,203
PROD-21,2023-06-05,157
PROD-21,2023-06-06,212
PROD-21,2023-06-07,216
PROD-21,2023-06-08,192
PROD-21,2023-06-09,173
PROD-21,2023-06-10,196
PROD-21,2023-06-11,148
PROD-21,2023-06-12,151
PROD-21,2023-06-13,209
PROD-21,2023-06-14,167
PROD-21,2023-06-15,183
PROD-21,2023-06-16,148
PROD-21,2023-06-17,197
PROD-21,2023-06-18,215
PROD-21,2023-06-19,200
PROD-21,2023-06-20,159
PROD-21,2023-06-21,151
PROD-21,2023-06-22,211
PROD-21,2023-06-23,212
PROD-21,2023-06-24,193
PROD-21,2023-06-25,149
PROD-21,2023-06-26,194
PROD-21,2023-06-27,159
PROD-21,2023-06-28,210
PROD-21,2023-06-29,156
PROD-21,2023-06-30,163
PROD-21,2023-07-01,133
PROD-21,2023-07-02,175
PROD-21,2023-07-03,183
PROD-21,2023-07-04,181
PROD-21,2023-07-05,134
PROD-21,2023-07-06,137
PROD-21,2023-07-07,133
PROD-21,2023-07-08,132
PROD-21,2023-07-09,133
PROD-21,2023-07-10,146
PROD-21,2023-07-11,165
PROD-21,2023-07-12,170
PROD-21,2023-07-13,145
PROD-21,2023-07-14,180
PROD-21,2023-07-15,154
PROD-21,2023-07-16,133
PROD-21,2023-07-17,138
PROD-21,2023-07-18,136
PROD-21,2023-07-19,158
PROD-21,2023-07-20,153
PROD-21,2023-07-21,170
PROD-21,2023-07-22,135
PROD-21,2023-07-23,178
PROD-21,2023-07-24,176
PROD-21,2023-07-25,138
PROD-21,2023-07-26,176
PROD-21,2023-07-27,147
PROD-21,2023-07-28,136
PROD-21,2023-07-29,153
PROD-21,2023-07-30,127
PROD-21,2023-07-31,162
PROD-21,2023-08-01,108
PROD-21,2023-08-02,151
PROD-21,2023-08-03,124
PROD-21,2023-08-04,112
PROD-21,2023-08-05,160
PROD-21,2023-08-06,139
PROD-21,2023-08-07,121
PROD-21,2023-08-08,152
PROD-21,2023-08-09,119
PROD-21,2023-08-10,112
PROD-21,2023-08-11,139
PROD-21,2023-08-12,160
PROD-21,2023-08-13,136
PROD-21,2023-08-14,115
PROD-21,2023-08-15,143
PROD-21,2023-08-16,113
PROD-21,2023-08-17,118
PROD-21,2023-08-18,144
PROD-21,2023-08-19,149
PROD-21,2023-08-20,110
PROD-21,2023-08-21,133
PROD-21,2023-08-22,131
PROD-21,2023-08-23,139
PROD-21,2023-08-24,148
PROD-21,2023-08-25,137
PROD-21,2023-08-26,136
PROD-21,2023-08-27,153
PROD-21,2023-08-28,111
PROD-21,2023-08-29,113
PROD-21,2023-08-30,115
PROD-21,2023-08-31,150
PROD-21,2023-09-01,127
PROD-21,2023-09-02,133
PROD-21,2023-09-03,103
PROD-21,2023-09-04,148
PROD-21,2023-09-05,112
PROD-21,2023-09-06,135
PROD-21,2023-09-07,112
PROD-21,2023-09-08,145
PROD-21,2023-09-09,113
PROD-21,2023-09-10,113
PROD-21,2023-09-11,131
PROD-21,2023-09-12,127
PROD-21,2023-09-13,119
PROD-21,2023-09-14,150
PROD-21,2023-09-15,130
PROD-21,2023-09-16,134
PROD-21,2023-09-17,127
PROD-21,2023-09-18,107
PROD-21,2023-09-19,124
PROD-21,2023-09-20,115
PROD-21,2023-09-21,131
PROD-21,2023-09-22,143
PROD-21,2023-09-23,118
PROD-21,2023-09-24,149
PROD-21,2023-09-25,131
PROD-21,2023-09-26,134
PROD-21,2023-09-27,142
PROD-21,2023-09-28,130
PROD-21,2023-09-29,114
PROD-21,2023-09-30,120
PROD-21,2023-10-01,144
PROD-21,2023-10-02,110
PROD-21,2023-10-03,124
PROD-21,2023-10-04,147
PROD-21,2023-10-05,133
PROD-21,2023-10-06,144
PROD-21,2023-10-07,122
PROD-21,2023-10-08,123
PROD-21,2023-10-09,113
PROD-21,2023-10-10,140
PROD-21,2023-10-11,160
PROD-21,2023-10-12,113
PROD-21,2023-10-13,119
PROD-21,2023-10-14,141
PROD-21,2023-10-15,148
PROD-21,2023-10-16,115
PROD-21,2023-10-17,124
PROD-21,2023-10-18,152
PROD-21,2023-10-19,155
PROD-21,2023-10-20,119
PROD-21,2023-10-21,127
PROD-21,2023-10-22,118
PROD-21,2023-10-23,125
PROD-21,2023-10-24,138
PROD-21,2023-10-25,154
PROD-21,2023-10-26,150
PROD-21,2023-10-27,140
PROD-21,2023-10-28,140
PROD-21,2023-10-29,126
PROD-21,2023-10-30,148
PROD-21,2023-10-31,127
PROD-21,2023-11-01,141
PROD-21,2023-11-02,162
PROD-21,2023-11-03,154
PROD-21,2023-11-04,142
PROD-21,2023-11-05,125
PROD-21,2023-11-06,138
PROD-21,2023-11-07,129
PROD-21,2023-11-08,139
PROD-21,2023-11-09,150
PROD-21,2023-11-10,125
PROD-21,2023-11-11,173
PROD-21,2023-11-12,126
PROD-21,2023-11-13,132
PROD-21,2023-11-14,151
PROD-21,2023-11-15,150
PROD-21,2023-11-16,180
PROD-21,2023-11-17,179
PROD-21,2023-11-18,132
PROD-21,2023-11-19,137
PROD-21,2023-11-20,169
PROD-21,2023-11-21,183
PROD-21,2023-11-22,153
PROD-21,2023-11-23,154
PROD-21,2023-11-24,138
PROD-21,2023-11-25,127
PROD-21,2023-11-26,172
PROD-21,2023-11-27,145
PROD-21,2023-11-28,149
PROD-21,2023-11-29,179
PROD-21,2023-11-30,132
PROD-21,2023-12-01,204
PROD-21,2023-12-02,210
PROD-21,2023-12-03,215
PROD-21,2023-12-04,192
PROD-21,2023-12-05,199
PROD-21,2023-12-06,210
PROD-21,2023-12-07,216
PROD-21,2023-12-08,188
PROD-21,2023-12-09,181
PROD-21,2023-12-10,173
PROD-21,2023-12-11,189
PROD-21,2023-12-12,207
PROD-21,2023-12-13,164
PROD-21,2023-12-14,194
PROD-21,2023-12-15,192
PROD-21,2023-12-16,200
PROD-21,2023-12-17,161
PROD-21,2023-12-18,208
PROD-21,2023-12-19,168
PROD-21,2023-12-20,153
PROD-21,2023-12-21,211
PROD-21,2023-12-22,193
PROD-21,2023-12-23,204
PROD-21,2023-12-24,161
PROD-21,2023-12-25,175
PROD-21,2023-12-26,171
PROD-21,2023-12-27,161
PROD-21,2023-12-28,197
PROD-21,2023-12-29,212
PROD-21,2023-12-30,186
PROD-21,2023-12-31,171
PROD-21,2024-01-01,168
PROD-22,2023-01-01,132
PROD-22,2023-01-02,132
PROD-22,2023-01-03,114
PROD-22,2023-01-04,117
PROD-22,2023-01-05,100
PROD-22,2023-01-06,141
PROD-22,2023-01-07,101
PROD-22,2023-01-08,99
PROD-22,2023-01-09,119
PROD-22,2023-01-10,99
PROD-22,2023-01-11,131
PROD-22,2023-01-12,125
PROD-22,2023-01-13,131
PROD-22,2023-01-14,116
PROD-22,2023-01-15,117
PROD-22,2023-01-16,96
PROD-22,2023-01-17,101
PROD-22,2023-01-18,111
PROD-22,2023-01-19,142
PROD-22,2023-01-20,127
PROD-22,2023-01-21,108
PROD-22,2023-01-22,114
PROD-22,2023-01-23,101
PROD-22,2023-01-24,113
PROD-22,2023-01-25,119
PROD-22,2023-01-26,116
PROD-22,2023-01-27,127
PROD-22,2023-01-28,120
PROD-22,2023-01-29,128
PROD-22,2023-01-30,139
PROD-22,2023-01-31,141
PROD-22,2023-02-01,132
PROD-22,2023-02-02,150
PROD-22,2023-02-03,109
PROD-22,2023-02-04,138
PROD-22,2023-02-05,131
PROD-22,2023-02-06,154
PROD-22,2023-02-07,150
PROD-22,2023-02-08,116
PROD-22,2023-02-09,119
PROD-22,2023-02-10,150
PROD-22,2023-02-11,127
PROD-22,2023-02-12,118
PROD-22,2023-02-13,153
PROD-22,2023-02-14,119
PROD-22,2023-02-15,119
PROD-22,2023-02-16,131
PROD-22,2023-02-17,108
PROD-22,2023-02-18,105
PROD-22,2023-02-19,155
PROD-22,2023-02-20,125
PROD-22,2023-02-21,142
PROD-22,2023-02-22,107
PROD-22,2023-02-23,129
PROD-22,2023-02-24,106
PROD-22,2023-02-25,105
PROD-22,2023-02-26,120
PROD-22,2023-02-27,142
PROD-22,2023-02-28,117
PROD-22,2023-03-01,108
PROD-22,2023-03-02,130
PROD-22,2023-03-03,117
PROD-22,2023-03-04,121
PROD-22,2023-03-05,139
PROD-22,2023-03-06,130
PROD-22,2023-03-07,153
PROD-22,2023-03-08,115
PROD-22,2023-03-09,111
PROD-22,2023-03-10,133
PROD-22,2023-03-11,114
PROD-22,2023-03-12,151
PROD-22,2023-03-13,114
PROD-22,2023-03-14,118
PROD-22,2023-03-15,155
PROD-22,2023-03-16,143
PROD-22,2023-03-17,139
PROD-22,2023-03-18,136
PROD-22,2023-03-19,126
PROD-22,2023-03-20,148
PROD-22,2023-03-21,137
PROD-22,2023-03-22,128
PROD-22,2023-03-23,154
PROD-22,2023-03-24,115
PROD-22,2023-03-25,137
PROD-22,2023-03-26,131
PROD-22,2023-03-27,137
PROD-22,2023-03-28,141
PROD-22,2023-03-29,149
PROD-22,2023-03-30,144
PROD-22,2023-03-31,114
PROD-22,2023-04-01,138
PROD-22,2023-04-02,151
PROD-22,2023-04-03,134
PROD-22,2023-04-04,142
PROD-22,2023-04-05,130
PROD-22,2023-04-06,132
PROD-22,2023-04-07,139
PROD-22,2023-04-08,107
PROD-22,2023-04-09,144
PROD-22,2023-04-10,117
PROD-22,2023-04-11,142
PROD-22,2023-04-12,134
PROD-22,2023-04-13,138
PROD-22,2023-04-14,135
PROD-22,2023-04-15,134
PROD-22,2023-04-16,156
PROD-22,2023-04-17,152
PROD-22,2023-04-18,151
PROD-22,2023-04-19,107
PROD-22,2023-04-20,130
PROD-22,2023-04-21,153
PROD-22,2023-04-22,153
PROD-22,2023-04-23,121
PROD-22,2023-04-24,144
PROD-22,2023-04-25,108
PROD-22,2023-04-26,121
PROD-22,2023-04-27,143
PROD-22,2023-04-28,154
PROD-22,2023-04-29,148
PROD-22,2023-04-30,133
PROD-22,2023-05-01,98
PROD-22,2023-05-02,141
PROD-22,2023-05-03,97
PROD-22,2023-05-04,112
PROD-22,2023-05-05,105
PROD-22,2023-05-06,132
PROD-22,2023-05-07,121
PROD-22,2023-05-08,128
PROD-22,2023-05-09,124
PROD-22,2023-05-10,96
PROD-22,2023-05-11,142
PROD-22,2023-05-12,98
PROD-22,2023-05-13,121
PROD-22,2023-05-14,116
PROD-22,2023-05-15,142
PROD-22,2023-05-16,133
PROD-22,2023-05-17,131
PROD-22,2023-05-18,133
PROD-22,2023-05-19,137
PROD-22,2023-05-20,128
PROD-22,2023-05-21,112
PROD-22,2023-05-22,130
PROD-22,2023-05-23,104
PROD-22,2023-05-24,110
PROD-22,2023-05-25,122
PROD-22,2023-05-26,125
PROD-22,2023-05-27,106
PROD-22,2023-05-28,122
PROD-22,2023-05-29,97
PROD-22,2023-05-30,96
PROD-22,2023-05-31,130
PROD-22,2023-06-01,102
PROD-22,2023-06-02,84
PROD-22,2023-06-03,118
PROD-22,2023-06-04,99
PROD-22,2023-06-05,120
PROD-22,2023-06-06,92
PROD-22,2023-06-07,101
PROD-22,2023-06-08,99
PROD-22,2023-06-09,105
PROD-22,2023-06-10,113
PROD-22,2023-06-11,119
PROD-22,2023-06-12,101
PROD-22,2023-06-13,85
PROD-22,2023-06-14,109
PROD-22,2023-06-15,100
PROD-22,2023-06-16,100
PROD-22,2023-06-17,95
PROD-22,2023-06-18,83
PROD-22,2023-06-19,104
PROD-22,2023-06-20,102
PROD-22,2023-06-21,91
PROD-22,2023-06-22,114
PROD-22,2023-06-23,97
PROD-22,2023-06-24,112
PROD-22,2023-06-25,91
PROD-22,2023-06-26,100
PROD-22,2023-06-27,91
PROD-22,2023-06-28,100
PROD-22,2023-06-29,104
PROD-22,2023-06-30,110
PROD-22,2023-07-01,78
PROD-22,2023-07-02,105
PROD-22,2023-07-03,95
PROD-22,2023-07-04,79
PROD-22,2023-07-05,86
PROD-22,2023-07-06,80
PROD-22,2023-07-07,86
PROD-22,2023-07-08,98
PROD-22,2023-07-09,90
PROD-22,2023-07-10,87
PROD-22,2023-07-11,105
PROD-22,2023-07-12,96
PROD-22,2023-07-13,88
PROD-22,2023-07-14,92
PROD-22,2023-07-15,82
PROD-22,2023-07-16,96
PROD-22,2023-07-17,85
PROD-22,2023-07-18,87
PROD-22,2023-07-19,86
PROD-22,2023-07-20,76
PROD-22,2023-07-21,77
PROD-22,2023-07-22,101
PROD-22,2023-07-23,79
PROD-22,2023-07-24,103
PROD-22,2023-07-25,99
PROD-22,2023-07-26,77
PROD-22,2023-07-27,103
PROD-22,2023-07-28,101
PROD-22,2023-07-29,93
PROD-22,2023-07-30,94
PROD-22,2023-07-31,83
PROD-22,2023-08-01,65
PROD-22,2023-08-02,67
PROD-22,2023-08-03,77
PROD-22,2023-08-04,69
PROD-22,2023-08-05,74
PROD-22,2023-08-06,73
PROD-22,2023-08-07,92
PROD-22,2023-08-08,91
PROD-22,2023-08-09,77
PROD-22,2023-08-10,87
PROD-22,2023-08-11,91
PROD-22,2023-08-12,82
PROD-22,2023-08-13,74
PROD-22,2023-08-14,78
PROD-22,2023-08-15,80
PROD-22,2023-08-16,83
PROD-22,2023-08-17,67
PROD-22,2023-08-18,70
PROD-22,2023-08-19,63
PROD-22,2023-08-20,78
PROD-22,2023-08-21,67
PROD-22,2023-08-22,84
PROD-22,2023-08-23,86
PROD-22,2023-08-24,86
PROD-22,2023-08-25,65
PROD-22,2023-08-26,89
PROD-22,2023-08-27,73
PROD-22,2023-08-28,71
PROD-22,2023-08-29,82
PROD-22,2023-08-30,80
PROD-22,2023-08-31,71
PROD-22,2023-09-01,76
PROD-22,2023-09-02,86
PROD-22,2023-09-03,82
PROD-22,2023-09-04,85
PROD-22,2023-09-05,67
PROD-22,2023-09-06,85
PROD-22,2023-09-07,74
PROD-22,2023-09-08,81
PROD-22,2023-09-09,59
PROD-22,2023-09-10,66
PROD-22,2023-09-11,78
PROD-22,2023-09-12,79
PROD-22,2023-09-13,66
PROD-22,2023-09-14,74
PROD-22,2023-09-15,67
PROD-22,2023-09-16,77
PROD-22,2023-09-17,81
PROD-22,2023-09-18,83
PROD-22,2023-09-19,66
PROD-22,2023-09-20,75
PROD-22,2023-09-21,71
PROD-22,2023-09-22,60
PROD-22,2023-09-23,71
PROD-22,2023-09-24,82
PROD-22,2023-09-25,74
PROD-22,2023-09-26,60
PROD-22,2023-09-27,78
PROD-22,2023-09-28,78
PROD-22,2023-09-29,61
PROD-22,2023-09-30,84
PROD-22,2023-10-01,75
PROD-22,2023-10-02,79
PROD-22,2023-10-03,85
PROD-22,2023-10-04,90
PROD-22,2023-10-05,79
PROD-22,2023-10-06,89
PROD-22,2023-10-07,80
PROD-22,2023-10-08,69
PROD-22,2023-10-09,74
PROD-22,2023-10-10,83
PROD-22,2023-10-11,86
PROD-22,2023-10-12,92
PROD-22,2023-10-13,85
PROD-22,2023-10-14,68
PROD-22,2023-10-15,79
PROD-22,2023-10-16,75
PROD-22,2023-10-17,84
PROD-22,2023-10-18,72
PROD-22,2023-10-19,75
PROD-22,2023-10-20,89
PROD-22,2023-10-21,77
PROD-22,2023-10-22,75
PROD-22,2023-10-23,85
PROD-22,2023-10-24,61
PROD-22,2023-10-25,90
PROD-22,2023-10-26,70
PROD-22,2023-10-27,83
PROD-22,2023-10-28,71
PROD-22,2023-10-29,86
PROD-22,2023-10-30,64
PROD-22,2023-10-31,92
PROD-22,2023-11-01,104
PROD-22,2023-11-02,74
PROD-22,2023-11-03,81
PROD-22,2023-11-04,77
PROD-22,2023-11-05,83
PROD-22,2023-11-06,81
PROD-22,2023-11-07,91
PROD-22,2023-11-08,100
PROD-22,2023-11-09,86
PROD-22,2023-11-10,94
PROD-22,2023-11-11,78
PROD-22,2023-11-12,104
PROD-22,2023-11-13,105
PROD-22,2023-11-14,94
PROD-22,2023-11-15,95
PROD-22,2023-11-16,96
PROD-22,2023-11-17,101
PROD-22,2023-11-18,100
PROD-22,2023-11-19,96
PROD-22,2023-11-20,82
PROD-22,2023-11-21,99
PROD-22,2023-11-22,90
PROD-22,2023-11-23,87
PROD-22,2023-11-24,84
PROD-22,2023-11-25,84
PROD-22,2023-11-26,102
PROD-22,2023-11-27,93
PROD-22,2023-11-28,104
PROD-22,2023-11-29,101
PROD-22,2023-11-30,80
PROD-22,2023-12-01,96
PROD-22,2023-12-02,113
PROD-22,2023-12-03,97
PROD-22,2023-12-04,114
PROD-22,2023-12-05,91
PROD-22,2023-12-06,114
PROD-22,2023-12-07,112
PROD-22,2023-12-08,91
PROD-22,2023-12-09,121
PROD-22,2023-12-10,120
PROD-22,2023-12-11,108
PROD-22,2023-12-12,89
PROD-22,2023-12-13,92
PROD-22,2023-12-14,123
PROD-22,2023-12-15,101
PROD-22,2023-12-16,98
PROD-22,2023-12-17,112
PROD-22,2023-12-18,120
PROD-22,2023-12-19,119
PROD-22,2023-12-20,115
PROD-22,2023-12-21,117
PROD-22,2023-12-22,108
PROD-22,2023-12-23,98
PROD-22,2023-12-24,116
PROD-22,2023-12-25,92
PROD-22,2023-12-26,88
PROD-22,2023-12-27,90
PROD-22,2023-12-28,93
PROD-22,2023-12-29,110
PROD-22,2023-12-30,99
PROD-22,2023-12-31,96
PROD-22,2024-01-01,118
PROD-23,2023-01-01,106
PROD-23,2023-01-02,124
PROD-23,2023-01-03,139
PROD-23,2023-01-04,156
PROD-23,2023-01-05,107
PROD-23,2023-01-06,120
PROD-23,2023-01-07,113
PROD-23,2023-01-08,154
PROD-23,2023-01-09,138
PROD-23,2023-01-10,121
PROD-23,2023-01-11,130
PROD-23,2023-01-12,147
PROD-23,2023-01-13,108
PROD-23,2023-01-14,133
PROD-23,2023-01-15,110
PROD-23,2023-01-16,151
PROD-23,2023-01-17,141
PROD-23,2023-01-18,128
PROD-23,2023-01-19,109
PROD-23,2023-01-20,149
PROD-23,2023-01-21,128
PROD-23,2023-01-22,109
PROD-23,2023-01-23,157
PROD-23,2023-01-24,109
PROD-23,2023-01-25,138
PROD-23,2023-01-26,126
PROD-23,2023-01-27,115
PROD-23,2023-01-28,112
PROD-23,2023-01-29,122
PROD-23,2023-01-30,143
PROD-23,2023-01-31,109
PROD-23,2023-02-01,128
PROD-23,2023-02-02,167
PROD-23,2023-02-03,122
PROD-23,2023-02-04,135
PROD-23,2023-02-05,125
PROD-23,2023-02-06,140
PROD-23,2023-02-07,117
PROD-23,2023-02-08,123
PROD-23,2023-02-09,174
PROD-23,2023-02-10,157
PROD-23,2023-02-11,118
PROD-23,2023-02-12,119
PROD-23,2023-02-13,168
PROD-23,2023-02-14,159
PROD-23,2023-02-15,166
PROD-23,2023-02-16,136
PROD-23,2023-02-17,126
PROD-23,2023-02-18,159
PROD-23,2023-02-19,170
PROD-23,2023-02-20,125
PROD-23,2023-02-21,130
PROD-23,2023-02-22,155
PROD-23,2023-02-23,131
PROD-23,2023-02-24,135
PROD-23,2023-02-25,146
PROD-23,2023-02-26,170
PROD-23,2023-02-27,173
PROD-23,2023-02-28,129
PROD-23,2023-03-01,165
PROD-23,2023-03-02,161
PROD-23,2023-03-03,180
PROD-23,2023-03-04,134
PROD-23,2023-03-05,137
PROD-23,2023-03-06,135
PROD-23,2023-03-07,134
PROD-23,2023-03-08,138
PROD-23,2023-03-09,123
PROD-23,2023-03-10,175
PROD-23,2023-03-11,148
PROD-23,2023-03-12,159
PROD-23,2023-03-13,162
PROD-23,2023-03-14,127
PROD-23,2023-03-15,156
PROD-23,2023-03-16,158
PROD-23,2023-03-17,137
PROD-23,2023-03-18,159
PROD-23,2023-03-19,152
PROD-23,2023-03-20,159
PROD-23,2023-03-21,174
PROD-23,2023-03-22,128
PROD-23,2023-03-23,161
PROD-23,2023-03-24,126
PROD-23,2023-03-25,159
PROD-23,2023-03-26,177
PROD-23,2023-03-27,177
PROD-23,2023-03-28,153
PROD-23,2023-03-29,164
PROD-23,2023-03-30,153
PROD-23,2023-03-31,143
PROD-23,2023-04-01,124
PROD-23,2023-04-02,170
PROD-23,2023-04-03,151
PROD-23,2023-04-04,166
PROD-23,2023-04-05,136
PROD-23,2023-04-06,119
PROD-23,2023-04-07,170
PROD-23,2023-04-08,160
PROD-23,2023-04-09,126
PROD-23,2023-04-10,151
PROD-23,2023-04-11,137
PROD-23,2023-04-12,169
PROD-23,2023-04-13,150
PROD-23,2023-04-14,155
PROD-23,2023-04-15,141
PROD-23,2023-04-16,153
PROD-23,2023-04-17,168
PROD-23,2023-04-18,151
PROD-23,2023-04-19,121
PROD-23,2023-04-20,170
PROD-23,2023-04-21,133
PROD-23,2023-04-22,123
PROD-23,2023-04-23,147
PROD-23,2023-04-24,139
PROD-23,2023-04-25,136
PROD-23,2023-04-26,120
PROD-23,2023-04-27,126
PROD-23,2023-04-28,137
PROD-23,2023-04-29,168
PROD-23,2023-04-30,119
PROD-23,2023-05-01,123
PROD-23,2023-05-02,135
PROD-23,2023-05-03,124
PROD-23,2023-05-04,109
PROD-23,2023-05-05,137
PROD-23,2023-05-06,106
PROD-23,2023-05-07,114
PROD-23,2023-05-08,125
PROD-23,2023-05-09,139
PROD-23,2023-05-10,149
PROD-23,2023-05-11,124
PROD-23,2023-05-12,153
PROD-23,2023-05-13,146
PROD-23,2023-05-14,131
PROD-23,2023-05-15,107
PROD-23,2023-05-16,108
PROD-23,2023-05-17,135
PROD-23,2023-05-18,131
PROD-23,2023-05-19,116
PROD-23,2023-05-20,127
PROD-23,2023-05-21,150
PROD-23,2023-05-22,147
PROD-23,2023-05-23,157
PROD-23,2023-05-24,152
PROD-23,2023-05-25,119
PROD-23,2023-05-26,154
PROD-23,2023-05-27,116
PROD-23,2023-05-28,145
PROD-23,2023-05-29,123
PROD-23,2023-05-30,137
PROD-23,2023-05-31,115
PROD-23,2023-06-01,138
PROD-23,2023-06-02,123
PROD-23,2023-06-03,92
PROD-23,2023-06-04,136
PROD-23,2023-06-05,106
PROD-23,2023-06-06,112
PROD-23,2023-06-07,116
PROD-23,2023-06-08,102
PROD-23,2023-06-09,97
PROD-23,2023-06-10,125
PROD-23,2023-06-11,138
PROD-23,2023-06-12,103
PROD-23,2023-06-13,131
PROD-23,2023-06-14,112
PROD-23,2023-06-15,132
PROD-23,2023-06-16,122
PROD-23,2023-06-17,93
PROD-23,2023-06-18,97
PROD-23,2023-06-19,102
PROD-23,2023-06-20,135
PROD-23,2023-06-21,122
PROD-23,2023-06-22,124
PROD-23,2023-06-23,125
PROD-23,2023-06-24,131
PROD-23,2023-06-25,113
PROD-23,2023-06-26,123
PROD-23,2023-06-27,102
PROD-23,2023-06-28,108
PROD-23,2023-06-29,102
PROD-23,2023-06-30,101
PROD-23,2023-07-01,101
PROD-23,2023-07-02,110
PROD-23,2023-07-03,85
PROD-23,2023-07-04,85
PROD-23,2023-07-05,88
PROD-23,2023-07-06,117
PROD-23,2023-07-07,96
PROD-23,2023-07-08,83
PROD-23,2023-07-09,80
PROD-23,2023-07-10,106
PROD-23,2023-07-11,108
PROD-23,2023-07-12,88
PROD-23,2023-07-13,80
PROD-23,2023-07-14,80
PROD-23,2023-07-15,85
PROD-23,2023-07-16,117
PROD-23,2023-07-17,111
PROD-23,2023-07-18,95
PROD-23,2023-07-19,89
PROD-23,2023-07-20,113
PROD-23,2023-07-21,102
PROD-23,2023-07-22,79
PROD-23,2023-07-23,108
PROD-23,2023-07-24,81
PROD-23,2023-07-25,95
PROD-23,2023-07-26,88
PROD-23,2023-07-27,96
PROD-23,2023-07-28,88
PROD-23,2023-07-29,97
PROD-23,2023-07-30,91
PROD-23,2023-07-31,112
PROD-23,2023-08-01,93
PROD-23,2023-08-02,85
PROD-23,2023-08-03,85
PROD-23,2023-08-04,95
PROD-23,2023-08-05,90
PROD-23,2023-08-06,71
PROD-23,2023-08-07,102
PROD-23,2023-08-08,79
PROD-23,2023-08-09,89
PROD-23,2023-08-10,83
PROD-23,2023-08-11,96
PROD-23,2023-08-12,100
PROD-23,2023-08-13,88
PROD-23,2023-08-14,83
PROD-23,2023-08-15,79
PROD-23,2023-08-16,73
PROD-23,2023-08-17,83
PROD-23,2023-08-18,101
PROD-23,2023-08-19,69
PROD-23,2023-08-20,88
PROD-23,2023-08-21,71
PROD-23,2023-08-22,89
PROD-23,2023-08-23,75
PROD-23,2023-08-24,100
PROD-23,2023-08-25,79
PROD-23,2023-08-26,102
PROD-23,2023-08-27,86
PROD-23,2023-08-28,101
PROD-23,2023-08-29,89
PROD-23,2023-08-30,76
PROD-23,2023-08-31,70
PROD-23,2023-09-01,76
PROD-23,2023-09-02,78
PROD-23,2023-09-03,91
PROD-23,2023-09-04,84
PROD-23,2023-09-05,74
PROD-23,2023-09-06,74
PROD-23,2023-09-07,89
PROD-23,2023-09-08,69
PROD-23,2023-09-09,70
PROD-23,2023-09-10,65
PROD-23,2023-09-11,89
PROD-23,2023-09-12,67
PROD-23,2023-09-13,70
PROD-23,2023-09-14,91
PROD-23,2023-09-15,94
PROD-23,2023-09-16,84
PROD-23,2023-09-17,87
PROD-23,2023-09-18,75
PROD-23,2023-09-19,67
PROD-23,2023-09-20,72
PROD-23,2023-09-21,66
PROD-23,2023-09-22,80
PROD-23,2023-09-23,92
PROD-23,2023-09-24,65
PROD-23,2023-09-25,96
PROD-23,2023-09-26,82
PROD-23,2023-09-27,82
PROD-23,2023-09-28,85
PROD-23,2023-09-29,94
PROD-23,2023-09-30,85
PROD-23,2023-10-01,77
PROD-23,2023-10-02,85
PROD-23,2023-10-03,92
PROD-23,2023-10-04,76
PROD-23,2023-10-05,95
PROD-23,2023-10-06,88
PROD-23,2023-10-07,89
PROD-23,2023-10-08,94
PROD-23,2023-10-09,86
PROD-23,2023-10-10,82
PROD-23,2023-10-11,89
PROD-23,2023-10-12,70
PROD-23,2023-10-13,92
PROD-23,2023-10-14,94
PROD-23,2023-10-15,86
PROD-23,2023-10-16,91
PROD-23,2023-10-17,73
PROD-23,2023-10-18,74
PROD-23,2023-10-19,71
PROD-23,2023-10-20,89
PROD-23,2023-10-21,79
PROD-23,2023-10-22,92
PROD-23,2023-10-23,92
PROD-23,2023-10-24,78
PROD-23,2023-10-25,97
PROD-23,2023-10-26,93
PROD-23,2023-10-27,73
PROD-23,2023-10-28,88
PROD-23,2023-10-29,90
PROD-23,2023-10-30,87
PROD-23,2023-10-31,90
PROD-23,2023-11-01,84
PROD-23,2023-11-02,114
PROD-23,2023-11-03,85
PROD-23,2023-11-04,85
PROD-23,2023-11-05,85
PROD-23,2023-11-06,90
PROD-23,2023-11-07,105
PROD-23,2023-11-08,107
PROD-23,2023-11-09,101
PROD-23,2023-11-10,79
PROD-23,2023-11-11,99
PROD-23,2023-11-12,113
PROD-23,2023-11-13,96
PROD-23,2023-11-14,95
PROD-23,2023-11-15,110
PROD-23,2023-11-16,115
PROD-23,2023-11-17,102
PROD-23,2023-11-18,105
PROD-23,2023-11-19,81
PROD-23,2023-11-20,94
PROD-23,2023-11-21,89
PROD-23,2023-11-22,104
PROD-23,2023-11-23,96
PROD-23,2023-11-24,95
PROD-23,2023-11-25,105
PROD-23,2023-11-26,107
PROD-23,2023-11-27,106
PROD-23,2023-11-28,90
PROD-23,2023-11-29,86
PROD-23,2023-11-30,96
PROD-23,2023-12-01,96
PROD-23,2023-12-02,136
PROD-23,2023-12-03,136
PROD-23,2023-12-04,110
PROD-23,2023-12-05,124
PROD-23,2023-12-06,126
PROD-23,2023-12-07,108
PROD-23,2023-12-08,116
PROD-23,2023-12-09,103
PROD-23,2023-12-10,115
PROD-23,2023-12-11,104
PROD-23,2023-12-12,114
PROD-23,2023-12-13,106
PROD-23,2023-12-14,113
PROD-23,2023-12-15,133
PROD-23,2023-12-16,120
PROD-23,2023-12-17,123
PROD-23,2023-12-18,104
PROD-23,2023-12-19,104
PROD-23,2023-12-20,92
PROD-23,2023-12-21,131
PROD-23,2023-12-22,135
PROD-23,2023-12-23,110
PROD-23,2023-12-24,115
PROD-23,2023-12-25,132
PROD-23,2023-12-26,135
PROD-23,2023-12-27,117
PROD-23,2023-12-28,122
PROD-23,2023-12-29,119
PROD-23,2023-12-30,128
PROD-23,2023-12-31,95
PROD-23,2024-01-01,130
PROD-24,2023-01-01,239
PROD-24,2023-01-02,216
PROD-24,2023-01-03,224
PROD-24,2023-01-04,207
PROD-24,2023-01-05,174
PROD-24,2023-01-06,201
PROD-24,2023-01-07,172
PROD-24,2023-01-08,211
PROD-24,2023-01-09,185
PROD-24,2023-01-10,192
PROD-24,2023-01-11,231
PROD-24,2023-01-12,227
PROD-24,2023-01-13,173
PROD-24,2023-01-14,180
PROD-24,2023-01-15,240
PROD-24,2023-01-16,236
PROD-24,2023-01-17,224
PROD-24,2023-01-18,214
PROD-24,2023-01-19,181
PROD-24,2023-01-20,238
PROD-24,2023-01-21,193
PROD-24,2023-01-22,164
PROD-24,2023-01-23,204
PROD-24,2023-01-24,238
PROD-24,2023-01-25,217
PROD-24,2023-01-26,197
PROD-24,2023-01-27,217
PROD-24,2023-01-28,171
PROD-24,2023-01-29,222
PROD-24,2023-01-30,200
PROD-24,2023-01-31,197
PROD-24,2023-02-01,244
PROD-24,2023-02-02,234
PROD-24,2023-02-03,247
PROD-24,2023-02-04,227
PROD-24,2023-02-05,251
PROD-24,2023-02-06,182
PROD-24,2023-02-07,178
PROD-24,2023-02-08,192
PROD-24,2023-02-09,190
PROD-24,2023-02-10,242
PROD-24,2023-02-11,257
PROD-24,2023-02-12,178
PROD-24,2023-02-13,254
PROD-24,2023-02-14,249
PROD-24,2023-02-15,207
PROD-24,2023-02-16,179
PROD-24,2023-02-17,195
PROD-24,2023-02-18,244
PROD-24,2023-02-19,244
PROD-24,2023-02-20,259
PROD-24,2023-02-21,249
PROD-24,2023-02-22,204
PROD-24,2023-02-23,186
PROD-24,2023-02-24,183
PROD-24,2023-02-25,243
PROD-24,2023-02-26,215
PROD-24,2023-02-27,214
PROD-24,2023-02-28,199
PROD-24,2023-03-01,226
PROD-24,2023-03-02,252
PROD-24,2023-03-03,208
PROD-24,2023-03-04,213
PROD-24,2023-03-05,260
PROD-24,2023-03-06,250
PROD-24,2023-03-07,257
PROD-24,2023-03-08,242
PROD-24,2023-03-09,220
PROD-24,2023-03-10,258
PROD-24,2023-03-11,214
PROD-24,2023-03-12,230
PROD-24,2023-03-13,270
PROD-24,2023-03-14,237
PROD-24,2023-03-15,228
PROD-24,2023-03-16,256
PROD-24,2023-03-17,247
PROD-24,2023-03-18,193
PROD-24,2023-03-19,215
PROD-24,2023-03-20,257
PROD-24,2023-03-21,188
PROD-24,2023-03-22,194
PROD-24,2023-03-23,195
PROD-24,2023-03-24,266
PROD-24,2023-03-25,246
PROD-24,2023-03-26,217
PROD-24,2023-03-27,185
PROD-24,2023-03-28,256
PROD-24,2023-03-29,213
PROD-24,2023-03-30,187
PROD-24,2023-03-31,248
PROD-24,2023-04-01,238
PROD-24,2023-04-02,263
PROD-24,2023-04-03,223
PROD-24,2023-04-04,188
PROD-24,2023-04-05,227
PROD-24,2023-04-06,186
PROD-24,2023-04-07,209
PROD-24,2023-04-08,261
PROD-24,2023-04-09,255
PROD-24,2023-04-10,191
PROD-24,2023-04-11,240
PROD-24,2023-04-12,217
PROD-24,2023-04-13,179
PROD-24,2023-04-14,192
PROD-24,2023-04-15,247
PROD-24,2023-04-16,190
PROD-24,2023-04-17,196
PROD-24,2023-04-18,230
PROD-24,2023-04-19,203
PROD-24,2023-04-20,261
PROD-24,2023-04-21,199
PROD-24,2023-04-22,224
PROD-24,2023-04-23,210
PROD-24,2023-04-24,204
PROD-24,2023-04-25,213
PROD-24,2023-04-26,219
PROD-24,2023-04-27,221
PROD-24,2023-04-28,192
PROD-24,2023-04-29,255
PROD-24,2023-04-30,203
PROD-24,2023-05-01,230
PROD-24,2023-05-02,210
PROD-24,2023-05-03,190
PROD-24,2023-05-04,165
PROD-24,2023-05-05,189
PROD-24,2023-05-06,173
PROD-24,2023-05-07,212
PROD-24,2023-05-08,183
PROD-24,2023-05-09,186
PROD-24,2023-05-10,203
PROD-24,2023-05-11,238
PROD-24,2023-05-12,193
PROD-24,2023-05-13,215
PROD-24,2023-05-14,165
PROD-24,2023-05-15,171
PROD-24,2023-05-16,228
PROD-24,2023-05-17,190
PROD-24,2023-05-18,182
PROD-24,2023-05-19,182
PROD-24,2023-05-20,233
PROD-24,2023-05-21,195
PROD-24,2023-05-22,183
PROD-24,2023-05-23,217
PROD-24,2023-05-24,239
PROD-24,2023-05-25,218
PROD-24,2023-05-26,170
PROD-24,2023-05-27,236
PROD-24,2023-05-28,194
PROD-24,2023-05-29,197
PROD-24,2023-05-30,198
PROD-24,2023-05-31,224
PROD-24,2023-06-01,184
PROD-24,2023-06-02,165
PROD-24,2023-06-03,163
PROD-24,2023-06-04,169
PROD-24,2023-06-05,155
PROD-24,2023-06-06,165
PROD-24,2023-06-07,175
PROD-24,2023-06-08,157
PROD-24,2023-06-09,141
PROD-24,2023-06-10,202
PROD-24,2023-06-11,189
PROD-24,2023-06-12,203
PROD-24,2023-06-13,183
PROD-24,2023-06-14,160
PROD-24,2023-06-15,155
PROD-24,2023-06-16,165
PROD-24,2023-06-17,204
PROD-24,2023-06-18,157
PROD-24,2023-06-19,172
PROD-24,2023-06-20,163
PROD-24,2023-06-21,145
PROD-24,2023-06-22,194
PROD-24,2023-06-23,203
PROD-24,2023-06-24,158
PROD-24,2023-06-25,207
PROD-24,2023-06-26,160
PROD-24,2023-06-27,164
PROD-24,2023-06-28,171
PROD-24,2023-06-29,181
PROD-24,2023-06-30,208
PROD-24,2023-07-01,160
PROD-24,2023-07-02,126
PROD-24,2023-07-03,139
PROD-24,2023-07-04,145
PROD-24,2023-07-05,173
PROD-24,2023-07-06,159
PROD-24,2023-07-07,139
PROD-24,2023-07-08,123
PROD-24,2023-07-09,148
PROD-24,2023-07-10,168
PROD-24,2023-07-11,171
PROD-24,2023-07-12,144
PROD-24,2023-07-13,148
PROD-24,2023-07-14,158
PROD-24,2023-07-15,166
PROD-24,2023-07-16,141
PROD-24,2023-07-17,160
PROD-24,2023-07-18,165
PROD-24,2023-07-19,135
PROD-24,2023-07-20,155
PROD-24,2023-07-21,175
PROD-24,2023-07-22,162
PROD-24,2023-07-23,119
PROD-24,2023-07-24,128
PROD-24,2023-07-25,147
PROD-24,2023-07-26,126
PROD-24,2023-07-27,123
PROD-24,2023-07-28,134
PROD-24,2023-07-29,131
PROD-24,2023-07-30,172
PROD-24,2023-07-31,171
PROD-24,2023-08-01,147
PROD-24,2023-08-02,131
PROD-24,2023-08-03,124
PROD-24,2023-08-04,104
PROD-24,2023-08-05,121
PROD-24,2023-08-06,126
PROD-24,2023-08-07,138
PROD-24,2023-08-08,127
PROD-24,2023-08-09,115
PROD-24,2023-08-10,117
PROD-24,2023-08-11,126
PROD-24,2023-08-12,113
PROD-24,2023-08-13,112
PROD-24,2023-08-14,140
PROD-24,2023-08-15,149
PROD-24,2023-08-16,153
PROD-24,2023-08-17,153
PROD-24,2023-08-18,152
PROD-24,2023-08-19,111
PROD-24,2023-08-20,107
PROD-24,2023-08-21,115
PROD-24,2023-08-22,143
PROD-24,2023-08-23,119
PROD-24,2023-08-24,117
PROD-24,2023-08-25,146
PROD-24,2023-08-26,124
PROD-24,2023-08-27,108
PROD-24,2023-08-28,141
PROD-24,2023-08-29,106
PROD-24,2023-08-30,106
PROD-24,2023-08-31,150
PROD-24,2023-09-01,130
PROD-24,2023-09-02,108
PROD-24,2023-09-03,111
PROD-24,2023-09-04,102
PROD-24,2023-09-05,108
PROD-24,2023-09-06,128
PROD-24,2023-09-07,99
PROD-24,2023-09-08,137
PROD-24,2023-09-09,106
PROD-24,2023-09-10,123
PROD-24,2023-09-11,127
PROD-24,2023-09-12,139
PROD-24,2023-09-13,129
PROD-24,2023-09-14,126
PROD-24,2023-09-15,112
PROD-24,2023-09-16,139
PROD-24,2023-09-17,102
PROD-24,2023-09-18,138
PROD-24,2023-09-19,141
PROD-24,2023-09-20,120
PROD-24,2023-09-21,124
PROD-24,2023-09-22,139
PROD-24,2023-09-23,143
PROD-24,2023-09-24,123
PROD-24,2023-09-25,112
PROD-24,2023-09-26,104
PROD-24,2023-09-27,113
PROD-24,2023-09-28,107
PROD-24,2023-09-29,123
PROD-24,2023-09-30,122
PROD-24,2023-10-01,133
PROD-24,2023-10-02,136
PROD-24,2023-10-03,136
PROD-24,2023-10-04,106
PROD-24,2023-10-05,147
PROD-24,2023-10-06,131
PROD-24,2023-10-07,129
PROD-24,2023-10-08,115
PROD-24,2023-10-09,111
PROD-24,2023-10-10,149
PROD-24,2023-10-11,140
PROD-24,2023-10-12,108
PROD-24,2023-10-13,123
PROD-24,2023-10-14,118
PROD-24,2023-10-15,144
PROD-24,2023-10-16,129
PROD-24,2023-10-17,129
PROD-24,2023-10-18,148
PROD-24,2023-10-19,118
PROD-24,2023-10-20,127
PROD-24,2023-10-21,151
PROD-24,2023-10-22,113
PROD-24,2023-10-23,123
PROD-24,2023-10-24,110
PROD-24,2023-10-25,154
PROD-24,2023-10-26,125
PROD-24,2023-10-27,139
PROD-24,2023-10-28,146
PROD-24,2023-10-29,111
PROD-24,2023-10-30,148
PROD-24,2023-10-31,127
PROD-24,2023-11-01,150
PROD-24,2023-11-02,147
PROD-24,2023-11-03,127
PROD-24,2023-11-04,132
PROD-24,2023-11-05,145
PROD-24,2023-11-06,162
PROD-24,2023-11-07,130
PROD-24,2023-11-08,172
PROD-24,2023-11-09,127
PROD-24,2023-11-10,142
PROD-24,2023-11-11,144
PROD-24,2023-11-12,172
PROD-24,2023-11-13,137
PROD-24,2023-11-14,167
PROD-24,2023-11-15,139
PROD-24,2023-11-16,130
PROD-24,2023-11-17,155
PROD-24,2023-11-18,169
PROD-24,2023-11-19,160
PROD-24,2023-11-20,125
PROD-24,2023-11-21,140
PROD-24,2023-11-22,157
PROD-24,2023-11-23,166
PROD-24,2023-11-24,149
PROD-24,2023-11-25,153
PROD-24,2023-11-26,145
PROD-24,2023-11-27,146
PROD-24,2023-11-28,134
PROD-24,2023-11-29,152
PROD-24,2023-11-30,167
PROD-24,2023-12-01,182
PROD-24,2023-12-02,158
PROD-24,2023-12-03,181
PROD-24,2023-12-04,157
PROD-24,2023-12-05,202
PROD-24,2023-12-06,178
PROD-24,2023-12-07,174
PROD-24,2023-12-08,170
PROD-24,2023-12-09,181
PROD-24,2023-12-10,192
PROD-24,2023-12-11,164
PROD-24,2023-12-12,187
PROD-24,2023-12-13,191
PROD-24,2023-12-14,168
PROD-24,2023-12-15,166
PROD-24,2023-12-16,162
PROD-24,2023-12-17,170
PROD-24,2023-12-18,142
PROD-24,2023-12-19,198
PROD-24,2023-12-20,209
PROD-24,2023-12-21,175
PROD-24,2023-12-22,192
PROD-24,2023-12-23,209
PROD-24,2023-12-24,193
PROD-24,2023-12-25,163
PROD-24,2023-12-26,151
PROD-24,2023-12-27,141
PROD-24,2023-12-28,163
PROD-24,2023-12-29,203
PROD-24,2023-12-30,143
PROD-24,2023-12-31,209
PROD-24,2024-01-01,162
PROD-25,2023-01-01,48
PROD-25,2023-01-02,62
PROD-25,2023-01-03,47
PROD-25,2023-01-04,59
PROD-25,2023-01-05,67
PROD-25,2023-01-06,66
PROD-25,2023-01-07,54
PROD-25,2023-01-08,52
PROD-25,2023-01-09,49
PROD-25,2023-01-10,57
PROD-25,2023-01-11,64
PROD-25,2023-01-12,50
PROD-25,2023-01-13,58
PROD-25,2023-01-14,55
PROD-25,2023-01-15,48
PROD-25,2023-01-16,63
PROD-25,2023-01-17,48
PROD-25,2023-01-18,51
PROD-25,2023-01-19,51
PROD-25,2023-01-20,65
PROD-25,2023-01-21,49
PROD-25,2023-01-22,61
PROD-25,2023-01-23,63
PROD-25,2023-01-24,51
PROD-25,2023-01-25,70
PROD-25,2023-01-26,51
PROD-25,2023-01-27,58
PROD-25,2023-01-28,52
PROD-25,2023-01-29,56
PROD-25,2023-01-30,51
PROD-25,2023-01-31,49
PROD-25,2023-02-01,62
PROD-25,2023-02-02,55
PROD-25,2023-02-03,72
PROD-25,2023-02-04,66
PROD-25,2023-02-05,74
PROD-25,2023-02-06,52
PROD-25,2023-02-07,67
PROD-25,2023-02-08,74
PROD-25,2023-02-09,78
PROD-25,2023-02-10,61
PROD-25,2023-02-11,57
PROD-25,2023-02-12,71
PROD-25,2023-02-13,66
PROD-25,2023-02-14,78
PROD-25,2023-02-15,76
PROD-25,2023-02-16,72
PROD-25,2023-02-17,62
PROD-25,2023-02-18,64
PROD-25,2023-02-19,54
PROD-25,2023-02-20,52
PROD-25,2023-02-21,74
PROD-25,2023-02-22,63
PROD-25,2023-02-23,53
PROD-25,2023-02-24,66
PROD-25,2023-02-25,54
PROD-25,2023-02-26,69
PROD-25,2023-02-27,69
PROD-25,2023-02-28,55
PROD-25,2023-03-01,75
PROD-25,2023-03-02,60
PROD-25,2023-03-03,77
PROD-25,2023-03-04,69
PROD-25,2023-03-05,70
PROD-25,2023-03-06,67
PROD-25,2023-03-07,66
PROD-25,2023-03-08,73
PROD-25,2023-03-09,77
PROD-25,2023-03-10,70
PROD-25,2023-03-11,68
PROD-25,2023-03-12,76
PROD-25,2023-03-13,76
PROD-25,2023-03-14,74
PROD-25,2023-03-15,54
PROD-25,2023-03-16,56
PROD-25,2023-03-17,80
PROD-25,2023-03-18,69
PROD-25,2023-03-19,59
PROD-25,2023-03-20,54
PROD-25,2023-03-21,56
PROD-25,2023-03-22,69
PROD-25,2023-03-23,66
PROD-25,2023-03-24,67
PROD-25,2023-03-25,58
PROD-25,2023-03-26,80
PROD-25,2023-03-27,77
PROD-25,2023-03-28,70
PROD-25,2023-03-29,68
PROD-25,2023-03-30,75
PROD-25,2023-03-31,77
PROD-25,2023-04-01,69
PROD-25,2023-04-02,74
PROD-25,2023-04-03,67
PROD-25,2023-04-04,55
PROD-25,2023-04-05,63
PROD-25,2023-04-06,66
PROD-25,2023-04-07,77
PROD-25,2023-04-08,53
PROD-25,2023-04-09,67
PROD-25,2023-04-10,73
PROD-25,2023-04-11,69
PROD-25,2023-04-12,54
PROD-25,2023-04-13,74
PROD-25,2023-04-14,65
PROD-25,2023-04-15,69
PROD-25,2023-04-16,74
PROD-25,2023-04-17,57
PROD-25,2023-04-18,60
PROD-25,2023-04-19,72
PROD-25,2023-04-20,66
PROD-25,2023-04-21,57
PROD-25,2023-04-22,52
PROD-25,2023-04-23,70
PROD-25,2023-04-24,62
PROD-25,2023-04-25,76
PROD-25,2023-04-26,55
PROD-25,2023-04-27,53
PROD-25,2023-04-28,72
PROD-25,2023-04-29,64
PROD-25,2023-04-30,61
PROD-25,2023-05-01,53
PROD-25,2023-05-02,52
PROD-25,2023-05-03,63
PROD-25,2023-05-04,50
PROD-25,2023-05-05,68
PROD-25,2023-05-06,59
PROD-25,2023-05-07,65
PROD-25,2023-05-08,70
PROD-25,2023-05-09,51
PROD-25,2023-05-10,64
PROD-25,2023-05-11,63
PROD-25,2023-05-12,53
PROD-25,2023-05-13,63
PROD-25,2023-05-14,58
PROD-25,2023-05-15,49
PROD-25,2023-05-16,64
PROD-25,2023-05-17,65
PROD-25,2023-05-18,48
PROD-25,2023-05-19,58
PROD-25,2023-05-20,70
PROD-25,2023-05-21,66
PROD-25,2023-05-22,49
PROD-25,2023-05-23,59
PROD-25,2023-05-24,68
PROD-25,2023-05-25,55
PROD-25,2023-05-26,69
PROD-25,2023-05-27,61
PROD-25,2023-05-28,55
PROD-25,2023-05-29,52
PROD-25,2023-05-30,63
PROD-25,2023-05-31,65
PROD-25,2023-06-01,59
PROD-25,2023-06-02,58
PROD-25,2023-06-03,55
PROD-25,2023-06-04,58
PROD-25,2023-06-05,51
PROD-25,2023-06-06,54
PROD-25,2023-06-07,49
PROD-25,2023-06-08,55
PROD-25,2023-06-09,54
PROD-25,2023-06-10,59
PROD-25,2023-06-11,55
PROD-25,2023-06-12,43
PROD-25,2023-06-13,50
PROD-25,2023-06-14,58
PROD-25,2023-06-15,44
PROD-25,2023-06-16,61
PROD-25,2023-06-17,45
PROD-25,2023-06-18,52
PROD-25,2023-06-19,57
PROD-25,2023-06-20,48
PROD-25,2023-06-21,42
PROD-25,2023-06-22,56
PROD-25,2023-06-23,56
PROD-25,2023-06-24,58
PROD-25,2023-06-25,51
PROD-25,2023-06-26,61
PROD-25,2023-06-27,50
PROD-25,2023-06-28,42
PROD-25,2023-06-29,54
PROD-25,2023-06-30,48
PROD-25,2023-07-01,45
PROD-25,2023-07-02,48
PROD-25,2023-07-03,45
PROD-25,2023-07-04,51
PROD-25,2023-07-05,52
PROD-25,2023-07-06,44
PROD-25,2023-07-07,47
PROD-25,2023-07-08,38
PROD-25,2023-07-09,35
PROD-25,2023-07-10,49
PROD-25,2023-07-11,52
PROD-25,2023-07-12,51
PROD-25,2023-07-13,38
PROD-25,2023-07-14,43
PROD-25,2023-07-15,40
PROD-25,2023-07-16,39
PROD-25,2023-07-17,36
PROD-25,2023-07-18,44
PROD-25,2023-07-19,35
PROD-25,2023-07-20,39
PROD-25,2023-07-21,42
PROD-25,2023-07-22,38
PROD-25,2023-07-23,38
PROD-25,2023-07-24,43
PROD-25,2023-07-25,38
PROD-25,2023-07-26,36
PROD-25,2023-07-27,50
PROD-25,2023-07-28,38
PROD-25,2023-07-29,40
PROD-25,2023-07-30,43
PROD-25,2023-07-31,36
PROD-25,2023-08-01,34
PROD-25,2023-08-02,45
PROD-25,2023-08-03,38
PROD-25,2023-08-04,35
PROD-25,2023-08-05,34
PROD-25,2023-08-06,36
PROD-25,2023-08-07,41
PROD-25,2023-08-08,38
PROD-25,2023-08-09,34
PROD-25,2023-08-10,38
PROD-25,2023-08-11,34
PROD-25,2023-08-12,44
PROD-25,2023-08-13,41
PROD-25,2023-08-14,32
PROD-25,2023-08-15,31
PROD-25,2023-08-16,38
PROD-25,2023-08-17,40
PROD-25,2023-08-18,31
PROD-25,2023-08-19,35
PROD-25,2023-08-20,36
PROD-25,2023-08-21,37
PROD-25,2023-08-22,42
PROD-25,2023-08-23,33
PROD-25,2023-08-24,41
PROD-25,2023-08-25,35
PROD-25,2023-08-26,43
PROD-25,2023-08-27,32
PROD-25,2023-08-28,36
PROD-25,2023-08-29,44
PROD-25,2023-08-30,30
PROD-25,2023-08-31,41
PROD-25,2023-09-01,36
PROD-25,2023-09-02,33
PROD-25,2023-09-03,39
PROD-25,2023-09-04,34
PROD-25,2023-09-05,40
PROD-25,2023-09-06,39
PROD-25,2023-09-07,32
PROD-25,2023-09-08,32
PROD-25,2023-09-09,36
PROD-25,2023-09-10,33
PROD-25,2023-09-11,35
PROD-25,2023-09-12,42
PROD-25,2023-09-13,36
PROD-25,2023-09-14,39
PROD-25,2023-09-15,38
PROD-25,2023-09-16,38
PROD-25,2023-09-17,41
PROD-25,2023-09-18,40
PROD-25,2023-09-19,37
PROD-25,2023-09-20,41
PROD-25,2023-09-21,34
PROD-25,2023-09-22,36
PROD-25,2023-09-23,39
PROD-25,2023-09-24,38
PROD-25,2023-09-25,32
PROD-25,2023-09-26,37
PROD-25,2023-09-27,36
PROD-25,2023-09-28,43
PROD-25,2023-09-29,40
PROD-25,2023-09-30,33
PROD-25,2023-10-01,42
PROD-25,2023-10-02,31
PROD-25,2023-10-03,35
PROD-25,2023-10-04,43
PROD-25,2023-10-05,39
PROD-25,2023-10-06,42
PROD-25,2023-10-07,43
PROD-25,2023-10-08,41
PROD-25,2023-10-09,36
PROD-25,2023-10-10,35
PROD-25,2023-10-11,33
PROD-25,2023-10-12,45
PROD-25,2023-10-13,37
PROD-25,2023-10-14,39
PROD-25,2023-10-15,32
PROD-25,2023-10-16,43
PROD-25,2023-10-17,45
PROD-25,2023-10-18,31
PROD-25,2023-10-19,30
PROD-25,2023-10-20,32
PROD-25,2023-10-21,44
PROD-25,2023-10-22,33
PROD-25,2023-10-23,39
PROD-25,2023-10-24,41
PROD-25,2023-10-25,38
PROD-25,2023-10-26,43
PROD-25,2023-10-27,44
PROD-25,2023-10-28,38
PROD-25,2023-10-29,34
PROD-25,2023-10-30,32
PROD-25,2023-10-31,41
PROD-25,2023-11-01,36
PROD-25,2023-11-02,41
PROD-25,2023-11-03,35
PROD-25,2023-11-04,43
PROD-25,2023-11-05,36
PROD-25,2023-11-06,47
PROD-25,2023-11-07,50
PROD-25,2023-11-08,44
PROD-25,2023-11-09,37
PROD-25,2023-11-10,49
PROD-25,2023-11-11,45
PROD-25,2023-11-12,48
PROD-25,2023-11-13,47
PROD-25,2023-11-14,50
PROD-25,2023-11-15,44
PROD-25,2023-11-16,41
PROD-25,2023-11-17,42
PROD-25,2023-11-18,45
PROD-25,2023-11-19,46
PROD-25,2023-11-20,48
PROD-25,2023-11-21,51
PROD-25,2023-11-22,40
PROD-25,2023-11-23,36
PROD-25,2023-11-24,41
PROD-25,2023-11-25,36
PROD-25,2023-11-26,44
PROD-25,2023-11-27,37
PROD-25,2023-11-28,38
PROD-25,2023-11-29,49
PROD-25,2023-11-30,51
PROD-25,2023-12-01,58
PROD-25,2023-12-02,49
PROD-25,2023-12-03,46
PROD-25,2023-12-04,43
PROD-25,2023-12-05,45
PROD-25,2023-12-06,47
PROD-25,2023-12-07,54
PROD-25,2023-12-08,58
PROD-25,2023-12-09,44
PROD-25,2023-12-10,50
PROD-25,2023-12-11,47
PROD-25,2023-12-12,46
PROD-25,2023-12-13,60
PROD-25,2023-12-14,41
PROD-25,2023-12-15,62
PROD-25,2023-12-16,48
PROD-25,2023-12-17,52
PROD-25,2023-12-18,61
PROD-25,2023-12-19,45
PROD-25,2023-12-20,60
PROD-25,2023-12-21,60
PROD-25,2023-12-22,52
PROD-25,2023-12-23,49
PROD-25,2023-12-24,44
PROD-25,2023-12-25,45
PROD-25,2023-12-26,57
PROD-25,2023-12-27,48
PROD-25,2023-12-28,42
PROD-25,2023-12-29,57
PROD-25,2023-12-30,56
PROD-25,2023-12-31,51
PROD-25,2024-01-01,51
PROD-26,2023-01-01,140
PROD-26,2023-01-02,145
PROD-26,2023-01-03,112
PROD-26,2023-01-04,146
PROD-26,2023-01-05,141
PROD-26,2023-01-06,113
PROD-26,2023-01-07,111
PROD-26,2023-01-08,148
PROD-26,2023-01-09,126
PROD-26,2023-01-10,114
PROD-26,2023-01-11,138
PROD-26,2023-01-12,149
PROD-26,2023-01-13,128
PROD-26,2023-01-14,152
PROD-26,2023-01-15,148
PROD-26,2023-01-16,139
PROD-26,2023-01-17,116
PROD-26,2023-01-18,156
PROD-26,2023-01-19,113
PROD-26,2023-01-20,152
PROD-26,2023-01-21,129
PROD-26,2023-01-22,131
PROD-26,2023-01-23,157
PROD-26,2023-01-24,147
PROD-26,2023-01-25,134
PROD-26,2023-01-26,150
PROD-26,2023-01-27,122
PROD-26,2023-01-28,115
PROD-26,2023-01-29,158
PROD-26,2023-01-30,157
PROD-26,2023-01-31,139
PROD-26,2023-02-01,127
PROD-26,2023-02-02,149
PROD-26,2023-02-03,141
PROD-26,2023-02-04,162
PROD-26,2023-02-05,174
PROD-26,2023-02-06,162
PROD-26,2023-02-07,158
PROD-26,2023-02-08,163
PROD-26,2023-02-09,156
PROD-26,2023-02-10,141
PROD-26,2023-02-11,118
PROD-26,2023-02-12,139
PROD-26,2023-02-13,145
PROD-26,2023-02-14,138
PROD-26,2023-02-15,139
PROD-26,2023-02-16,170
PROD-26,2023-02-17,163
PROD-26,2023-02-18,163
PROD-26,2023-02-19,129
PROD-26,2023-02-20,144
PROD-26,2023-02-21,136
PROD-26,2023-02-22,170
PROD-26,2023-02-23,167
PROD-26,2023-02-24,149
PROD-26,2023-02-25,122
PROD-26,2023-02-26,151
PROD-26,2023-02-27,163
PROD-26,2023-02-28,121
PROD-26,2023-03-01,168
PROD-26,2023-03-02,151
PROD-26,2023-03-03,168
PROD-26,2023-03-04,155
PROD-26,2023-03-05,156
PROD-26,2023-03-06,142
PROD-26,2023-03-07,161
PROD-26,2023-03-08,140
PROD-26,2023-03-09,171
PROD-26,2023-03-10,173
PROD-26,2023-03-11,151
PROD-26,2023-03-12,127
PROD-26,2023-03-13,167
PROD-26,2023-03-14,157
PROD-26,2023-03-15,125
PROD-26,2023-03-16,127
PROD-26,2023-03-17,148
PROD-26,2023-03-18,175
PROD-26,2023-03-19,149
PROD-26,2023-03-20,138
PROD-26,2023-03-21,150
PROD-26,2023-03-22,171
PROD-26,2023-03-23,143
PROD-26,2023-03-24,165
PROD-26,2023-03-25,149
PROD-26,2023-03-26,123
PROD-26,2023-03-27,134
PROD-26,2023-03-28,171
PROD-26,2023-03-29,147
PROD-26,2023-03-30,161
PROD-26,2023-03-31,166
PROD-26,2023-04-01,150
PROD-26,2023-04-02,152
PROD-26,2023-04-03,172
PROD-26,2023-04-04,159
PROD-26,2023-04-05,147
PROD-26,2023-04-06,127
PROD-26,2023-04-07,174
PROD-26,2023-04-08,169
PROD-26,2023-04-09,142
PROD-26,2023-04-10,135
PROD-26,2023-04-11,158
PROD-26,2023-04-12,142
PROD-26,2023-04-13,135
PROD-26,2023-04-14,129
PROD-26,2023-04-15,144
PROD-26,2023-04-16,165
PROD-26,2023-04-17,167
PROD-26,2023-04-18,174
PROD-26,2023-04-19,171
PROD-26,2023-04-20,160
PROD-26,2023-04-21,170
PROD-26,2023-04-22,132
PROD-26,2023-04-23,156
PROD-26,2023-04-24,144
PROD-26,2023-04-25,141
PROD-26,2023-04-26,160
PROD-26,2023-04-27,136
PROD-26,2023-04-28,138
PROD-26,2023-04-29,165
PROD-26,2023-04-30,128
PROD-26,2023-05-01,126
PROD-26,2023-05-02,126
PROD-26,2023-05-03,144
PROD-26,2023-05-04,157
PROD-26,2023-05-05,141
PROD-26,2023-05-06,133
PROD-26,2023-05-07,152
PROD-26,2023-05-08,128
PROD-26,2023-05-09,112
PROD-26,2023-05-10,121
PROD-26,2023-05-11,117
PROD-26,2023-05-12,158
PROD-26,2023-05-13,118
PROD-26,2023-05-14,155
PROD-26,2023-05-15,134
PROD-26,2023-05-16,143
PROD-26,2023-05-17,137
PROD-26,2023-05-18,133
PROD-26,2023-05-19,147
PROD-26,2023-05-20,140
PROD-26,2023-05-21,157
PROD-26,2023-05-22,154
PROD-26,2023-05-23,152
PROD-26,2023-05-24,143
PROD-26,2023-05-25,127
PROD-26,2023-05-26,111
PROD-26,2023-05-27,158
PROD-26,2023-05-28,154
PROD-26,2023-05-29,140
PROD-26,2023-05-30,127
PROD-26,2023-05-31,135
PROD-26,2023-06-01,116
PROD-26,2023-06-02,95
PROD-26,2023-06-03,122
PROD-26,2023-06-04,116
PROD-26,2023-06-05,106
PROD-26,2023-06-06,120
PROD-26,2023-06-07,125
PROD-26,2023-06-08,98
PROD-26,2023-06-09,124
PROD-26,2023-06-10,116
PROD-26,2023-06-11,102
PROD-26,2023-06-12,113
PROD-26,2023-06-13,93
PROD-26,2023-06-14,104
PROD-26,2023-06-15,125
PROD-26,2023-06-16,136
PROD-26,2023-06-17,134
PROD-26,2023-06-18,99
PROD-26,2023-06-19,103
PROD-26,2023-06-20,93
PROD-26,2023-06-21,107
PROD-26,2023-06-22,110
PROD-26,2023-06-23,95
PROD-26,2023-06-24,116
PROD-26,2023-06-25,123
PROD-26,2023-06-26,111
PROD-26,2023-06-27,103
PROD-26,2023-06-28,119
PROD-26,2023-06-29,99
PROD-26,2023-06-30,119
PROD-26,2023-07-01,92
PROD-26,2023-07-02,109
PROD-26,2023-07-03,92
PROD-26,2023-07-04,81
PROD-26,2023-07-05,114
PROD-26,2023-07-06,105
PROD-26,2023-07-07,103
PROD-26,2023-07-08,97
PROD-26,2023-07-09,106
PROD-26,2023-07-10,91
PROD-26,2023-07-11,85
PROD-26,2023-07-12,94
PROD-26,2023-07-13,113
PROD-26,2023-07-14,91
PROD-26,2023-07-15,115
PROD-26,2023-07-16,97
PROD-26,2023-07-17,112
PROD-26,2023-07-18,90
PROD-26,2023-07-19,86
PROD-26,2023-07-20,107
PROD-26,2023-07-21,87
PROD-26,2023-07-22,103
PROD-26,2023-07-23,95
PROD-26,2023-07-24,118
PROD-26,2023-07-25,100
PROD-26,2023-07-26,102
PROD-26,2023-07-27,78
PROD-26,2023-07-28,82
PROD-26,2023-07-29,80
PROD-26,2023-07-30,112
PROD-26,2023-07-31,117
PROD-26,2023-08-01,85
PROD-26,2023-08-02,80
PROD-26,2023-08-03,101
PROD-26,2023-08-04,77
PROD-26,2023-08-05,71
PROD-26,2023-08-06,95
PROD-26,2023-08-07,86
PROD-26,2023-08-08,98
PROD-26,2023-08-09,100
PROD-26,2023-08-10,95
PROD-26,2023-08-11,90
PROD-26,2023-08-12,95
PROD-26,2023-08-13,85
PROD-26,2023-08-14,70
PROD-26,2023-08-15,83
PROD-26,2023-08-16,102
PROD-26,2023-08-17,85
PROD-26,2023-08-18,95
PROD-26,2023-08-19,99
PROD-26,2023-08-20,75
PROD-26,2023-08-21,87
PROD-26,2023-08-22,83
PROD-26,2023-08-23,79
PROD-26,2023-08-24,91
PROD-26,2023-08-25,77
PROD-26,2023-08-26,98
PROD-26,2023-08-27,102
PROD-26,2023-08-28,84
PROD-26,2023-08-29,93
PROD-26,2023-08-30,93
PROD-26,2023-08-31,91
PROD-26,2023-09-01,95
PROD-26,2023-09-02,87
PROD-26,2023-09-03,93
PROD-26,2023-09-04,66
PROD-26,2023-09-05,93
PROD-26,2023-09-06,79
PROD-26,2023-09-07,66
PROD-26,2023-09-08,69
PROD-26,2023-09-09,76
PROD-26,2023-09-10,84
PROD-26,2023-09-11,95
PROD-26,2023-09-12,97
PROD-26,2023-09-13,65
PROD-26,2023-09-14,79
PROD-26,2023-09-15,74
PROD-26,2023-09-16,90
PROD-26,2023-09-17,94
PROD-26,2023-09-18,85
PROD-26,2023-09-19,76
PROD-26,2023-09-20,97
PROD-26,2023-09-21,72
PROD-26,2023-09-22,67
PROD-26,2023-09-23,73
PROD-26,2023-09-24,93
PROD-26,2023-09-25,88
PROD-26,2023-09-26,68
PROD-26,2023-09-27,96
PROD-26,2023-09-28,89
PROD-26,2023-09-29,70
PROD-26,2023-09-30,84
PROD-26,2023-10-01,87
PROD-26,2023-10-02,88
PROD-26,2023-10-03,92
PROD-26,2023-10-04,71
PROD-26,2023-10-05,88
PROD-26,2023-10-06,72
PROD-26,2023-10-07,78
PROD-26,2023-10-08,94
PROD-26,2023-10-09,86
PROD-26,2023-10-10,86
PROD-26,2023-10-11,69
PROD-26,2023-10-12,70
PROD-26,2023-10-13,77
PROD-26,2023-10-14,95
PROD-26,2023-10-15,80
PROD-26,2023-10-16,86
PROD-26,2023-10-17,94
PROD-26,2023-10-18,69
PROD-26,2023-10-19,101
PROD-26,2023-10-20,83
PROD-26,2023-10-21,71
PROD-26,2023-10-22,76
PROD-26,2023-10-23,74
PROD-26,2023-10-24,82
PROD-26,2023-10-25,79
PROD-26,2023-10-26,85
PROD-26,2023-10-27,94
PROD-26,2023-10-28,86
PROD-26,2023-10-29,73
PROD-26,2023-10-30,74
PROD-26,2023-10-31,95
PROD-26,2023-11-01,79
PROD-26,2023-11-02,80
PROD-26,2023-11-03,104
PROD-26,2023-11-04,96
PROD-26,2023-11-05,106
PROD-26,2023-11-06,80
PROD-26,2023-11-07,84
PROD-26,2023-11-08,79
PROD-26,2023-11-09,93
PROD-26,2023-11-10,115
PROD-26,2023-11-11,111
PROD-26,2023-11-12,84
PROD-26,2023-11-13,104
PROD-26,2023-11-14,105
PROD-26,2023-11-15,90
PROD-26,2023-11-16,100
PROD-26,2023-11-17,107
PROD-26,2023-11-18,89
PROD-26,2023-11-19,103
PROD-26,2023-11-20,104
PROD-26,2023-11-21,104
PROD-26,2023-11-22,82
PROD-26,2023-11-23,89
PROD-26,2023-11-24,95
PROD-26,2023-11-25,112
PROD-26,2023-11-26,112
PROD-26,2023-11-27,98
PROD-26,2023-11-28,94
PROD-26,2023-11-29,79
PROD-26,2023-11-30,91
PROD-26,2023-12-01,119
PROD-26,2023-12-02,112
PROD-26,2023-12-03,129
PROD-26,2023-12-04,115
PROD-26,2023-12-05,139
PROD-26,2023-12-06,104
PROD-26,2023-12-07,105
PROD-26,2023-12-08,122
PROD-26,2023-12-09,106
PROD-26,2023-12-10,119
PROD-26,2023-12-11,100
PROD-26,2023-12-12,129
PROD-26,2023-12-13,100
PROD-26,2023-12-14,96
PROD-26,2023-12-15,126
PROD-26,2023-12-16,116
PROD-26,2023-12-17,96
PROD-26,2023-12-18,120
PROD-26,2023-12-19,129
PROD-26,2023-12-20,98
PROD-26,2023-12-21,134
PROD-26,2023-12-22,133
PROD-26,2023-12-23,134
PROD-26,2023-12-24,111
PROD-26,2023-12-25,102
PROD-26,2023-12-26,126
PROD-26,2023-12-27,116
PROD-26,2023-12-28,137
PROD-26,2023-12-29,120
PROD-26,2023-12-30,111
PROD-26,2023-12-31,100
PROD-26,2024-01-01,111
PROD-27,2023-01-01,141
PROD-27,2023-01-02,149
PROD-27,2023-01-03,134
PROD-27,2023-01-04,173
PROD-27,2023-01-05,127
PROD-27,2023-01-06,156
PROD-27,2023-01-07,132
PROD-27,2023-01-08,137
PROD-27,2023-01-09,177
PROD-27,2023-01-10,127
PROD-27,2023-01-11,124
PROD-27,2023-01-12,150
PROD-27,2023-01-13,180
PROD-27,2023-01-14,161
PROD-27,2023-01-15,141
PROD-27,2023-01-16,126
PROD-27,2023-01-17,156
PROD-27,2023-01-18,176
PROD-27,2023-01-19,144
PROD-27,2023-01-20,146
PROD-27,2023-01-21,135
PROD-27,2023-01-22,131
PROD-27,2023-01-23,134
PROD-27,2023-01-24,130
PROD-27,2023-01-25,179
PROD-27,2023-01-26,161
PROD-27,2023-01-27,181
PROD-27,2023-01-28,177
PROD-27,2023-01-29,142
PROD-27,2023-01-30,141
PROD-27,2023-01-31,170
PROD-27,2023-02-01,185
PROD-27,2023-02-02,135
PROD-27,2023-02-03,171
PROD-27,2023-02-04,181
PROD-27,2023-02-05,145
PROD-27,2023-02-06,183
PROD-27,2023-02-07,195
PROD-27,2023-02-08,175
PROD-27,2023-02-09,146
PROD-27,2023-02-10,195
PROD-27,2023-02-11,147
PROD-27,2023-02-12,151
PROD-27,2023-02-13,187
PROD-27,2023-02-14,149
PROD-27,2023-02-15,198
PROD-27,2023-02-16,169
PROD-27,2023-02-17,162
PROD-27,2023-02-18,157
PROD-27,2023-02-19,135
PROD-27,2023-02-20,177
PROD-27,2023-02-21,156
PROD-27,2023-02-22,176
PROD-27,2023-02-23,138
PROD-27,2023-02-24,188
PROD-27,2023-02-25,165
PROD-27,2023-02-26,169
PROD-27,2023-02-27,154
PROD-27,2023-02-28,159
PROD-27,2023-03-01,138
PROD-27,2023-03-02,149
PROD-27,2023-03-03,162
PROD-27,2023-03-04,180
PROD-27,2023-03-05,139
PROD-27,2023-03-06,138
PROD-27,2023-03-07,195
PROD-27,2023-03-08,191
PROD-27,2023-03-09,177
PROD-27,2023-03-10,168
PROD-27,2023-03-11,156
PROD-27,2023-03-12,189
PROD-27,2023-03-13,144
PROD-27,2023-03-14,194
PROD-27,2023-03-15,171
PROD-27,2023-03-16,187
PROD-27,2023-03-17,147
PROD-27,2023-03-18,196
PROD-27,2023-03-19,148
PROD-27,2023-03-20,204
PROD-27,2023-03-21,149
PROD-27,2023-03-22,194
PROD-27,2023-03-23,170
PROD-27,2023-03-24,139
PROD-27,2023-03-25,155
PROD-27,2023-03-26,203
PROD-27,2023-03-27,184
PROD-27,2023-03-28,194
PROD-27,2023-03-29,196
PROD-27,2023-03-30,163
PROD-27,2023-03-31,174
PROD-27,2023-04-01,140
PROD-27,2023-04-02,185
PROD-27,2023-04-03,178
PROD-27,2023-04-04,187
PROD-27,2023-04-05,182
PROD-27,2023-04-06,140
PROD-27,2023-04-07,143
PROD-27,2023-04-08,138
PROD-27,2023-04-09,164
PROD-27,2023-04-10,191
PROD-27,2023-04-11,157
PROD-27,2023-04-12,148
PROD-27,2023-04-13,197
PROD-27,2023-04-14,135
PROD-27,2023-04-15,178
PROD-27,2023-04-16,173
PROD-27,2023-04-17,140
PROD-27,2023-04-18,178
PROD-27,2023-04-19,178
PROD-27,2023-04-20,181
PROD-27,2023-04-21,147
PROD-27,2023-04-22,184
PROD-27,2023-04-23,135
PROD-27,2023-04-24,197
PROD-27,2023-04-25,133
PROD-27,2023-04-26,195
PROD-27,2023-04-27,195
PROD-27,2023-04-28,157
PROD-27,2023-04-29,198
PROD-27,2023-04-30,156
PROD-27,2023-05-01,132
PROD-27,2023-05-02,174
PROD-27,2023-05-03,131
PROD-27,2023-05-04,158
PROD-27,2023-05-05,134
PROD-27,2023-05-06,142
PROD-27,2023-05-07,143
PROD-27,2023-05-08,164
PROD-27,2023-05-09,166
PROD-27,2023-05-10,177
PROD-27,2023-05-11,144
PROD-27,2023-05-12,126
PROD-27,2023-05-13,123
PROD-27,2023-05-14,171
PROD-27,2023-05-15,145
PROD-27,2023-05-16,159
PROD-27,2023-05-17,168
PROD-27,2023-05-18,177
PROD-27,2023-05-19,135
PROD-27,2023-05-20,158
PROD-27,2023-05-21,155
PROD-27,2023-05-22,157
PROD-27,2023-05-23,121
PROD-27,2023-05-24,123
PROD-27,2023-05-25,137
PROD-27,2023-05-26,137
PROD-27,2023-05-27,157
PROD-27,2023-05-28,173
PROD-27,2023-05-29,172
PROD-27,2023-05-30,149
PROD-27,2023-05-31,138
PROD-27,2023-06-01,137
PROD-27,2023-06-02,142
PROD-27,2023-06-03,136
PROD-27,2023-06-04,117
PROD-27,2023-06-05,153
PROD-27,2023-06-06,130
PROD-27,2023-06-07,133
PROD-27,2023-06-08,107
PROD-27,2023-06-09,109
PROD-27,2023-06-10,112
PROD-27,2023-06-11,116
PROD-27,2023-06-12,144
PROD-27,2023-06-13,146
PROD-27,2023-06-14,114
PROD-27,2023-06-15,129
PROD-27,2023-06-16,125
PROD-27,2023-06-17,140
PROD-27,2023-06-18,147
PROD-27,2023-06-19,118
PROD-27,2023-06-20,138
PROD-27,2023-06-21,156
PROD-27,2023-06-22,157
PROD-27,2023-06-23,138
PROD-27,2023-06-24,140
PROD-27,2023-06-25,130
PROD-27,2023-06-26,122
PROD-27,2023-06-27,149
PROD-27,2023-06-28,139
PROD-27,2023-06-29,124
PROD-27,2023-06-30,143
PROD-27,2023-07-01,122
PROD-27,2023-07-02,110
PROD-27,2023-07-03,116
PROD-27,2023-07-04,126
PROD-27,2023-07-05,113
PROD-27,2023-07-06,122
PROD-27,2023-07-07,122
PROD-27,2023-07-08,124
PROD-27,2023-07-09,128
PROD-27,2023-07-10,124
PROD-27,2023-07-11,129
PROD-27,2023-07-12,101
PROD-27,2023-07-13,108
PROD-27,2023-07-14,94
PROD-27,2023-07-15,110
PROD-27,2023-07-16,108
PROD-27,2023-07-17,131
PROD-27,2023-07-18,125
PROD-27,2023-07-19,122
PROD-27,2023-07-20,104
PROD-27,2023-07-21,128
PROD-27,2023-07-22,119
PROD-27,2023-07-23,118
PROD-27,2023-07-24,120
PROD-27,2023-07-25,129
PROD-27,2023-07-26,100
PROD-27,2023-07-27,96
PROD-27,2023-07-28,96
PROD-27,2023-07-29,104
PROD-27,2023-07-30,113
PROD-27,2023-07-31,90
PROD-27,2023-08-01,81
PROD-27,2023-08-02,98
PROD-27,2023-08-03,96
PROD-27,2023-08-04,87
PROD-27,2023-08-05,110
PROD-27,2023-08-06,101
PROD-27,2023-08-07,82
PROD-27,2023-08-08,92
PROD-27,2023-08-09,84
PROD-27,2023-08-10,103
PROD-27,2023-08-11,102
PROD-27,2023-08-12,82
PROD-27,2023-08-13,112
PROD-27,2023-08-14,105
PROD-27,2023-08-15,93
PROD-27,2023-08-16,99
PROD-27,2023-08-17,90
PROD-27,2023-08-18,90
PROD-27,2023-08-19,97
PROD-27,2023-08-20,112
PROD-27,2023-08-21,115
PROD-27,2023-08-22,97
PROD-27,2023-08-23,102
PROD-27,2023-08-24,95
PROD-27,2023-08-25,91
PROD-27,2023-08-26,116
PROD-27,2023-08-27,87
PROD-27,2023-08-28,104
PROD-27,2023-08-29,108
PROD-27,2023-08-30,92
PROD-27,2023-08-31,110
PROD-27,2023-09-01,74
PROD-27,2023-09-02,93
PROD-27,2023-09-03,104
PROD-27,2023-09-04,106
PROD-27,2023-09-05,98
PROD-27,2023-09-06,81
PROD-27,2023-09-07,104
PROD-27,2023-09-08,75
PROD-27,2023-09-09,84
PROD-27,2023-09-10,105
PROD-27,2023-09-11,85
PROD-27,2023-09-12,99
PROD-27,2023-09-13,106
PROD-27,2023-09-14,105
PROD-27,2023-09-15,79
PROD-27,2023-09-16,82
PROD-27,2023-09-17,96
PROD-27,2023-09-18,79
PROD-27,2023-09-19,82
PROD-27,2023-09-20,90
PROD-27,2023-09-21,102
PROD-27,2023-09-22,105
PROD-27,2023-09-23,93
PROD-27,2023-09-24,74
PROD-27,2023-09-25,92
PROD-27,2023-09-26,94
PROD-27,2023-09-27,83
PROD-27,2023-09-28,81
PROD-27,2023-09-29,97
PROD-27,2023-09-30,99
PROD-27,2023-10-01,78
PROD-27,2023-10-02,92
PROD-27,2023-10-03,89
PROD-27,2023-10-04,89
PROD-27,2023-10-05,80
PROD-27,2023-10-06,93
PROD-27,2023-10-07,87
PROD-27,2023-10-08,86
PROD-27,2023-10-09,100
PROD-27,2023-10-10,105
PROD-27,2023-10-11,84
PROD-27,2023-10-12,96
PROD-27,2023-10-13,105
PROD-27,2023-10-14,113
PROD-27,2023-10-15,81
PROD-27,2023-10-16,79
PROD-27,2023-10-17,94
PROD-27,2023-10-18,96
PROD-27,2023-10-19,97
PROD-27,2023-10-20,104
PROD-27,2023-10-21,103
PROD-27,2023-10-22,85
PROD-27,2023-10-23,108
PROD-27,2023-10-24,95
PROD-27,2023-10-25,112
PROD-27,2023-10-26,111
PROD-27,2023-10-27,98
PROD-27,2023-10-28,92
PROD-27,2023-10-29,100
PROD-27,2023-10-30,82
PROD-27,2023-10-31,111
PROD-27,2023-11-01,100
PROD-27,2023-11-02,115
PROD-27,2023-11-03,129
PROD-27,2023-11-04,93
PROD-27,2023-11-05,99
PROD-27,2023-11-06,89
PROD-27,2023-11-07,103
PROD-27,2023-11-08,106
PROD-27,2023-11-09,124
PROD-27,2023-11-10,108
PROD-27,2023-11-11,116
PROD-27,2023-11-12,89
PROD-27,2023-11-13,129
PROD-27,2023-11-14,107
PROD-27,2023-11-15,109
PROD-27,2023-11-16,102
PROD-27,2023-11-17,119
PROD-27,2023-11-18,127
PROD-27,2023-11-19,110
PROD-27,2023-11-20,133
PROD-27,2023-11-21,128
PROD-27,2023-11-22,91
PROD-27,2023-11-23,93
PROD-27,2023-11-24,114
PROD-27,2023-11-25,116
PROD-27,2023-11-26,107
PROD-27,2023-11-27,108
PROD-27,2023-11-28,127
PROD-27,2023-11-29,106
PROD-27,2023-11-30,118
PROD-27,2023-12-01,142
PROD-27,2023-12-02,150
PROD-27,2023-12-03,156
PROD-27,2023-12-04,139
PROD-27,2023-12-05,133
PROD-27,2023-12-06,106
PROD-27,2023-12-07,138
PROD-27,2023-12-08,118
PROD-27,2023-12-09,131
PROD-27,2023-12-10,139
PROD-27,2023-12-11,133
PROD-27,2023-12-12,125
PROD-27,2023-12-13,135
PROD-27,2023-12-14,153
PROD-27,2023-12-15,141
PROD-27,2023-12-16,115
PROD-27,2023-12-17,132
PROD-27,2023-12-18,115
PROD-27,2023-12-19,114
PROD-27,2023-12-20,136
PROD-27,2023-12-21,145
PROD-27,2023-12-22,139
PROD-27,2023-12-23,127
PROD-27,2023-12-24,146
PROD-27,2023-12-25,147
PROD-27,2023-12-26,110
PROD-27,2023-12-27,148
PROD-27,2023-12-28,136
PROD-27,2023-12-29,149
PROD-27,2023-12-30,116
PROD-27,2023-12-31,153
PROD-27,2024-01-01,174
PROD-28,2023-01-01,63
PROD-28,2023-01-02,69
PROD-28,2023-01-03,60
PROD-28,2023-01-04,85
PROD-28,2023-01-05,70
PROD-28,2023-01-06,84
PROD-28,2023-01-07,78
PROD-28,2023-01-08,85
PROD-28,2023-01-09,82
PROD-28,2023-01-10,62
PROD-28,2023-01-11,61
PROD-28,2023-01-12,87
PROD-28,2023-01-13,71
PROD-28,2023-01-14,68
PROD-28,2023-01-15,63
PROD-28,2023-01-16,83
PROD-28,2023-01-17,75
PROD-28,2023-01-18,69
PROD-28,2023-01-19,70
PROD-28,2023-01-20,87
PROD-28,2023-01-21,73
PROD-28,2023-01-22,62
PROD-28,2023-01-23,60
PROD-28,2023-01-24,63
PROD-28,2023-01-25,64
PROD-28,2023-01-26,70
PROD-28,2023-01-27,81
PROD-28,2023-01-28,86
PROD-28,2023-01-29,88
PROD-28,2023-01-30,72
PROD-28,2023-01-31,72
PROD-28,2023-02-01,82
PROD-28,2023-02-02,68
PROD-28,2023-02-03,65
PROD-28,2023-02-04,74
PROD-28,2023-02-05,70
PROD-28,2023-02-06,71
PROD-28,2023-02-07,88
PROD-28,2023-02-08,72
PROD-28,2023-02-09,77
PROD-28,2023-02-10,80
PROD-28,2023-02-11,87
PROD-28,2023-02-12,65
PROD-28,2023-02-13,93
PROD-28,2023-02-14,88
PROD-28,2023-02-15,91
PROD-28,2023-02-16,75
PROD-28,2023-02-17,83
PROD-28,2023-02-18,95
PROD-28,2023-02-19,66
PROD-28,2023-02-20,91
PROD-28,2023-02-21,89
PROD-28,2023-02-22,81
PROD-28,2023-02-23,85
PROD-28,2023-02-24,90
PROD-28,2023-02-25,84
PROD-28,2023-02-26,89
PROD-28,2023-02-27,93
PROD-28,2023-02-28,64
PROD-28,2023-03-01,88
PROD-28,2023-03-02,81
PROD-28,2023-03-03,74
PROD-28,2023-03-04,87
PROD-28,2023-03-05,70
PROD-28,2023-03-06,92
PROD-28,2023-03-07,79
PROD-28,2023-03-08,95
PROD-28,2023-03-09,66
PROD-28,2023-03-10,86
PROD-28,2023-03-11,72
PROD-28,2023-03-12,76
PROD-28,2023-03-13,79
PROD-28,2023-03-14,87
PROD-28,2023-03-15,90
PROD-28,2023-03-16,98
PROD-28,2023-03-17,82
PROD-28,2023-03-18,68
PROD-28,2023-03-19,87
PROD-28,2023-03-20,96
PROD-28,2023-03-21,85
PROD-28,2023-03-22,90
PROD-28,2023-03-23,83
PROD-28,2023-03-24,79
PROD-28,2023-03-25,83
PROD-28,2023-03-26,99
PROD-28,2023-03-27,72
PROD-28,2023-03-28,98
PROD-28,2023-03-29,71
PROD-28,2023-03-30,69
PROD-28,2023-03-31,68
PROD-28,2023-04-01,83
PROD-28,2023-04-02,79
PROD-28,2023-04-03,79
PROD-28,2023-04-04,78
PROD-28,2023-04-05,89
PROD-28,2023-04-06,74
PROD-28,2023-04-07,65
PROD-28,2023-04-08,73
PROD-28,2023-04-09,89
PROD-28,2023-04-10,83
PROD-28,2023-04-11,77
PROD-28,2023-04-12,91
PROD-28,2023-04-13,74
PROD-28,2023-04-14,77
PROD-28,2023-04-15,79
PROD-28,2023-04-16,69
PROD-28,2023-04-17,95
PROD-28,2023-04-18,80
PROD-28,2023-04-19,85
PROD-28,2023-04-20,84
PROD-28,2023-04-21,78
PROD-28,2023-04-22,89
PROD-28,2023-04-23,70
PROD-28,2023-04-24,69
PROD-28,2023-04-25,84
PROD-28,2023-04-26,72
PROD-28,2023-04-27,72
PROD-28,2023-04-28,64
PROD-28,2023-04-29,73
PROD-28,2023-04-30,76
PROD-28,2023-05-01,76
PROD-28,2023-05-02,87
PROD-28,2023-05-03,77
PROD-28,2023-05-04,70
PROD-28,2023-05-05,67
PROD-28,2023-05-06,59
PROD-28,2023-05-07,73
PROD-28,2023-05-08,66
PROD-28,2023-05-09,82
PROD-28,2023-05-10,67
PROD-28,2023-05-11,66
PROD-28,2023-05-12,60
PROD-28,2023-05-13,63
PROD-28,2023-05-14,73
PROD-28,2023-05-15,77
PROD-28,2023-05-16,77
PROD-28,2023-05-17,85
PROD-28,2023-05-18,64
PROD-28,2023-05-19,86
PROD-28,2023-05-20,69
PROD-28,2023-05-21,76
PROD-28,2023-05-22,67
PROD-28,2023-05-23,79
PROD-28,2023-05-24,82
PROD-28,2023-05-25,66
PROD-28,2023-05-26,62
PROD-28,2023-05-27,76
PROD-28,2023-05-28,83
PROD-28,2023-05-29,64
PROD-28,2023-05-30,64
PROD-28,2023-05-31,62
PROD-28,2023-06-01,64
PROD-28,2023-06-02,74
PROD-28,2023-06-03,63
PROD-28,2023-06-04,58
PROD-28,2023-06-05,54
PROD-28,2023-06-06,65
PROD-28,2023-06-07,62
PROD-28,2023-06-08,62
PROD-28,2023-06-09,52
PROD-28,2023-06-10,67
PROD-28,2023-06-11,68
PROD-28,2023-06-12,54
PROD-28,2023-06-13,66
PROD-28,2023-06-14,53
PROD-28,2023-06-15,57
PROD-28,2023-06-16,62
PROD-28,2023-06-17,51
PROD-28,2023-06-18,73
PROD-28,2023-06-19,60
PROD-28,2023-06-20,54
PROD-28,2023-06-21,68
PROD-28,2023-06-22,76
PROD-28,2023-06-23,65
PROD-28,2023-06-24,58
PROD-28,2023-06-25,56
PROD-28,2023-06-26,67
PROD-28,2023-06-27,62
PROD-28,2023-06-28,58
PROD-28,2023-06-29,53
PROD-28,2023-06-30,55
PROD-28,2023-07-01,53
PROD-28,2023-07-02,57
PROD-28,2023-07-03,50
PROD-28,2023-07-04,54
PROD-28,2023-07-05,48
PROD-28,2023-07-06,44
PROD-28,2023-07-07,61
PROD-28,2023-07-08,55
PROD-28,2023-07-09,49
PROD-28,2023-07-10,51
PROD-28,2023-07-11,56
PROD-28,2023-07-12,53
PROD-28,2023-07-13,54
PROD-28,2023-07-14,55
PROD-28,2023-07-15,44
PROD-28,2023-07-16,45
PROD-28,2023-07-17,57
PROD-28,2023-07-18,56
PROD-28,2023-07-19,48
PROD-28,2023-07-20,58
PROD-28,2023-07-21,62
PROD-28,2023-07-22,49
PROD-28,2023-07-23,57
PROD-28,2023-07-24,51
PROD-28,2023-07-25,59
PROD-28,2023-07-26,55
PROD-28,2023-07-27,61
PROD-28,2023-07-28,48
PROD-28,2023-07-29,45
PROD-28,2023-07-30,63
PROD-28,2023-07-31,48
PROD-28,2023-08-01,45
PROD-28,2023-08-02,44
PROD-28,2023-08-03,51
PROD-28,2023-08-04,41
PROD-28,2023-08-05,52
PROD-28,2023-08-06,51
PROD-28,2023-08-07,41
PROD-28,2023-08-08,46
PROD-28,2023-08-09,53
PROD-28,2023-08-10,39
PROD-28,2023-08-11,52
PROD-28,2023-08-12,56
PROD-28,2023-08-13,39
PROD-28,2023-08-14,50
PROD-28,2023-08-15,48
PROD-28,2023-08-16,40
PROD-28,2023-08-17,55
PROD-28,2023-08-18,39
PROD-28,2023-08-19,47
PROD-28,2023-08-20,42
PROD-28,2023-08-21,55
PROD-28,2023-08-22,43
PROD-28,2023-08-23,55
PROD-28,2023-08-24,56
PROD-28,2023-08-25,47
PROD-28,2023-08-26,48
PROD-28,2023-08-27,55
PROD-28,2023-08-28,48
PROD-28,2023-08-29,38
PROD-28,2023-08-30,43
PROD-28,2023-08-31,55
PROD-28,2023-09-01,51
PROD-28,2023-09-02,44
PROD-28,2023-09-03,40
PROD-28,2023-09-04,44
PROD-28,2023-09-05,40
PROD-28,2023-09-06,43
PROD-28,2023-09-07,48
PROD-28,2023-09-08,41
PROD-28,2023-09-09,44
PROD-28,2023-09-10,50
PROD-28,2023-09-11,40
PROD-28,2023-09-12,40
PROD-28,2023-09-13,36
PROD-28,2023-09-14,39
PROD-28,2023-09-15,42
PROD-28,2023-09-16,40
PROD-28,2023-09-17,53
PROD-28,2023-09-18,51
PROD-28,2023-09-19,51
PROD-28,2023-09-20,47
PROD-28,2023-09-21,42
PROD-28,2023-09-22,48
PROD-28,2023-09-23,37
PROD-28,2023-09-24,46
PROD-28,2023-09-25,47
PROD-28,2023-09-26,38
PROD-28,2023-09-27,44
PROD-28,2023-09-28,46
PROD-28,2023-09-29,46
PROD-28,2023-09-30,40
PROD-28,2023-10-01,37
PROD-28,2023-10-02,50
PROD-28,2023-10-03,43
PROD-28,2023-10-04,40
PROD-28,2023-10-05,47
PROD-28,2023-10-06,52
PROD-28,2023-10-07,47
PROD-28,2023-10-08,45
PROD-28,2023-10-09,49
PROD-28,2023-10-10,41
PROD-28,2023-10-11,48
PROD-28,2023-10-12,43
PROD-28,2023-10-13,39
PROD-28,2023-10-14,54
PROD-28,2023-10-15,51
PROD-28,2023-10-16,56
PROD-28,2023-10-17,54
PROD-28,2023-10-18,46
PROD-28,2023-10-19,54
PROD-28,2023-10-20,38
PROD-28,2023-10-21,42
PROD-28,2023-10-22,48
PROD-28,2023-10-23,47
PROD-28,2023-10-24,45
PROD-28,2023-10-25,52
PROD-28,2023-10-26,45
PROD-28,2023-10-27,49
PROD-28,2023-10-28,45
PROD-28,2023-10-29,47
PROD-28,2023-10-30,51
PROD-28,2023-10-31,39
PROD-28,2023-11-01,57
PROD-28,2023-11-02,63
PROD-28,2023-11-03,49
PROD-28,2023-11-04,64
PROD-28,2023-11-05,46
PROD-28,2023-11-06,43
PROD-28,2023-11-07,46
PROD-28,2023-11-08,56
PROD-28,2023-11-09,64
PROD-28,2023-11-10,58
PROD-28,2023-11-11,57
PROD-28,2023-11-12,46
PROD-28,2023-11-13,61
PROD-28,2023-11-14,56
PROD-28,2023-11-15,45
PROD-28,2023-11-16,46
PROD-28,2023-11-17,64
PROD-28,2023-11-18,49
PROD-28,2023-11-19,43
PROD-28,2023-11-20,47
PROD-28,2023-11-21,51
PROD-28,2023-11-22,62
PROD-28,2023-11-23,43
PROD-28,2023-11-24,56
PROD-28,2023-11-25,65
PROD-28,2023-11-26,49
PROD-28,2023-11-27,58
PROD-28,2023-11-28,46
PROD-28,2023-11-29,57
PROD-28,2023-11-30,64
PROD-28,2023-12-01,72
PROD-28,2023-12-02,56
PROD-28,2023-12-03,57
PROD-28,2023-12-04,53
PROD-28,2023-12-05,56
PROD-28,2023-12-06,56
PROD-28,2023-12-07,76
PROD-28,2023-12-08,60
PROD-28,2023-12-09,65
PROD-28,2023-12-10,72
PROD-28,2023-12-11,68
PROD-28,2023-12-12,68
PROD-28,2023-12-13,53
PROD-28,2023-12-14,54
PROD-28,2023-12-15,66
PROD-28,2023-12-16,59
PROD-28,2023-12-17,68
PROD-28,2023-12-18,57
PROD-28,2023-12-19,62
PROD-28,2023-12-20,75
PROD-28,2023-12-21,51
PROD-28,2023-12-22,71
PROD-28,2023-12-23,56
PROD-28,2023-12-24,68
PROD-28,2023-12-25,70
PROD-28,2023-12-26,66
PROD-28,2023-12-27,58
PROD-28,2023-12-28,56
PROD-28,2023-12-29,74
PROD-28,2023-12-30,61
PROD-28,2023-12-31,58
PROD-28,2024-01-01,60
PROD-29,2023-01-01,101
PROD-29,2023-01-02,80
PROD-29,2023-01-03,81
PROD-29,2023-01-04,96
PROD-29,2023-01-05,88
PROD-29,2023-01-06,89
PROD-29,2023-01-07,105
PROD-29,2023-01-08,77
PROD-29,2023-01-09,71
PROD-29,2023-01-10,89
PROD-29,2023-01-11,100
PROD-29,2023-01-12,101
PROD-29,2023-01-13,92
PROD-29,2023-01-14,94
PROD-29,2023-01-15,93
PROD-29,2023-01-16,71
PROD-29,2023-01-17,93
PROD-29,2023-01-18,73
PROD-29,2023-01-19,81
PROD-29,2023-01-20,78
PROD-29,2023-01-21,74
PROD-29,2023-01-22,88
PROD-29,2023-01-23,92
PROD-29,2023-01-24,103
PROD-29,2023-01-25,76
PROD-29,2023-01-26,76
PROD-29,2023-01-27,88
PROD-29,2023-01-28,88
PROD-29,2023-01-29,72
PROD-29,2023-01-30,74
PROD-29,2023-01-31,100
PROD-29,2023-02-01,110
PROD-29,2023-02-02,88
PROD-29,2023-02-03,92
PROD-29,2023-02-04,88
PROD-29,2023-02-05,78
PROD-29,2023-02-06,84
PROD-29,2023-02-07,103
PROD-29,2023-02-08,114
PROD-29,2023-02-09,100
PROD-29,2023-02-10,98
PROD-29,2023-02-11,92
PROD-29,2023-02-12,100
PROD-29,2023-02-13,79
PROD-29,2023-02-14,106
PROD-29,2023-02-15,107
PROD-29,2023-02-16,108
PROD-29,2023-02-17,92
PROD-29,2023-02-18,84
PROD-29,2023-02-19,115
PROD-29,2023-02-20,101
PROD-29,2023-02-21,95
PROD-29,2023-02-22,105
PROD-29,2023-02-23,80
PROD-29,2023-02-24,91
PROD-29,2023-02-25,115
PROD-29,2023-02-26,85
PROD-29,2023-02-27,95
PROD-29,2023-02-28,114
PROD-29,2023-03-01,90
PROD-29,2023-03-02,103
PROD-29,2023-03-03,110
PROD-29,2023-03-04,115
PROD-29,2023-03-05,106
PROD-29,2023-03-06,111
PROD-29,2023-03-07,91
PROD-29,2023-03-08,104
PROD-29,2023-03-09,91
PROD-29,2023-03-10,100
PROD-29,2023-03-11,91
PROD-29,2023-03-12,95
PROD-29,2023-03-13,98
PROD-29,2023-03-14,106
PROD-29,2023-03-15,94
PROD-29,2023-03-16,88
PROD-29,2023-03-17,86
PROD-29,2023-03-18,88
PROD-29,2023-03-19,100
PROD-29,2023-03-20,84
PROD-29,2023-03-21,114
PROD-29,2023-03-22,111
PROD-29,2023-03-23,111
PROD-29,2023-03-24,105
PROD-29,2023-03-25,84
PROD-29,2023-03-26,105
PROD-29,2023-03-27,90
PROD-29,2023-03-28,108
PROD-29,2023-03-29,98
PROD-29,2023-03-30,99
PROD-29,2023-03-31,86
PROD-29,2023-04-01,111
PROD-29,2023-04-02,79
PROD-29,2023-04-03,99
PROD-29,2023-04-04,79
PROD-29,2023-04-05,91
PROD-29,2023-04-06,104
PROD-29,2023-04-07,93
PROD-29,2023-04-08,101
PROD-29,2023-04-09,114
PROD-29,2023-04-10,113
PROD-29,2023-04-11,89
PROD-29,2023-04-12,92
PROD-29,2023-04-13,115
PROD-29,2023-04-14,101
PROD-29,2023-04-15,107
PROD-29,2023-04-16,86
PROD-29,2023-04-17,81
PROD-29,2023-04-18,80
PROD-29,2023-04-19,83
PROD-29,2023-04-20,90
PROD-29,2023-04-21,86
PROD-29,2023-04-22,114
PROD-29,2023-04-23,102
PROD-29,2023-04-24,94
PROD-29,2023-04-25,105
PROD-29,2023-04-26,97
PROD-29,2023-04-27,85
PROD-29,2023-04-28,106
PROD-29,2023-04-29,99
PROD-29,2023-04-30,100
PROD-29,2023-05-01,103
PROD-29,2023-05-02,96
PROD-29,2023-05-03,79
PROD-29,2023-05-04,70
PROD-29,2023-05-05,80
PROD-29,2023-05-06,73
PROD-29,2023-05-07,79
PROD-29,2023-05-08,98
PROD-29,2023-05-09,102
PROD-29,2023-05-10,88
PROD-29,2023-05-11,101
PROD-29,2023-05-12,94
PROD-29,2023-05-13,86
PROD-29,2023-05-14,94
PROD-29,2023-05-15,87
PROD-29,2023-05-16,78
PROD-29,2023-05-17,74
PROD-29,2023-05-18,76
PROD-29,2023-05-19,86
PROD-29,2023-05-20,76
PROD-29,2023-05-21,80
PROD-29,2023-05-22,79
PROD-29,2023-05-23,96
PROD-29,2023-05-24,96
PROD-29,2023-05-25,71
PROD-29,2023-05-26,76
PROD-29,2023-05-27,104
PROD-29,2023-05-28,75
PROD-29,2023-05-29,93
PROD-29,2023-05-30,73
PROD-29,2023-05-31,100
PROD-29,2023-06-01,62
PROD-29,2023-06-02,91
PROD-29,2023-06-03,86
PROD-29,2023-06-04,81
PROD-29,2023-06-05,67
PROD-29,2023-06-06,87
PROD-29,2023-06-07,76
PROD-29,2023-06-08,87
PROD-29,2023-06-09,65
PROD-29,2023-06-10,65
PROD-29,2023-06-11,88
PROD-29,2023-06-12,78
PROD-29,2023-06-13,81
PROD-29,2023-06-14,90
PROD-29,2023-06-15,73
PROD-29,2023-06-16,72
PROD-29,2023-06-17,78
PROD-29,2023-06-18,79
PROD-29,2023-06-19,71
PROD-29,2023-06-20,69
PROD-29,2023-06-21,70
PROD-29,2023-06-22,69
PROD-29,2023-06-23,78
PROD-29,2023-06-24,84
PROD-29,2023-06-25,84
PROD-29,2023-06-26,62
PROD-29,2023-06-27,91
PROD-29,2023-06-28,66
PROD-29,2023-06-29,78
PROD-29,2023-06-30,62
PROD-29,2023-07-01,73
PROD-29,2023-07-02,69
PROD-29,2023-07-03,74
PROD-29,2023-07-04,54
PROD-29,2023-07-05,57
PROD-29,2023-07-06,68
PROD-29,2023-07-07,76
PROD-29,2023-07-08,71
PROD-29,2023-07-09,66
PROD-29,2023-07-10,63
PROD-29,2023-07-11,66
PROD-29,2023-07-12,77
PROD-29,2023-07-13,57
PROD-29,2023-07-14,62
PROD-29,2023-07-15,76
PROD-29,2023-07-16,72
PROD-29,2023-07-17,77
PROD-29,2023-07-18,71
PROD-29,2023-07-19,52
PROD-29,2023-07-20,69
PROD-29,2023-07-21,63
PROD-29,2023-07-22,59
PROD-29,2023-07-23,65
PROD-29,2023-07-24,63
PROD-29,2023-07-25,54
PROD-29,2023-07-26,78
PROD-29,2023-07-27,64
PROD-29,2023-07-28,52
PROD-29,2023-07-29,74
PROD-29,2023-07-30,64
PROD-29,2023-07-31,76
PROD-29,2023-08-01,51
PROD-29,2023-08-02,57
PROD-29,2023-08-03,66
PROD-29,2023-08-04,67
PROD-29,2023-08-05,58
PROD-29,2023-08-06,59
PROD-29,2023-08-07,61
PROD-29,2023-08-08,52
PROD-29,2023-08-09,51
PROD-29,2023-08-10,47
PROD-29,2023-08-11,65
PROD-29,2023-08-12,55
PROD-29,2023-08-13,49
PROD-29,2023-08-14,66
PROD-29,2023-08-15,66
PROD-29,2023-08-16,51
PROD-29,2023-08-17,67
PROD-29,2023-08-18,66
PROD-29,2023-08-19,64
PROD-29,2023-08-20,53
PROD-29,2023-08-21,51
PROD-29,2023-08-22,58
PROD-29,2023-08-23,60
PROD-29,2023-08-24,59
PROD-29,2023-08-25,62
PROD-29,2023-08-26,57
PROD-29,2023-08-27,58
PROD-29,2023-08-28,64
PROD-29,2023-08-29,52
PROD-29,2023-08-30,50
PROD-29,2023-08-31,65
PROD-29,2023-09-01,56
PROD-29,2023-09-02,55
PROD-29,2023-09-03,55
PROD-29,2023-09-04,62
PROD-29,2023-09-05,49
PROD-29,2023-09-06,48
PROD-29,2023-09-07,59
PROD-29,2023-09-08,48
PROD-29,2023-09-09,48
PROD-29,2023-09-10,62
PROD-29,2023-09-11,61
PROD-29,2023-09-12,64
PROD-29,2023-09-13,56
PROD-29,2023-09-14,43
PROD-29,2023-09-15,46
PROD-29,2023-09-16,45
PROD-29,2023-09-17,62
PROD-29,2023-09-18,56
PROD-29,2023-09-19,54
PROD-29,2023-09-20,52
PROD-29,2023-09-21,51
PROD-29,2023-09-22,60
PROD-29,2023-09-23,44
PROD-29,2023-09-24,61
PROD-29,2023-09-25,49
PROD-29,2023-09-26,59
PROD-29,2023-09-27,50
PROD-29,2023-09-28,55
PROD-29,2023-09-29,61
PROD-29,2023-09-30,56
PROD-29,2023-10-01,46
PROD-29,2023-10-02,57
PROD-29,2023-10-03,55
PROD-29,2023-10-04,47
PROD-29,2023-10-05,48
PROD-29,2023-10-06,55
PROD-29,2023-10-07,63
PROD-29,2023-10-08,62
PROD-29,2023-10-09,67
PROD-29,2023-10-10,46
PROD-29,2023-10-11,59
PROD-29,2023-10-12,56
PROD-29,2023-10-13,46
PROD-29,2023-10-14,60
PROD-29,2023-10-15,67
PROD-29,2023-10-16,64
PROD-29,2023-10-17,51
PROD-29,2023-10-18,47
PROD-29,2023-10-19,46
PROD-29,2023-10-20,59
PROD-29,2023-10-21,67
PROD-29,2023-10-22,59
PROD-29,2023-10-23,67
PROD-29,2023-10-24,47
PROD-29,2023-10-25,54
PROD-29,2023-10-26,68
PROD-29,2023-10-27,55
PROD-29,2023-10-28,68
PROD-29,2023-10-29,65
PROD-29,2023-10-30,52
PROD-29,2023-10-31,49
PROD-29,2023-11-01,52
PROD-29,2023-11-02,55
PROD-29,2023-11-03,61
PROD-29,2023-11-04,53
PROD-29,2023-11-05,68
PROD-29,2023-11-06,76
PROD-29,2023-11-07,58
PROD-29,2023-11-08,56
PROD-29,2023-11-09,54
PROD-29,2023-11-10,56
PROD-29,2023-11-11,67
PROD-29,2023-11-12,73
PROD-29,2023-11-13,63
PROD-29,2023-11-14,63
PROD-29,2023-11-15,54
PROD-29,2023-11-16,63
PROD-29,2023-11-17,62
PROD-29,2023-11-18,73
PROD-29,2023-11-19,78
PROD-29,2023-11-20,59
PROD-29,2023-11-21,60
PROD-29,2023-11-22,72
PROD-29,2023-11-23,53
PROD-29,2023-11-24,72
PROD-29,2023-11-25,73
PROD-29,2023-11-26,58
PROD-29,2023-11-27,62
PROD-29,2023-11-28,61
PROD-29,2023-11-29,65
PROD-29,2023-11-30,70
PROD-29,2023-12-01,80
PROD-29,2023-12-02,91
PROD-29,2023-12-03,61
PROD-29,2023-12-04,84
PROD-29,2023-12-05,62
PROD-29,2023-12-06,75
PROD-29,2023-12-07,86
PROD-29,2023-12-08,63
PROD-29,2023-12-09,67
PROD-29,2023-12-10,86
PROD-29,2023-12-11,68
PROD-29,2023-12-12,83
PROD-29,2023-12-13,72
PROD-29,2023-12-14,80
PROD-29,2023-12-15,77
PROD-29,2023-12-16,65
PROD-29,2023-12-17,74
PROD-29,2023-12-18,72
PROD-29,2023-12-19,75
PROD-29,2023-12-20,68
PROD-29,2023-12-21,65
PROD-29,2023-12-22,86
PROD-29,2023-12-23,75
PROD-29,2023-12-24,91
PROD-29,2023-12-25,90
PROD-29,2023-12-26,90
PROD-29,2023-12-27,80
PROD-29,2023-12-28,88
PROD-29,2023-12-29,92
PROD-29,2023-12-30,90
PROD-29,2023-12-31,91
PROD-29,2024-01-01,90
PROD-30,2023-01-01,109
PROD-30,2023-01-02,125
PROD-30,2023-01-03,116
PROD-30,2023-01-04,129
PROD-30,2023-01-05,112
PROD-30,2023-01-06,137
PROD-30,2023-01-07,134
PROD-30,2023-01-08,141
PROD-30,2023-01-09,96
PROD-30,2023-01-10,107
PROD-30,2023-01-11,139
PROD-30,2023-01-12,117
PROD-30,2023-01-13,102
PROD-30,2023-01-14,99
PROD-30,2023-01-15,101
PROD-30,2023-01-16,96
PROD-30,2023-01-17,111
PROD-30,2023-01-18,126
PROD-30,2023-01-19,132
PROD-30,2023-01-20,108
PROD-30,2023-01-21,124
PROD-30,2023-01-22,121
PROD-30,2023-01-23,95
PROD-30,2023-01-24,130
PROD-30,2023-01-25,141
PROD-30,2023-01-26,120
PROD-30,2023-01-27,111
PROD-30,2023-01-28,131
PROD-30,2023-01-29,101
PROD-30,2023-01-30,128
PROD-30,2023-01-31,128
PROD-30,2023-02-01,144
PROD-30,2023-02-02,155
PROD-30,2023-02-03,119
PROD-30,2023-02-04,142
PROD-30,2023-02-05,155
PROD-30,2023-02-06,114
PROD-30,2023-02-07,149
PROD-30,2023-02-08,146
PROD-30,2023-02-09,110
PROD-30,2023-02-10,106
PROD-30,2023-02-11,108
PROD-30,2023-02-12,106
PROD-30,2023-02-13,135
PROD-30,2023-02-14,144
PROD-30,2023-02-15,126
PROD-30,2023-02-16,110
PROD-30,2023-02-17,107
PROD-30,2023-02-18,128
PROD-30,2023-02-19,130
PROD-30,2023-02-20,145
PROD-30,2023-02-21,134
PROD-30,2023-02-22,144
PROD-30,2023-02-23,141
PROD-30,2023-02-24,151
PROD-30,2023-02-25,118
PROD-30,2023-02-26,115
PROD-30,2023-02-27,111
PROD-30,2023-02-28,140
PROD-30,2023-03-01,128
PROD-30,2023-03-02,133
PROD-30,2023-03-03,128
PROD-30,2023-03-04,131
PROD-30,2023-03-05,133
PROD-30,2023-03-06,160
PROD-30,2023-03-07,135
PROD-30,2023-03-08,150
PROD-30,2023-03-09,117
PROD-30,2023-03-10,147
PROD-30,2023-03-11,143
PROD-30,2023-03-12,126
PROD-30,2023-03-13,111
PROD-30,2023-03-14,127
PROD-30,2023-03-15,133
PROD-30,2023-03-16,153
PROD-30,2023-03-17,126
PROD-30,2023-03-18,151
PROD-30,2023-03-19,131
PROD-30,2023-03-20,125
PROD-30,2023-03-21,110
PROD-30,2023-03-22,152
PROD-30,2023-03-23,151
PROD-30,2023-03-24,116
PROD-30,2023-03-25,144
PROD-30,2023-03-26,158
PROD-30,2023-03-27,153
PROD-30,2023-03-28,148
PROD-30,2023-03-29,143
PROD-30,2023-03-30,130
PROD-30,2023-03-31,148
PROD-30,2023-04-01,110
PROD-30,2023-04-02,147
PROD-30,2023-04-03,126
PROD-30,2023-04-04,122
PROD-30,2023-04-05,133
PROD-30,2023-04-06,106
PROD-30,2023-04-07,121
PROD-30,2023-04-08,138
PROD-30,2023-04-09,116
PROD-30,2023-04-10,140
PROD-30,2023-04-11,124
PROD-30,2023-04-12,144
PROD-30,2023-04-13,111
PROD-30,2023-04-14,122
PROD-30,2023-04-15,126
PROD-30,2023-04-16,152
PROD-30,2023-04-17,134
PROD-30,2023-04-18,141
PROD-30,2023-04-19,153
PROD-30,2023-04-20,112
PROD-30,2023-04-21,120
PROD-30,2023-04-22,116
PROD-30,2023-04-23,119
PROD-30,2023-04-24,128
PROD-30,2023-04-25,127
PROD-30,2023-04-26,129
PROD-30,2023-04-27,148
PROD-30,2023-04-28,140
PROD-30,2023-04-29,122
PROD-30,2023-04-30,140
PROD-30,2023-05-01,122
PROD-30,2023-05-02,103
PROD-30,2023-05-03,117
PROD-30,2023-05-04,126
PROD-30,2023-05-05,113
PROD-30,2023-05-06,130
PROD-30,2023-05-07,122
PROD-30,2023-05-08,130
PROD-30,2023-05-09,102
PROD-30,2023-05-10,105
PROD-30,2023-05-11,94
PROD-30,2023-05-12,114
PROD-30,2023-05-13,111
PROD-30,2023-05-14,127
PROD-30,2023-05-15,100
PROD-30,2023-05-16,128
PROD-30,2023-05-17,113
PROD-30,2023-05-18,105
PROD-30,2023-05-19,103
PROD-30,2023-05-20,123
PROD-30,2023-05-21,99
PROD-30,2023-05-22,130
PROD-30,2023-05-23,129
PROD-30,2023-05-24,116
PROD-30,2023-05-25,117
PROD-30,2023-05-26,102
PROD-30,2023-05-27,123
PROD-30,2023-05-28,123
PROD-30,2023-05-29,100
PROD-30,2023-05-30,111
PROD-30,2023-05-31,117
PROD-30,2023-06-01,89
PROD-30,2023-06-02,116
PROD-30,2023-06-03,93
PROD-30,2023-06-04,96
PROD-30,2023-06-05,85
PROD-30,2023-06-06,95
PROD-30,2023-06-07,113
PROD-30,2023-06-08,107
PROD-30,2023-06-09,105
PROD-30,2023-06-10,108
PROD-30,2023-06-11,114
PROD-30,2023-06-12,90
PROD-30,2023-06-13,113
PROD-30,2023-06-14,101
PROD-30,2023-06-15,90
PROD-30,2023-06-16,111
PROD-30,2023-06-17,116
PROD-30,2023-06-18,88
PROD-30,2023-06-19,120
PROD-30,2023-06-20,117
PROD-30,2023-06-21,101
PROD-30,2023-06-22,97
PROD-30,2023-06-23,121
PROD-30,2023-06-24,113
PROD-30,2023-06-25,89
PROD-30,2023-06-26,116
PROD-30,2023-06-27,100
PROD-30,2023-06-28,122
PROD-30,2023-06-29,106
PROD-30,2023-06-30,82
PROD-30,2023-07-01,76
PROD-30,2023-07-02,86
PROD-30,2023-07-03,81
PROD-30,2023-07-04,93
PROD-30,2023-07-05,70
PROD-30,2023-07-06,91
PROD-30,2023-07-07,79
PROD-30,2023-07-08,86
PROD-30,2023-07-09,85
PROD-30,2023-07-10,85
PROD-30,2023-07-11,94
PROD-30,2023-07-12,76
PROD-30,2023-07-13,70
PROD-30,2023-07-14,77
PROD-30,2023-07-15,80
PROD-30,2023-07-16,104
PROD-30,2023-07-17,72
PROD-30,2023-07-18,92
PROD-30,2023-07-19,93
PROD-30,2023-07-20,70
PROD-30,2023-07-21,77
PROD-30,2023-07-22,76
PROD-30,2023-07-23,91
PROD-30,2023-07-24,93
PROD-30,2023-07-25,79
PROD-30,2023-07-26,94
PROD-30,2023-07-27,81
PROD-30,2023-07-28,101
PROD-30,2023-07-29,98
PROD-30,2023-07-30,74
PROD-30,2023-07-31,94
PROD-30,2023-08-01,61
PROD-30,2023-08-02,85
PROD-30,2023-08-03,88
PROD-30,2023-08-04,90
PROD-30,2023-08-05,79
PROD-30,2023-08-06,81
PROD-30,2023-08-07,82
PROD-30,2023-08-08,76
PROD-30,2023-08-09,74
PROD-30,2023-08-10,85
PROD-30,2023-08-11,79
PROD-30,2023-08-12,83
PROD-30,2023-08-13,66
PROD-30,2023-08-14,61
PROD-30,2023-08-15,77
PROD-30,2023-08-16,79
PROD-30,2023-08-17,61
PROD-30,2023-08-18,74
PROD-30,2023-08-19,62
PROD-30,2023-08-20,80
PROD-30,2023-08-21,66
PROD-30,2023-08-22,67
PROD-30,2023-08-23,79
PROD-30,2023-08-24,73
PROD-30,2023-08-25,84
PROD-30,2023-08-26,78
PROD-30,2023-08-27,65
PROD-30,2023-08-28,62
PROD-30,2023-08-29,77
PROD-30,2023-08-30,74
PROD-30,2023-08-31,67
PROD-30,2023-09-01,83
PROD-30,2023-09-02,75
PROD-30,2023-09-03,84
PROD-30,2023-09-04,65
PROD-30,2023-09-05,71
PROD-30,2023-09-06,66
PROD-30,2023-09-07,85
PROD-30,2023-09-08,58
PROD-30,2023-09-09,73
PROD-30,2023-09-10,70
PROD-30,2023-09-11,60
PROD-30,2023-09-12,81
PROD-30,2023-09-13,59
PROD-30,2023-09-14,74
PROD-30,2023-09-15,66
PROD-30,2023-09-16,63
PROD-30,2023-09-17,61
PROD-30,2023-09-18,80
PROD-30,2023-09-19,68
PROD-30,2023-09-20,81
PROD-30,2023-09-21,73
PROD-30,2023-09-22,77
PROD-30,2023-09-23,65
PROD-30,2023-09-24,69
PROD-30,2023-09-25,71
PROD-30,2023-09-26,70
PROD-30,2023-09-27,58
PROD-30,2023-09-28,80
PROD-30,2023-09-29,74
PROD-30,2023-09-30,68
PROD-30,2023-10-01,81
PROD-30,2023-10-02,63
PROD-30,2023-10-03,62
PROD-30,2023-10-04,71
PROD-30,2023-10-05,72
PROD-30,2023-10-06,76
PROD-30,2023-10-07,63
PROD-30,2023-10-08,69
PROD-30,2023-10-09,70
PROD-30,2023-10-10,78
PROD-30,2023-10-11,73
PROD-30,2023-10-12,90
PROD-30,2023-10-13,65
PROD-30,2023-10-14,83
PROD-30,2023-10-15,81
PROD-30,2023-10-16,62
PROD-30,2023-10-17,86
PROD-30,2023-10-18,85
PROD-30,2023-10-19,87
PROD-30,2023-10-20,63
PROD-30,2023-10-21,78
PROD-30,2023-10-22,87
PROD-30,2023-10-23,75
PROD-30,2023-10-24,61
PROD-30,2023-10-25,80
PROD-30,2023-10-26,63
PROD-30,2023-10-27,77
PROD-30,2023-10-28,79
PROD-30,2023-10-29,82
PROD-30,2023-10-30,66
PROD-30,2023-10-31,73
PROD-30,2023-11-01,78
PROD-30,2023-11-02,86
PROD-30,2023-11-03,84
PROD-30,2023-11-04,89
PROD-30,2023-11-05,74
PROD-30,2023-11-06,97
PROD-30,2023-11-07,72
PROD-30,2023-11-08,103
PROD-30,2023-11-09,70
PROD-30,2023-11-10,73
PROD-30,2023-11-11,84
PROD-30,2023-11-12,71
PROD-30,2023-11-13,74
PROD-30,2023-11-14,87
PROD-30,2023-11-15,98
PROD-30,2023-11-16,92
PROD-30,2023-11-17,103
PROD-30,2023-11-18,70
PROD-30,2023-11-19,74
PROD-30,2023-11-20,103
PROD-30,2023-11-21,75
PROD-30,2023-11-22,76
PROD-30,2023-11-23,95
PROD-30,2023-11-24,82
PROD-30,2023-11-25,90
PROD-30,2023-11-26,87
PROD-30,2023-11-27,81
PROD-30,2023-11-28,72
PROD-30,2023-11-29,104
PROD-30,2023-11-30,76
PROD-30,2023-12-01,88
PROD-30,2023-12-02,122
PROD-30,2023-12-03,82
PROD-30,2023-12-04,122
PROD-30,2023-12-05,118
PROD-30,2023-12-06,85
PROD-30,2023-12-07,113
PROD-30,2023-12-08,95
PROD-30,2023-12-09,115
PROD-30,2023-12-10,105
PROD-30,2023-12-11,89
PROD-30,2023-12-12,111
PROD-30,2023-12-13,120
PROD-30,2023-12-14,120
PROD-30,2023-12-15,116
PROD-30,2023-12-16,100
PROD-30,2023-12-17,122
PROD-30,2023-12-18,91
PROD-30,2023-12-19,103
PROD-30,2023-12-20,98
PROD-30,2023-12-21,100
PROD-30,2023-12-22,91
PROD-30,2023-12-23,89
PROD-30,2023-12-24,96
PROD-30,2023-12-25,111
PROD-30,2023-12-26,89
PROD-30,2023-12-27,111
PROD-30,2023-12-28,113
PROD-30,2023-12-29,105
PROD-30,2023-12-30,99
PROD-30,2023-12-31,113
PROD-30,2024-01-01,116
PROD-31,2023-01-01,145
PROD-31,2023-01-02,169
PROD-31,2023-01-03,173
PROD-31,2023-01-04,205
PROD-31,2023-01-05,187
PROD-31,2023-01-06,209
PROD-31,2023-01-07,178
PROD-31,2023-01-08,143
PROD-31,2023-01-09,184
PROD-31,2023-01-10,173
PROD-31,2023-01-11,164
PROD-31,2023-01-12,188
PROD-31,2023-01-13,155
PROD-31,2023-01-14,159
PROD-31,2023-01-15,190
PROD-31,2023-01-16,190
PROD-31,2023-01-17,153
PROD-31,2023-01-18,158
PROD-31,2023-01-19,163
PROD-31,2023-01-20,152
PROD-31,2023-01-21,183
PROD-31,2023-01-22,186
PROD-31,2023-01-23,150
PROD-31,2023-01-24,203
PROD-31,2023-01-25,192
PROD-31,2023-01-26,141
PROD-31,2023-01-27,179
PROD-31,2023-01-28,179
PROD-31,2023-01-29,173
PROD-31,2023-01-30,200
PROD-31,2023-01-31,178
PROD-31,2023-02-01,226
PROD-31,2023-02-02,220
PROD-31,2023-02-03,174
PROD-31,2023-02-04,185
PROD-31,2023-02-05,183
PROD-31,2023-02-06,157
PROD-31,2023-02-07,181
PROD-31,2023-02-08,209
PROD-31,2023-02-09,160
PROD-31,2023-02-10,222
PROD-31,2023-02-11,200
PROD-31,2023-02-12,195
PROD-31,2023-02-13,180
PROD-31,2023-02-14,167
PROD-31,2023-02-15,217
PROD-31,2023-02-16,175
PROD-31,2023-02-17,186
PROD-31,2023-02-18,191
PROD-31,2023-02-19,221
PROD-31,2023-02-20,228
PROD-31,2023-02-21,163
PROD-31,2023-02-22,185
PROD-31,2023-02-23,220
PROD-31,2023-02-24,208
PROD-31,2023-02-25,200
PROD-31,2023-02-26,178
PROD-31,2023-02-27,210
PROD-31,2023-02-28,198
PROD-31,2023-03-01,172
PROD-31,2023-03-02,227
PROD-31,2023-03-03,159
PROD-31,2023-03-04,220
PROD-31,2023-03-05,168
PROD-31,2023-03-06,189
PROD-31,2023-03-07,184
PROD-31,2023-03-08,225
PROD-31,2023-03-09,181
PROD-31,2023-03-10,227
PROD-31,2023-03-11,197
PROD-31,2023-03-12,228
PROD-31,2023-03-13,191
PROD-31,2023-03-14,159
PROD-31,2023-03-15,204
PROD-31,2023-03-16,167
PROD-31,2023-03-17,159
PROD-31,2023-03-18,204
PROD-31,2023-03-19,231
PROD-31,2023-03-20,221
PROD-31,2023-03-21,178
PROD-31,2023-03-22,228
PROD-31,2023-03-23,218
PROD-31,2023-03-24,233
PROD-31,2023-03-25,236
PROD-31,2023-03-26,197
PROD-31,2023-03-27,216
PROD-31,2023-03-28,159
PROD-31,2023-03-29,227
PROD-31,2023-03-30,200
PROD-31,2023-03-31,194
PROD-31,2023-04-01,169
PROD-31,2023-04-02,157
PROD-31,2023-04-03,155
PROD-31,2023-04-04,217
PROD-31,2023-04-05,159
PROD-31,2023-04-06,199
PROD-31,2023-04-07,187
PROD-31,2023-04-08,222
PROD-31,2023-04-09,157
PROD-31,2023-04-10,222
PROD-31,2023-04-11,220
PROD-31,2023-04-12,164
PROD-31,2023-04-13,160
PROD-31,2023-04-14,166
PROD-31,2023-04-15,184
PROD-31,2023-04-16,195
PROD-31,2023-04-17,216
PROD-31,2023-04-18,203
PROD-31,2023-04-19,193
PROD-31,2023-04-20,169
PROD-31,2023-04-21,168
PROD-31,2023-04-22,168
PROD-31,2023-04-23,162
PROD-31,2023-04-24,191
PROD-31,2023-04-25,213
PROD-31,2023-04-26,194
PROD-31,2023-04-27,224
PROD-31,2023-04-28,184
PROD-31,2023-04-29,198
PROD-31,2023-04-30,168
PROD-31,2023-05-01,164
PROD-31,2023-05-02,146
PROD-31,2023-05-03,145
PROD-31,2023-05-04,163
PROD-31,2023-05-05,203
PROD-31,2023-05-06,164
PROD-31,2023-05-07,207
PROD-31,2023-05-08,177
PROD-31,2023-05-09,147
PROD-31,2023-05-10,142
PROD-31,2023-05-11,207
PROD-31,2023-05-12,188
PROD-31,2023-05-13,147
PROD-31,2023-05-14,171
PROD-31,2023-05-15,194
PROD-31,2023-05-16,204
PROD-31,2023-05-17,194
PROD-31,2023-05-18,150
PROD-31,2023-05-19,161
PROD-31,2023-05-20,167
PROD-31,2023-05-21,163
PROD-31,2023-05-22,199
PROD-31,2023-05-23,145
PROD-31,2023-05-24,176
PROD-31,2023-05-25,175
PROD-31,2023-05-26,176
PROD-31,2023-05-27,180
PROD-31,2023-05-28,158
PROD-31,2023-05-29,178
PROD-31,2023-05-30,179
PROD-31,2023-05-31,178
PROD-31,2023-06-01,136
PROD-31,2023-06-02,148
PROD-31,2023-06-03,138
PROD-31,2023-06-04,152
PROD-31,2023-06-05,137
PROD-31,2023-06-06,164
PROD-31,2023-06-07,167
PROD-31,2023-06-08,164
PROD-31,2023-06-09,171
PROD-31,2023-06-10,154
PROD-31,2023-06-11,144
PROD-31,2023-06-12,123
PROD-31,2023-06-13,151
PROD-31,2023-06-14,179
PROD-31,2023-06-15,178
PROD-31,2023-06-16,131
PROD-31,2023-06-17,148
PROD-31,2023-06-18,177
PROD-31,2023-06-19,127
PROD-31,2023-06-20,140
PROD-31,2023-06-21,147
PROD-31,2023-06-22,177
PROD-31,2023-06-23,140
PROD-31,2023-06-24,176
PROD-31,2023-06-25,128
PROD-31,2023-06-26,146
PROD-31,2023-06-27,176
PROD-31,2023-06-28,169
PROD-31,2023-06-29,136
PROD-31,2023-06-30,122
PROD-31,2023-07-01,132
PROD-31,2023-07-02,109
PROD-31,2023-07-03,127
PROD-31,2023-07-04,140
PROD-31,2023-07-05,136
PROD-31,2023-07-06,150
PROD-31,2023-07-07,124
PROD-31,2023-07-08,128
PROD-31,2023-07-09,148
PROD-31,2023-07-10,125
PROD-31,2023-07-11,104
PROD-31,2023-07-12,124
PROD-31,2023-07-13,148
PROD-31,2023-07-14,153
PROD-31,2023-07-15,110
PROD-31,2023-07-16,109
PROD-31,2023-07-17,108
PROD-31,2023-07-18,141
PROD-31,2023-07-19,151
PROD-31,2023-07-20,122
PROD-31,2023-07-21,119
PROD-31,2023-07-22,112
PROD-31,2023-07-23,149
PROD-31,2023-07-24,124
PROD-31,2023-07-25,129
PROD-31,2023-07-26,108
PROD-31,2023-07-27,122
PROD-31,2023-07-28,147
PROD-31,2023-07-29,117
PROD-31,2023-07-30,124
PROD-31,2023-07-31,146
PROD-31,2023-08-01,117
PROD-31,2023-08-02,132
PROD-31,2023-08-03,118
PROD-31,2023-08-04,126
PROD-31,2023-08-05,106
PROD-31,2023-08-06,124
PROD-31,2023-08-07,121
PROD-31,2023-08-08,128
PROD-31,2023-08-09,110
PROD-31,2023-08-10,91
PROD-31,2023-08-11,90
PROD-31,2023-08-12,114
PROD-31,2023-08-13,127
PROD-31,2023-08-14,129
PROD-31,2023-08-15,127
PROD-31,2023-08-16,129
PROD-31,2023-08-17,110
PROD-31,2023-08-18,99
PROD-31,2023-08-19,103
PROD-31,2023-08-20,127
PROD-31,2023-08-21,117
PROD-31,2023-08-22,117
PROD-31,2023-08-23,127
PROD-31,2023-08-24,104
PROD-31,2023-08-25,99
PROD-31,2023-08-26,117
PROD-31,2023-08-27,100
PROD-31,2023-08-28,115
PROD-31,2023-08-29,118
PROD-31,2023-08-30,104
PROD-31,2023-08-31,96
PROD-31,2023-09-01,92
PROD-31,2023-09-02,85
PROD-31,2023-09-03,119
PROD-31,2023-09-04,86
PROD-31,2023-09-05,97
PROD-31,2023-09-06,113
PROD-31,2023-09-07,123
PROD-31,2023-09-08,117
PROD-31,2023-09-09,110
PROD-31,2023-09-10,101
PROD-31,2023-09-11,95
PROD-31,2023-09-12,120
PROD-31,2023-09-13,111
PROD-31,2023-09-14,87
PROD-31,2023-09-15,90
PROD-31,2023-09-16,93
PROD-31,2023-09-17,103
PROD-31,2023-09-18,100
PROD-31,2023-09-19,100
PROD-31,2023-09-20,85
PROD-31,2023-09-21,123
PROD-31,2023-09-22,95
PROD-31,2023-09-23,112
PROD-31,2023-09-24,85
PROD-31,2023-09-25,114
PROD-31,2023-09-26,94
PROD-31,2023-09-27,91
PROD-31,2023-09-28,95
PROD-31,2023-09-29,123
PROD-31,2023-09-30,110
PROD-31,2023-10-01,94
PROD-31,2023-10-02,117
PROD-31,2023-10-03,109
PROD-31,2023-10-04,96
PROD-31,2023-10-05,91
PROD-31,2023-10-06,128
PROD-31,2023-10-07,129
PROD-31,2023-10-08,111
PROD-31,2023-10-09,115
PROD-31,2023-10-10,107
PROD-31,2023-10-11,94
PROD-31,2023-10-12,129
PROD-31,2023-10-13,101
PROD-31,2023-10-14,105
PROD-31,2023-10-15,133
PROD-31,2023-10-16,118
PROD-31,2023-10-17,94
PROD-31,2023-10-18,90
PROD-31,2023-10-19,114
PROD-31,2023-10-20,91
PROD-31,2023-10-21,110
PROD-31,2023-10-22,131
PROD-31,2023-10-23,117
PROD-31,2023-10-24,91
PROD-31,2023-10-25,134
PROD-31,2023-10-26,113
PROD-31,2023-10-27,124
PROD-31,2023-10-28,111
PROD-31,2023-10-29,119
PROD-31,2023-10-30,104
PROD-31,2023-10-31,122
PROD-31,2023-11-01,149
PROD-31,2023-11-02,111
PROD-31,2023-11-03,149
PROD-31,2023-11-04,137
PROD-31,2023-11-05,139
PROD-31,2023-11-06,141
PROD-31,2023-11-07,153
PROD-31,2023-11-08,115
PROD-31,2023-11-09,146
PROD-31,2023-11-10,142
PROD-31,2023-11-11,112
PROD-31,2023-11-12,138
PROD-31,2023-11-13,103
PROD-31,2023-11-14,122
PROD-31,2023-11-15,143
PROD-31,2023-11-16,122
PROD-31,2023-11-17,110
PROD-31,2023-11-18,115
PROD-31,2023-11-19,144
PROD-31,2023-11-20,142
PROD-31,2023-11-21,124
PROD-31,2023-11-22,136
PROD-31,2023-11-23,107
PROD-31,2023-11-24,129
PROD-31,2023-11-25,137
PROD-31,2023-11-26,113
PROD-31,2023-11-27,139
PROD-31,2023-11-28,121
PROD-31,2023-11-29,134
PROD-31,2023-11-30,124
PROD-31,2023-12-01,124
PROD-31,2023-12-02,135
PROD-31,2023-12-03,145
PROD-31,2023-12-04,164
PROD-31,2023-12-05,173
PROD-31,2023-12-06,177
PROD-31,2023-12-07,165
PROD-31,2023-12-08,171
PROD-31,2023-12-09,170
PROD-31,2023-12-10,146
PROD-31,2023-12-11,129
PROD-31,2023-12-12,170
PROD-31,2023-12-13,138
PROD-31,2023-12-14,172
PROD-31,2023-12-15,146
PROD-31,2023-12-16,165
PROD-31,2023-12-17,159
PROD-31,2023-12-18,144
PROD-31,2023-12-19,161
PROD-31,2023-12-20,146
PROD-31,2023-12-21,159
PROD-31,2023-12-22,159
PROD-31,2023-12-23,164
PROD-31,2023-12-24,151
PROD-31,2023-12-25,131
PROD-31,2023-12-26,128
PROD-31,2023-12-27,166
PROD-31,2023-12-28,155
PROD-31,2023-12-29,136
PROD-31,2023-12-30,154
PROD-31,2023-12-31,138
PROD-31,2024-01-01,184
PROD-32,2023-01-01,202
PROD-32,2023-01-02,177
PROD-32,2023-01-03,160
PROD-32,2023-01-04,170
PROD-32,2023-01-05,196
PROD-32,2023-01-06,151
PROD-32,2023-01-07,160
PROD-32,2023-01-08,175
PROD-32,2023-01-09,174
PROD-32,2023-01-10,180
PROD-32,2023-01-11,164
PROD-32,2023-01-12,218
PROD-32,2023-01-13,181
PROD-32,2023-01-14,162
PROD-32,2023-01-15,182
PROD-32,2023-01-16,178
PROD-32,2023-01-17,200
PROD-32,2023-01-18,178
PROD-32,2023-01-19,179
PROD-32,2023-01-20,211
PROD-32,2023-01-21,215
PROD-32,2023-01-22,194
PROD-32,2023-01-23,195
PROD-32,2023-01-24,186
PROD-32,2023-01-25,169
PROD-32,2023-01-26,207
PROD-32,2023-01-27,166
PROD-32,2023-01-28,150
PROD-32,2023-01-29,160
PROD-32,2023-01-30,177
PROD-32,2023-01-31,168
PROD-32,2023-02-01,166
PROD-32,2023-02-02,225
PROD-32,2023-02-03,165
PROD-32,2023-02-04,193
PROD-32,2023-02-05,168
PROD-32,2023-02-06,217
PROD-32,2023-02-07,201
PROD-32,2023-02-08,213
PROD-32,2023-02-09,182
PROD-32,2023-02-10,180
PROD-32,2023-02-11,224
PROD-32,2023-02-12,209
PROD-32,2023-02-13,224
PROD-32,2023-02-14,190
PROD-32,2023-02-15,231
PROD-32,2023-02-16,172
PROD-32,2023-02-17,210
PROD-32,2023-02-18,234
PROD-32,2023-02-19,167
PROD-32,2023-02-20,187
PROD-32,2023-02-21,229
PROD-32,2023-02-22,211
PROD-32,2023-02-23,232
PROD-32,2023-02-24,178
PROD-32,2023-02-25,184
PROD-32,2023-02-26,194
PROD-32,2023-02-27,175
PROD-32,2023-02-28,183
PROD-32,2023-03-01,246
PROD-32,2023-03-02,188
PROD-32,2023-03-03,186
PROD-32,2023-03-04,246
PROD-32,2023-03-05,246
PROD-32,2023-03-06,231
PROD-32,2023-03-07,183
PROD-32,2023-03-08,230
PROD-32,2023-03-09,184
PROD-32,2023-03-10,245
PROD-32,2023-03-11,193
PROD-32,2023-03-12,168
PROD-32,2023-03-13,245
PROD-32,2023-03-14,227
PROD-32,2023-03-15,242
PROD-32,2023-03-16,240
PROD-32,2023-03-17,187
PROD-32,2023-03-18,220
PROD-32,2023-03-19,198
PROD-32,2023-03-20,215
PROD-32,2023-03-21,225
PROD-32,2023-03-22,177
PROD-32,2023-03-23,169
PROD-32,2023-03-24,188
PROD-32,2023-03-25,195
PROD-32,2023-03-26,230
PROD-32,2023-03-27,200
PROD-32,2023-03-28,201
PROD-32,2023-03-29,244
PROD-32,2023-03-30,234
PROD-32,2023-03-31,230
PROD-32,2023-04-01,206
PROD-32,2023-04-02,222
PROD-32,2023-04-03,181
PROD-32,2023-04-04,183
PROD-32,2023-04-05,170
PROD-32,2023-04-06,231
PROD-32,2023-04-07,178
PROD-32,2023-04-08,234
PROD-32,2023-04-09,236
PROD-32,2023-04-10,230
PROD-32,2023-04-11,212
PROD-32,2023-04-12,223
PROD-32,2023-04-13,165
PROD-32,2023-04-14,235
PROD-32,2023-04-15,195
PROD-32,2023-04-16,239
PROD-32,2023-04-17,165
PROD-32,2023-04-18,210
PROD-32,2023-04-19,229
PROD-32,2023-04-20,164
PROD-32,2023-04-21,191
PROD-32,2023-04-22,162
PROD-32,2023-04-23,229
PROD-32,2023-04-24,160
PROD-32,2023-04-25,204
PROD-32,2023-04-26,206
PROD-32,2023-04-27,205
PROD-32,2023-04-28,165
PROD-32,2023-04-29,236
PROD-32,2023-04-30,190
PROD-32,2023-05-01,187
PROD-32,2023-05-02,210
PROD-32,2023-05-03,172
PROD-32,2023-05-04,182
PROD-32,2023-05-05,156
PROD-32,2023-05-06,216
PROD-32,2023-05-07,149
PROD-32,2023-05-08,165
PROD-32,2023-05-09,157
PROD-32,2023-05-10,178
PROD-32,2023-05-11,196
PROD-32,2023-05-12,192
PROD-32,2023-05-13,199
PROD-32,2023-05-14,158
PROD-32,2023-05-15,219
PROD-32,2023-05-16,205
PROD-32,2023-05-17,184
PROD-32,2023-05-18,188
PROD-32,2023-05-19,182
PROD-32,2023-05-20,217
PROD-32,2023-05-21,192
PROD-32,2023-05-22,206
PROD-32,2023-05-23,170
PROD-32,2023-05-24,215
PROD-32,2023-05-25,170
PROD-32,2023-05-26,176
PROD-32,2023-05-27,161
PROD-32,2023-05-28,152
PROD-32,2023-05-29,178
PROD-32,2023-05-30,186
PROD-32,2023-05-31,189
PROD-32,2023-06-01,178
PROD-32,2023-06-02,174
PROD-32,2023-06-03,145
PROD-32,2023-06-04,138
PROD-32,2023-06-05,127
PROD-32,2023-06-06,156
PROD-32,2023-06-07,186
PROD-32,2023-06-08,152
PROD-32,2023-06-09,132
PROD-32,2023-06-10,180
PROD-32,2023-06-11,130
PROD-32,2023-06-12,190
PROD-32,2023-06-13,135
PROD-32,2023-06-14,142
PROD-32,2023-06-15,129
PROD-32,2023-06-16,137
PROD-32,2023-06-17,148
PROD-32,2023-06-18,132
PROD-32,2023-06-19,130
PROD-32,2023-06-20,127
PROD-32,2023-06-21,185
PROD-32,2023-06-22,163
PROD-32,2023-06-23,153
PROD-32,2023-06-24,157
PROD-32,2023-06-25,167
PROD-32,2023-06-26,158
PROD-32,2023-06-27,190
PROD-32,2023-06-28,173
PROD-32,2023-06-29,161
PROD-32,2023-06-30,152
PROD-32,2023-07-01,115
PROD-32,2023-07-02,137
PROD-32,2023-07-03,130
PROD-32,2023-07-04,143
PROD-32,2023-07-05,108
PROD-32,2023-07-06,126
PROD-32,2023-07-07,157
PROD-32,2023-07-08,128
PROD-32,2023-07-09,123
PROD-32,2023-07-10,150
PROD-32,2023-07-11,115
PROD-32,2023-07-12,159
PROD-32,2023-07-13,154
PROD-32,2023-07-14,143
PROD-32,2023-07-15,141
PROD-32,2023-07-16,159
PROD-32,2023-07-17,147
PROD-32,2023-07-18,120
PROD-32,2023-07-19,136
PROD-32,2023-07-20,119
PROD-32,2023-07-21,161
PROD-32,2023-07-22,126
PROD-32,2023-07-23,143
PROD-32,2023-07-24,146
PROD-32,2023-07-25,128
PROD-32,2023-07-26,160
PROD-32,2023-07-27,161
PROD-32,2023-07-28,154
PROD-32,2023-07-29,151
PROD-32,2023-07-30,142
PROD-32,2023-07-31,141
PROD-32,2023-08-01,130
PROD-32,2023-08-02,134
PROD-32,2023-08-03,120
PROD-32,2023-08-04,115
PROD-32,2023-08-05,136
PROD-32,2023-08-06,104
PROD-32,2023-08-07,135
PROD-32,2023-08-08,134
PROD-32,2023-08-09,100
PROD-32,2023-08-10,138
PROD-32,2023-08-11,138
PROD-32,2023-08-12,99
PROD-32,2023-08-13,105
PROD-32,2023-08-14,96
PROD-32,2023-08-15,98
PROD-32,2023-08-16,106
PROD-32,2023-08-17,122
PROD-32,2023-08-18,95
PROD-32,2023-08-19,95
PROD-32,2023-08-20,106
PROD-32,2023-08-21,99
PROD-32,2023-08-22,118
PROD-32,2023-08-23,102
PROD-32,2023-08-24,99
PROD-32,2023-08-25,140
PROD-32,2023-08-26,107
PROD-32,2023-08-27,97
PROD-32,2023-08-28,106
PROD-32,2023-08-29,119
PROD-32,2023-08-30,133
PROD-32,2023-08-31,133
PROD-32,2023-09-01,106
PROD-32,2023-09-02,95
PROD-32,2023-09-03,129
PROD-32,2023-09-04,109
PROD-32,2023-09-05,120
PROD-32,2023-09-06,89
PROD-32,2023-09-07,116
PROD-32,2023-09-08,89
PROD-32,2023-09-09,133
PROD-32,2023-09-10,127
PROD-32,2023-09-11,127
PROD-32,2023-09-12,118
PROD-32,2023-09-13,129
PROD-32,2023-09-14,125
PROD-32,2023-09-15,121
PROD-32,2023-09-16,107
PROD-32,2023-09-17,103
PROD-32,2023-09-18,132
PROD-32,2023-09-19,89
PROD-32,2023-09-20,104
PROD-32,2023-09-21,99
PROD-32,2023-09-22,128
PROD-32,2023-09-23,111
PROD-32,2023-09-24,112
PROD-32,2023-09-25,104
PROD-32,2023-09-26,97
PROD-32,2023-09-27,109
PROD-32,2023-09-28,110
PROD-32,2023-09-29,97
PROD-32,2023-09-30,118
PROD-32,2023-10-01,113
PROD-32,2023-10-02,136
PROD-32,2023-10-03,120
PROD-32,2023-10-04,130
PROD-32,2023-10-05,125
PROD-32,2023-10-06,101
PROD-32,2023-10-07,99
PROD-32,2023-10-08,138
PROD-32,2023-10-09,140
PROD-32,2023-10-10,127
PROD-32,2023-10-11,136
PROD-32,2023-10-12,138
PROD-32,2023-10-13,95
PROD-32,2023-10-14,100
PROD-32,2023-10-15,129
PROD-32,2023-10-16,127
PROD-32,2023-10-17,138
PROD-32,2023-10-18,127
PROD-32,2023-10-19,122
PROD-32,2023-10-20,118
PROD-32,2023-10-21,94
PROD-32,2023-10-22,116
PROD-32,2023-10-23,111
PROD-32,2023-10-24,140
PROD-32,2023-10-25,123
PROD-32,2023-10-26,110
PROD-32,2023-10-27,135
PROD-32,2023-10-28,96
PROD-32,2023-10-29,139
PROD-32,2023-10-30,127
PROD-32,2023-10-31,140
PROD-32,2023-11-01,125
PROD-32,2023-11-02,153
PROD-32,2023-11-03,137
PROD-32,2023-11-04,137
PROD-32,2023-11-05,152
PROD-32,2023-11-06,151
PROD-32,2023-11-07,146
PROD-32,2023-11-08,128
PROD-32,2023-11-09,129
PROD-32,2023-11-10,117
PROD-32,2023-11-11,147
PROD-32,2023-11-12,142
PROD-32,2023-11-13,152
PROD-32,2023-11-14,135
PROD-32,2023-11-15,161
PROD-32,2023-11-16,138
PROD-32,2023-11-17,124
PROD-32,2023-11-18,155
PROD-32,2023-11-19,121
PROD-32,2023-11-20,115
PROD-32,2023-11-21,129
PROD-32,2023-11-22,159
PROD-32,2023-11-23,127
PROD-32,2023-11-24,132
PROD-32,2023-11-25,155
PROD-32,2023-11-26,111
PROD-32,2023-11-27,141
PROD-32,2023-11-28,145
PROD-32,2023-11-29,131
PROD-32,2023-11-30,114
PROD-32,2023-12-01,129
PROD-32,2023-12-02,168
PROD-32,2023-12-03,166
PROD-32,2023-12-04,145
PROD-32,2023-12-05,152
PROD-32,2023-12-06,182
PROD-32,2023-12-07,130
PROD-32,2023-12-08,137
PROD-32,2023-12-09,143
PROD-32,2023-12-10,144
PROD-32,2023-12-11,172
PROD-32,2023-12-12,190
PROD-32,2023-12-13,150
PROD-32,2023-12-14,129
PROD-32,2023-12-15,154
PROD-32,2023-12-16,159
PROD-32,2023-12-17,177
PROD-32,2023-12-18,157
PROD-32,2023-12-19,144
PROD-32,2023-12-20,158
PROD-32,2023-12-21,177
PROD-32,2023-12-22,132
PROD-32,2023-12-23,149
PROD-32,2023-12-24,170
PROD-32,2023-12-25,163
PROD-32,2023-12-26,164
PROD-32,2023-12-27,137
PROD-32,2023-12-28,188
PROD-32,2023-12-29,140
PROD-32,2023-12-30,170
PROD-32,2023-12-31,159
PROD-32,2024-01-01,149
PROD-33,2023-01-01,153
PROD-33,2023-01-02,169
PROD-33,2023-01-03,171
PROD-33,2023-01-04,187
PROD-33,2023-01-05,193
PROD-33,2023-01-06,187
PROD-33,2023-01-07,174
PROD-33,2023-01-08,154
PROD-33,2023-01-09,201
PROD-33,2023-01-10,171
PROD-33,2023-01-11,161
PROD-33,2023-01-12,165
PROD-33,2023-01-13,175
PROD-33,2023-01-14,206
PROD-33,2023-01-15,177
PROD-33,2023-01-16,165
PROD-33,2023-01-17,187
PROD-33,2023-01-18,209
PROD-33,2023-01-19,178
PROD-33,2023-01-20,183
PROD-33,2023-01-21,150
PROD-33,2023-01-22,202
PROD-33,2023-01-23,169
PROD-33,2023-01-24,153
PROD-33,2023-01-25,142
PROD-33,2023-01-26,185
PROD-33,2023-01-27,201
PROD-33,2023-01-28,200
PROD-33,2023-01-29,195
PROD-33,2023-01-30,186
PROD-33,2023-01-31,181
PROD-33,2023-02-01,197
PROD-33,2023-02-02,223
PROD-33,2023-02-03,218
PROD-33,2023-02-04,220
PROD-33,2023-02-05,219
PROD-33,2023-02-06,222
PROD-33,2023-02-07,168
PROD-33,2023-02-08,179
PROD-33,2023-02-09,155
PROD-33,2023-02-10,221
PROD-33,2023-02-11,170
PROD-33,2023-02-12,155
PROD-33,2023-02-13,204
PROD-33,2023-02-14,223
PROD-33,2023-02-15,156
PROD-33,2023-02-16,214
PROD-33,2023-02-17,230
PROD-33,2023-02-18,191
PROD-33,2023-02-19,217
PROD-33,2023-02-20,158
PROD-33,2023-02-21,187
PROD-33,2023-02-22,156
PROD-33,2023-02-23,167
PROD-33,2023-02-24,159
PROD-33,2023-02-25,201
PROD-33,2023-02-26,159
PROD-33,2023-02-27,200
PROD-33,2023-02-28,212
PROD-33,2023-03-01,181
PROD-33,2023-03-02,187
PROD-33,2023-03-03,218
PROD-33,2023-03-04,203
PROD-33,2023-03-05,204
PROD-33,2023-03-06,227
PROD-33,2023-03-07,208
PROD-33,2023-03-08,171
PROD-33,2023-03-09,234
PROD-33,2023-03-10,215
PROD-33,2023-03-11,199
PROD-33,2023-03-12,223
PROD-33,2023-03-13,168
PROD-33,2023-03-14,192
PROD-33,2023-03-15,173
PROD-33,2023-03-16,216
PROD-33,2023-03-17,165
PROD-33,2023-03-18,227
PROD-33,2023-03-19,177
PROD-33,2023-03-20,201
PROD-33,2023-03-21,201
PROD-33,2023-03-22,232
PROD-33,2023-03-23,171
PROD-33,2023-03-24,188
PROD-33,2023-03-25,175
PROD-33,2023-03-26,202
PROD-33,2023-03-27,170
PROD-33,2023-03-28,201
PROD-33,2023-03-29,197
PROD-33,2023-03-30,223
PROD-33,2023-03-31,205
PROD-33,2023-04-01,190
PROD-33,2023-04-02,166
PROD-33,2023-04-03,176
PROD-33,2023-04-04,195
PROD-33,2023-04-05,222
PROD-33,2023-04-06,193
PROD-33,2023-04-07,175
PROD-33,2023-04-08,184
PROD-33,2023-04-09,196
PROD-33,2023-04-10,191
PROD-33,2023-04-11,187
PROD-33,2023-04-12,172
PROD-33,2023-04-13,180
PROD-33,2023-04-14,184
PROD-33,2023-04-15,205
PROD-33,2023-04-16,194
PROD-33,2023-04-17,162
PROD-33,2023-04-18,190
PROD-33,2023-04-19,169
PROD-33,2023-04-20,187
PROD-33,2023-04-21,192
PROD-33,2023-04-22,190
PROD-33,2023-04-23,188
PROD-33,2023-04-24,192
PROD-33,2023-04-25,204
PROD-33,2023-04-26,195
PROD-33,2023-04-27,177
PROD-33,2023-04-28,202
PROD-33,2023-04-29,223
PROD-33,2023-04-30,195
PROD-33,2023-05-01,145
PROD-33,2023-05-02,155
PROD-33,2023-05-03,165
PROD-33,2023-05-04,170
PROD-33,2023-05-05,166
PROD-33,2023-05-06,147
PROD-33,2023-05-07,190
PROD-33,2023-05-08,206
PROD-33,2023-05-09,169
PROD-33,2023-05-10,191
PROD-33,2023-05-11,176
PROD-33,2023-05-12,144
PROD-33,2023-05-13,203
PROD-33,2023-05-14,210
PROD-33,2023-05-15,201
PROD-33,2023-05-16,158
PROD-33,2023-05-17,144
PROD-33,2023-05-18,207
PROD-33,2023-05-19,149
PROD-33,2023-05-20,189
PROD-33,2023-05-21,165
PROD-33,2023-05-22,173
PROD-33,2023-05-23,182
PROD-33,2023-05-24,188
PROD-33,2023-05-25,154
PROD-33,2023-05-26,174
PROD-33,2023-05-27,173
PROD-33,2023-05-28,153
PROD-33,2023-05-29,163
PROD-33,2023-05-30,188
PROD-33,2023-05-31,147
PROD-33,2023-06-01,180
PROD-33,2023-06-02,163
PROD-33,2023-06-03,152
PROD-33,2023-06-04,161
PROD-33,2023-06-05,139
PROD-33,2023-06-06,132
PROD-33,2023-06-07,178
PROD-33,2023-06-08,147
PROD-33,2023-06-09,168
PROD-33,2023-06-10,146
PROD-33,2023-06-11,152
PROD-33,2023-06-12,138
PROD-33,2023-06-13,150
PROD-33,2023-06-14,171
PROD-33,2023-06-15,137
PROD-33,2023-06-16,124
PROD-33,2023-06-17,133
PROD-33,2023-06-18,151
PROD-33,2023-06-19,160
PROD-33,2023-06-20,156
PROD-33,2023-06-21,124
PROD-33,2023-06-22,142
PROD-33,2023-06-23,157
PROD-33,2023-06-24,153
PROD-33,2023-06-25,151
PROD-33,2023-06-26,180
PROD-33,2023-06-27,126
PROD-33,2023-06-28,181
PROD-33,2023-06-29,133
PROD-33,2023-06-30,172
PROD-33,2023-07-01,141
PROD-33,2023-07-02,123
PROD-33,2023-07-03,147
PROD-33,2023-07-04,138
PROD-33,2023-07-05,117
PROD-33,2023-07-06,142
PROD-33,2023-07-07,155
PROD-33,2023-07-08,111
PROD-33,2023-07-09,107
PROD-33,2023-07-10,104
PROD-33,2023-07-11,108
PROD-33,2023-07-12,143
PROD-33,2023-07-13,112
PROD-33,2023-07-14,125
PROD-33,2023-07-15,145
PROD-33,2023-07-16,136
PROD-33,2023-07-17,113
PROD-33,2023-07-18,138
PROD-33,2023-07-19,121
PROD-33,2023-07-20,125
PROD-33,2023-07-21,117
PROD-33,2023-07-22,108
PROD-33,2023-07-23,118
PROD-33,2023-07-24,137
PROD-33,2023-07-25,117
PROD-33,2023-07-26,149
PROD-33,2023-07-27,106
PROD-33,2023-07-28,104
PROD-33,2023-07-29,126
PROD-33,2023-07-30,109
PROD-33,2023-07-31,121
PROD-33,2023-08-01,107
PROD-33,2023-08-02,104
PROD-33,2023-08-03,132
PROD-33,2023-08-04,101
PROD-33,2023-08-05,99
PROD-33,2023-08-06,112
PROD-33,2023-08-07,128
PROD-33,2023-08-08,120
PROD-33,2023-08-09,97
PROD-33,2023-08-10,114
PROD-33,2023-08-11,118
PROD-33,2023-08-12,101
PROD-33,2023-08-13,98
PROD-33,2023-08-14,135
PROD-33,2023-08-15,98
PROD-33,2023-08-16,103
PROD-33,2023-08-17,93
PROD-33,2023-08-18,126
PROD-33,2023-08-19,105
PROD-33,2023-08-20,109
PROD-33,2023-08-21,135
PROD-33,2023-08-22,98
PROD-33,2023-08-23,99
PROD-33,2023-08-24,102
PROD-33,2023-08-25,109
PROD-33,2023-08-26,100
PROD-33,2023-08-27,105
PROD-33,2023-08-28,131
PROD-33,2023-08-29,93
PROD-33,2023-08-30,100
PROD-33,2023-08-31,124
PROD-33,2023-09-01,120
PROD-33,2023-09-02,120
PROD-33,2023-09-03,107
PROD-33,2023-09-04,104
PROD-33,2023-09-05,105
PROD-33,2023-09-06,88
PROD-33,2023-09-07,121
PROD-33,2023-09-08,114
PROD-33,2023-09-09,101
PROD-33,2023-09-10,112
PROD-33,2023-09-11,104
PROD-33,2023-09-12,128
PROD-33,2023-09-13,86
PROD-33,2023-09-14,87
PROD-33,2023-09-15,86
PROD-33,2023-09-16,122
PROD-33,2023-09-17,99
PROD-33,2023-09-18,109
PROD-33,2023-09-19,98
PROD-33,2023-09-20,110
PROD-33,2023-09-21,126
PROD-33,2023-09-22,107
PROD-33,2023-09-23,117
PROD-33,2023-09-24,115
PROD-33,2023-09-25,91
PROD-33,2023-09-26,110
PROD-33,2023-09-27,118
PROD-33,2023-09-28,110
PROD-33,2023-09-29,89
PROD-33,2023-09-30,100
PROD-33,2023-10-01,100
PROD-33,2023-10-02,118
PROD-33,2023-10-03,108
PROD-33,2023-10-04,129
PROD-33,2023-10-05,102
PROD-33,2023-10-06,99
PROD-33,2023-10-07,107
PROD-33,2023-10-08,122
PROD-33,2023-10-09,135
PROD-33,2023-10-10,128
PROD-33,2023-10-11,131
PROD-33,2023-10-12,92
PROD-33,2023-10-13,92
PROD-33,2023-10-14,96
PROD-33,2023-10-15,91
PROD-33,2023-10-16,102
PROD-33,2023-10-17,130
PROD-33,2023-10-18,95
PROD-33,2023-10-19,96
PROD-33,2023-10-20,115
PROD-33,2023-10-21,119
PROD-33,2023-10-22,100
PROD-33,2023-10-23,122
PROD-33,2023-10-24,96
PROD-33,2023-10-25,109
PROD-33,2023-10-26,98
PROD-33,2023-10-27,102
PROD-33,2023-10-28,104
PROD-33,2023-10-29,120
PROD-33,2023-10-30,110
PROD-33,2023-10-31,100
PROD-33,2023-11-01,144
PROD-33,2023-11-02,105
PROD-33,2023-11-03,142
PROD-33,2023-11-04,142
PROD-33,2023-11-05,116
PROD-33,2023-11-06,115
PROD-33,2023-11-07,132
PROD-33,2023-11-08,125
PROD-33,2023-11-09,150
PROD-33,2023-11-10,143
PROD-33,2023-11-11,139
PROD-33,2023-11-12,154
PROD-33,2023-11-13,117
PROD-33,2023-11-14,147
PROD-33,2023-11-15,149
PROD-33,2023-11-16,146
PROD-33,2023-11-17,109
PROD-33,2023-11-18,147
PROD-33,2023-11-19,143
PROD-33,2023-11-20,137
PROD-33,2023-11-21,114
PROD-33,2023-11-22,143
PROD-33,2023-11-23,130
PROD-33,2023-11-24,148
PROD-33,2023-11-25,155
PROD-33,2023-11-26,136
PROD-33,2023-11-27,136
PROD-33,2023-11-28,131
PROD-33,2023-11-29,146
PROD-33,2023-11-30,117
PROD-33,2023-12-01,157
PROD-33,2023-12-02,163
PROD-33,2023-12-03,157
PROD-33,2023-12-04,156
PROD-33,2023-12-05,141
PROD-33,2023-12-06,137
PROD-33,2023-12-07,173
PROD-33,2023-12-08,123
PROD-33,2023-12-09,149
PROD-33,2023-12-10,165
PROD-33,2023-12-11,166
PROD-33,2023-12-12,171
PROD-33,2023-12-13,129
PROD-33,2023-12-14,145
PROD-33,2023-12-15,124
PROD-33,2023-12-16,130
PROD-33,2023-12-17,160
PROD-33,2023-12-18,154
PROD-33,2023-12-19,175
PROD-33,2023-12-20,150
PROD-33,2023-12-21,161
PROD-33,2023-12-22,175
PROD-33,2023-12-23,173
PROD-33,2023-12-24,145
PROD-33,2023-12-25,177
PROD-33,2023-12-26,142
PROD-33,2023-12-27,162
PROD-33,2023-12-28,134
PROD-33,2023-12-29,127
PROD-33,2023-12-30,171
PROD-33,2023-12-31,170
PROD-33,2024-01-01,191
PROD-34,2023-01-01,90
PROD-34,2023-01-02,109
PROD-34,2023-01-03,102
PROD-34,2023-01-04,105
PROD-34,2023-01-05,103
PROD-34,2023-01-06,109
PROD-34,2023-01-07,91
PROD-34,2023-01-08,132
PROD-34,2023-01-09,106
PROD-34,2023-01-10,109
PROD-34,2023-01-11,125
PROD-34,2023-01-12,110
PROD-34,2023-01-13,134
PROD-34,2023-01-14,125
PROD-34,2023-01-15,91
PROD-34,2023-01-16,129
PROD-34,2023-01-17,116
PROD-34,2023-01-18,132
PROD-34,2023-01-19,99
PROD-34,2023-01-20,106
PROD-34,2023-01-21,110
PROD-34,2023-01-22,131
PROD-34,2023-01-23,119
PROD-34,2023-01-24,121
PROD-34,2023-01-25,92
PROD-34,2023-01-26,134
PROD-34,2023-01-27,120
PROD-34,2023-01-28,126
PROD-34,2023-01-29,99
PROD-34,2023-01-30,92
PROD-34,2023-01-31,111
PROD-34,2023-02-01,121
PROD-34,2023-02-02,139
PROD-34,2023-02-03,101
PROD-34,2023-02-04,132
PROD-34,2023-02-05,113
PROD-34,2023-02-06,122
PROD-34,2023-02-07,109
PROD-34,2023-02-08,99
PROD-34,2023-02-09,135
PROD-34,2023-02-10,142
PROD-34,2023-02-11,135
PROD-34,2023-02-12,124
PROD-34,2023-02-13,124
PROD-34,2023-02-14,142
PROD-34,2023-02-15,118
PROD-34,2023-02-16,110
PROD-34,2023-02-17,117
PROD-34,2023-02-18,143
PROD-34,2023-02-19,146
PROD-34,2023-02-20,124
PROD-34,2023-02-21,107
PROD-34,2023-02-22,113
PROD-34,2023-02-23,101
PROD-34,2023-02-24,112
PROD-34,2023-02-25,125
PROD-34,2023-02-26,106
PROD-34,2023-02-27,146
PROD-34,2023-02-28,113
PROD-34,2023-03-01,134
PROD-34,2023-03-02,145
PROD-34,2023-03-03,151
PROD-34,2023-03-04,109
PROD-34,2023-03-05,125
PROD-34,2023-03-06,145
PROD-34,2023-03-07,144
PROD-34,2023-03-08,122
PROD-34,2023-03-09,119
PROD-34,2023-03-10,150
PROD-34,2023-03-11,108
PROD-34,2023-03-12,143
PROD-34,2023-03-13,108
PROD-34,2023-03-14,109
PROD-34,2023-03-15,103
PROD-34,2023-03-16,105
PROD-34,2023-03-17,102
PROD-34,2023-03-18,104
PROD-34,2023-03-19,130
PROD-34,2023-03-20,131
PROD-34,2023-03-21,148
PROD-34,2023-03-22,131
PROD-34,2023-03-23,108
PROD-34,2023-03-24,122
PROD-34,2023-03-25,124
PROD-34,2023-03-26,105
PROD-34,2023-03-27,142
PROD-34,2023-03-28,114
PROD-34,2023-03-29,134
PROD-34,2023-03-30,105
PROD-34,2023-03-31,146
PROD-34,2023-04-01,99
PROD-34,2023-04-02,122
PROD-34,2023-04-03,115
PROD-34,2023-04-04,126
PROD-34,2023-04-05,132
PROD-34,2023-04-06,147
PROD-34,2023-04-07,145
PROD-34,2023-04-08,145
PROD-34,2023-04-09,102
PROD-34,2023-04-10,128
PROD-34,2023-04-11,124
PROD-34,2023-04-12,118
PROD-34,2023-04-13,140
PROD-34,2023-04-14,144
PROD-34,2023-04-15,98
PROD-34,2023-04-16,98
PROD-34,2023-04-17,144
PROD-34,2023-04-18,109
PROD-34,2023-04-19,125
PROD-34,2023-04-20,115
PROD-34,2023-04-21,99
PROD-34,2023-04-22,143
PROD-34,2023-04-23,138
PROD-34,2023-04-24,121
PROD-34,2023-04-25,111
PROD-34,2023-04-26,138
PROD-34,2023-04-27,111
PROD-34,2023-04-28,133
PROD-34,2023-04-29,100
PROD-34,2023-04-30,121
PROD-34,2023-05-01,108
PROD-34,2023-05-02,132
PROD-34,2023-05-03,130
PROD-34,2023-05-04,97
PROD-34,2023-05-05,119
PROD-34,2023-05-06,125
PROD-34,2023-05-07,133
PROD-34,2023-05-08,104
PROD-34,2023-05-09,107
PROD-34,2023-05-10,111
PROD-34,2023-05-11,109
PROD-34,2023-05-12,133
PROD-34,2023-05-13,108
PROD-34,2023-05-14,113
PROD-34,2023-05-15,93
PROD-34,2023-05-16,122
PROD-34,2023-05-17,135
PROD-34,2023-05-18,91
PROD-34,2023-05-19,100
PROD-34,2023-05-20,130
PROD-34,2023-05-21,123
PROD-34,2023-05-22,106
PROD-34,2023-05-23,90
PROD-34,2023-05-24,93
PROD-34,2023-05-25,110
PROD-34,2023-05-26,127
PROD-34,2023-05-27,104
PROD-34,2023-05-28,95
PROD-34,2023-05-29,97
PROD-34,2023-05-30,97
PROD-34,2023-05-31,126
PROD-34,2023-06-01,80
PROD-34,2023-06-02,86
PROD-34,2023-06-03,81
PROD-34,2023-06-04,105
PROD-34,2023-06-05,106
PROD-34,2023-06-06,110
PROD-34,2023-06-07,110
PROD-34,2023-06-08,84
PROD-34,2023-06-09,85
PROD-34,2023-06-10,110
PROD-34,2023-06-11,87
PROD-34,2023-06-12,90
PROD-34,2023-06-13,92
PROD-34,2023-06-14,112
PROD-34,2023-06-15,87
PROD-34,2023-06-16,90
PROD-34,2023-06-17,86
PROD-34,2023-06-18,100
PROD-34,2023-06-19,79
PROD-34,2023-06-20,89
PROD-34,2023-06-21,110
PROD-34,2023-06-22,83
PROD-34,2023-06-23,103
PROD-34,2023-06-24,90
PROD-34,2023-06-25,81
PROD-34,2023-06-26,91
PROD-34,2023-06-27,101
PROD-34,2023-06-28,104
PROD-34,2023-06-29,113
PROD-34,2023-06-30,89
PROD-34,2023-07-01,89
PROD-34,2023-07-02,74
PROD-34,2023-07-03,75
PROD-34,2023-07-04,69
PROD-34,2023-07-05,90
PROD-34,2023-07-06,88
PROD-34,2023-07-07,85
PROD-34,2023-07-08,92
PROD-34,2023-07-09,95
PROD-34,2023-07-10,88
PROD-34,2023-07-11,90
PROD-34,2023-07-12,85
PROD-34,2023-07-13,71
PROD-34,2023-07-14,86
PROD-34,2023-07-15,84
PROD-34,2023-07-16,83
PROD-34,2023-07-17,72
PROD-34,2023-07-18,81
PROD-34,2023-07-19,73
PROD-34,2023-07-20,72
PROD-34,2023-07-21,71
PROD-34,2023-07-22,67
PROD-34,2023-07-23,84
PROD-34,2023-07-24,80
PROD-34,2023-07-25,71
PROD-34,2023-07-26,71
PROD-34,2023-07-27,75
PROD-34,2023-07-28,84
PROD-34,2023-07-29,76
PROD-34,2023-07-30,99
PROD-34,2023-07-31,96
PROD-34,2023-08-01,80
PROD-34,2023-08-02,72
PROD-34,2023-08-03,81
PROD-34,2023-08-04,72
PROD-34,2023-08-05,77
PROD-34,2023-08-06,70
PROD-34,2023-08-07,67
PROD-34,2023-08-08,81
PROD-34,2023-08-09,62
PROD-34,2023-08-10,67
PROD-34,2023-08-11,63
PROD-34,2023-08-12,62
PROD-34,2023-08-13,59
PROD-34,2023-08-14,64
PROD-34,2023-08-15,59
PROD-34,2023-08-16,64
PROD-34,2023-08-17,62
PROD-34,2023-08-18,66
PROD-34,2023-08-19,81
PROD-34,2023-08-20,84
PROD-34,2023-08-21,83
PROD-34,2023-08-22,58
PROD-34,2023-08-23,67
PROD-34,2023-08-24,63
PROD-34,2023-08-25,78
PROD-34,2023-08-26,70
PROD-34,2023-08-27,60
PROD-34,2023-08-28,83
PROD-34,2023-08-29,63
PROD-34,2023-08-30,80
PROD-34,2023-08-31,59
PROD-34,2023-09-01,63
PROD-34,2023-09-02,61
PROD-34,2023-09-03,69
PROD-34,2023-09-04,76
PROD-34,2023-09-05,78
PROD-34,2023-09-06,77
PROD-34,2023-09-07,77
PROD-34,2023-09-08,80
PROD-34,2023-09-09,63
PROD-34,2023-09-10,69
PROD-34,2023-09-11,75
PROD-34,2023-09-12,59
PROD-34,2023-09-13,56
PROD-34,2023-09-14,59
PROD-34,2023-09-15,62
PROD-34,2023-09-16,80
PROD-34,2023-09-17,59
PROD-34,2023-09-18,72
PROD-34,2023-09-19,61
PROD-34,2023-09-20,80
PROD-34,2023-09-21,65
PROD-34,2023-09-22,59
PROD-34,2023-09-23,57
PROD-34,2023-09-24,75
PROD-34,2023-09-25,56
PROD-34,2023-09-26,66
PROD-34,2023-09-27,55
PROD-34,2023-09-28,63
PROD-34,2023-09-29,74
PROD-34,2023-09-30,58
PROD-34,2023-10-01,68
PROD-34,2023-10-02,64
PROD-34,2023-10-03,74
PROD-34,2023-10-04,74
PROD-34,2023-10-05,86
PROD-34,2023-10-06,67
PROD-34,2023-10-07,85
PROD-34,2023-10-08,80
PROD-34,2023-10-09,62
PROD-34,2023-10-10,78
PROD-34,2023-10-11,75
PROD-34,2023-10-12,72
PROD-34,2023-10-13,69
PROD-34,2023-10-14,68
PROD-34,2023-10-15,62
PROD-34,2023-10-16,75
PROD-34,2023-10-17,76
PROD-34,2023-10-18,60
PROD-34,2023-10-19,75
PROD-34,2023-10-20,86
PROD-34,2023-10-21,60
PROD-34,2023-10-22,60
PROD-34,2023-10-23,61
PROD-34,2023-10-24,70
PROD-34,2023-10-25,78
PROD-34,2023-10-26,64
PROD-34,2023-10-27,66
PROD-34,2023-10-28,74
PROD-34,2023-10-29,75
PROD-34,2023-10-30,74
PROD-34,2023-10-31,85
PROD-34,2023-11-01,93
PROD-34,2023-11-02,97
PROD-34,2023-11-03,87
PROD-34,2023-11-04,87
PROD-34,2023-11-05,80
PROD-34,2023-11-06,78
PROD-34,2023-11-07,76
PROD-34,2023-11-08,91
PROD-34,2023-11-09,75
PROD-34,2023-11-10,99
PROD-34,2023-11-11,86
PROD-34,2023-11-12,97
PROD-34,2023-11-13,70
PROD-34,2023-11-14,82
PROD-34,2023-11-15,98
PROD-34,2023-11-16,68
PROD-34,2023-11-17,96
PROD-34,2023-11-18,95
PROD-34,2023-11-19,74
PROD-34,2023-11-20,93
PROD-34,2023-11-21,72
PROD-34,2023-11-22,78
PROD-34,2023-11-23,81
PROD-34,2023-11-24,78
PROD-34,2023-11-25,88
PROD-34,2023-11-26,82
PROD-34,2023-11-27,79
PROD-34,2023-11-28,94
PROD-34,2023-11-29,75
PROD-34,2023-11-30,68
PROD-34,2023-12-01,114
PROD-34,2023-12-02,111
PROD-34,2023-12-03,85
PROD-34,2023-12-04,89
PROD-34,2023-12-05,101
PROD-34,2023-12-06,91
PROD-34,2023-12-07,114
PROD-34,2023-12-08,109
PROD-34,2023-12-09,92
PROD-34,2023-12-10,84
PROD-34,2023-12-11,110
PROD-34,2023-12-12,86
PROD-34,2023-12-13,95
PROD-34,2023-12-14,88
PROD-34,2023-12-15,108
PROD-34,2023-12-16,88
PROD-34,2023-12-17,95
PROD-34,2023-12-18,108
PROD-34,2023-12-19,115
PROD-34,2023-12-20,111
PROD-34,2023-12-21,88
PROD-34,2023-12-22,82
PROD-34,2023-12-23,95
PROD-34,2023-12-24,117
PROD-34,2023-12-25,106
PROD-34,2023-12-26,86
PROD-34,2023-12-27,95
PROD-34,2023-12-28,113
PROD-34,2023-12-29,87
PROD-34,2023-12-30,92
PROD-34,2023-12-31,91
PROD-34,2024-01-01,125
PROD-35,2023-01-01,91
PROD-35,2023-01-02,100
PROD-35,2023-01-03,108
PROD-35,2023-01-04,125
PROD-35,2023-01-05,116
PROD-35,2023-01-06,84
PROD-35,2023-01-07,90
PROD-35,2023-01-08,98
PROD-35,2023-01-09,104
PROD-35,2023-01-10,102
PROD-35,2023-01-11,117
PROD-35,2023-01-12,108
PROD-35,2023-01-13,113
PROD-35,2023-01-14,88
PROD-35,2023-01-15,106
PROD-35,2023-01-16,111
PROD-35,2023-01-17,114
PROD-35,2023-01-18,99
PROD-35,2023-01-19,118
PROD-35,2023-01-20,97
PROD-35,2023-01-21,86
PROD-35,2023-01-22,109
PROD-35,2023-01-23,124
PROD-35,2023-01-24,99
PROD-35,2023-01-25,97
PROD-35,2023-01-26,101
PROD-35,2023-01-27,101
PROD-35,2023-01-28,117
PROD-35,2023-01-29,104
PROD-35,2023-01-30,93
PROD-35,2023-01-31,98
PROD-35,2023-02-01,136
PROD-35,2023-02-02,102
PROD-35,2023-02-03,93
PROD-35,2023-02-04,120
PROD-35,2023-02-05,116
PROD-35,2023-02-06,113
PROD-35,2023-02-07,113
PROD-35,2023-02-08,101
PROD-35,2023-02-09,134
PROD-35,2023-02-10,135
PROD-35,2023-02-11,100
PROD-35,2023-02-12,94
PROD-35,2023-02-13,121
PROD-35,2023-02-14,104
PROD-35,2023-02-15,108
PROD-35,2023-02-16,100
PROD-35,2023-02-17,96
PROD-35,2023-02-18,128
PROD-35,2023-02-19,132
PROD-35,2023-02-20,131
PROD-35,2023-02-21,124
PROD-35,2023-02-22,137
PROD-35,2023-02-23,95
PROD-35,2023-02-24,135
PROD-35,2023-02-25,134
PROD-35,2023-02-26,138
PROD-35,2023-02-27,121
PROD-35,2023-02-28,94
PROD-35,2023-03-01,109
PROD-35,2023-03-02,142
PROD-35,2023-03-03,119
PROD-35,2023-03-04,135
PROD-35,2023-03-05,132
PROD-35,2023-03-06,123
PROD-35,2023-03-07,127
PROD-35,2023-03-08,115
PROD-35,2023-03-09,126
PROD-35,2023-03-10,125
PROD-35,2023-03-11,122
PROD-35,2023-03-12,97
PROD-35,2023-03-13,141
PROD-35,2023-03-14,118
PROD-35,2023-03-15,113
PROD-35,2023-03-16,105
PROD-35,2023-03-17,124
PROD-35,2023-03-18,123
PROD-35,2023-03-19,134
PROD-35,2023-03-20,143
PROD-35,2023-03-21,114
PROD-35,2023-03-22,139
PROD-35,2023-03-23,137
PROD-35,2023-03-24,129
PROD-35,2023-03-25,104
PROD-35,2023-03-26,122
PROD-35,2023-03-27,134
PROD-35,2023-03-28,130
PROD-35,2023-03-29,108
PROD-35,2023-03-30,117
PROD-35,2023-03-31,98
PROD-35,2023-04-01,98
PROD-35,2023-04-02,134
PROD-35,2023-04-03,122
PROD-35,2023-04-04,119
PROD-35,2023-04-05,113
PROD-35,2023-04-06,113
PROD-35,2023-04-07,103
PROD-35,2023-04-08,135
PROD-35,2023-04-09,105
PROD-35,2023-04-10,115
PROD-35,2023-04-11,99
PROD-35,2023-04-12,116
PROD-35,2023-04-13,111
PROD-35,2023-04-14,111
PROD-35,2023-04-15,101
PROD-35,2023-04-16,116
PROD-35,2023-04-17,102
PROD-35,2023-04-18,112
PROD-35,2023-04-19,121
PROD-35,2023-04-20,113
PROD-35,2023-04-21,130
PROD-35,2023-04-22,132
PROD-35,2023-04-23,110
PROD-35,2023-04-24,104
PROD-35,2023-04-25,110
PROD-35,2023-04-26,95
PROD-35,2023-04-27,120
PROD-35,2023-04-28,110
PROD-35,2023-04-29,101
PROD-35,2023-04-30,97
PROD-35,2023-05-01,105
PROD-35,2023-05-02,121
PROD-35,2023-05-03,95
PROD-35,2023-05-04,115
PROD-35,2023-05-05,121
PROD-35,2023-05-06,88
PROD-35,2023-05-07,100
PROD-35,2023-05-08,85
PROD-35,2023-05-09,110
PROD-35,2023-05-10,96
PROD-35,2023-05-11,88
PROD-35,2023-05-12,88
PROD-35,2023-05-13,85
PROD-35,2023-05-14,115
PROD-35,2023-05-15,85
PROD-35,2023-05-16,100
PROD-35,2023-05-17,125
PROD-35,2023-05-18,94
PROD-35,2023-05-19,123
PROD-35,2023-05-20,110
PROD-35,2023-05-21,107
PROD-35,2023-05-22,119
PROD-35,2023-05-23,114
PROD-35,2023-05-24,118
PROD-35,2023-05-25,107
PROD-35,2023-05-26,86
PROD-35,2023-05-27,108
PROD-35,2023-05-28,93
PROD-35,2023-05-29,87
PROD-35,2023-05-30,122
PROD-35,2023-05-31,92
PROD-35,2023-06-01,81
PROD-35,2023-06-02,86
PROD-35,2023-06-03,88
PROD-35,2023-06-04,89
PROD-35,2023-06-05,101
PROD-35,2023-06-06,85
PROD-35,2023-06-07,90
PROD-35,2023-06-08,95
PROD-35,2023-06-09,82
PROD-35,2023-06-10,74
PROD-35,2023-06-11,89
PROD-35,2023-06-12,101
PROD-35,2023-06-13,82
PROD-35,2023-06-14,93
PROD-35,2023-06-15,87
PROD-35,2023-06-16,108
PROD-35,2023-06-17,104
PROD-35,2023-06-18,99
PROD-35,2023-06-19,77
PROD-35,2023-06-20,76
PROD-35,2023-06-21,84
PROD-35,2023-06-22,90
PROD-35,2023-06-23,102
PROD-35,2023-06-24,91
PROD-35,2023-06-25,76
PROD-35,2023-06-26,103
PROD-35,2023-06-27,86
PROD-35,2023-06-28,96
PROD-35,2023-06-29,98
PROD-35,2023-06-30,104
PROD-35,2023-07-01,77
PROD-35,2023-07-02,92
PROD-35,2023-07-03,81
PROD-35,2023-07-04,75
PROD-35,2023-07-05,67
PROD-35,2023-07-06,64
PROD-35,2023-07-07,63
PROD-35,2023-07-08,85
PROD-35,2023-07-09,62
PROD-35,2023-07-10,88
PROD-35,2023-07-11,65
PROD-35,2023-07-12,68
PROD-35,2023-07-13,79
PROD-35,2023-07-14,93
PROD-35,2023-07-15,69
PROD-35,2023-07-16,91
PROD-35,2023-07-17,76
PROD-35,2023-07-18,63
PROD-35,2023-07-19,78
PROD-35,2023-07-20,83
PROD-35,2023-07-21,68
PROD-35,2023-07-22,87
PROD-35,2023-07-23,88
PROD-35,2023-07-24,76
PROD-35,2023-07-25,90
PROD-35,2023-07-26,64
PROD-35,2023-07-27,64
PROD-35,2023-07-28,86
PROD-35,2023-07-29,86
PROD-35,2023-07-30,67
PROD-35,2023-07-31,82
PROD-35,2023-08-01,80
PROD-35,2023-08-02,78
PROD-35,2023-08-03,72
PROD-35,2023-08-04,62
PROD-35,2023-08-05,71
PROD-35,2023-08-06,71
PROD-35,2023-08-07,60
PROD-35,2023-08-08,78
PROD-35,2023-08-09,55
PROD-35,2023-08-10,74
PROD-35,2023-08-11,66
PROD-35,2023-08-12,57
PROD-35,2023-08-13,70
PROD-35,2023-08-14,78
PROD-35,2023-08-15,61
PROD-35,2023-08-16,74
PROD-35,2023-08-17,81
PROD-35,2023-08-18,72
PROD-35,2023-08-19,77
PROD-35,2023-08-20,63
PROD-35,2023-08-21,64
PROD-35,2023-08-22,65
PROD-35,2023-08-23,69
PROD-35,2023-08-24,61
PROD-35,2023-08-25,69
PROD-35,2023-08-26,73
PROD-35,2023-08-27,69
PROD-35,2023-08-28,59
PROD-35,2023-08-29,74
PROD-35,2023-08-30,69
PROD-35,2023-08-31,61
PROD-35,2023-09-01,60
PROD-35,2023-09-02,59
PROD-35,2023-09-03,61
PROD-35,2023-09-04,76
PROD-35,2023-09-05,63
PROD-35,2023-09-06,58
PROD-35,2023-09-07,61
PROD-35,2023-09-08,53
PROD-35,2023-09-09,77
PROD-35,2023-09-10,55
PROD-35,2023-09-11,76
PROD-35,2023-09-12,73
PROD-35,2023-09-13,65
PROD-35,2023-09-14,67
PROD-35,2023-09-15,67
PROD-35,2023-09-16,72
PROD-35,2023-09-17,71
PROD-35,2023-09-18,65
PROD-35,2023-09-19,57
PROD-35,2023-09-20,75
PROD-35,2023-09-21,70
PROD-35,2023-09-22,60
PROD-35,2023-09-23,60
PROD-35,2023-09-24,73
PROD-35,2023-09-25,71
PROD-35,2023-09-26,72
PROD-35,2023-09-27,63
PROD-35,2023-09-28,67
PROD-35,2023-09-29,54
PROD-35,2023-09-30,64
PROD-35,2023-10-01,80
PROD-35,2023-10-02,61
PROD-35,2023-10-03,64
PROD-35,2023-10-04,68
PROD-35,2023-10-05,78
PROD-35,2023-10-06,66
PROD-35,2023-10-07,67
PROD-35,2023-10-08,72
PROD-35,2023-10-09,58
PROD-35,2023-10-10,76
PROD-35,2023-10-11,57
PROD-35,2023-10-12,59
PROD-35,2023-10-13,68
PROD-35,2023-10-14,61
PROD-35,2023-10-15,57
PROD-35,2023-10-16,63
PROD-35,2023-10-17,64
PROD-35,2023-10-18,63
PROD-35,2023-10-19,79
PROD-35,2023-10-20,66
PROD-35,2023-10-21,77
PROD-35,2023-10-22,69
PROD-35,2023-10-23,74
PROD-35,2023-10-24,79
PROD-35,2023-10-25,62
PROD-35,2023-10-26,74
PROD-35,2023-10-27,81
PROD-35,2023-10-28,77
PROD-35,2023-10-29,67
PROD-35,2023-10-30,58
PROD-35,2023-10-31,59
PROD-35,2023-11-01,63
PROD-35,2023-11-02,79
PROD-35,2023-11-03,75
PROD-35,2023-11-04,66
PROD-35,2023-11-05,80
PROD-35,2023-11-06,89
PROD-35,2023-11-07,70
PROD-35,2023-11-08,64
PROD-35,2023-11-09,84
PROD-35,2023-11-10,82
PROD-35,2023-11-11,80
PROD-35,2023-11-12,72
PROD-35,2023-11-13,75
PROD-35,2023-11-14,66
PROD-35,2023-11-15,68
PROD-35,2023-11-16,82
PROD-35,2023-11-17,74
PROD-35,2023-11-18,76
PROD-35,2023-11-19,81
PROD-35,2023-11-20,78
PROD-35,2023-11-21,76
PROD-35,2023-11-22,71
PROD-35,2023-11-23,89
PROD-35,2023-11-24,70
PROD-35,2023-11-25,91
PROD-35,2023-11-26,68
PROD-35,2023-11-27,89
PROD-35,2023-11-28,63
PROD-35,2023-11-29,89
PROD-35,2023-11-30,76
PROD-35,2023-12-01,110
PROD-35,2023-12-02,97
PROD-35,2023-12-03,93
PROD-35,2023-12-04,74
PROD-35,2023-12-05,93
PROD-35,2023-12-06,79
PROD-35,2023-12-07,94
PROD-35,2023-12-08,94
PROD-35,2023-12-09,101
PROD-35,2023-12-10,79
PROD-35,2023-12-11,78
PROD-35,2023-12-12,95
PROD-35,2023-12-13,93
PROD-35,2023-12-14,85
PROD-35,2023-12-15,76
PROD-35,2023-12-16,82
PROD-35,2023-12-17,74
PROD-35,2023-12-18,90
PROD-35,2023-12-19,108
PROD-35,2023-12-20,86
PROD-35,2023-12-21,97
PROD-35,2023-12-22,93
PROD-35,2023-12-23,87
PROD-35,2023-12-24,91
PROD-35,2023-12-25,85
PROD-35,2023-12-26,94
PROD-35,2023-12-27,108
PROD-35,2023-12-28,79
PROD-35,2023-12-29,86
PROD-35,2023-12-30,96
PROD-35,2023-12-31,82
PROD-35,2024-01-01,102
PROD-36,2023-01-01,209
PROD-36,2023-01-02,224
PROD-36,2023-01-03,240
PROD-36,2023-01-04,212
PROD-36,2023-01-05,194
PROD-36,2023-01-06,203
PROD-36,2023-01-07,182
PROD-36,2023-01-08,213
PROD-36,2023-01-09,237
PROD-36,2023-01-10,205
PROD-36,2023-01-11,211
PROD-36,2023-01-12,196
PROD-36,2023-01-13,183
PROD-36,2023-01-14,224
PROD-36,2023-01-15,206
PROD-36,2023-01-16,244
PROD-36,2023-01-17,185
PROD-36,2023-01-18,208
PROD-36,2023-01-19,195
PROD-36,2023-01-20,234
PROD-36,2023-01-21,232
PROD-36,2023-01-22,217
PROD-36,2023-01-23,234
PROD-36,2023-01-24,200
PROD-36,2023-01-25,216
PROD-36,2023-01-26,179
PROD-36,2023-01-27,231
PROD-36,2023-01-28,216
PROD-36,2023-01-29,194
PROD-36,2023-01-30,209
PROD-36,2023-01-31,187
PROD-36,2023-02-01,209
PROD-36,2023-02-02,226
PROD-36,2023-02-03,192
PROD-36,2023-02-04,263
PROD-36,2023-02-05,180
PROD-36,2023-02-06,209
PROD-36,2023-02-07,238
PROD-36,2023-02-08,211
PROD-36,2023-02-09,191
PROD-36,2023-02-10,201
PROD-36,2023-02-11,236
PROD-36,2023-02-12,181
PROD-36,2023-02-13,179
PROD-36,2023-02-14,211
PROD-36,2023-02-15,192
PROD-36,2023-02-16,241
PROD-36,2023-02-17,238
PROD-36,2023-02-18,211
PROD-36,2023-02-19,259
PROD-36,2023-02-20,182
PROD-36,2023-02-21,185
PROD-36,2023-02-22,210
PROD-36,2023-02-23,199
PROD-36,2023-02-24,222
PROD-36,2023-02-25,257
PROD-36,2023-02-26,194
PROD-36,2023-02-27,268
PROD-36,2023-02-28,234
PROD-36,2023-03-01,208
PROD-36,2023-03-02,210
PROD-36,2023-03-03,193
PROD-36,2023-03-04,206
PROD-36,2023-03-05,273
PROD-36,2023-03-06,274
PROD-36,2023-03-07,254
PROD-36,2023-03-08,212
PROD-36,2023-03-09,219
PROD-36,2023-03-10,222
PROD-36,2023-03-11,224
PROD-36,2023-03-12,272
PROD-36,2023-03-13,254
PROD-36,2023-03-14,267
PROD-36,2023-03-15,208
PROD-36,2023-03-16,257
PROD-36,2023-03-17,219
PROD-36,2023-03-18,237
PROD-36,2023-03-19,230
PROD-36,2023-03-20,255
PROD-36,2023-03-21,192
PROD-36,2023-03-22,187
PROD-36,2023-03-23,242
PROD-36,2023-03-24,225
PROD-36,2023-03-25,221
PROD-36,2023-03-26,208
PROD-36,2023-03-27,221
PROD-36,2023-03-28,194
PROD-36,2023-03-29,221
PROD-36,2023-03-30,275
PROD-36,2023-03-31,227
PROD-36,2023-04-01,201
PROD-36,2023-04-02,226
PROD-36,2023-04-03,182
PROD-36,2023-04-04,182
PROD-36,2023-04-05,245
PROD-36,2023-04-06,180
PROD-36,2023-04-07,220
PROD-36,2023-04-08,228
PROD-36,2023-04-09,190
PROD-36,2023-04-10,230
PROD-36,2023-04-11,268
PROD-36,2023-04-12,219
PROD-36,2023-04-13,203
PROD-36,2023-04-14,206
PROD-36,2023-04-15,210
PROD-36,2023-04-16,202
PROD-36,2023-04-17,268
PROD-36,2023-04-18,191
PROD-36,2023-04-19,230
PROD-36,2023-04-20,210
PROD-36,2023-04-21,241
PROD-36,2023-04-22,247
PROD-36,2023-04-23,180
PROD-36,2023-04-24,185
PROD-36,2023-04-25,267
PROD-36,2023-04-26,249
PROD-36,2023-04-27,191
PROD-36,2023-04-28,221
PROD-36,2023-04-29,243
PROD-36,2023-04-30,212
PROD-36,2023-05-01,180
PROD-36,2023-05-02,170
PROD-36,2023-05-03,178
PROD-36,2023-05-04,230
PROD-36,2023-05-05,215
PROD-36,2023-05-06,182
PROD-36,2023-05-07,207
PROD-36,2023-05-08,217
PROD-36,2023-05-09,175
PROD-36,2023-05-10,214
PROD-36,2023-05-11,215
PROD-36,2023-05-12,180
PROD-36,2023-05-13,221
PROD-36,2023-05-14,165
PROD-36,2023-05-15,213
PROD-36,2023-05-16,185
PROD-36,2023-05-17,226
PROD-36,2023-05-18,221
PROD-36,2023-05-19,187
PROD-36,2023-05-20,211
PROD-36,2023-05-21,182
PROD-36,2023-05-22,231
PROD-36,2023-05-23,184
PROD-36,2023-05-24,237
PROD-36,2023-05-25,235
PROD-36,2023-05-26,198
PROD-36,2023-05-27,210
PROD-36,2023-05-28,181
PROD-36,2023-05-29,164
PROD-36,2023-05-30,238
PROD-36,2023-05-31,204
PROD-36,2023-06-01,183
PROD-36,2023-06-02,160
PROD-36,2023-06-03,210
PROD-36,2023-06-04,165
PROD-36,2023-06-05,180
PROD-36,2023-06-06,209
PROD-36,2023-06-07,194
PROD-36,2023-06-08,212
PROD-36,2023-06-09,204
PROD-36,2023-06-10,185
PROD-36,2023-06-11,194
PROD-36,2023-06-12,192
PROD-36,2023-06-13,212
PROD-36,2023-06-14,190
PROD-36,2023-06-15,144
PROD-36,2023-06-16,166
PROD-36,2023-06-17,165
PROD-36,2023-06-18,200
PROD-36,2023-06-19,185
PROD-36,2023-06-20,197
PROD-36,2023-06-21,179
PROD-36,2023-06-22,160
PROD-36,2023-06-23,179
PROD-36,2023-06-24,150
PROD-36,2023-06-25,142
PROD-36,2023-06-26,183
PROD-36,2023-06-27,210
PROD-36,2023-06-28,208
PROD-36,2023-06-29,156
PROD-36,2023-06-30,153
PROD-36,2023-07-01,139
PROD-36,2023-07-02,128
PROD-36,2023-07-03,158
PROD-36,2023-07-04,156
PROD-36,2023-07-05,162
PROD-36,2023-07-06,131
PROD-36,2023-07-07,163
PROD-36,2023-07-08,162
PROD-36,2023-07-09,143
PROD-36,2023-07-10,132
PROD-36,2023-07-11,152
PROD-36,2023-07-12,160
PROD-36,2023-07-13,160
PROD-36,2023-07-14,175
PROD-36,2023-07-15,143
PROD-36,2023-07-16,125
PROD-36,2023-07-17,168
PROD-36,2023-07-18,135
PROD-36,2023-07-19,136
PROD-36,2023-07-20,146
PROD-36,2023-07-21,153
PROD-36,2023-07-22,165
PROD-36,2023-07-23,179
PROD-36,2023-07-24,180
PROD-36,2023-07-25,161
PROD-36,2023-07-26,165
PROD-36,2023-07-27,167
PROD-36,2023-07-28,130
PROD-36,2023-07-29,123
PROD-36,2023-07-30,157
PROD-36,2023-07-31,122
PROD-36,2023-08-01,113
PROD-36,2023-08-02,149
PROD-36,2023-08-03,130
PROD-36,2023-08-04,152
PROD-36,2023-08-05,139
PROD-36,2023-08-06,138
PROD-36,2023-08-07,115
PROD-36,2023-08-08,155
PROD-36,2023-08-09,106
PROD-36,2023-08-10,116
PROD-36,2023-08-11,124
PROD-36,2023-08-12,125
PROD-36,2023-08-13,137
PROD-36,2023-08-14,105
PROD-36,2023-08-15,155
PROD-36,2023-08-16,138
PROD-36,2023-08-17,143
PROD-36,2023-08-18,126
PROD-36,2023-08-19,155
PROD-36,2023-08-20,126
PROD-36,2023-08-21,118
PROD-36,2023-08-22,113
PROD-36,2023-08-23,128
PROD-36,2023-08-24,108
PROD-36,2023-08-25,143
PROD-36,2023-08-26,140
PROD-36,2023-08-27,136
PROD-36,2023-08-28,115
PROD-36,2023-08-29,116
PROD-36,2023-08-30,109
PROD-36,2023-08-31,128
PROD-36,2023-09-01,147
PROD-36,2023-09-02,144
PROD-36,2023-09-03,141
PROD-36,2023-09-04,119
PROD-36,2023-09-05,110
PROD-36,2023-09-06,128
PROD-36,2023-09-07,113
PROD-36,2023-09-08,137
PROD-36,2023-09-09,133
PROD-36,2023-09-10,114
PROD-36,2023-09-11,108
PROD-36,2023-09-12,108
PROD-36,2023-09-13,149
PROD-36,2023-09-14,122
PROD-36,2023-09-15,112
PROD-36,2023-09-16,142
PROD-36,2023-09-17,147
PROD-36,2023-09-18,130
PROD-36,2023-09-19,127
PROD-36,2023-09-20,144
PROD-36,2023-09-21,125
PROD-36,2023-09-22,142
PROD-36,2023-09-23,147
PROD-36,2023-09-24,126
PROD-36,2023-09-25,126
PROD-36,2023-09-26,103
PROD-36,2023-09-27,142
PROD-36,2023-09-28,105
PROD-36,2023-09-29,106
PROD-36,2023-09-30,142
PROD-36,2023-10-01,110
PROD-36,2023-10-02,123
PROD-36,2023-10-03,156
PROD-36,2023-10-04,114
PROD-36,2023-10-05,137
PROD-36,2023-10-06,153
PROD-36,2023-10-07,134
PROD-36,2023-10-08,140
PROD-36,2023-10-09,132
PROD-36,2023-10-10,146
PROD-36,2023-10-11,134
PROD-36,2023-10-12,148
PROD-36,2023-10-13,109
PROD-36,2023-10-14,117
PROD-36,2023-10-15,135
PROD-36,2023-10-16,149
PROD-36,2023-10-17,145
PROD-36,2023-10-18,116
PROD-36,2023-10-19,111
PROD-36,2023-10-20,138
PROD-36,2023-10-21,142
PROD-36,2023-10-22,141
PROD-36,2023-10-23,138
PROD-36,2023-10-24,106
PROD-36,2023-10-25,130
PROD-36,2023-10-26,146
PROD-36,2023-10-27,140
PROD-36,2023-10-28,112
PROD-36,2023-10-29,110
PROD-36,2023-10-30,144
PROD-36,2023-10-31,118
PROD-36,2023-11-01,148
PROD-36,2023-11-02,146
PROD-36,2023-11-03,168
PROD-36,2023-11-04,157
PROD-36,2023-11-05,142
PROD-36,2023-11-06,178
PROD-36,2023-11-07,144
PROD-36,2023-11-08,124
PROD-36,2023-11-09,152
PROD-36,2023-11-10,141
PROD-36,2023-11-11,154
PROD-36,2023-11-12,131
PROD-36,2023-11-13,124
PROD-36,2023-11-14,156
PROD-36,2023-11-15,175
PROD-36,2023-11-16,175
PROD-36,2023-11-17,126
PROD-36,2023-11-18,166
PROD-36,2023-11-19,128
PROD-36,2023-11-20,153
PROD-36,2023-11-21,147
PROD-36,2023-11-22,132
PROD-36,2023-11-23,174
PROD-36,2023-11-24,127
PROD-36,2023-11-25,162
PROD-36,2023-11-26,152
PROD-36,2023-11-27,127
PROD-36,2023-11-28,168
PROD-36,2023-11-29,177
PROD-36,2023-11-30,161
PROD-36,2023-12-01,158
PROD-36,2023-12-02,176
PROD-36,2023-12-03,151
PROD-36,2023-12-04,171
PROD-36,2023-12-05,175
PROD-36,2023-12-06,169
PROD-36,2023-12-07,181
PROD-36,2023-12-08,150
PROD-36,2023-12-09,208
PROD-36,2023-12-10,166
PROD-36,2023-12-11,199
PROD-36,2023-12-12,198
PROD-36,2023-12-13,179
PROD-36,2023-12-14,163
PROD-36,2023-12-15,174
PROD-36,2023-12-16,175
PROD-36,2023-12-17,155
PROD-36,2023-12-18,174
PROD-36,2023-12-19,195
PROD-36,2023-12-20,169
PROD-36,2023-12-21,171
PROD-36,2023-12-22,163
PROD-36,2023-12-23,143
PROD-36,2023-12-24,191
PROD-36,2023-12-25,188
PROD-36,2023-12-26,163
PROD-36,2023-12-27,171
PROD-36,2023-12-28,158
PROD-36,2023-12-29,188
PROD-36,2023-12-30,158
PROD-36,2023-12-31,208
PROD-36,2024-01-01,169
PROD-37,2023-01-01,147
PROD-37,2023-01-02,188
PROD-37,2023-01-03,182
PROD-37,2023-01-04,177
PROD-37,2023-01-05,181
PROD-37,2023-01-06,127
PROD-37,2023-01-07,130
PROD-37,2023-01-08,180
PROD-37,2023-01-09,129
PROD-37,2023-01-10,190
PROD-37,2023-01-11,180
PROD-37,2023-01-12,131
PROD-37,2023-01-13,188
PROD-37,2023-01-14,189
PROD-37,2023-01-15,180
PROD-37,2023-01-16,173
PROD-37,2023-01-17,187
PROD-37,2023-01-18,138
PROD-37,2023-01-19,167
PROD-37,2023-01-20,182
PROD-37,2023-01-21,181
PROD-37,2023-01-22,148
PROD-37,2023-01-23,171
PROD-37,2023-01-24,176
PROD-37,2023-01-25,156
PROD-37,2023-01-26,184
PROD-37,2023-01-27,145
PROD-37,2023-01-28,127
PROD-37,2023-01-29,161
PROD-37,2023-01-30,127
PROD-37,2023-01-31,132
PROD-37,2023-02-01,190
PROD-37,2023-02-02,141
PROD-37,2023-02-03,205
PROD-37,2023-02-04,167
PROD-37,2023-02-05,205
PROD-37,2023-02-06,182
PROD-37,2023-02-07,189
PROD-37,2023-02-08,189
PROD-37,2023-02-09,155
PROD-37,2023-02-10,188
PROD-37,2023-02-11,147
PROD-37,2023-02-12,175
PROD-37,2023-02-13,194
PROD-37,2023-02-14,139
PROD-37,2023-02-15,166
PROD-37,2023-02-16,178
PROD-37,2023-02-17,203
PROD-37,2023-02-18,187
PROD-37,2023-02-19,187
PROD-37,2023-02-20,151
PROD-37,2023-02-21,198
PROD-37,2023-02-22,167
PROD-37,2023-02-23,199
PROD-37,2023-02-24,147
PROD-37,2023-02-25,168
PROD-37,2023-02-26,151
PROD-37,2023-02-27,157
PROD-37,2023-02-28,177
PROD-37,2023-03-01,201
PROD-37,2023-03-02,156
PROD-37,2023-03-03,211
PROD-37,2023-03-04,166
PROD-37,2023-03-05,159
PROD-37,2023-03-06,161
PROD-37,2023-03-07,157
PROD-37,2023-03-08,211
PROD-37,2023-03-09,204
PROD-37,2023-03-10,201
PROD-37,2023-03-11,192
PROD-37,2023-03-12,183
PROD-37,2023-03-13,202
PROD-37,2023-03-14,185
PROD-37,2023-03-15,168
PROD-37,2023-03-16,205
PROD-37,2023-03-17,151
PROD-37,2023-03-18,212
PROD-37,2023-03-19,181
PROD-37,2023-03-20,149
PROD-37,2023-03-21,181
PROD-37,2023-03-22,154
PROD-37,2023-03-23,168
PROD-37,2023-03-24,157
PROD-37,2023-03-25,196
PROD-37,2023-03-26,160
PROD-37,2023-03-27,166
PROD-37,2023-03-28,176
PROD-37,2023-03-29,198
PROD-37,2023-03-30,194
PROD-37,2023-03-31,213
PROD-37,2023-04-01,192
PROD-37,2023-04-02,198
PROD-37,2023-04-03,191
PROD-37,2023-04-04,195
PROD-37,2023-04-05,144
PROD-37,2023-04-06,191
PROD-37,2023-04-07,173
PROD-37,2023-04-08,186
PROD-37,2023-04-09,142
PROD-37,2023-04-10,202
PROD-37,2023-04-11,156
PROD-37,2023-04-12,162
PROD-37,2023-04-13,166
PROD-37,2023-04-14,199
PROD-37,2023-04-15,149
PROD-37,2023-04-16,199
PROD-37,2023-04-17,180
PROD-37,2023-04-18,161
PROD-37,2023-04-19,173
PROD-37,2023-04-20,192
PROD-37,2023-04-21,156
PROD-37,2023-04-22,147
PROD-37,2023-04-23,158
PROD-37,2023-04-24,159
PROD-37,2023-04-25,186
PROD-37,2023-04-26,150
PROD-37,2023-04-27,168
PROD-37,2023-04-28,159
PROD-37,2023-04-29,140
PROD-37,2023-04-30,169
PROD-37,2023-05-01,178
PROD-37,2023-05-02,183
PROD-37,2023-05-03,131
PROD-37,2023-05-04,132
PROD-37,2023-05-05,151
PROD-37,2023-05-06,156
PROD-37,2023-05-07,130
PROD-37,2023-05-08,179
PROD-37,2023-05-09,144
PROD-37,2023-05-10,189
PROD-37,2023-05-11,186
PROD-37,2023-05-12,142
PROD-37,2023-05-13,189
PROD-37,2023-05-14,166
PROD-37,2023-05-15,166
PROD-37,2023-05-16,156
PROD-37,2023-05-17,128
PROD-37,2023-05-18,183
PROD-37,2023-05-19,139
PROD-37,2023-05-20,128
PROD-37,2023-05-21,133
PROD-37,2023-05-22,154
PROD-37,2023-05-23,152
PROD-37,2023-05-24,170
PROD-37,2023-05-25,161
PROD-37,2023-05-26,152
PROD-37,2023-05-27,146
PROD-37,2023-05-28,138
PROD-37,2023-05-29,173
PROD-37,2023-05-30,144
PROD-37,2023-05-31,179
PROD-37,2023-06-01,139
PROD-37,2023-06-02,154
PROD-37,2023-06-03,139
PROD-37,2023-06-04,119
PROD-37,2023-06-05,125
PROD-37,2023-06-06,165
PROD-37,2023-06-07,112
PROD-37,2023-06-08,156
PROD-37,2023-06-09,144
PROD-37,2023-06-10,130
PROD-37,2023-06-11,135
PROD-37,2023-06-12,162
PROD-37,2023-06-13,160
PROD-37,2023-06-14,123
PROD-37,2023-06-15,150
PROD-37,2023-06-16,148
PROD-37,2023-06-17,117
PROD-37,2023-06-18,163
PROD-37,2023-06-19,139
PROD-37,2023-06-20,132
PROD-37,2023-06-21,163
PROD-37,2023-06-22,164
PROD-37,2023-06-23,111
PROD-37,2023-06-24,119
PROD-37,2023-06-25,162
PROD-37,2023-06-26,148
PROD-37,2023-06-27,128
PROD-37,2023-06-28,140
PROD-37,2023-06-29,129
PROD-37,2023-06-30,141
PROD-37,2023-07-01,129
PROD-37,2023-07-02,125
PROD-37,2023-07-03,119
PROD-37,2023-07-04,104
PROD-37,2023-07-05,131
PROD-37,2023-07-06,106
PROD-37,2023-07-07,139
PROD-37,2023-07-08,110
PROD-37,2023-07-09,96
PROD-37,2023-07-10,96
PROD-37,2023-07-11,125
PROD-37,2023-07-12,124
PROD-37,2023-07-13,139
PROD-37,2023-07-14,119
PROD-37,2023-07-15,138
PROD-37,2023-07-16,98
PROD-37,2023-07-17,108
PROD-37,2023-07-18,140
PROD-37,2023-07-19,108
PROD-37,2023-07-20,115
PROD-37,2023-07-21,114
PROD-37,2023-07-22,126
PROD-37,2023-07-23,139
PROD-37,2023-07-24,134
PROD-37,2023-07-25,108
PROD-37,2023-07-26,130
PROD-37,2023-07-27,127
PROD-37,2023-07-28,133
PROD-37,2023-07-29,106
PROD-37,2023-07-30,95
PROD-37,2023-07-31,138
PROD-37,2023-08-01,98
PROD-37,2023-08-02,96
PROD-37,2023-08-03,119
PROD-37,2023-08-04,89
PROD-37,2023-08-05,93
PROD-37,2023-08-06,116
PROD-37,2023-08-07,96
PROD-37,2023-08-08,87
PROD-37,2023-08-09,96
PROD-37,2023-08-10,117
PROD-37,2023-08-11,111
PROD-37,2023-08-12,98
PROD-37,2023-08-13,99
PROD-37,2023-08-14,116
PROD-37,2023-08-15,94
PROD-37,2023-08-16,84
PROD-37,2023-08-17,83
PROD-37,2023-08-18,119
PROD-37,2023-08-19,118
PROD-37,2023-08-20,107
PROD-37,2023-08-21,120
PROD-37,2023-08-22,94
PROD-37,2023-08-23,90
PROD-37,2023-08-24,103
PROD-37,2023-08-25,119
PROD-37,2023-08-26,84
PROD-37,2023-08-27,122
PROD-37,2023-08-28,111
PROD-37,2023-08-29,102
PROD-37,2023-08-30,90
PROD-37,2023-08-31,120
PROD-37,2023-09-01,96
PROD-37,2023-09-02,111
PROD-37,2023-09-03,87
PROD-37,2023-09-04,78
PROD-37,2023-09-05,115
PROD-37,2023-09-06,107
PROD-37,2023-09-07,104
PROD-37,2023-09-08,109
PROD-37,2023-09-09,113
PROD-37,2023-09-10,103
PROD-37,2023-09-11,80
PROD-37,2023-09-12,88
PROD-37,2023-09-13,84
PROD-37,2023-09-14,89
PROD-37,2023-09-15,83
PROD-37,2023-09-16,95
PROD-37,2023-09-17,81
PROD-37,2023-09-18,86
PROD-37,2023-09-19,102
PROD-37,2023-09-20,103
PROD-37,2023-09-21,90
PROD-37,2023-09-22,78
PROD-37,2023-09-23,81
PROD-37,2023-09-24,97
PROD-37,2023-09-25,77
PROD-37,2023-09-26,104
PROD-37,2023-09-27,84
PROD-37,2023-09-28,102
PROD-37,2023-09-29,103
PROD-37,2023-09-30,115
PROD-37,2023-10-01,100
PROD-37,2023-10-02,93
PROD-37,2023-10-03,116
PROD-37,2023-10-04,108
PROD-37,2023-10-05,85
PROD-37,2023-10-06,102
PROD-37,2023-10-07,98
PROD-37,2023-10-08,98
PROD-37,2023-10-09,96
PROD-37,2023-10-10,96
PROD-37,2023-10-11,111
PROD-37,2023-10-12,106
PROD-37,2023-10-13,108
PROD-37,2023-10-14,94
PROD-37,2023-10-15,89
PROD-37,2023-10-16,118
PROD-37,2023-10-17,113
PROD-37,2023-10-18,89
PROD-37,2023-10-19,102
PROD-37,2023-10-20,86
PROD-37,2023-10-21,102
PROD-37,2023-10-22,114
PROD-37,2023-10-23,87
PROD-37,2023-10-24,121
PROD-37,2023-10-25,86
PROD-37,2023-10-26,119
PROD-37,2023-10-27,116
PROD-37,2023-10-28,108
PROD-37,2023-10-29,89
PROD-37,2023-10-30,94
PROD-37,2023-10-31,82
PROD-37,2023-11-01,123
PROD-37,2023-11-02,112
PROD-37,2023-11-03,105
PROD-37,2023-11-04,125
PROD-37,2023-11-05,134
PROD-37,2023-11-06,108
PROD-37,2023-11-07,129
PROD-37,2023-11-08,138
PROD-37,2023-11-09,119
PROD-37,2023-11-10,119
PROD-37,2023-11-11,116
PROD-37,2023-11-12,110
PROD-37,2023-11-13,116
PROD-37,2023-11-14,121
PROD-37,2023-11-15,110
PROD-37,2023-11-16,133
PROD-37,2023-11-17,105
PROD-37,2023-11-18,96
PROD-37,2023-11-19,94
PROD-37,2023-11-20,115
PROD-37,2023-11-21,128
PROD-37,2023-11-22,97
PROD-37,2023-11-23,95
PROD-37,2023-11-24,118
PROD-37,2023-11-25,117
PROD-37,2023-11-26,98
PROD-37,2023-11-27,117
PROD-37,2023-11-28,117
PROD-37,2023-11-29,99
PROD-37,2023-11-30,138
PROD-37,2023-12-01,147
PROD-37,2023-12-02,137
PROD-37,2023-12-03,164
PROD-37,2023-12-04,148
PROD-37,2023-12-05,134
PROD-37,2023-12-06,164
PROD-37,2023-12-07,144
PROD-37,2023-12-08,163
PROD-37,2023-12-09,115
PROD-37,2023-12-10,117
PROD-37,2023-12-11,141
PROD-37,2023-12-12,159
PROD-37,2023-12-13,156
PROD-37,2023-12-14,129
PROD-37,2023-12-15,126
PROD-37,2023-12-16,110
PROD-37,2023-12-17,119
PROD-37,2023-12-18,143
PROD-37,2023-12-19,139
PROD-37,2023-12-20,125
PROD-37,2023-12-21,161
PROD-37,2023-12-22,157
PROD-37,2023-12-23,119
PROD-37,2023-12-24,137
PROD-37,2023-12-25,122
PROD-37,2023-12-26,136
PROD-37,2023-12-27,145
PROD-37,2023-12-28,137
PROD-37,2023-12-29,160
PROD-37,2023-12-30,153
PROD-37,2023-12-31,111
PROD-37,2024-01-01,130
PROD-38,2023-01-01,227
PROD-38,2023-01-02,204
PROD-38,2023-01-03,195
PROD-38,2023-01-04,242
PROD-38,2023-01-05,203
PROD-38,2023-01-06,233
PROD-38,2023-01-07,174
PROD-38,2023-01-08,227
PROD-38,2023-01-09,203
PROD-38,2023-01-10,173
PROD-38,2023-01-11,230
PROD-38,2023-01-12,195
PROD-38,2023-01-13,193
PROD-38,2023-01-14,242
PROD-38,2023-01-15,207
PROD-38,2023-01-16,175
PROD-38,2023-01-17,188
PROD-38,2023-01-18,246
PROD-38,2023-01-19,213
PROD-38,2023-01-20,200
PROD-38,2023-01-21,181
PROD-38,2023-01-22,192
PROD-38,2023-01-23,228
PROD-38,2023-01-24,216
PROD-38,2023-01-25,246
PROD-38,2023-01-26,227
PROD-38,2023-01-27,204
PROD-38,2023-01-28,198
PROD-38,2023-01-29,178
PROD-38,2023-01-30,215
PROD-38,2023-01-31,231
PROD-38,2023-02-01,246
PROD-38,2023-02-02,221
PROD-38,2023-02-03,234
PROD-38,2023-02-04,182
PROD-38,2023-02-05,213
PROD-38,2023-02-06,260
PROD-38,2023-02-07,206
PROD-38,2023-02-08,240
PROD-38,2023-02-09,234
PROD-38,2023-02-10,261
PROD-38,2023-02-11,186
PROD-38,2023-02-12,218
PROD-38,2023-02-13,187
PROD-38,2023-02-14,183
PROD-38,2023-02-15,245
PROD-38,2023-02-16,196
PROD-38,2023-02-17,236
PROD-38,2023-02-18,248
PROD-38,2023-02-19,203
PROD-38,2023-02-20,229
PROD-38,2023-02-21,188
PROD-38,2023-02-22,251
PROD-38,2023-02-23,215
PROD-38,2023-02-24,239
PROD-38,2023-02-25,259
PROD-38,2023-02-26,187
PROD-38,2023-02-27,262
PROD-38,2023-02-28,207
PROD-38,2023-03-01,206
PROD-38,2023-03-02,212
PROD-38,2023-03-03,272
PROD-38,2023-03-04,244
PROD-38,2023-03-05,204
PROD-38,2023-03-06,251
PROD-38,2023-03-07,231
PROD-38,2023-03-08,268
PROD-38,2023-03-09,272
PROD-38,2023-03-10,220
PROD-38,2023-03-11,261
PROD-38,2023-03-12,204
PROD-38,2023-03-13,230
PROD-38,2023-03-14,217
PROD-38,2023-03-15,187
PROD-38,2023-03-16,252
PROD-38,2023-03-17,210
PROD-38,2023-03-18,213
PROD-38,2023-03-19,214
PROD-38,2023-03-20,247
PROD-38,2023-03-21,203
PROD-38,2023-03-22,205
PROD-38,2023-03-23,277
PROD-38,2023-03-24,194
PROD-38,2023-03-25,247
PROD-38,2023-03-26,218
PROD-38,2023-03-27,229
PROD-38,2023-03-28,219
PROD-38,2023-03-29,278
PROD-38,2023-03-30,252
PROD-38,2023-03-31,211
PROD-38,2023-04-01,192
PROD-38,2023-04-02,264
PROD-38,2023-04-03,202
PROD-38,2023-04-04,270
PROD-38,2023-04-05,263
PROD-38,2023-04-06,241
PROD-38,2023-04-07,181
PROD-38,2023-04-08,211
PROD-38,2023-04-09,262
PROD-38,2023-04-10,231
PROD-38,2023-04-11,225
PROD-38,2023-04-12,264
PROD-38,2023-04-13,220
PROD-38,2023-04-14,222
PROD-38,2023-04-15,269
PROD-38,2023-04-16,213
PROD-38,2023-04-17,222
PROD-38,2023-04-18,216
PROD-38,2023-04-19,258
PROD-38,2023-04-20,187
PROD-38,2023-04-21,229
PROD-38,2023-04-22,236
PROD-38,2023-04-23,270
PROD-38,2023-04-24,187
PROD-38,2023-04-25,264
PROD-38,2023-04-26,185
PROD-38,2023-04-27,200
PROD-38,2023-04-28,264
PROD-38,2023-04-29,257
PROD-38,2023-04-30,194
PROD-38,2023-05-01,199
PROD-38,2023-05-02,220
PROD-38,2023-05-03,185
PROD-38,2023-05-04,223
PROD-38,2023-05-05,188
PROD-38,2023-05-06,204
PROD-38,2023-05-07,175
PROD-38,2023-05-08,174
PROD-38,2023-05-09,190
PROD-38,2023-05-10,244
PROD-38,2023-05-11,219
PROD-38,2023-05-12,222
PROD-38,2023-05-13,227
PROD-38,2023-05-14,225
PROD-38,2023-05-15,202
PROD-38,2023-05-16,246
PROD-38,2023-05-17,228
PROD-38,2023-05-18,236
PROD-38,2023-05-19,177
PROD-38,2023-05-20,165
PROD-38,2023-05-21,213
PROD-38,2023-05-22,180
PROD-38,2023-05-23,174
PROD-38,2023-05-24,234
PROD-38,2023-05-25,222
PROD-38,2023-05-26,192
PROD-38,2023-05-27,168
PROD-38,2023-05-28,224
PROD-38,2023-05-29,168
PROD-38,2023-05-30,224
PROD-38,2023-05-31,192
PROD-38,2023-06-01,183
PROD-38,2023-06-02,202
PROD-38,2023-06-03,165
PROD-38,2023-06-04,177
PROD-38,2023-06-05,214
PROD-38,2023-06-06,212
PROD-38,2023-06-07,178
PROD-38,2023-06-08,211
PROD-38,2023-06-09,147
PROD-38,2023-06-10,153
PROD-38,2023-06-11,196
PROD-38,2023-06-12,157
PROD-38,2023-06-13,205
PROD-38,2023-06-14,203
PROD-38,2023-06-15,154
PROD-38,2023-06-16,155
PROD-38,2023-06-17,200
PROD-38,2023-06-18,191
PROD-38,2023-06-19,181
PROD-38,2023-06-20,148
PROD-38,2023-06-21,211
PROD-38,2023-06-22,148
PROD-38,2023-06-23,209
PROD-38,2023-06-24,161
PROD-38,2023-06-25,201
PROD-38,2023-06-26,209
PROD-38,2023-06-27,167
PROD-38,2023-06-28,194
PROD-38,2023-06-29,146
PROD-38,2023-06-30,159
PROD-38,2023-07-01,176
PROD-38,2023-07-02,136
PROD-38,2023-07-03,126
PROD-38,2023-07-04,164
PROD-38,2023-07-05,154
PROD-38,2023-07-06,127
PROD-38,2023-07-07,148
PROD-38,2023-07-08,137
PROD-38,2023-07-09,156
PROD-38,2023-07-10,136
PROD-38,2023-07-11,130
PROD-38,2023-07-12,175
PROD-38,2023-07-13,170
PROD-38,2023-07-14,138
PROD-38,2023-07-15,132
PROD-38,2023-07-16,131
PROD-38,2023-07-17,128
PROD-38,2023-07-18,137
PROD-38,2023-07-19,161
PROD-38,2023-07-20,177
PROD-38,2023-07-21,160
PROD-38,2023-07-22,152
PROD-38,2023-07-23,142
PROD-38,2023-07-24,126
PROD-38,2023-07-25,143
PROD-38,2023-07-26,123
PROD-38,2023-07-27,122
PROD-38,2023-07-28,161
PROD-38,2023-07-29,122
PROD-38,2023-07-30,122
PROD-38,2023-07-31,146
PROD-38,2023-08-01,143
PROD-38,2023-08-02,108
PROD-38,2023-08-03,156
PROD-38,2023-08-04,110
PROD-38,2023-08-05,149
PROD-38,2023-08-06,107
PROD-38,2023-08-07,122
PROD-38,2023-08-08,137
PROD-38,2023-08-09,132
PROD-38,2023-08-10,144
PROD-38,2023-08-11,134
PROD-38,2023-08-12,123
PROD-38,2023-08-13,131
PROD-38,2023-08-14,125
PROD-38,2023-08-15,128
PROD-38,2023-08-16,147
PROD-38,2023-08-17,143
PROD-38,2023-08-18,141
PROD-38,2023-08-19,134
PROD-38,2023-08-20,152
PROD-38,2023-08-21,136
PROD-38,2023-08-22,115
PROD-38,2023-08-23,122
PROD-38,2023-08-24,128
PROD-38,2023-08-25,119
PROD-38,2023-08-26,115
PROD-38,2023-08-27,158
PROD-38,2023-08-28,132
PROD-38,2023-08-29,130
PROD-38,2023-08-30,145
PROD-38,2023-08-31,120
PROD-38,2023-09-01,115
PROD-38,2023-09-02,142
PROD-38,2023-09-03,141
PROD-38,2023-09-04,137
PROD-38,2023-09-05,149
PROD-38,2023-09-06,113
PROD-38,2023-09-07,117
PROD-38,2023-09-08,121
PROD-38,2023-09-09,150
PROD-38,2023-09-10,118
PROD-38,2023-09-11,121
PROD-38,2023-09-12,141
PROD-38,2023-09-13,117
PROD-38,2023-09-14,102
PROD-38,2023-09-15,146
PROD-38,2023-09-16,142
PROD-38,2023-09-17,131
PROD-38,2023-09-18,125
PROD-38,2023-09-19,135
PROD-38,2023-09-20,132
PROD-38,2023-09-21,113
PROD-38,2023-09-22,119
PROD-38,2023-09-23,134
PROD-38,2023-09-24,101
PROD-38,2023-09-25,117
PROD-38,2023-09-26,134
PROD-38,2023-09-27,107
PROD-38,2023-09-28,139
PROD-38,2023-09-29,112
PROD-38,2023-09-30,140
PROD-38,2023-10-01,154
PROD-38,2023-10-02,134
PROD-38,2023-10-03,125
PROD-38,2023-10-04,135
PROD-38,2023-10-05,124
PROD-38,2023-10-06,121
PROD-38,2023-10-07,126
PROD-38,2023-10-08,129
PROD-38,2023-10-09,106
PROD-38,2023-10-10,122
PROD-38,2023-10-11,145
PROD-38,2023-10-12,134
PROD-38,2023-10-13,136
PROD-38,2023-10-14,147
PROD-38,2023-10-15,141
PROD-38,2023-10-16,107
PROD-38,2023-10-17,134
PROD-38,2023-10-18,108
PROD-38,2023-10-19,124
PROD-38,2023-10-20,116
PROD-38,2023-10-21,155
PROD-38,2023-10-22,151
PROD-38,2023-10-23,115
PROD-38,2023-10-24,112
PROD-38,2023-10-25,145
PROD-38,2023-10-26,115
PROD-38,2023-10-27,129
PROD-38,2023-10-28,116
PROD-38,2023-10-29,157
PROD-38,2023-10-30,150
PROD-38,2023-10-31,113
PROD-38,2023-11-01,169
PROD-38,2023-11-02,147
PROD-38,2023-11-03,181
PROD-38,2023-11-04,133
PROD-38,2023-11-05,179
PROD-38,2023-11-06,155
PROD-38,2023-11-07,166
PROD-38,2023-11-08,126
PROD-38,2023-11-09,129
PROD-38,2023-11-10,145
PROD-38,2023-11-11,159
PROD-38,2023-11-12,175
PROD-38,2023-11-13,142
PROD-38,2023-11-14,179
PROD-38,2023-11-15,161
PROD-38,2023-11-16,166
PROD-38,2023-11-17,132
PROD-38,2023-11-18,167
PROD-38,2023-11-19,156
PROD-38,2023-11-20,180
PROD-38,2023-11-21,139
PROD-38,2023-11-22,164
PROD-38,2023-11-23,178
PROD-38,2023-11-24,139
PROD-38,2023-11-25,151
PROD-38,2023-11-26,134
PROD-38,2023-11-27,158
PROD-38,2023-11-28,166
PROD-38,2023-11-29,157
PROD-38,2023-11-30,143
PROD-38,2023-12-01,155
PROD-38,2023-12-02,196
PROD-38,2023-12-03,188
PROD-38,2023-12-04,204
PROD-38,2023-12-05,177
PROD-38,2023-12-06,170
PROD-38,2023-12-07,145
PROD-38,2023-12-08,204
PROD-38,2023-12-09,148
PROD-38,2023-12-10,154
PROD-38,2023-12-11,169
PROD-38,2023-12-12,200
PROD-38,2023-12-13,203
PROD-38,2023-12-14,214
PROD-38,2023-12-15,163
PROD-38,2023-12-16,168
PROD-38,2023-12-17,183
PROD-38,2023-12-18,160
PROD-38,2023-12-19,199
PROD-38,2023-12-20,201
PROD-38,2023-12-21,193
PROD-38,2023-12-22,213
PROD-38,2023-12-23,191
PROD-38,2023-12-24,179
PROD-38,2023-12-25,157
PROD-38,2023-12-26,169
PROD-38,2023-12-27,182
PROD-38,2023-12-28,207
PROD-38,2023-12-29,185
PROD-38,2023-12-30,172
PROD-38,2023-12-31,170
PROD-38,2024-01-01,181
PROD-39,2023-01-01,206
PROD-39,2023-01-02,170
PROD-39,2023-01-03,199
PROD-39,2023-01-04,175
PROD-39,2023-01-05,167
PROD-39,2023-01-06,151
PROD-39,2023-01-07,159
PROD-39,2023-01-08,151
PROD-39,2023-01-09,168
PROD-39,2023-01-10,206
PROD-39,2023-01-11,144
PROD-39,2023-01-12,173
PROD-39,2023-01-13,208
PROD-39,2023-01-14,168
PROD-39,2023-01-15,211
PROD-39,2023-01-16,145
PROD-39,2023-01-17,212
PROD-39,2023-01-18,201
PROD-39,2023-01-19,165
PROD-39,2023-01-20,182
PROD-39,2023-01-21,149
PROD-39,2023-01-22,199
PROD-39,2023-01-23,174
PROD-39,2023-01-24,157
PROD-39,2023-01-25,155
PROD-39,2023-01-26,161
PROD-39,2023-01-27,202
PROD-39,2023-01-28,162
PROD-39,2023-01-29,180
PROD-39,2023-01-30,144
PROD-39,2023-01-31,146
PROD-39,2023-02-01,200
PROD-39,2023-02-02,218
PROD-39,2023-02-03,160
PROD-39,2023-02-04,183
PROD-39,2023-02-05,229
PROD-39,2023-02-06,195
PROD-39,2023-02-07,194
PROD-39,2023-02-08,187
PROD-39,2023-02-09,215
PROD-39,2023-02-10,163
PROD-39,2023-02-11,211
PROD-39,2023-02-12,198
PROD-39,2023-02-13,220
PROD-39,2023-02-14,196
PROD-39,2023-02-15,203
PROD-39,2023-02-16,206
PROD-39,2023-02-17,212
PROD-39,2023-02-18,228
PROD-39,2023-02-19,191
PROD-39,2023-02-20,209
PROD-39,2023-02-21,193
PROD-39,2023-02-22,203
PROD-39,2023-02-23,199
PROD-39,2023-02-24,160
PROD-39,2023-02-25,218
PROD-39,2023-02-26,161
PROD-39,2023-02-27,216
PROD-39,2023-02-28,215
PROD-39,2023-03-01,229
PROD-39,2023-03-02,229
PROD-39,2023-03-03,207
PROD-39,2023-03-04,175
PROD-39,2023-03-05,211
PROD-39,2023-03-06,164
PROD-39,2023-03-07,166
PROD-39,2023-03-08,201
PROD-39,2023-03-09,176
PROD-39,2023-03-10,231
PROD-39,2023-03-11,195
PROD-39,2023-03-12,182
PROD-39,2023-03-13,195
PROD-39,2023-03-14,201
PROD-39,2023-03-15,235
PROD-39,2023-03-16,188
PROD-39,2023-03-17,193
PROD-39,2023-03-18,220
PROD-39,2023-03-19,206
PROD-39,2023-03-20,176
PROD-39,2023-03-21,225
PROD-39,2023-03-22,230
PROD-39,2023-03-23,198
PROD-39,2023-03-24,220
PROD-39,2023-03-25,161
PROD-39,2023-03-26,212
PROD-39,2023-03-27,200
PROD-39,2023-03-28,236
PROD-39,2023-03-29,216
PROD-39,2023-03-30,186
PROD-39,2023-03-31,221
PROD-39,2023-04-01,190
PROD-39,2023-04-02,200
PROD-39,2023-04-03,156
PROD-39,2023-04-04,225
PROD-39,2023-04-05,205
PROD-39,2023-04-06,175
PROD-39,2023-04-07,169
PROD-39,2023-04-08,200
PROD-39,2023-04-09,216
PROD-39,2023-04-10,165
PROD-39,2023-04-11,174
PROD-39,2023-04-12,212
PROD-39,2023-04-13,165
PROD-39,2023-04-14,207
PROD-39,2023-04-15,198
PROD-39,2023-04-16,168
PROD-39,2023-04-17,177
PROD-39,2023-04-18,213
PROD-39,2023-04-19,159
PROD-39,2023-04-20,164
PROD-39,2023-04-21,213
PROD-39,2023-04-22,229
PROD-39,2023-04-23,204
PROD-39,2023-04-24,176
PROD-39,2023-04-25,182
PROD-39,2023-04-26,179
PROD-39,2023-04-27,170
PROD-39,2023-04-28,193
PROD-39,2023-04-29,228
PROD-39,2023-04-30,184
PROD-39,2023-05-01,154
PROD-39,2023-05-02,177
PROD-39,2023-05-03,204
PROD-39,2023-05-04,205
PROD-39,2023-05-05,203
PROD-39,2023-05-06,151
PROD-39,2023-05-07,172
PROD-39,2023-05-08,203
PROD-39,2023-05-09,191
PROD-39,2023-05-10,184
PROD-39,2023-05-11,190
PROD-39,2023-05-12,143
PROD-39,2023-05-13,197
PROD-39,2023-05-14,150
PROD-39,2023-05-15,190
PROD-39,2023-05-16,143
PROD-39,2023-05-17,203
PROD-39,2023-05-18,175
PROD-39,2023-05-19,210
PROD-39,2023-05-20,160
PROD-39,2023-05-21,201
PROD-39,2023-05-22,199
PROD-39,2023-05-23,159
PROD-39,2023-05-24,184
PROD-39,2023-05-25,186
PROD-39,2023-05-26,193
PROD-39,2023-05-27,206
PROD-39,2023-05-28,213
PROD-39,2023-05-29,186
PROD-39,2023-05-30,165
PROD-39,2023-05-31,176
PROD-39,2023-06-01,164
PROD-39,2023-06-02,171
PROD-39,2023-06-03,137
PROD-39,2023-06-04,135
PROD-39,2023-06-05,124
PROD-39,2023-06-06,179
PROD-39,2023-06-07,138
PROD-39,2023-06-08,136
PROD-39,2023-06-09,146
PROD-39,2023-06-10,128
PROD-39,2023-06-11,144
PROD-39,2023-06-12,132
PROD-39,2023-06-13,185
PROD-39,2023-06-14,177
PROD-39,2023-06-15,177
PROD-39,2023-06-16,163
PROD-39,2023-06-17,134
PROD-39,2023-06-18,144
PROD-39,2023-06-19,155
PROD-39,2023-06-20,179
PROD-39,2023-06-21,141
PROD-39,2023-06-22,165
PROD-39,2023-06-23,165
PROD-39,2023-06-24,138
PROD-39,2023-06-25,170
PROD-39,2023-06-26,182
PROD-39,2023-06-27,173
PROD-39,2023-06-28,160
PROD-39,2023-06-29,124
PROD-39,2023-06-30,153
PROD-39,2023-07-01,153
PROD-39,2023-07-02,112
PROD-39,2023-07-03,125
PROD-39,2023-07-04,147
PROD-39,2023-07-05,139
PROD-39,2023-07-06,149
PROD-39,2023-07-07,138
PROD-39,2023-07-08,129
PROD-39,2023-07-09,128
PROD-39,2023-07-10,147
PROD-39,2023-07-11,151
PROD-39,2023-07-12,139
PROD-39,2023-07-13,119
PROD-39,2023-07-14,107
PROD-39,2023-07-15,152
PROD-39,2023-07-16,130
PROD-39,2023-07-17,127
PROD-39,2023-07-18,119
PROD-39,2023-07-19,143
PROD-39,2023-07-20,126
PROD-39,2023-07-21,151
PROD-39,2023-07-22,125
PROD-39,2023-07-23,109
PROD-39,2023-07-24,111
PROD-39,2023-07-25,127
PROD-39,2023-07-26,156
PROD-39,2023-07-27,108
PROD-39,2023-07-28,123
PROD-39,2023-07-29,111
PROD-39,2023-07-30,136
PROD-39,2023-07-31,140
PROD-39,2023-08-01,131
PROD-39,2023-08-02,118
PROD-39,2023-08-03,114
PROD-39,2023-08-04,114
PROD-39,2023-08-05,100
PROD-39,2023-08-06,110
PROD-39,2023-08-07,135
PROD-39,2023-08-08,99
PROD-39,2023-08-09,116
PROD-39,2023-08-10,124
PROD-39,2023-08-11,101
PROD-39,2023-08-12,123
PROD-39,2023-08-13,129
PROD-39,2023-08-14,130
PROD-39,2023-08-15,97
PROD-39,2023-08-16,104
PROD-39,2023-08-17,98
PROD-39,2023-08-18,99
PROD-39,2023-08-19,120
PROD-39,2023-08-20,120
PROD-39,2023-08-21,97
PROD-39,2023-08-22,97
PROD-39,2023-08-23,100
PROD-39,2023-08-24,101
PROD-39,2023-08-25,107
PROD-39,2023-08-26,110
PROD-39,2023-08-27,107
PROD-39,2023-08-28,105
PROD-39,2023-08-29,108
PROD-39,2023-08-30,113
PROD-39,2023-08-31,118
PROD-39,2023-09-01,100
PROD-39,2023-09-02,113
PROD-39,2023-09-03,90
PROD-39,2023-09-04,86
PROD-39,2023-09-05,90
PROD-39,2023-09-06,113
PROD-39,2023-09-07,105
PROD-39,2023-09-08,124
PROD-39,2023-09-09,127
PROD-39,2023-09-10,128
PROD-39,2023-09-11,129
PROD-39,2023-09-12,113
PROD-39,2023-09-13,120
PROD-39,2023-09-14,96
PROD-39,2023-09-15,103
PROD-39,2023-09-16,129
PROD-39,2023-09-17,107
PROD-39,2023-09-18,110
PROD-39,2023-09-19,117
PROD-39,2023-09-20,90
PROD-39,2023-09-21,111
PROD-39,2023-09-22,104
PROD-39,2023-09-23,96
PROD-39,2023-09-24,86
PROD-39,2023-09-25,107
PROD-39,2023-09-26,124
PROD-39,2023-09-27,122
PROD-39,2023-09-28,111
PROD-39,2023-09-29,91
PROD-39,2023-09-30,119
PROD-39,2023-10-01,106
PROD-39,2023-10-02,111
PROD-39,2023-10-03,113
PROD-39,2023-10-04,101
PROD-39,2023-10-05,105
PROD-39,2023-10-06,100
PROD-39,2023-10-07,111
PROD-39,2023-10-08,106
PROD-39,2023-10-09,134
PROD-39,2023-10-10,137
PROD-39,2023-10-11,129
PROD-39,2023-10-12,118
PROD-39,2023-10-13,93
PROD-39,2023-10-14,136
PROD-39,2023-10-15,108
PROD-39,2023-10-16,130
PROD-39,2023-10-17,104
PROD-39,2023-10-18,106
PROD-39,2023-10-19,96
PROD-39,2023-10-20,98
PROD-39,2023-10-21,101
PROD-39,2023-10-22,98
PROD-39,2023-10-23,120
PROD-39,2023-10-24,126
PROD-39,2023-10-25,130
PROD-39,2023-10-26,98
PROD-39,2023-10-27,133
PROD-39,2023-10-28,109
PROD-39,2023-10-29,98
PROD-39,2023-10-30,118
PROD-39,2023-10-31,137
PROD-39,2023-11-01,147
PROD-39,2023-11-02,109
PROD-39,2023-11-03,136
PROD-39,2023-11-04,154
PROD-39,2023-11-05,126
PROD-39,2023-11-06,106
PROD-39,2023-11-07,111
PROD-39,2023-11-08,148
PROD-39,2023-11-09,140
PROD-39,2023-11-10,149
PROD-39,2023-11-11,124
PROD-39,2023-11-12,156
PROD-39,2023-11-13,131
PROD-39,2023-11-14,141
PROD-39,2023-11-15,126
PROD-39,2023-11-16,124
PROD-39,2023-11-17,136
PROD-39,2023-11-18,126
PROD-39,2023-11-19,133
PROD-39,2023-11-20,112
PROD-39,2023-11-21,150
PROD-39,2023-11-22,122
PROD-39,2023-11-23,121
PROD-39,2023-11-24,141
PROD-39,2023-11-25,138
PROD-39,2023-11-26,141
PROD-39,2023-11-27,112
PROD-39,2023-11-28,122
PROD-39,2023-11-29,152
PROD-39,2023-11-30,119
PROD-39,2023-12-01,140
PROD-39,2023-12-02,171
PROD-39,2023-12-03,181
PROD-39,2023-12-04,125
PROD-39,2023-12-05,124
PROD-39,2023-12-06,157
PROD-39,2023-12-07,133
PROD-39,2023-12-08,178
PROD-39,2023-12-09,162
PROD-39,2023-12-10,171
PROD-39,2023-12-11,153
PROD-39,2023-12-12,161
PROD-39,2023-12-13,139
PROD-39,2023-12-14,168
PROD-39,2023-12-15,132
PROD-39,2023-12-16,164
PROD-39,2023-12-17,130
PROD-39,2023-12-18,144
PROD-39,2023-12-19,153
PROD-39,2023-12-20,133
PROD-39,2023-12-21,170
PROD-39,2023-12-22,156
PROD-39,2023-12-23,161
PROD-39,2023-12-24,162
PROD-39,2023-12-25,184
PROD-39,2023-12-26,157
PROD-39,2023-12-27,152
PROD-39,2023-12-28,128
PROD-39,2023-12-29,150
PROD-39,2023-12-30,159
PROD-39,2023-12-31,165
PROD-39,2024-01-01,183
PROD-40,2023-01-01,222
PROD-40,2023-01-02,208
PROD-40,2023-01-03,161
PROD-40,2023-01-04,206
PROD-40,2023-01-05,161
PROD-40,2023-01-06,162
PROD-40,2023-01-07,221
PROD-40,2023-01-08,225
PROD-40,2023-01-09,200
PROD-40,2023-01-10,208
PROD-40,2023-01-11,221
PROD-40,2023-01-12,163
PROD-40,2023-01-13,201
PROD-40,2023-01-14,152
PROD-40,2023-01-15,155
PROD-40,2023-01-16,160
PROD-40,2023-01-17,202
PROD-40,2023-01-18,155
PROD-40,2023-01-19,204
PROD-40,2023-01-20,209
PROD-40,2023-01-21,196
PROD-40,2023-01-22,203
PROD-40,2023-01-23,203
PROD-40,2023-01-24,157
PROD-40,2023-01-25,193
PROD-40,2023-01-26,181
PROD-40,2023-01-27,161
PROD-40,2023-01-28,191
PROD-40,2023-01-29,210
PROD-40,2023-01-30,211
PROD-40,2023-01-31,175
PROD-40,2023-02-01,220
PROD-40,2023-02-02,215
PROD-40,2023-02-03,243
PROD-40,2023-02-04,243
PROD-40,2023-02-05,214
PROD-40,2023-02-06,238
PROD-40,2023-02-07,226
PROD-40,2023-02-08,210
PROD-40,2023-02-09,191
PROD-40,2023-02-10,248
PROD-40,2023-02-11,216
PROD-40,2023-02-12,215
PROD-40,2023-02-13,182
PROD-40,2023-02-14,209
PROD-40,2023-02-15,173
PROD-40,2023-02-16,208
PROD-40,2023-02-17,187
PROD-40,2023-02-18,220
PROD-40,2023-02-19,231
PROD-40,2023-02-20,245
PROD-40,2023-02-21,177
PROD-40,2023-02-22,173
PROD-40,2023-02-23,228
PROD-40,2023-02-24,190
PROD-40,2023-02-25,197
PROD-40,2023-02-26,240
PROD-40,2023-02-27,171
PROD-40,2023-02-28,227
PROD-40,2023-03-01,185
PROD-40,2023-03-02,189
PROD-40,2023-03-03,239
PROD-40,2023-03-04,173
PROD-40,2023-03-05,191
PROD-40,2023-03-06,202
PROD-40,2023-03-07,192
PROD-40,2023-03-08,210
PROD-40,2023-03-09,197
PROD-40,2023-03-10,252
PROD-40,2023-03-11,203
PROD-40,2023-03-12,172
PROD-40,2023-03-13,257
PROD-40,2023-03-14,205
PROD-40,2023-03-15,181
PROD-40,2023-03-16,206
PROD-40,2023-03-17,241
PROD-40,2023-03-18,220
PROD-40,2023-03-19,186
PROD-40,2023-03-20,241
PROD-40,2023-03-21,242
PROD-40,2023-03-22,207
PROD-40,2023-03-23,181
PROD-40,2023-03-24,185
PROD-40,2023-03-25,171
PROD-40,2023-03-26,208
PROD-40,2023-03-27,206
PROD-40,2023-03-28,195
PROD-40,2023-03-29,227
PROD-40,2023-03-30,221
PROD-40,2023-03-31,202
PROD-40,2023-04-01,171
PROD-40,2023-04-02,244
PROD-40,2023-04-03,180
PROD-40,2023-04-04,219
PROD-40,2023-04-05,229
PROD-40,2023-04-06,189
PROD-40,2023-04-07,178
PROD-40,2023-04-08,221
PROD-40,2023-04-09,174
PROD-40,2023-04-10,226
PROD-40,2023-04-11,224
PROD-40,2023-04-12,195
PROD-40,2023-04-13,173
PROD-40,2023-04-14,180
PROD-40,2023-04-15,190
PROD-40,2023-04-16,171
PROD-40,2023-04-17,249
PROD-40,2023-04-18,190
PROD-40,2023-04-19,225
PROD-40,2023-04-20,171
PROD-40,2023-04-21,213
PROD-40,2023-04-22,222
PROD-40,2023-04-23,180
PROD-40,2023-04-24,191
PROD-40,2023-04-25,168
PROD-40,2023-04-26,193
PROD-40,2023-04-27,212
PROD-40,2023-04-28,197
PROD-40,2023-04-29,190
PROD-40,2023-04-30,197
PROD-40,2023-05-01,215
PROD-40,2023-05-02,164
PROD-40,2023-05-03,204
PROD-40,2023-05-04,217
PROD-40,2023-05-05,218
PROD-40,2023-05-06,210
PROD-40,2023-05-07,223
PROD-40,2023-05-08,154
PROD-40,2023-05-09,153
PROD-40,2023-05-10,176
PROD-40,2023-05-11,174
PROD-40,2023-05-12,223
PROD-40,2023-05-13,226
PROD-40,2023-05-14,155
PROD-40,2023-05-15,188
PROD-40,2023-05-16,195
PROD-40,2023-05-17,199
PROD-40,2023-05-18,197
PROD-40,2023-05-19,155
PROD-40,2023-05-20,154
PROD-40,2023-05-21,155
PROD-40,2023-05-22,158
PROD-40,2023-05-23,217
PROD-40,2023-05-24,168
PROD-40,2023-05-25,206
PROD-40,2023-05-26,190
PROD-40,2023-05-27,166
PROD-40,2023-05-28,159
PROD-40,2023-05-29,204
PROD-40,2023-05-30,153
PROD-40,2023-05-31,200
PROD-40,2023-06-01,177
PROD-40,2023-06-02,141
PROD-40,2023-06-03,149
PROD-40,2023-06-04,182
PROD-40,2023-06-05,169
PROD-40,2023-06-06,183
PROD-40,2023-06-07,189
PROD-40,2023-06-08,163
PROD-40,2023-06-09,158
PROD-40,2023-06-10,138
PROD-40,2023-06-11,160
PROD-40,2023-06-12,167
PROD-40,2023-06-13,155
PROD-40,2023-06-14,194
PROD-40,2023-06-15,143
PROD-40,2023-06-16,188
PROD-40,2023-06-17,192
PROD-40,2023-06-18,188
PROD-40,2023-06-19,186
PROD-40,2023-06-20,161
PROD-40,2023-06-21,156
PROD-40,2023-06-22,186
PROD-40,2023-06-23,140
PROD-40,2023-06-24,149
PROD-40,2023-06-25,165
PROD-40,2023-06-26,187
PROD-40,2023-06-27,139
PROD-40,2023-06-28,137
PROD-40,2023-06-29,160
PROD-40,2023-06-30,154
PROD-40,2023-07-01,150
PROD-40,2023-07-02,114
PROD-40,2023-07-03,143
PROD-40,2023-07-04,143
PROD-40,2023-07-05,165
PROD-40,2023-07-06,152
PROD-40,2023-07-07,150
PROD-40,2023-07-08,157
PROD-40,2023-07-09,152
PROD-40,2023-07-10,135
PROD-40,2023-07-11,153
PROD-40,2023-07-12,161
PROD-40,2023-07-13,159
PROD-40,2023-07-14,157
PROD-40,2023-07-15,155
PROD-40,2023-07-16,152
PROD-40,2023-07-17,135
PROD-40,2023-07-18,147
PROD-40,2023-07-19,139
PROD-40,2023-07-20,131
PROD-40,2023-07-21,115
PROD-40,2023-07-22,122
PROD-40,2023-07-23,139
PROD-40,2023-07-24,165
PROD-40,2023-07-25,153
PROD-40,2023-07-26,167
PROD-40,2023-07-27,164
PROD-40,2023-07-28,114
PROD-40,2023-07-29,121
PROD-40,2023-07-30,116
PROD-40,2023-07-31,121
PROD-40,2023-08-01,118
PROD-40,2023-08-02,105
PROD-40,2023-08-03,114
PROD-40,2023-08-04,135
PROD-40,2023-08-05,131
PROD-40,2023-08-06,146
PROD-40,2023-08-07,127
PROD-40,2023-08-08,124
PROD-40,2023-08-09,142
PROD-40,2023-08-10,108
PROD-40,2023-08-11,137
PROD-40,2023-08-12,126
PROD-40,2023-08-13,108
PROD-40,2023-08-14,112
PROD-40,2023-08-15,105
PROD-40,2023-08-16,116
PROD-40,2023-08-17,143
PROD-40,2023-08-18,112
PROD-40,2023-08-19,133
PROD-40,2023-08-20,139
PROD-40,2023-08-21,127
PROD-40,2023-08-22,136
PROD-40,2023-08-23,108
PROD-40,2023-08-24,101
PROD-40,2023-08-25,102
PROD-40,2023-08-26,145
PROD-40,2023-08-27,107
PROD-40,2023-08-28,102
PROD-40,2023-08-29,99
PROD-40,2023-08-30,144
PROD-40,2023-08-31,122
PROD-40,2023-09-01,110
PROD-40,2023-09-02,118
PROD-40,2023-09-03,102
PROD-40,2023-09-04,121
PROD-40,2023-09-05,129
PROD-40,2023-09-06,110
PROD-40,2023-09-07,123
PROD-40,2023-09-08,124
PROD-40,2023-09-09,116
PROD-40,2023-09-10,112
PROD-40,2023-09-11,109
PROD-40,2023-09-12,109
PROD-40,2023-09-13,98
PROD-40,2023-09-14,111
PROD-40,2023-09-15,134
PROD-40,2023-09-16,127
PROD-40,2023-09-17,101
PROD-40,2023-09-18,93
PROD-40,2023-09-19,98
PROD-40,2023-09-20,126
PROD-40,2023-09-21,98
PROD-40,2023-09-22,105
PROD-40,2023-09-23,110
PROD-40,2023-09-24,135
PROD-40,2023-09-25,101
PROD-40,2023-09-26,137
PROD-40,2023-09-27,132
PROD-40,2023-09-28,105
PROD-40,2023-09-29,95
PROD-40,2023-09-30,134
PROD-40,2023-10-01,133
PROD-40,2023-10-02,98
PROD-40,2023-10-03,118
PROD-40,2023-10-04,141
PROD-40,2023-10-05,98
PROD-40,2023-10-06,145
PROD-40,2023-10-07,138
PROD-40,2023-10-08,112
PROD-40,2023-10-09,120
PROD-40,2023-10-10,134
PROD-40,2023-10-11,103
PROD-40,2023-10-12,121
PROD-40,2023-10-13,97
PROD-40,2023-10-14,106
PROD-40,2023-10-15,124
PROD-40,2023-10-16,126
PROD-40,2023-10-17,111
PROD-40,2023-10-18,140
PROD-40,2023-10-19,104
PROD-40,2023-10-20,118
PROD-40,2023-10-21,118
PROD-40,2023-10-22,114
PROD-40,2023-10-23,136
PROD-40,2023-10-24,109
PROD-40,2023-10-25,113
PROD-40,2023-10-26,117
PROD-40,2023-10-27,124
PROD-40,2023-10-28,111
PROD-40,2023-10-29,123
PROD-40,2023-10-30,128
PROD-40,2023-10-31,109
PROD-40,2023-11-01,163
PROD-40,2023-11-02,146
PROD-40,2023-11-03,162
PROD-40,2023-11-04,146
PROD-40,2023-11-05,143
PROD-40,2023-11-06,112
PROD-40,2023-11-07,138
PROD-40,2023-11-08,138
PROD-40,2023-11-09,121
PROD-40,2023-11-10,125
PROD-40,2023-11-11,115
PROD-40,2023-11-12,129
PROD-40,2023-11-13,156
PROD-40,2023-11-14,122
PROD-40,2023-11-15,155
PROD-40,2023-11-16,164
PROD-40,2023-11-17,141
PROD-40,2023-11-18,127
PROD-40,2023-11-19,152
PROD-40,2023-11-20,123
PROD-40,2023-11-21,131
PROD-40,2023-11-22,159
PROD-40,2023-11-23,153
PROD-40,2023-11-24,119
PROD-40,2023-11-25,141
PROD-40,2023-11-26,152
PROD-40,2023-11-27,140
PROD-40,2023-11-28,148
PROD-40,2023-11-29,130
PROD-40,2023-11-30,142
PROD-40,2023-12-01,144
PROD-40,2023-12-02,144
PROD-40,2023-12-03,153
PROD-40,2023-12-04,160
PROD-40,2023-12-05,150
PROD-40,2023-12-06,196
PROD-40,2023-12-07,178
PROD-40,2023-12-08,167
PROD-40,2023-12-09,196
PROD-40,2023-12-10,148
PROD-40,2023-12-11,171
PROD-40,2023-12-12,179
PROD-40,2023-12-13,164
PROD-40,2023-12-14,189
PROD-40,2023-12-15,142
PROD-40,2023-12-16,151
PROD-40,2023-12-17,184
PROD-40,2023-12-18,153
PROD-40,2023-12-19,154
PROD-40,2023-12-20,190
PROD-40,2023-12-21,159
PROD-40,2023-12-22,152
PROD-40,2023-12-23,136
PROD-40,2023-12-24,160
PROD-40,2023-12-25,136
PROD-40,2023-12-26,175
PROD-40,2023-12-27,149
PROD-40,2023-12-28,157
PROD-40,2023-12-29,183
PROD-40,2023-12-30,155
PROD-40,2023-12-31,158
PROD-40,2024-01-01,174
PROD-41,2023-01-01,88
PROD-41,2023-01-02,77
PROD-41,2023-01-03,79
PROD-41,2023-01-04,66
PROD-41,2023-01-05,88
PROD-41,2023-01-06,79
PROD-41,2023-01-07,89
PROD-41,2023-01-08,62
PROD-41,2023-01-09,79
PROD-41,2023-01-10,72
PROD-41,2023-01-11,86
PROD-41,2023-01-12,70
PROD-41,2023-01-13,65
PROD-41,2023-01-14,80
PROD-41,2023-01-15,66
PROD-41,2023-01-16,79
PROD-41,2023-01-17,63
PROD-41,2023-01-18,84
PROD-41,2023-01-19,83
PROD-41,2023-01-20,88
PROD-41,2023-01-21,89
PROD-41,2023-01-22,78
PROD-41,2023-01-23,71
PROD-41,2023-01-24,80
PROD-41,2023-01-25,85
PROD-41,2023-01-26,61
PROD-41,2023-01-27,69
PROD-41,2023-01-28,68
PROD-41,2023-01-29,63
PROD-41,2023-01-30,64
PROD-41,2023-01-31,60
PROD-41,2023-02-01,89
PROD-41,2023-02-02,78
PROD-41,2023-02-03,96
PROD-41,2023-02-04,77
PROD-41,2023-02-05,91
PROD-41,2023-02-06,92
PROD-41,2023-02-07,75
PROD-41,2023-02-08,72
PROD-41,2023-02-09,74
PROD-41,2023-02-10,71
PROD-41,2023-02-11,82
PROD-41,2023-02-12,78
PROD-41,2023-02-13,88
PROD-41,2023-02-14,87
PROD-41,2023-02-15,79
PROD-41,2023-02-16,69
PROD-41,2023-02-17,95
PROD-41,2023-02-18,79
PROD-41,2023-02-19,82
PROD-41,2023-02-20,68
PROD-41,2023-02-21,92
PROD-41,2023-02-22,97
PROD-41,2023-02-23,70
PROD-41,2023-02-24,78
PROD-41,2023-02-25,83
PROD-41,2023-02-26,68
PROD-41,2023-02-27,70
PROD-41,2023-02-28,87
PROD-41,2023-03-01,75
PROD-41,2023-03-02,81
PROD-41,2023-03-03,87
PROD-41,2023-03-04,90
PROD-41,2023-03-05,74
PROD-41,2023-03-06,90
PROD-41,2023-03-07,85
PROD-41,2023-03-08,80
PROD-41,2023-03-09,94
PROD-41,2023-03-10,78
PROD-41,2023-03-11,81
PROD-41,2023-03-12,77
PROD-41,2023-03-13,96
PROD-41,2023-03-14,86
PROD-41,2023-03-15,73
PROD-41,2023-03-16,93
PROD-41,2023-03-17,86
PROD-41,2023-03-18,100
PROD-41,2023-03-19,92
PROD-41,2023-03-20,85
PROD-41,2023-03-21,97
PROD-41,2023-03-22,80
PROD-41,2023-03-23,68
PROD-41,2023-03-24,81
PROD-41,2023-03-25,70
PROD-41,2023-03-26,84
PROD-41,2023-03-27,90
PROD-41,2023-03-28,93
PROD-41,2023-03-29,80
PROD-41,2023-03-30,94
PROD-41,2023-03-31,78
PROD-41,2023-04-01,92
PROD-41,2023-04-02,97
PROD-41,2023-04-03,92
PROD-41,2023-04-04,88
PROD-41,2023-04-05,71
PROD-41,2023-04-06,97
PROD-41,2023-04-07,86
PROD-41,2023-04-08,71
PROD-41,2023-04-09,87
PROD-41,2023-04-10,77
PROD-41,2023-04-11,76
PROD-41,2023-04-12,91
PROD-41,2023-04-13,76
PROD-41,2023-04-14,83
PROD-41,2023-04-15,88
PROD-41,2023-04-16,84
PROD-41,2023-04-17,87
PROD-41,2023-04-18,93
PROD-41,2023-04-19,85
PROD-41,2023-04-20,77
PROD-41,2023-04-21,87
PROD-41,2023-04-22,84
PROD-41,2023-04-23,73
PROD-41,2023-04-24,70
PROD-41,2023-04-25,99
PROD-41,2023-04-26,86
PROD-41,2023-04-27,97
PROD-41,2023-04-28,96
PROD-41,2023-04-29,70
PROD-41,2023-04-30,66
PROD-41,2023-05-01,66
PROD-41,2023-05-02,65
PROD-41,2023-05-03,80
PROD-41,2023-05-04,84
PROD-41,2023-05-05,80
PROD-41,2023-05-06,90
PROD-41,2023-05-07,90
PROD-41,2023-05-08,85
PROD-41,2023-05-09,79
PROD-41,2023-05-10,61
PROD-41,2023-05-11,86
PROD-41,2023-05-12,90
PROD-41,2023-05-13,85
PROD-41,2023-05-14,73
PROD-41,2023-05-15,88
PROD-41,2023-05-16,75
PROD-41,2023-05-17,80
PROD-41,2023-05-18,72
PROD-41,2023-05-19,65
PROD-41,2023-05-20,84
PROD-41,2023-05-21,88
PROD-41,2023-05-22,76
PROD-41,2023-05-23,61
PROD-41,2023-05-24,78
PROD-41,2023-05-25,87
PROD-41,2023-05-26,87
PROD-41,2023-05-27,63
PROD-41,2023-05-28,66
PROD-41,2023-05-29,84
PROD-41,2023-05-30,65
PROD-41,2023-05-31,71
PROD-41,2023-06-01,74
PROD-41,2023-06-02,76
PROD-41,2023-06-03,69
PROD-41,2023-06-04,70
PROD-41,2023-06-05,70
PROD-41,2023-06-06,75
PROD-41,2023-06-07,58
PROD-41,2023-06-08,57
PROD-41,2023-06-09,69
PROD-41,2023-06-10,68
PROD-41,2023-06-11,75
PROD-41,2023-06-12,59
PROD-41,2023-06-13,54
PROD-41,2023-06-14,66
PROD-41,2023-06-15,78
PROD-41,2023-06-16,62
PROD-41,2023-06-17,65
PROD-41,2023-06-18,68
PROD-41,2023-06-19,68
PROD-41,2023-06-20,71
PROD-41,2023-06-21,68
PROD-41,2023-06-22,56
PROD-41,2023-06-23,69
PROD-41,2023-06-24,77
PROD-41,2023-06-25,56
PROD-41,2023-06-26,62
PROD-41,2023-06-27,65
PROD-41,2023-06-28,58
PROD-41,2023-06-29,63
PROD-41,2023-06-30,55
PROD-41,2023-07-01,62
PROD-41,2023-07-02,66
PROD-41,2023-07-03,60
PROD-41,2023-07-04,65
PROD-41,2023-07-05,55
PROD-41,2023-07-06,50
PROD-41,2023-07-07,53
PROD-41,2023-07-08,53
PROD-41,2023-07-09,53
PROD-41,2023-07-10,50
PROD-41,2023-07-11,45
PROD-41,2023-07-12,46
PROD-41,2023-07-13,54
PROD-41,2023-07-14,45
PROD-41,2023-07-15,48
PROD-41,2023-07-16,46
PROD-41,2023-07-17,58
PROD-41,2023-07-18,51
PROD-41,2023-07-19,60
PROD-41,2023-07-20,48
PROD-41,2023-07-21,55
PROD-41,2023-07-22,61
PROD-41,2023-07-23,62
PROD-41,2023-07-24,59
PROD-41,2023-07-25,63
PROD-41,2023-07-26,52
PROD-41,2023-07-27,62
PROD-41,2023-07-28,48
PROD-41,2023-07-29,61
PROD-41,2023-07-30,55
PROD-41,2023-07-31,62
PROD-41,2023-08-01,41
PROD-41,2023-08-02,46
PROD-41,2023-08-03,55
PROD-41,2023-08-04,53
PROD-41,2023-08-05,54
PROD-41,2023-08-06,41
PROD-41,2023-08-07,45
PROD-41,2023-08-08,40
PROD-41,2023-08-09,39
PROD-41,2023-08-10,52
PROD-41,2023-08-11,51
PROD-41,2023-08-12,45
PROD-41,2023-08-13,52
PROD-41,2023-08-14,47
PROD-41,2023-08-15,47
PROD-41,2023-08-16,49
PROD-41,2023-08-17,40
PROD-41,2023-08-18,53
PROD-41,2023-08-19,44
PROD-41,2023-08-20,40
PROD-41,2023-08-21,46
PROD-41,2023-08-22,58
PROD-41,2023-08-23,47
PROD-41,2023-08-24,48
PROD-41,2023-08-25,55
PROD-41,2023-08-26,56
PROD-41,2023-08-27,40
PROD-41,2023-08-28,44
PROD-41,2023-08-29,47
PROD-41,2023-08-30,43
PROD-41,2023-08-31,45
PROD-41,2023-09-01,40
PROD-41,2023-09-02,39
PROD-41,2023-09-03,54
PROD-41,2023-09-04,42
PROD-41,2023-09-05,46
PROD-41,2023-09-06,52
PROD-41,2023-09-07,49
PROD-41,2023-09-08,50
PROD-41,2023-09-09,41
PROD-41,2023-09-10,43
PROD-41,2023-09-11,46
PROD-41,2023-09-12,38
PROD-41,2023-09-13,53
PROD-41,2023-09-14,43
PROD-41,2023-09-15,43
PROD-41,2023-09-16,47
PROD-41,2023-09-17,40
PROD-41,2023-09-18,42
PROD-41,2023-09-19,51
PROD-41,2023-09-20,50
PROD-41,2023-09-21,44
PROD-41,2023-09-22,45
PROD-41,2023-09-23,41
PROD-41,2023-09-24,40
PROD-41,2023-09-25,50
PROD-41,2023-09-26,48
PROD-41,2023-09-27,51
PROD-41,2023-09-28,55
PROD-41,2023-09-29,39
PROD-41,2023-09-30,44
PROD-41,2023-10-01,43
PROD-41,2023-10-02,43
PROD-41,2023-10-03,58
PROD-41,2023-10-04,54
PROD-41,2023-10-05,52
PROD-41,2023-10-06,56
PROD-41,2023-10-07,53
PROD-41,2023-10-08,41
PROD-41,2023-10-09,55
PROD-41,2023-10-10,41
PROD-41,2023-10-11,46
PROD-41,2023-10-12,54
PROD-41,2023-10-13,46
PROD-41,2023-10-14,43
PROD-41,2023-10-15,46
PROD-41,2023-10-16,54
PROD-41,2023-10-17,42
PROD-41,2023-10-18,43
PROD-41,2023-10-19,41
PROD-41,2023-10-20,56
PROD-41,2023-10-21,52
PROD-41,2023-10-22,50
PROD-41,2023-10-23,52
PROD-41,2023-10-24,49
PROD-41,2023-10-25,42
PROD-41,2023-10-26,41
PROD-41,2023-10-27,56
PROD-41,2023-10-28,47
PROD-41,2023-10-29,39
PROD-41,2023-10-30,40
PROD-41,2023-10-31,49
PROD-41,2023-11-01,62
PROD-41,2023-11-02,59
PROD-41,2023-11-03,55
PROD-41,2023-11-04,57
PROD-41,2023-11-05,64
PROD-41,2023-11-06,49
PROD-41,2023-11-07,45
PROD-41,2023-11-08,53
PROD-41,2023-11-09,54
PROD-41,2023-11-10,57
PROD-41,2023-11-11,51
PROD-41,2023-11-12,62
PROD-41,2023-11-13,62
PROD-41,2023-11-14,63
PROD-41,2023-11-15,62
PROD-41,2023-11-16,45
PROD-41,2023-11-17,53
PROD-41,2023-11-18,50
PROD-41,2023-11-19,59
PROD-41,2023-11-20,56
PROD-41,2023-11-21,62
PROD-41,2023-11-22,59
PROD-41,2023-11-23,62
PROD-41,2023-11-24,55
PROD-41,2023-11-25,66
PROD-41,2023-11-26,66
PROD-41,2023-11-27,45
PROD-41,2023-11-28,46
PROD-41,2023-11-29,63
PROD-41,2023-11-30,54
PROD-41,2023-12-01,70
PROD-41,2023-12-02,78
PROD-41,2023-12-03,60
PROD-41,2023-12-04,67
PROD-41,2023-12-05,57
PROD-41,2023-12-06,71
PROD-41,2023-12-07,66
PROD-41,2023-12-08,70
PROD-41,2023-12-09,66
PROD-41,2023-12-10,65
PROD-41,2023-12-11,53
PROD-41,2023-12-12,54
PROD-41,2023-12-13,55
PROD-41,2023-12-14,57
PROD-41,2023-12-15,67
PROD-41,2023-12-16,77
PROD-41,2023-12-17,60
PROD-41,2023-12-18,55
PROD-41,2023-12-19,57
PROD-41,2023-12-20,63
PROD-41,2023-12-21,76
PROD-41,2023-12-22,75
PROD-41,2023-12-23,68
PROD-41,2023-12-24,61
PROD-41,2023-12-25,54
PROD-41,2023-12-26,76
PROD-41,2023-12-27,58
PROD-41,2023-12-28,69
PROD-41,2023-12-29,63
PROD-41,2023-12-30,65
PROD-41,2023-12-31,72
PROD-41,2024-01-01,80
PROD-42,2023-01-01,75
PROD-42,2023-01-02,103
PROD-42,2023-01-03,105
PROD-42,2023-01-04,91
PROD-42,2023-01-05,76
PROD-42,2023-01-06,97
PROD-42,2023-01-07,83
PROD-42,2023-01-08,99
PROD-42,2023-01-09,94
PROD-42,2023-01-10,96
PROD-42,2023-01-11,101
PROD-42,2023-01-12,100
PROD-42,2023-01-13,91
PROD-42,2023-01-14,76
PROD-42,2023-01-15,91
PROD-42,2023-01-16,111
PROD-42,2023-01-17,103
PROD-42,2023-01-18,92
PROD-42,2023-01-19,80
PROD-42,2023-01-20,92
PROD-42,2023-01-21,93
PROD-42,2023-01-22,91
PROD-42,2023-01-23,111
PROD-42,2023-01-24,101
PROD-42,2023-01-25,98
PROD-42,2023-01-26,81
PROD-42,2023-01-27,102
PROD-42,2023-01-28,106
PROD-42,2023-01-29,106
PROD-42,2023-01-30,87
PROD-42,2023-01-31,79
PROD-42,2023-02-01,97
PROD-42,2023-02-02,114
PROD-42,2023-02-03,117
PROD-42,2023-02-04,101
PROD-42,2023-02-05,117
PROD-42,2023-02-06,102
PROD-42,2023-02-07,85
PROD-42,2023-02-08,105
PROD-42,2023-02-09,108
PROD-42,2023-02-10,109
PROD-42,2023-02-11,117
PROD-42,2023-02-12,120
PROD-42,2023-02-13,84
PROD-42,2023-02-14,93
PROD-42,2023-02-15,97
PROD-42,2023-02-16,87
PROD-42,2023-02-17,87
PROD-42,2023-02-18,110
PROD-42,2023-02-19,93
PROD-42,2023-02-20,115
PROD-42,2023-02-21,103
PROD-42,2023-02-22,96
PROD-42,2023-02-23,95
PROD-42,2023-02-24,121
PROD-42,2023-02-25,122
PROD-42,2023-02-26,118
PROD-42,2023-02-27,116
PROD-42,2023-02-28,95
PROD-42,2023-03-01,90
PROD-42,2023-03-02,124
PROD-42,2023-03-03,91
PROD-42,2023-03-04,100
PROD-42,2023-03-05,121
PROD-42,2023-03-06,114
PROD-42,2023-03-07,118
PROD-42,2023-03-08,124
PROD-42,2023-03-09,112
PROD-42,2023-03-10,87
PROD-42,2023-03-11,90
PROD-42,2023-03-12,98
PROD-42,2023-03-13,97
PROD-42,2023-03-14,102
PROD-42,2023-03-15,121
PROD-42,2023-03-16,86
PROD-42,2023-03-17,116
PROD-42,2023-03-18,102
PROD-42,2023-03-19,103
PROD-42,2023-03-20,101
PROD-42,2023-03-21,124
PROD-42,2023-03-22,95
PROD-42,2023-03-23,104
PROD-42,2023-03-24,123
PROD-42,2023-03-25,106
PROD-42,2023-03-26,98
PROD-42,2023-03-27,99
PROD-42,2023-03-28,122
PROD-42,2023-03-29,119
PROD-42,2023-03-30,112
PROD-42,2023-03-31,111
PROD-42,2023-04-01,85
PROD-42,2023-04-02,114
PROD-42,2023-04-03,84
PROD-42,2023-04-04,98
PROD-42,2023-04-05,119
PROD-42,2023-04-06,100
PROD-42,2023-04-07,90
PROD-42,2023-04-08,117
PROD-42,2023-04-09,116
PROD-42,2023-04-10,116
PROD-42,2023-04-11,94
PROD-42,2023-04-12,107
PROD-42,2023-04-13,112
PROD-42,2023-04-14,94
PROD-42,2023-04-15,89
PROD-42,2023-04-16,122
PROD-42,2023-04-17,117
PROD-42,2023-04-18,89
PROD-42,2023-04-19,116
PROD-42,2023-04-20,118
PROD-42,2023-04-21,112
PROD-42,2023-04-22,108
PROD-42,2023-04-23,123
PROD-42,2023-04-24,113
PROD-42,2023-04-25,95
PROD-42,2023-04-26,117
PROD-42,2023-04-27,116
PROD-42,2023-04-28,121
PROD-42,2023-04-29,100
PROD-42,2023-04-30,95
PROD-42,2023-05-01,110
PROD-42,2023-05-02,88
PROD-42,2023-05-03,110
PROD-42,2023-05-04,112
PROD-42,2023-05-05,105
PROD-42,2023-05-06,88
PROD-42,2023-05-07,90
PROD-42,2023-05-08,75
PROD-42,2023-05-09,93
PROD-42,2023-05-10,84
PROD-42,2023-05-11,82
PROD-42,2023-05-12,105
PROD-42,2023-05-13,100
PROD-42,2023-05-14,107
PROD-42,2023-05-15,78
PROD-42,2023-05-16,97
PROD-42,2023-05-17,81
PROD-42,2023-05-18,79
PROD-42,2023-05-19,91
PROD-42,2023-05-20,96
PROD-42,2023-05-21,100
PROD-42,2023-05-22,106
PROD-42,2023-05-23,95
PROD-42,2023-05-24,88
PROD-42,2023-05-25,81
PROD-42,2023-05-26,96
PROD-42,2023-05-27,97
PROD-42,2023-05-28,95
PROD-42,2023-05-29,102
PROD-42,2023-05-30,106
PROD-42,2023-05-31,83
PROD-42,2023-06-01,96
PROD-42,2023-06-02,98
PROD-42,2023-06-03,94
PROD-42,2023-06-04,74
PROD-42,2023-06-05,70
PROD-42,2023-06-06,72
PROD-42,2023-06-07,78
PROD-42,2023-06-08,70
PROD-42,2023-06-09,82
PROD-42,2023-06-10,97
PROD-42,2023-06-11,86
PROD-42,2023-06-12,96
PROD-42,2023-06-13,65
PROD-42,2023-06-14,76
PROD-42,2023-06-15,66
PROD-42,2023-06-16,68
PROD-42,2023-06-17,72
PROD-42,2023-06-18,91
PROD-42,2023-06-19,81
PROD-42,2023-06-20,87
PROD-42,2023-06-21,81
PROD-42,2023-06-22,93
PROD-42,2023-06-23,74
PROD-42,2023-06-24,96
PROD-42,2023-06-25,79
PROD-42,2023-06-26,71
PROD-42,2023-06-27,84
PROD-42,2023-06-28,89
PROD-42,2023-06-29,89
PROD-42,2023-06-30,87
PROD-42,2023-07-01,73
PROD-42,2023-07-02,58
PROD-42,2023-07-03,61
PROD-42,2023-07-04,75
PROD-42,2023-07-05,81
PROD-42,2023-07-06,76
PROD-42,2023-07-07,60
PROD-42,2023-07-08,61
PROD-42,2023-07-09,66
PROD-42,2023-07-10,64
PROD-42,2023-07-11,79
PROD-42,2023-07-12,58
PROD-42,2023-07-13,61
PROD-42,2023-07-14,57
PROD-42,2023-07-15,81
PROD-42,2023-07-16,76
PROD-42,2023-07-17,69
PROD-42,2023-07-18,80
PROD-42,2023-07-19,68
PROD-42,2023-07-20,60
PROD-42,2023-07-21,74
PROD-42,2023-07-22,69
PROD-42,2023-07-23,67
PROD-42,2023-07-24,81
PROD-42,2023-07-25,58
PROD-42,2023-07-26,76
PROD-42,2023-07-27,66
PROD-42,2023-07-28,56
PROD-42,2023-07-29,75
PROD-42,2023-07-30,80
PROD-42,2023-07-31,74
PROD-42,2023-08-01,72
PROD-42,2023-08-02,65
PROD-42,2023-08-03,68
PROD-42,2023-08-04,67
PROD-42,2023-08-05,58
PROD-42,2023-08-06,63
PROD-42,2023-08-07,57
PROD-42,2023-08-08,56
PROD-42,2023-08-09,60
PROD-42,2023-08-10,50
PROD-42,2023-08-11,62
PROD-42,2023-08-12,50
PROD-42,2023-08-13,52
PROD-42,2023-08-14,59
PROD-42,2023-08-15,53
PROD-42,2023-08-16,48
PROD-42,2023-08-17,53
PROD-42,2023-08-18,51
PROD-42,2023-08-19,61
PROD-42,2023-08-20,66
PROD-42,2023-08-21,62
PROD-42,2023-08-22,53
PROD-42,2023-08-23,58
PROD-42,2023-08-24,50
PROD-42,2023-08-25,70
PROD-42,2023-08-26,56
PROD-42,2023-08-27,71
PROD-42,2023-08-28,63
PROD-42,2023-08-29,48
PROD-42,2023-08-30,68
PROD-42,2023-08-31,72
PROD-42,2023-09-01,56
PROD-42,2023-09-02,51
PROD-42,2023-09-03,50
PROD-42,2023-09-04,68
PROD-42,2023-09-05,49
PROD-42,2023-09-06,65
PROD-42,2023-09-07,55
PROD-42,2023-09-08,47
PROD-42,2023-09-09,46
PROD-42,2023-09-10,52
PROD-42,2023-09-11,59
PROD-42,2023-09-12,67
PROD-42,2023-09-13,57
PROD-42,2023-09-14,50
PROD-42,2023-09-15,66
PROD-42,2023-09-16,50
PROD-42,2023-09-17,58
PROD-42,2023-09-18,66
PROD-42,2023-09-19,62
PROD-42,2023-09-20,65
PROD-42,2023-09-21,54
PROD-42,2023-09-22,46
PROD-42,2023-09-23,67
PROD-42,2023-09-24,47
PROD-42,2023-09-25,66
PROD-42,2023-09-26,46
PROD-42,2023-09-27,54
PROD-42,2023-09-28,54
PROD-42,2023-09-29,52
PROD-42,2023-09-30,60
PROD-42,2023-10-01,48
PROD-42,2023-10-02,49
PROD-42,2023-10-03,51
PROD-42,2023-10-04,58
PROD-42,2023-10-05,59
PROD-42,2023-10-06,67
PROD-42,2023-10-07,59
PROD-42,2023-10-08,71
PROD-42,2023-10-09,61
PROD-42,2023-10-10,51
PROD-42,2023-10-11,51
PROD-42,2023-10-12,48
PROD-42,2023-10-13,51
PROD-42,2023-10-14,68
PROD-42,2023-10-15,61
PROD-42,2023-10-16,56
PROD-42,2023-10-17,51
PROD-42,2023-10-18,56
PROD-42,2023-10-19,50
PROD-42,2023-10-20,64
PROD-42,2023-10-21,57
PROD-42,2023-10-22,72
PROD-42,2023-10-23,65
PROD-42,2023-10-24,57
PROD-42,2023-10-25,61
PROD-42,2023-10-26,50
PROD-42,2023-10-27,72
PROD-42,2023-10-28,59
PROD-42,2023-10-29,71
PROD-42,2023-10-30,51
PROD-42,2023-10-31,63
PROD-42,2023-11-01,57
PROD-42,2023-11-02,56
PROD-42,2023-11-03,69
PROD-42,2023-11-04,80
PROD-42,2023-11-05,71
PROD-42,2023-11-06,66
PROD-42,2023-11-07,55
PROD-42,2023-11-08,63
PROD-42,2023-11-09,75
PROD-42,2023-11-10,80
PROD-42,2023-11-11,81
PROD-42,2023-11-12,71
PROD-42,2023-11-13,58
PROD-42,2023-11-14,64
PROD-42,2023-11-15,72
PROD-42,2023-11-16,81
PROD-42,2023-11-17,72
PROD-42,2023-11-18,74
PROD-42,2023-11-19,61
PROD-42,2023-11-20,69
PROD-42,2023-11-21,58
PROD-42,2023-11-22,70
PROD-42,2023-11-23,70
PROD-42,2023-11-24,82
PROD-42,2023-11-25,60
PROD-42,2023-11-26,57
PROD-42,2023-11-27,78
PROD-42,2023-11-28,81
PROD-42,2023-11-29,67
PROD-42,2023-11-30,72
PROD-42,2023-12-01,94
PROD-42,2023-12-02,70
PROD-42,2023-12-03,82
PROD-42,2023-12-04,68
PROD-42,2023-12-05,91
PROD-42,2023-12-06,91
PROD-42,2023-12-07,98
PROD-42,2023-12-08,94
PROD-42,2023-12-09,77
PROD-42,2023-12-10,95
PROD-42,2023-12-11,75
PROD-42,2023-12-12,67
PROD-42,2023-12-13,84
PROD-42,2023-12-14,78
PROD-42,2023-12-15,76
PROD-42,2023-12-16,80
PROD-42,2023-12-17,72
PROD-42,2023-12-18,84
PROD-42,2023-12-19,82
PROD-42,2023-12-20,84
PROD-42,2023-12-21,97
PROD-42,2023-12-22,81
PROD-42,2023-12-23,98
PROD-42,2023-12-24,78
PROD-42,2023-12-25,68
PROD-42,2023-12-26,95
PROD-42,2023-12-27,96
PROD-42,2023-12-28,75
PROD-42,2023-12-29,77
PROD-42,2023-12-30,95
PROD-42,2023-12-31,70
PROD-42,2024-01-01,91
PROD-43,2023-01-01,137
PROD-43,2023-01-02,123
PROD-43,2023-01-03,122
PROD-43,2023-01-04,127
PROD-43,2023-01-05,146
PROD-43,2023-01-06,127
PROD-43,2023-01-07,141
PROD-43,2023-01-08,120
PROD-43,2023-01-09,134
PROD-43,2023-01-10,167
PROD-43,2023-01-11,177
PROD-43,2023-01-12,147
PROD-43,2023-01-13,173
PROD-43,2023-01-14,131
PROD-43,2023-01-15,124
PROD-43,2023-01-16,121
PROD-43,2023-01-17,121
PROD-43,2023-01-18,135
PROD-43,2023-01-19,165
PROD-43,2023-01-20,169
PROD-43,2023-01-21,174
PROD-43,2023-01-22,155
PROD-43,2023-01-23,141
PROD-43,2023-01-24,166
PROD-43,2023-01-25,167
PROD-43,2023-01-26,144
PROD-43,2023-01-27,175
PROD-43,2023-01-28,162
PROD-43,2023-01-29,171
PROD-43,2023-01-30,137
PROD-43,2023-01-31,147
PROD-43,2023-02-01,164
PROD-43,2023-02-02,187
PROD-43,2023-02-03,172
PROD-43,2023-02-04,187
PROD-43,2023-02-05,166
PROD-43,2023-02-06,163
PROD-43,2023-02-07,147
PROD-43,2023-02-08,194
PROD-43,2023-02-09,164
PROD-43,2023-02-10,133
PROD-43,2023-02-11,140
PROD-43,2023-02-12,182
PROD-43,2023-02-13,133
PROD-43,2023-02-14,167
PROD-43,2023-02-15,174
PROD-43,2023-02-16,138
PROD-43,2023-02-17,155
PROD-43,2023-02-18,172
PROD-43,2023-02-19,192
PROD-43,2023-02-20,178
PROD-43,2023-02-21,144
PROD-43,2023-02-22,141
PROD-43,2023-02-23,152
PROD-43,2023-02-24,159
PROD-43,2023-02-25,194
PROD-43,2023-02-26,138
PROD-43,2023-02-27,138
PROD-43,2023-02-28,146
PROD-43,2023-03-01,170
PROD-43,2023-03-02,199
PROD-43,2023-03-03,164
PROD-43,2023-03-04,178
PROD-43,2023-03-05,159
PROD-43,2023-03-06,200
PROD-43,2023-03-07,156
PROD-43,2023-03-08,140
PROD-43,2023-03-09,154
PROD-43,2023-03-10,192
PROD-43,2023-03-11,177
PROD-43,2023-03-12,168
PROD-43,2023-03-13,166
PROD-43,2023-03-14,166
PROD-43,2023-03-15,151
PROD-43,2023-03-16,158
PROD-43,2023-03-17,187
PROD-43,2023-03-18,140
PROD-43,2023-03-19,137
PROD-43,2023-03-20,173
PROD-43,2023-03-21,149
PROD-43,2023-03-22,196
PROD-43,2023-03-23,200
PROD-43,2023-03-24,140
PROD-43,2023-03-25,195
PROD-43,2023-03-26,136
PROD-43,2023-03-27,196
PROD-43,2023-03-28,177
PROD-43,2023-03-29,168
PROD-43,2023-03-30,137
PROD-43,2023-03-31,193
PROD-43,2023-04-01,185
PROD-43,2023-04-02,187
PROD-43,2023-04-03,130
PROD-43,2023-04-04,135
PROD-43,2023-04-05,187
PROD-43,2023-04-06,193
PROD-43,2023-04-07,159
PROD-43,2023-04-08,148
PROD-43,2023-04-09,185
PROD-43,2023-04-10,192
PROD-43,2023-04-11,164
PROD-43,2023-04-12,151
PROD-43,2023-04-13,149
PROD-43,2023-04-14,142
PROD-43,2023-04-15,155
PROD-43,2023-04-16,135
PROD-43,2023-04-17,146
PROD-43,2023-04-18,192
PROD-43,2023-04-19,182
PROD-43,2023-04-20,182
PROD-43,2023-04-21,157
PROD-43,2023-04-22,181
PROD-43,2023-04-23,188
PROD-43,2023-04-24,137
PROD-43,2023-04-25,150
PROD-43,2023-04-26,139
PROD-43,2023-04-27,132
PROD-43,2023-04-28,150
PROD-43,2023-04-29,150
PROD-43,2023-04-30,186
PROD-43,2023-05-01,175
PROD-43,2023-05-02,133
PROD-43,2023-05-03,158
PROD-43,2023-05-04,174
PROD-43,2023-05-05,126
PROD-43,2023-05-06,164
PROD-43,2023-05-07,160
PROD-43,2023-05-08,123
PROD-43,2023-05-09,145
PROD-43,2023-05-10,122
PROD-43,2023-05-11,163
PROD-43,2023-05-12,140
PROD-43,2023-05-13,153
PROD-43,2023-05-14,144
PROD-43,2023-05-15,123
PROD-43,2023-05-16,135
PROD-43,2023-05-17,142
PROD-43,2023-05-18,164
PROD-43,2023-05-19,132
PROD-43,2023-05-20,136
PROD-43,2023-05-21,156
PROD-43,2023-05-22,148
PROD-43,2023-05-23,162
PROD-43,2023-05-24,120
PROD-43,2023-05-25,166
PROD-43,2023-05-26,141
PROD-43,2023-05-27,154
PROD-43,2023-05-28,119
PROD-43,2023-05-29,154
PROD-43,2023-05-30,176
PROD-43,2023-05-31,157
PROD-43,2023-06-01,148
PROD-43,2023-06-02,149
PROD-43,2023-06-03,133
PROD-43,2023-06-04,125
PROD-43,2023-06-05,111
PROD-43,2023-06-06,109
PROD-43,2023-06-07,132
PROD-43,2023-06-08,142
PROD-43,2023-06-09,140
PROD-43,2023-06-10,111
PROD-43,2023-06-11,129
PROD-43,2023-06-12,141
PROD-43,2023-06-13,143
PROD-43,2023-06-14,126
PROD-43,2023-06-15,133
PROD-43,2023-06-16,112
PROD-43,2023-06-17,140
PROD-43,2023-06-18,120
PROD-43,2023-06-19,147
PROD-43,2023-06-20,125
PROD-43,2023-06-21,132
PROD-43,2023-06-22,114
PROD-43,2023-06-23,145
PROD-43,2023-06-24,151
PROD-43,2023-06-25,108
PROD-43,2023-06-26,153
PROD-43,2023-06-27,118
PROD-43,2023-06-28,129
PROD-43,2023-06-29,148
PROD-43,2023-06-30,117
PROD-43,2023-07-01,91
PROD-43,2023-07-02,125
PROD-43,2023-07-03,111
PROD-43,2023-07-04,99
PROD-43,2023-07-05,102
PROD-43,2023-07-06,117
PROD-43,2023-07-07,104
PROD-43,2023-07-08,89
PROD-43,2023-07-09,95
PROD-43,2023-07-10,127
PROD-43,2023-07-11,128
PROD-43,2023-07-12,120
PROD-43,2023-07-13,98
PROD-43,2023-07-14,89
PROD-43,2023-07-15,96
PROD-43,2023-07-16,115
PROD-43,2023-07-17,110
PROD-43,2023-07-18,129
PROD-43,2023-07-19,119
PROD-43,2023-07-20,118
PROD-43,2023-07-21,100
PROD-43,2023-07-22,103
PROD-43,2023-07-23,90
PROD-43,2023-07-24,98
PROD-43,2023-07-25,122
PROD-43,2023-07-26,99
PROD-43,2023-07-27,105
PROD-43,2023-07-28,117
PROD-43,2023-07-29,92
PROD-43,2023-07-30,97
PROD-43,2023-07-31,120
PROD-43,2023-08-01,106
PROD-43,2023-08-02,79
PROD-43,2023-08-03,91
PROD-43,2023-08-04,99
PROD-43,2023-08-05,104
PROD-43,2023-08-06,103
PROD-43,2023-08-07,79
PROD-43,2023-08-08,85
PROD-43,2023-08-09,96
PROD-43,2023-08-10,96
PROD-43,2023-08-11,103
PROD-43,2023-08-12,96
PROD-43,2023-08-13,90
PROD-43,2023-08-14,78
PROD-43,2023-08-15,111
PROD-43,2023-08-16,105
PROD-43,2023-08-17,84
PROD-43,2023-08-18,107
PROD-43,2023-08-19,85
PROD-43,2023-08-20,91
PROD-43,2023-08-21,105
PROD-43,2023-08-22,99
PROD-43,2023-08-23,102
PROD-43,2023-08-24,92
PROD-43,2023-08-25,113
PROD-43,2023-08-26,98
PROD-43,2023-08-27,93
PROD-43,2023-08-28,83
PROD-43,2023-08-29,77
PROD-43,2023-08-30,90
PROD-43,2023-08-31,101
PROD-43,2023-09-01,77
PROD-43,2023-09-02,92
PROD-43,2023-09-03,87
PROD-43,2023-09-04,105
PROD-43,2023-09-05,72
PROD-43,2023-09-06,95
PROD-43,2023-09-07,81
PROD-43,2023-09-08,104
PROD-43,2023-09-09,83
PROD-43,2023-09-10,100
PROD-43,2023-09-11,99
PROD-43,2023-09-12,89
PROD-43,2023-09-13,94
PROD-43,2023-09-14,81
PROD-43,2023-09-15,88
PROD-43,2023-09-16,87
PROD-43,2023-09-17,82
PROD-43,2023-09-18,101
PROD-43,2023-09-19,105
PROD-43,2023-09-20,107
PROD-43,2023-09-21,76
PROD-43,2023-09-22,88
PROD-43,2023-09-23,99
PROD-43,2023-09-24,74
PROD-43,2023-09-25,96
PROD-43,2023-09-26,101
PROD-43,2023-09-27,105
PROD-43,2023-09-28,92
PROD-43,2023-09-29,83
PROD-43,2023-09-30,107
PROD-43,2023-10-01,89
PROD-43,2023-10-02,81
PROD-43,2023-10-03,110
PROD-43,2023-10-04,76
PROD-43,2023-10-05,82
PROD-43,2023-10-06,98
PROD-43,2023-10-07,112
PROD-43,2023-10-08,114
PROD-43,2023-10-09,113
PROD-43,2023-10-10,79
PROD-43,2023-10-11,82
PROD-43,2023-10-12,78
PROD-43,2023-10-13,101
PROD-43,2023-10-14,109
PROD-43,2023-10-15,108
PROD-43,2023-10-16,76
PROD-43,2023-10-17,88
PROD-43,2023-10-18,97
PROD-43,2023-10-19,88
PROD-43,2023-10-20,76
PROD-43,2023-10-21,100
PROD-43,2023-10-22,95
PROD-43,2023-10-23,76
PROD-43,2023-10-24,84
PROD-43,2023-10-25,114
PROD-43,2023-10-26,95
PROD-43,2023-10-27,76
PROD-43,2023-10-28,105
PROD-43,2023-10-29,94
PROD-43,2023-10-30,76
PROD-43,2023-10-31,100
PROD-43,2023-11-01,124
PROD-43,2023-11-02,117
PROD-43,2023-11-03,90
PROD-43,2023-11-04,103
PROD-43,2023-11-05,122
PROD-43,2023-11-06,88
PROD-43,2023-11-07,124
PROD-43,2023-11-08,95
PROD-43,2023-11-09,105
PROD-43,2023-11-10,117
PROD-43,2023-11-11,101
PROD-43,2023-11-12,104
PROD-43,2023-11-13,131
PROD-43,2023-11-14,105
PROD-43,2023-11-15,90
PROD-43,2023-11-16,128
PROD-43,2023-11-17,127
PROD-43,2023-11-18,108
PROD-43,2023-11-19,131
PROD-43,2023-11-20,114
PROD-43,2023-11-21,92
PROD-43,2023-11-22,102
PROD-43,2023-11-23,109
PROD-43,2023-11-24,108
PROD-43,2023-11-25,91
PROD-43,2023-11-26,113
PROD-43,2023-11-27,116
PROD-43,2023-11-28,113
PROD-43,2023-11-29,87
PROD-43,2023-11-30,88
PROD-43,2023-12-01,108
PROD-43,2023-12-02,109
PROD-43,2023-12-03,126
PROD-43,2023-12-04,105
PROD-43,2023-12-05,120
PROD-43,2023-12-06,106
PROD-43,2023-12-07,132
PROD-43,2023-12-08,143
PROD-43,2023-12-09,143
PROD-43,2023-12-10,137
PROD-43,2023-12-11,149
PROD-43,2023-12-12,149
PROD-43,2023-12-13,143
PROD-43,2023-12-14,147
PROD-43,2023-12-15,152
PROD-43,2023-12-16,125
PROD-43,2023-12-17,118
PROD-43,2023-12-18,131
PROD-43,2023-12-19,152
PROD-43,2023-12-20,109
PROD-43,2023-12-21,134
PROD-43,2023-12-22,146
PROD-43,2023-12-23,134
PROD-43,2023-12-24,110
PROD-43,2023-12-25,111
PROD-43,2023-12-26,152
PROD-43,2023-12-27,134
PROD-43,2023-12-28,116
PROD-43,2023-12-29,126
PROD-43,2023-12-30,153
PROD-43,2023-12-31,134
PROD-43,2024-01-01,138
PROD-44,2023-01-01,96
PROD-44,2023-01-02,100
PROD-44,2023-01-03,123
PROD-44,2023-01-04,109
PROD-44,2023-01-05,117
PROD-44,2023-01-06,124
PROD-44,2023-01-07,104
PROD-44,2023-01-08,115
PROD-44,2023-01-09,122
PROD-44,2023-01-10,100
PROD-44,2023-01-11,117
PROD-44,2023-01-12,100
PROD-44,2023-01-13,118
PROD-44,2023-01-14,124
PROD-44,2023-01-15,92
PROD-44,2023-01-16,113
PROD-44,2023-01-17,107
PROD-44,2023-01-18,121
PROD-44,2023-01-19,105
PROD-44,2023-01-20,105
PROD-44,2023-01-21,97
PROD-44,2023-01-22,99
PROD-44,2023-01-23,106
PROD-44,2023-01-24,115
PROD-44,2023-01-25,98
PROD-44,2023-01-26,106
PROD-44,2023-01-27,89
PROD-44,2023-01-28,91
PROD-44,2023-01-29,117
PROD-44,2023-01-30,101
PROD-44,2023-01-31,89
PROD-44,2023-02-01,92
PROD-44,2023-02-02,130
PROD-44,2023-02-03,116
PROD-44,2023-02-04,113
PROD-44,2023-02-05,93
PROD-44,2023-02-06,135
PROD-44,2023-02-07,99
PROD-44,2023-02-08,129
PROD-44,2023-02-09,96
PROD-44,2023-02-10,103
PROD-44,2023-02-11,96
PROD-44,2023-02-12,121
PROD-44,2023-02-13,121
PROD-44,2023-02-14,111
PROD-44,2023-02-15,99
PROD-44,2023-02-16,119
PROD-44,2023-02-17,122
PROD-44,2023-02-18,133
PROD-44,2023-02-19,121
PROD-44,2023-02-20,130
PROD-44,2023-02-21,98
PROD-44,2023-02-22,96
PROD-44,2023-02-23,138
PROD-44,2023-02-24,124
PROD-44,2023-02-25,125
PROD-44,2023-02-26,103
PROD-44,2023-02-27,136
PROD-44,2023-02-28,97
PROD-44,2023-03-01,110
PROD-44,2023-03-02,95
PROD-44,2023-03-03,110
PROD-44,2023-03-04,106
PROD-44,2023-03-05,117
PROD-44,2023-03-06,123
PROD-44,2023-03-07,109
PROD-44,2023-03-08,97
PROD-44,2023-03-09,113
PROD-44,2023-03-10,98
PROD-44,2023-03-11,131
PROD-44,2023-03-12,141
PROD-44,2023-03-13,140
PROD-44,2023-03-14,97
PROD-44,2023-03-15,110
PROD-44,2023-03-16,131
PROD-44,2023-03-17,103
PROD-44,2023-03-18,135
PROD-44,2023-03-19,138
PROD-44,2023-03-20,129
PROD-44,2023-03-21,138
PROD-44,2023-03-22,123
PROD-44,2023-03-23,104
PROD-44,2023-03-24,136
PROD-44,2023-03-25,100
PROD-44,2023-03-26,138
PROD-44,2023-03-27,136
PROD-44,2023-03-28,123
PROD-44,2023-03-29,128
PROD-44,2023-03-30,143
PROD-44,2023-03-31,101
PROD-44,2023-04-01,93
PROD-44,2023-04-02,114
PROD-44,2023-04-03,136
PROD-44,2023-04-04,116
PROD-44,2023-04-05,97
PROD-44,2023-04-06,99
PROD-44,2023-04-07,102
PROD-44,2023-04-08,93
PROD-44,2023-04-09,123
PROD-44,2023-04-10,127
PROD-44,2023-04-11,115
PROD-44,2023-04-12,118
PROD-44,2023-04-13,100
PROD-44,2023-04-14,95
PROD-44,2023-04-15,132
PROD-44,2023-04-16,131
PROD-44,2023-04-17,124
PROD-44,2023-04-18,129
PROD-44,2023-04-19,131
PROD-44,2023-04-20,134
PROD-44,2023-04-21,110
PROD-44,2023-04-22,106
PROD-44,2023-04-23,123
PROD-44,2023-04-24,114
PROD-44,2023-04-25,119
PROD-44,2023-04-26,102
PROD-44,2023-04-27,114
PROD-44,2023-04-28,125
PROD-44,2023-04-29,122
PROD-44,2023-04-30,133
PROD-44,2023-05-01,117
PROD-44,2023-05-02,89
PROD-44,2023-05-03,126
PROD-44,2023-05-04,99
PROD-44,2023-05-05,108
PROD-44,2023-05-06,98
PROD-44,2023-05-07,109
PROD-44,2023-05-08,110
PROD-44,2023-05-09,105
PROD-44,2023-05-10,104
PROD-44,2023-05-11,119
PROD-44,2023-05-12,92
PROD-44,2023-05-13,100
PROD-44,2023-05-14,103
PROD-44,2023-05-15,91
PROD-44,2023-05-16,111
PROD-44,2023-05-17,107
PROD-44,2023-05-18,86
PROD-44,2023-05-19,93
PROD-44,2023-05-20,100
PROD-44,2023-05-21,124
PROD-44,2023-05-22,91
PROD-44,2023-05-23,105
PROD-44,2023-05-24,126
PROD-44,2023-05-25,112
PROD-44,2023-05-26,85
PROD-44,2023-05-27,99
PROD-44,2023-05-28,94
PROD-44,2023-05-29,86
PROD-44,2023-05-30,110
PROD-44,2023-05-31,97
PROD-44,2023-06-01,106
PROD-44,2023-06-02,99
PROD-44,2023-06-03,102
PROD-44,2023-06-04,107
PROD-44,2023-06-05,82
PROD-44,2023-06-06,76
PROD-44,2023-06-07,93
PROD-44,2023-06-08,78
PROD-44,2023-06-09,106
PROD-44,2023-06-10,103
PROD-44,2023-06-11,96
PROD-44,2023-06-12,82
PROD-44,2023-06-13,108
PROD-44,2023-06-14,84
PROD-44,2023-06-15,76
PROD-44,2023-06-16,90
PROD-44,2023-06-17,101
PROD-44,2023-06-18,107
PROD-44,2023-06-19,76
PROD-44,2023-06-20,73
PROD-44,2023-06-21,100
PROD-44,2023-06-22,89
PROD-44,2023-06-23,88
PROD-44,2023-06-24,107
PROD-44,2023-06-25,100
PROD-44,2023-06-26,84
PROD-44,2023-06-27,89
PROD-44,2023-06-28,75
PROD-44,2023-06-29,92
PROD-44,2023-06-30,80
PROD-44,2023-07-01,78
PROD-44,2023-07-02,80
PROD-44,2023-07-03,69
PROD-44,2023-07-04,63
PROD-44,2023-07-05,79
PROD-44,2023-07-06,84
PROD-44,2023-07-07,80
PROD-44,2023-07-08,77
PROD-44,2023-07-09,78
PROD-44,2023-07-10,64
PROD-44,2023-07-11,88
PROD-44,2023-07-12,66
PROD-44,2023-07-13,90
PROD-44,2023-07-14,64
PROD-44,2023-07-15,76
PROD-44,2023-07-16,70
PROD-44,2023-07-17,89
PROD-44,2023-07-18,93
PROD-44,2023-07-19,66
PROD-44,2023-07-20,67
PROD-44,2023-07-21,65
PROD-44,2023-07-22,76
PROD-44,2023-07-23,83
PROD-44,2023-07-24,65
PROD-44,2023-07-25,69
PROD-44,2023-07-26,67
PROD-44,2023-07-27,69
PROD-44,2023-07-28,90
PROD-44,2023-07-29,81
PROD-44,2023-07-30,84
PROD-44,2023-07-31,86
PROD-44,2023-08-01,62
PROD-44,2023-08-02,62
PROD-44,2023-08-03,64
PROD-44,2023-08-04,70
PROD-44,2023-08-05,61
PROD-44,2023-08-06,55
PROD-44,2023-08-07,74
PROD-44,2023-08-08,71
PROD-44,2023-08-09,75
PROD-44,2023-08-10,55
PROD-44,2023-08-11,79
PROD-44,2023-08-12,75
PROD-44,2023-08-13,67
PROD-44,2023-08-14,57
PROD-44,2023-08-15,63
PROD-44,2023-08-16,79
PROD-44,2023-08-17,65
PROD-44,2023-08-18,69
PROD-44,2023-08-19,58
PROD-44,2023-08-20,68
PROD-44,2023-08-21,72
PROD-44,2023-08-22,69
PROD-44,2023-08-23,61
PROD-44,2023-08-24,77
PROD-44,2023-08-25,72
PROD-44,2023-08-26,79
PROD-44,2023-08-27,75
PROD-44,2023-08-28,60
PROD-44,2023-08-29,64
PROD-44,2023-08-30,69
PROD-44,2023-08-31,61
PROD-44,2023-09-01,71
PROD-44,2023-09-02,57
PROD-44,2023-09-03,56
PROD-44,2023-09-04,53
PROD-44,2023-09-05,53
PROD-44,2023-09-06,55
PROD-44,2023-09-07,62
PROD-44,2023-09-08,75
PROD-44,2023-09-09,60
PROD-44,2023-09-10,68
PROD-44,2023-09-11,60
PROD-44,2023-09-12,70
PROD-44,2023-09-13,54
PROD-44,2023-09-14,69
PROD-44,2023-09-15,75
PROD-44,2023-09-16,71
PROD-44,2023-09-17,53
PROD-44,2023-09-18,67
PROD-44,2023-09-19,51
PROD-44,2023-09-20,71
PROD-44,2023-09-21,62
PROD-44,2023-09-22,61
PROD-44,2023-09-23,55
PROD-44,2023-09-24,59
PROD-44,2023-09-25,66
PROD-44,2023-09-26,76
PROD-44,2023-09-27,52
PROD-44,2023-09-28,58
PROD-44,2023-09-29,59
PROD-44,2023-09-30,65
PROD-44,2023-10-01,67
PROD-44,2023-10-02,59
PROD-44,2023-10-03,78
PROD-44,2023-10-04,76
PROD-44,2023-10-05,80
PROD-44,2023-10-06,79
PROD-44,2023-10-07,62
PROD-44,2023-10-08,55
PROD-44,2023-10-09,59
PROD-44,2023-10-10,79
PROD-44,2023-10-11,76
PROD-44,2023-10-12,60
PROD-44,2023-10-13,76
PROD-44,2023-10-14,64
PROD-44,2023-10-15,66
PROD-44,2023-10-16,57
PROD-44,2023-10-17,56
PROD-44,2023-10-18,55
PROD-44,2023-10-19,71
PROD-44,2023-10-20,65
PROD-44,2023-10-21,72
PROD-44,2023-10-22,81
PROD-44,2023-10-23,73
PROD-44,2023-10-24,60
PROD-44,2023-10-25,77
PROD-44,2023-10-26,81
PROD-44,2023-10-27,80
PROD-44,2023-10-28,63
PROD-44,2023-10-29,55
PROD-44,2023-10-30,73
PROD-44,2023-10-31,75
PROD-44,2023-11-01,87
PROD-44,2023-11-02,74
PROD-44,2023-11-03,65
PROD-44,2023-11-04,67
PROD-44,2023-11-05,86
PROD-44,2023-11-06,85
PROD-44,2023-11-07,86
PROD-44,2023-11-08,68
PROD-44,2023-11-09,85
PROD-44,2023-11-10,89
PROD-44,2023-11-11,80
PROD-44,2023-11-12,86
PROD-44,2023-11-13,83
PROD-44,2023-11-14,64
PROD-44,2023-11-15,89
PROD-44,2023-11-16,79
PROD-44,2023-11-17,75
PROD-44,2023-11-18,69
PROD-44,2023-11-19,93
PROD-44,2023-11-20,89
PROD-44,2023-11-21,85
PROD-44,2023-11-22,64
PROD-44,2023-11-23,85
PROD-44,2023-11-24,92
PROD-44,2023-11-25,76
PROD-44,2023-11-26,84
PROD-44,2023-11-27,87
PROD-44,2023-11-28,88
PROD-44,2023-11-29,88
PROD-44,2023-11-30,86
PROD-44,2023-12-01,98
PROD-44,2023-12-02,81
PROD-44,2023-12-03,100
PROD-44,2023-12-04,104
PROD-44,2023-12-05,83
PROD-44,2023-12-06,106
PROD-44,2023-12-07,88
PROD-44,2023-12-08,77
PROD-44,2023-12-09,84
PROD-44,2023-12-10,82
PROD-44,2023-12-11,88
PROD-44,2023-12-12,76
PROD-44,2023-12-13,78
PROD-44,2023-12-14,77
PROD-44,2023-12-15,79
PROD-44,2023-12-16,87
PROD-44,2023-12-17,88
PROD-44,2023-12-18,85
PROD-44,2023-12-19,73
PROD-44,2023-12-20,96
PROD-44,2023-12-21,105
PROD-44,2023-12-22,98
PROD-44,2023-12-23,105
PROD-44,2023-12-24,87
PROD-44,2023-12-25,81
PROD-44,2023-12-26,75
PROD-44,2023-12-27,89
PROD-44,2023-12-28,109
PROD-44,2023-12-29,95
PROD-44,2023-12-30,74
PROD-44,2023-12-31,87
PROD-44,2024-01-01,101
PROD-45,2023-01-01,166
PROD-45,2023-01-02,172
PROD-45,2023-01-03,152
PROD-45,2023-01-04,163
PROD-45,2023-01-05,177
PROD-45,2023-01-06,175
PROD-45,2023-01-07,140
PROD-45,2023-01-08,140
PROD-45,2023-01-09,157
PROD-45,2023-01-10,150
PROD-45,2023-01-11,125
PROD-45,2023-01-12,171
PROD-45,2023-01-13,150
PROD-45,2023-01-14,126
PROD-45,2023-01-15,135
PROD-45,2023-01-16,174
PROD-45,2023-01-17,145
PROD-45,2023-01-18,139
PROD-45,2023-01-19,136
PROD-45,2023-01-20,134
PROD-45,2023-01-21,160
PROD-45,2023-01-22,145
PROD-45,2023-01-23,144
PROD-45,2023-01-24,134
PROD-45,2023-01-25,167
PROD-45,2023-01-26,124
PROD-45,2023-01-27,150
PROD-45,2023-01-28,131
PROD-45,2023-01-29,133
PROD-45,2023-01-30,143
PROD-45,2023-01-31,143
PROD-45,2023-02-01,197
PROD-45,2023-02-02,189
PROD-45,2023-02-03,146
PROD-45,2023-02-04,189
PROD-45,2023-02-05,154
PROD-45,2023-02-06,143
PROD-45,2023-02-07,149
PROD-45,2023-02-08,136
PROD-45,2023-02-09,188
PROD-45,2023-02-10,149
PROD-45,2023-02-11,183
PROD-45,2023-02-12,164
PROD-45,2023-02-13,185
PROD-45,2023-02-14,196
PROD-45,2023-02-15,180
PROD-45,2023-02-16,190
PROD-45,2023-02-17,158
PROD-45,2023-02-18,147
PROD-45,2023-02-19,154
PROD-45,2023-02-20,165
PROD-45,2023-02-21,140
PROD-45,2023-02-22,132
PROD-45,2023-02-23,194
PROD-45,2023-02-24,137
PROD-45,2023-02-25,152
PROD-45,2023-02-26,137
PROD-45,2023-02-27,171
PROD-45,2023-02-28,159
PROD-45,2023-03-01,185
PROD-45,2023-03-02,172
PROD-45,2023-03-03,192
PROD-45,2023-03-04,180
PROD-45,2023-03-05,176
PROD-45,2023-03-06,200
PROD-45,2023-03-07,172
PROD-45,2023-03-08,192
PROD-45,2023-03-09,202
PROD-45,2023-03-10,176
PROD-45,2023-03-11,164
PROD-45,2023-03-12,175
PROD-45,2023-03-13,151
PROD-45,2023-03-14,142
PROD-45,2023-03-15,150
PROD-45,2023-03-16,137
PROD-45,2023-03-17,203
PROD-45,2023-03-18,154
PROD-45,2023-03-19,173
PROD-45,2023-03-20,187
PROD-45,2023-03-21,150
PROD-45,2023-03-22,165
PROD-45,2023-03-23,174
PROD-45,2023-03-24,149
PROD-45,2023-03-25,193
PROD-45,2023-03-26,196
PROD-45,2023-03-27,144
PROD-45,2023-03-28,180
PROD-45,2023-03-29,179
PROD-45,2023-03-30,140
PROD-45,2023-03-31,196
PROD-45,2023-04-01,142
PROD-45,2023-04-02,176
PROD-45,2023-04-03,182
PROD-45,2023-04-04,163
PROD-45,2023-04-05,180
PROD-45,2023-04-06,180
PROD-45,2023-04-07,186
PROD-45,2023-04-08,179
PROD-45,2023-04-09,193
PROD-45,2023-04-10,136
PROD-45,2023-04-11,153
PROD-45,2023-04-12,196
PROD-45,2023-04-13,162
PROD-45,2023-04-14,166
PROD-45,2023-04-15,146
PROD-45,2023-04-16,139
PROD-45,2023-04-17,133
PROD-45,2023-04-18,163
PROD-45,2023-04-19,160
PROD-45,2023-04-20,176
PROD-45,2023-04-21,159
PROD-45,2023-04-22,148
PROD-45,2023-04-23,194
PROD-45,2023-04-24,154
PROD-45,2023-04-25,184
PROD-45,2023-04-26,179
PROD-45,2023-04-27,142
PROD-45,2023-04-28,185
PROD-45,2023-04-29,184
PROD-45,2023-04-30,170
PROD-45,2023-05-01,155
PROD-45,2023-05-02,145
PROD-45,2023-05-03,158
PROD-45,2023-05-04,128
PROD-45,2023-05-05,127
PROD-45,2023-05-06,137
PROD-45,2023-05-07,142
PROD-45,2023-05-08,143
PROD-45,2023-05-09,127
PROD-45,2023-05-10,168
PROD-45,2023-05-11,168
PROD-45,2023-05-12,122
PROD-45,2023-05-13,169
PROD-45,2023-05-14,142
PROD-45,2023-05-15,164
PROD-45,2023-05-16,147
PROD-45,2023-05-17,124
PROD-45,2023-05-18,147
PROD-45,2023-05-19,147
PROD-45,2023-05-20,169
PROD-45,2023-05-21,127
PROD-45,2023-05-22,151
PROD-45,2023-05-23,179
PROD-45,2023-05-24,135
PROD-45,2023-05-25,121
PROD-45,2023-05-26,129
PROD-45,2023-05-27,159
PROD-45,2023-05-28,154
PROD-45,2023-05-29,126
PROD-45,2023-05-30,155
PROD-45,2023-05-31,129
PROD-45,2023-06-01,133
PROD-45,2023-06-02,148
PROD-45,2023-06-03,131
PROD-45,2023-06-04,139
PROD-45,2023-06-05,129
PROD-45,2023-06-06,114
PROD-45,2023-06-07,115
PROD-45,2023-06-08,106
PROD-45,2023-06-09,150
PROD-45,2023-06-10,124
PROD-45,2023-06-11,109
PROD-45,2023-06-12,154
PROD-45,2023-06-13,113
PROD-45,2023-06-14,130
PROD-45,2023-06-15,136
PROD-45,2023-06-16,111
PROD-45,2023-06-17,133
PROD-45,2023-06-18,155
PROD-45,2023-06-19,152
PROD-45,2023-06-20,145
PROD-45,2023-06-21,133
PROD-45,2023-06-22,141
PROD-45,2023-06-23,150
PROD-45,2023-06-24,119
PROD-45,2023-06-25,106
PROD-45,2023-06-26,142
PROD-45,2023-06-27,116
PROD-45,2023-06-28,141
PROD-45,2023-06-29,150
PROD-45,2023-06-30,143
PROD-45,2023-07-01,118
PROD-45,2023-07-02,99
PROD-45,2023-07-03,118
PROD-45,2023-07-04,118
PROD-45,2023-07-05,93
PROD-45,2023-07-06,110
PROD-45,2023-07-07,116
PROD-45,2023-07-08,133
PROD-45,2023-07-09,89
PROD-45,2023-07-10,111
PROD-45,2023-07-11,99
PROD-45,2023-07-12,100
PROD-45,2023-07-13,119
PROD-45,2023-07-14,126
PROD-45,2023-07-15,102
PROD-45,2023-07-16,130
PROD-45,2023-07-17,101
PROD-45,2023-07-18,92
PROD-45,2023-07-19,107
PROD-45,2023-07-20,104
PROD-45,2023-07-21,106
PROD-45,2023-07-22,111
PROD-45,2023-07-23,132
PROD-45,2023-07-24,107
PROD-45,2023-07-25,99
PROD-45,2023-07-26,100
PROD-45,2023-07-27,96
PROD-45,2023-07-28,110
PROD-45,2023-07-29,111
PROD-45,2023-07-30,124
PROD-45,2023-07-31,120
PROD-45,2023-08-01,108
PROD-45,2023-08-02,112
PROD-45,2023-08-03,99
PROD-45,2023-08-04,88
PROD-45,2023-08-05,83
PROD-45,2023-08-06,89
PROD-45,2023-08-07,85
PROD-45,2023-08-08,98
PROD-45,2023-08-09,99
PROD-45,2023-08-10,97
PROD-45,2023-08-11,99
PROD-45,2023-08-12,97
PROD-45,2023-08-13,115
PROD-45,2023-08-14,103
PROD-45,2023-08-15,91
PROD-45,2023-08-16,108
PROD-45,2023-08-17,109
PROD-45,2023-08-18,91
PROD-45,2023-08-19,111
PROD-45,2023-08-20,106
PROD-45,2023-08-21,108
PROD-45,2023-08-22,106
PROD-45,2023-08-23,98
PROD-45,2023-08-24,82
PROD-45,2023-08-25,95
PROD-45,2023-08-26,102
PROD-45,2023-08-27,85
PROD-45,2023-08-28,109
PROD-45,2023-08-29,102
PROD-45,2023-08-30,113
PROD-45,2023-08-31,93
PROD-45,2023-09-01,107
PROD-45,2023-09-02,83
PROD-45,2023-09-03,99
PROD-45,2023-09-04,73
PROD-45,2023-09-05,75
PROD-45,2023-09-06,101
PROD-45,2023-09-07,78
PROD-45,2023-09-08,94
PROD-45,2023-09-09,92
PROD-45,2023-09-10,77
PROD-45,2023-09-11,97
PROD-45,2023-09-12,91
PROD-45,2023-09-13,81
PROD-45,2023-09-14,88
PROD-45,2023-09-15,83
PROD-45,2023-09-16,76
PROD-45,2023-09-17,105
PROD-45,2023-09-18,83
PROD-45,2023-09-19,87
PROD-45,2023-09-20,79
PROD-45,2023-09-21,103
PROD-45,2023-09-22,86
PROD-45,2023-09-23,102
PROD-45,2023-09-24,103
PROD-45,2023-09-25,102
PROD-45,2023-09-26,79
PROD-45,2023-09-27,109
PROD-45,2023-09-28,87
PROD-45,2023-09-29,106
PROD-45,2023-09-30,91
PROD-45,2023-10-01,93
PROD-45,2023-10-02,99
PROD-45,2023-10-03,88
PROD-45,2023-10-04,86
PROD-45,2023-10-05,88
PROD-45,2023-10-06,114
PROD-45,2023-10-07,114
PROD-45,2023-10-08,79
PROD-45,2023-10-09,87
PROD-45,2023-10-10,97
PROD-45,2023-10-11,106
PROD-45,2023-10-12,87
PROD-45,2023-10-13,107
PROD-45,2023-10-14,107
PROD-45,2023-10-15,89
PROD-45,2023-10-16,89
PROD-45,2023-10-17,93
PROD-45,2023-10-18,84
PROD-45,2023-10-19,112
PROD-45,2023-10-20,78
PROD-45,2023-10-21,110
PROD-45,2023-10-22,98
PROD-45,2023-10-23,82
PROD-45,2023-10-24,110
PROD-45,2023-10-25,82
PROD-45,2023-10-26,101
PROD-45,2023-10-27,78
PROD-45,2023-10-28,94
PROD-45,2023-10-29,78
PROD-45,2023-10-30,107
PROD-45,2023-10-31,108
PROD-45,2023-11-01,128
PROD-45,2023-11-02,89
PROD-45,2023-11-03,128
PROD-45,2023-11-04,123
PROD-45,2023-11-05,92
PROD-45,2023-11-06,132
PROD-45,2023-11-07,129
PROD-45,2023-11-08,99
PROD-45,2023-11-09,132
PROD-45,2023-11-10,108
PROD-45,2023-11-11,97
PROD-45,2023-11-12,121
PROD-45,2023-11-13,119
PROD-45,2023-11-14,116
PROD-45,2023-11-15,122
PROD-45,2023-11-16,92
PROD-45,2023-11-17,92
PROD-45,2023-11-18,99
PROD-45,2023-11-19,114
PROD-45,2023-11-20,132
PROD-45,2023-11-21,95
PROD-45,2023-11-22,130
PROD-45,2023-11-23,104
PROD-45,2023-11-24,92
PROD-45,2023-11-25,98
PROD-45,2023-11-26,111
PROD-45,2023-11-27,98
PROD-45,2023-11-28,99
PROD-45,2023-11-29,101
PROD-45,2023-11-30,98
PROD-45,2023-12-01,107
PROD-45,2023-12-02,153
PROD-45,2023-12-03,148
PROD-45,2023-12-04,124
PROD-45,2023-12-05,108
PROD-45,2023-12-06,152
PROD-45,2023-12-07,148
PROD-45,2023-12-08,150
PROD-45,2023-12-09,119
PROD-45,2023-12-10,117
PROD-45,2023-12-11,135
PROD-45,2023-12-12,110
PROD-45,2023-12-13,135
PROD-45,2023-12-14,119
PROD-45,2023-12-15,136
PROD-45,2023-12-16,137
PROD-45,2023-12-17,131
PROD-45,2023-12-18,143
PROD-45,2023-12-19,135
PROD-45,2023-12-20,141
PROD-45,2023-12-21,130
PROD-45,2023-12-22,135
PROD-45,2023-12-23,120
PROD-45,2023-12-24,121
PROD-45,2023-12-25,132
PROD-45,2023-12-26,139
PROD-45,2023-12-27,118
PROD-45,2023-12-28,123
PROD-45,2023-12-29,141
PROD-45,2023-12-30,152
PROD-45,2023-12-31,124
PROD-45,2024-01-01,155
PROD-46,2023-01-01,154
PROD-46,2023-01-02,135
PROD-46,2023-01-03,135
PROD-46,2023-01-04,136
PROD-46,2023-01-05,173
PROD-46,2023-01-06,157
PROD-46,2023-01-07,171
PROD-46,2023-01-08,145
PROD-46,2023-01-09,163
PROD-46,2023-01-10,165
PROD-46,2023-01-11,134
PROD-46,2023-01-12,134
PROD-46,2023-01-13,184
PROD-46,2023-01-14,133
PROD-46,2023-01-15,159
PROD-46,2023-01-16,164
PROD-46,2023-01-17,170
PROD-46,2023-01-18,169
PROD-46,2023-01-19,178
PROD-46,2023-01-20,171
PROD-46,2023-01-21,174
PROD-46,2023-01-22,137
PROD-46,2023-01-23,140
PROD-46,2023-01-24,154
PROD-46,2023-01-25,187
PROD-46,2023-01-26,174
PROD-46,2023-01-27,146
PROD-46,2023-01-28,177
PROD-46,2023-01-29,174
PROD-46,2023-01-30,145
PROD-46,2023-01-31,153
PROD-46,2023-02-01,173
PROD-46,2023-02-02,169
PROD-46,2023-02-03,187
PROD-46,2023-02-04,187
PROD-46,2023-02-05,181
PROD-46,2023-02-06,161
PROD-46,2023-02-07,191
PROD-46,2023-02-08,182
PROD-46,2023-02-09,183
PROD-46,2023-02-10,173
PROD-46,2023-02-11,156
PROD-46,2023-02-12,148
PROD-46,2023-02-13,151
PROD-46,2023-02-14,206
PROD-46,2023-02-15,177
PROD-46,2023-02-16,151
PROD-46,2023-02-17,139
PROD-46,2023-02-18,198
PROD-46,2023-02-19,196
PROD-46,2023-02-20,189
PROD-46,2023-02-21,170
PROD-46,2023-02-22,194
PROD-46,2023-02-23,169
PROD-46,2023-02-24,171
PROD-46,2023-02-25,147
PROD-46,2023-02-26,172
PROD-46,2023-02-27,163
PROD-46,2023-02-28,177
PROD-46,2023-03-01,170
PROD-46,2023-03-02,174
PROD-46,2023-03-03,205
PROD-46,2023-03-04,198
PROD-46,2023-03-05,179
PROD-46,2023-03-06,168
PROD-46,2023-03-07,147
PROD-46,2023-03-08,145
PROD-46,2023-03-09,181
PROD-46,2023-03-10,143
PROD-46,2023-03-11,179
PROD-46,2023-03-12,173
PROD-46,2023-03-13,159
PROD-46,2023-03-14,182
PROD-46,2023-03-15,175
PROD-46,2023-03-16,169
PROD-46,2023-03-17,205
PROD-46,2023-03-18,181
PROD-46,2023-03-19,200
PROD-46,2023-03-20,178
PROD-46,2023-03-21,213
PROD-46,2023-03-22,198
PROD-46,2023-03-23,155
PROD-46,2023-03-24,179
PROD-46,2023-03-25,160
PROD-46,2023-03-26,180
PROD-46,2023-03-27,190
PROD-46,2023-03-28,187
PROD-46,2023-03-29,194
PROD-46,2023-03-30,150
PROD-46,2023-03-31,201
PROD-46,2023-04-01,159
PROD-46,2023-04-02,146
PROD-46,2023-04-03,161
PROD-46,2023-04-04,208
PROD-46,2023-04-05,203
PROD-46,2023-04-06,183
PROD-46,2023-04-07,195
PROD-46,2023-04-08,188
PROD-46,2023-04-09,150
PROD-46,2023-04-10,141
PROD-46,2023-04-11,144
PROD-46,2023-04-12,156
PROD-46,2023-04-13,194
PROD-46,2023-04-14,164
PROD-46,2023-04-15,189
PROD-46,2023-04-16,203
PROD-46,2023-04-17,175
PROD-46,2023-04-18,197
PROD-46,2023-04-19,158
PROD-46,2023-04-20,170
PROD-46,2023-04-21,164
PROD-46,2023-04-22,149
PROD-46,2023-04-23,140
PROD-46,2023-04-24,181
PROD-46,2023-04-25,182
PROD-46,2023-04-26,187
PROD-46,2023-04-27,169
PROD-46,2023-04-28,143
PROD-46,2023-04-29,193
PROD-46,2023-04-30,174
PROD-46,2023-05-01,178
PROD-46,2023-05-02,160
PROD-46,2023-05-03,182
PROD-46,2023-05-04,189
PROD-46,2023-05-05,153
PROD-46,2023-05-06,129
PROD-46,2023-05-07,180
PROD-46,2023-05-08,140
PROD-46,2023-05-09,188
PROD-46,2023-05-10,142
PROD-46,2023-05-11,160
PROD-46,2023-05-12,159
PROD-46,2023-05-13,161
PROD-46,2023-05-14,176
PROD-46,2023-05-15,175
PROD-46,2023-05-16,174
PROD-46,2023-05-17,158
PROD-46,2023-05-18,154
PROD-46,2023-05-19,156
PROD-46,2023-05-20,165
PROD-46,2023-05-21,171
PROD-46,2023-05-22,147
PROD-46,2023-05-23,145
PROD-46,2023-05-24,137
PROD-46,2023-05-25,138
PROD-46,2023-05-26,165
PROD-46,2023-05-27,132
PROD-46,2023-05-28,139
PROD-46,2023-05-29,184
PROD-46,2023-05-30,167
PROD-46,2023-05-31,151
PROD-46,2023-06-01,161
PROD-46,2023-06-02,155
PROD-46,2023-06-03,124
PROD-46,2023-06-04,148
PROD-46,2023-06-05,159
PROD-46,2023-06-06,148
PROD-46,2023-06-07,154
PROD-46,2023-06-08,116
PROD-46,2023-06-09,121
PROD-46,2023-06-10,111
PROD-46,2023-06-11,136
PROD-46,2023-06-12,139
PROD-46,2023-06-13,138
PROD-46,2023-06-14,153
PROD-46,2023-06-15,153
PROD-46,2023-06-16,122
PROD-46,2023-06-17,151
PROD-46,2023-06-18,155
PROD-46,2023-06-19,126
PROD-46,2023-06-20,165
PROD-46,2023-06-21,155
PROD-46,2023-06-22,127
PROD-46,2023-06-23,114
PROD-46,2023-06-24,118
PROD-46,2023-06-25,161
PROD-46,2023-06-26,154
PROD-46,2023-06-27,130
PROD-46,2023-06-28,139
PROD-46,2023-06-29,164
PROD-46,2023-06-30,125
PROD-46,2023-07-01,113
PROD-46,2023-07-02,118
PROD-46,2023-07-03,140
PROD-46,2023-07-04,109
PROD-46,2023-07-05,99
PROD-46,2023-07-06,110
PROD-46,2023-07-07,99
PROD-46,2023-07-08,125
PROD-46,2023-07-09,121
PROD-46,2023-07-10,105
PROD-46,2023-07-11,117
PROD-46,2023-07-12,130
PROD-46,2023-07-13,121
PROD-46,2023-07-14,102
PROD-46,2023-07-15,119
PROD-46,2023-07-16,116
PROD-46,2023-07-17,93
PROD-46,2023-07-18,96
PROD-46,2023-07-19,102
PROD-46,2023-07-20,119
PROD-46,2023-07-21,131
PROD-46,2023-07-22,123
PROD-46,2023-07-23,101
PROD-46,2023-07-24,109
PROD-46,2023-07-25,99
PROD-46,2023-07-26,129
PROD-46,2023-07-27,139
PROD-46,2023-07-28,122
PROD-46,2023-07-29,136
PROD-46,2023-07-30,117
PROD-46,2023-07-31,99
PROD-46,2023-08-01,93
PROD-46,2023-08-02,84
PROD-46,2023-08-03,83
PROD-46,2023-08-04,95
PROD-46,2023-08-05,110
PROD-46,2023-08-06,110
PROD-46,2023-08-07,92
PROD-46,2023-08-08,106
PROD-46,2023-08-09,109
PROD-46,2023-08-10,112
PROD-46,2023-08-11,106
PROD-46,2023-08-12,95
PROD-46,2023-08-13,82
PROD-46,2023-08-14,103
PROD-46,2023-08-15,107
PROD-46,2023-08-16,99
PROD-46,2023-08-17,82
PROD-46,2023-08-18,92
PROD-46,2023-08-19,115
PROD-46,2023-08-20,99
PROD-46,2023-08-21,107
PROD-46,2023-08-22,96
PROD-46,2023-08-23,92
PROD-46,2023-08-24,84
PROD-46,2023-08-25,100
PROD-46,2023-08-26,92
PROD-46,2023-08-27,103
PROD-46,2023-08-28,85
PROD-46,2023-08-29,96
PROD-46,2023-08-30,106
PROD-46,2023-08-31,111
PROD-46,2023-09-01,88
PROD-46,2023-09-02,92
PROD-46,2023-09-03,87
PROD-46,2023-09-04,99
PROD-46,2023-09-05,106
PROD-46,2023-09-06,111
PROD-46,2023-09-07,99
PROD-46,2023-09-08,92
PROD-46,2023-09-09,110
PROD-46,2023-09-10,114
PROD-46,2023-09-11,92
PROD-46,2023-09-12,88
PROD-46,2023-09-13,110
PROD-46,2023-09-14,87
PROD-46,2023-09-15,89
PROD-46,2023-09-16,104
PROD-46,2023-09-17,106
PROD-46,2023-09-18,90
PROD-46,2023-09-19,82
PROD-46,2023-09-20,84
PROD-46,2023-09-21,99
PROD-46,2023-09-22,82
PROD-46,2023-09-23,112
PROD-46,2023-09-24,80
PROD-46,2023-09-25,96
PROD-46,2023-09-26,77
PROD-46,2023-09-27,103
PROD-46,2023-09-28,99
PROD-46,2023-09-29,106
PROD-46,2023-09-30,90
PROD-46,2023-10-01,119
PROD-46,2023-10-02,91
PROD-46,2023-10-03,113
PROD-46,2023-10-04,103
PROD-46,2023-10-05,97
PROD-46,2023-10-06,86
PROD-46,2023-10-07,90
PROD-46,2023-10-08,93
PROD-46,2023-10-09,95
PROD-46,2023-10-10,107
PROD-46,2023-10-11,82
PROD-46,2023-10-12,90
PROD-46,2023-10-13,101
PROD-46,2023-10-14,81
PROD-46,2023-10-15,106
PROD-46,2023-10-16,97
PROD-46,2023-10-17,94
PROD-46,2023-10-18,87
PROD-46,2023-10-19,88
PROD-46,2023-10-20,88
PROD-46,2023-10-21,93
PROD-46,2023-10-22,113
PROD-46,2023-10-23,116
PROD-46,2023-10-24,99
PROD-46,2023-10-25,84
PROD-46,2023-10-26,117
PROD-46,2023-10-27,103
PROD-46,2023-10-28,111
PROD-46,2023-10-29,107
PROD-46,2023-10-30,93
PROD-46,2023-10-31,86
PROD-46,2023-11-01,115
PROD-46,2023-11-02,116
PROD-46,2023-11-03,138
PROD-46,2023-11-04,96
PROD-46,2023-11-05,120
PROD-46,2023-11-06,131
PROD-46,2023-11-07,98
PROD-46,2023-11-08,131
PROD-46,2023-11-09,116
PROD-46,2023-11-10,101
PROD-46,2023-11-11,112
PROD-46,2023-11-12,124
PROD-46,2023-11-13,101
PROD-46,2023-11-14,103
PROD-46,2023-11-15,140
PROD-46,2023-11-16,121
PROD-46,2023-11-17,125
PROD-46,2023-11-18,126
PROD-46,2023-11-19,104
PROD-46,2023-11-20,133
PROD-46,2023-11-21,112
PROD-46,2023-11-22,131
PROD-46,2023-11-23,137
PROD-46,2023-11-24,122
PROD-46,2023-11-25,104
PROD-46,2023-11-26,132
PROD-46,2023-11-27,97
PROD-46,2023-11-28,125
PROD-46,2023-11-29,109
PROD-46,2023-11-30,113
PROD-46,2023-12-01,112
PROD-46,2023-12-02,113
PROD-46,2023-12-03,143
PROD-46,2023-12-04,156
PROD-46,2023-12-05,150
PROD-46,2023-12-06,155
PROD-46,2023-12-07,165
PROD-46,2023-12-08,164
PROD-46,2023-12-09,111
PROD-46,2023-12-10,128
PROD-46,2023-12-11,147
PROD-46,2023-12-12,160
PROD-46,2023-12-13,130
PROD-46,2023-12-14,142
PROD-46,2023-12-15,152
PROD-46,2023-12-16,139
PROD-46,2023-12-17,149
PROD-46,2023-12-18,129
PROD-46,2023-12-19,124
PROD-46,2023-12-20,121
PROD-46,2023-12-21,130
PROD-46,2023-12-22,131
PROD-46,2023-12-23,165
PROD-46,2023-12-24,154
PROD-46,2023-12-25,123
PROD-46,2023-12-26,141
PROD-46,2023-12-27,114
PROD-46,2023-12-28,120
PROD-46,2023-12-29,137
PROD-46,2023-12-30,165
PROD-46,2023-12-31,144
PROD-46,2024-01-01,189
PROD-47,2023-01-01,199
PROD-47,2023-01-02,184
PROD-47,2023-01-03,263
PROD-47,2023-01-04,217
PROD-47,2023-01-05,268
PROD-47,2023-01-06,217
PROD-47,2023-01-07,196
PROD-47,2023-01-08,257
PROD-47,2023-01-09,190
PROD-47,2023-01-10,260
PROD-47,2023-01-11,225
PROD-47,2023-01-12,191
PROD-47,2023-01-13,241
PROD-47,2023-01-14,203
PROD-47,2023-01-15,259
PROD-47,2023-01-16,201
PROD-47,2023-01-17,227
PROD-47,2023-01-18,198
PROD-47,2023-01-19,240
PROD-47,2023-01-20,192
PROD-47,2023-01-21,209
PROD-47,2023-01-22,214
PROD-47,2023-01-23,243
PROD-47,2023-01-24,200
PROD-47,2023-01-25,213
PROD-47,2023-01-26,235
PROD-47,2023-01-27,251
PROD-47,2023-01-28,194
PROD-47,2023-01-29,202
PROD-47,2023-01-30,201
PROD-47,2023-01-31,209
PROD-47,2023-02-01,253
PROD-47,2023-02-02,292
PROD-47,2023-02-03,233
PROD-47,2023-02-04,273
PROD-47,2023-02-05,219
PROD-47,2023-02-06,272
PROD-47,2023-02-07,276
PROD-47,2023-02-08,237
PROD-47,2023-02-09,225
PROD-47,2023-02-10,256
PROD-47,2023-02-11,261
PROD-47,2023-02-12,260
PROD-47,2023-02-13,285
PROD-47,2023-02-14,258
PROD-47,2023-02-15,274
PROD-47,2023-02-16,218
PROD-47,2023-02-17,226
PROD-47,2023-02-18,235
PROD-47,2023-02-19,243
PROD-47,2023-02-20,216
PROD-47,2023-02-21,258
PROD-47,2023-02-22,276
PROD-47,2023-02-23,229
PROD-47,2023-02-24,198
PROD-47,2023-02-25,293
PROD-47,2023-02-26,286
PROD-47,2023-02-27,276
PROD-47,2023-02-28,199
PROD-47,2023-03-01,223
PROD-47,2023-03-02,275
PROD-47,2023-03-03,227
PROD-47,2023-03-04,297
PROD-47,2023-03-05,290
PROD-47,2023-03-06,233
PROD-47,2023-03-07,282
PROD-47,2023-03-08,296
PROD-47,2023-03-09,249
PROD-47,2023-03-10,258
PROD-47,2023-03-11,302
PROD-47,2023-03-12,214
PROD-47,2023-03-13,221
PROD-47,2023-03-14,285
PROD-47,2023-03-15,289
PROD-47,2023-03-16,204
PROD-47,2023-03-17,245
PROD-47,2023-03-18,227
PROD-47,2023-03-19,204
PROD-47,2023-03-20,291
PROD-47,2023-03-21,256
PROD-47,2023-03-22,291
PROD-47,2023-03-23,287
PROD-47,2023-03-24,238
PROD-47,2023-03-25,224
PROD-47,2023-03-26,264
PROD-47,2023-03-27,215
PROD-47,2023-03-28,235
PROD-47,2023-03-29,204
PROD-47,2023-03-30,222
PROD-47,2023-03-31,264
PROD-47,2023-04-01,256
PROD-47,2023-04-02,255
PROD-47,2023-04-03,204
PROD-47,2023-04-04,256
PROD-47,2023-04-05,218
PROD-47,2023-04-06,252
PROD-47,2023-04-07,259
PROD-47,2023-04-08,273
PROD-47,2023-04-09,198
PROD-47,2023-04-10,276
PROD-47,2023-04-11,262
PROD-47,2023-04-12,203
PROD-47,2023-04-13,285
PROD-47,2023-04-14,262
PROD-47,2023-04-15,270
PROD-47,2023-04-16,247
PROD-47,2023-04-17,287
PROD-47,2023-04-18,240
PROD-47,2023-04-19,205
PROD-47,2023-04-20,251
PROD-47,2023-04-21,237
PROD-47,2023-04-22,224
PROD-47,2023-04-23,201
PROD-47,2023-04-24,247
PROD-47,2023-04-25,222
PROD-47,2023-04-26,205
PROD-47,2023-04-27,293
PROD-47,2023-04-28,272
PROD-47,2023-04-29,201
PROD-47,2023-04-30,212
PROD-47,2023-05-01,249
PROD-47,2023-05-02,180
PROD-47,2023-05-03,224
PROD-47,2023-05-04,249
PROD-47,2023-05-05,216
PROD-47,2023-05-06,220
PROD-47,2023-05-07,217
PROD-47,2023-05-08,213
PROD-47,2023-05-09,210
PROD-47,2023-05-10,196
PROD-47,2023-05-11,187
PROD-47,2023-05-12,219
PROD-47,2023-05-13,248
PROD-47,2023-05-14,213
PROD-47,2023-05-15,265
PROD-47,2023-05-16,227
PROD-47,2023-05-17,208
PROD-47,2023-05-18,248
PROD-47,2023-05-19,232
PROD-47,2023-05-20,263
PROD-47,2023-05-21,233
PROD-47,2023-05-22,192
PROD-47,2023-05-23,190
PROD-47,2023-05-24,184
PROD-47,2023-05-25,262
PROD-47,2023-05-26,204
PROD-47,2023-05-27,268
PROD-47,2023-05-28,233
PROD-47,2023-05-29,228
PROD-47,2023-05-30,199
PROD-47,2023-05-31,220
PROD-47,2023-06-01,215
PROD-47,2023-06-02,190
PROD-47,2023-06-03,191
PROD-47,2023-06-04,175
PROD-47,2023-06-05,187
PROD-47,2023-06-06,166
PROD-47,2023-06-07,184
PROD-47,2023-06-08,158
PROD-47,2023-06-09,227
PROD-47,2023-06-10,169
PROD-47,2023-06-11,220
PROD-47,2023-06-12,178
PROD-47,2023-06-13,227
PROD-47,2023-06-14,223
PROD-47,2023-06-15,218
PROD-47,2023-06-16,193
PROD-47,2023-06-17,183
PROD-47,2023-06-18,232
PROD-47,2023-06-19,176
PROD-47,2023-06-20,213
PROD-47,2023-06-21,202
PROD-47,2023-06-22,233
PROD-47,2023-06-23,214
PROD-47,2023-06-24,225
PROD-47,2023-06-25,189
PROD-47,2023-06-26,224
PROD-47,2023-06-27,194
PROD-47,2023-06-28,218
PROD-47,2023-06-29,212
PROD-47,2023-06-30,218
PROD-47,2023-07-01,180
PROD-47,2023-07-02,190
PROD-47,2023-07-03,138
PROD-47,2023-07-04,169
PROD-47,2023-07-05,142
PROD-47,2023-07-06,138
PROD-47,2023-07-07,140
PROD-47,2023-07-08,153
PROD-47,2023-07-09,194
PROD-47,2023-07-10,158
PROD-47,2023-07-11,185
PROD-47,2023-07-12,175
PROD-47,2023-07-13,161
PROD-47,2023-07-14,186
PROD-47,2023-07-15,192
PROD-47,2023-07-16,185
PROD-47,2023-07-17,148
PROD-47,2023-07-18,171
PROD-47,2023-07-19,193
PROD-47,2023-07-20,196
PROD-47,2023-07-21,181
PROD-47,2023-07-22,140
PROD-47,2023-07-23,168
PROD-47,2023-07-24,136
PROD-47,2023-07-25,139
PROD-47,2023-07-26,182
PROD-47,2023-07-27,180
PROD-47,2023-07-28,151
PROD-47,2023-07-29,135
PROD-47,2023-07-30,165
PROD-47,2023-07-31,167
PROD-47,2023-08-01,127
PROD-47,2023-08-02,170
PROD-47,2023-08-03,146
PROD-47,2023-08-04,167
PROD-47,2023-08-05,134
PROD-47,2023-08-06,148
PROD-47,2023-08-07,148
PROD-47,2023-08-08,121
PROD-47,2023-08-09,131
PROD-47,2023-08-10,140
PROD-47,2023-08-11,120
PROD-47,2023-08-12,133
PROD-47,2023-08-13,122
PROD-47,2023-08-14,146
PROD-47,2023-08-15,152
PROD-47,2023-08-16,147
PROD-47,2023-08-17,172
PROD-47,2023-08-18,167
PROD-47,2023-08-19,147
PROD-47,2023-08-20,164
PROD-47,2023-08-21,135
PROD-47,2023-08-22,140
PROD-47,2023-08-23,152
PROD-47,2023-08-24,155
PROD-47,2023-08-25,118
PROD-47,2023-08-26,130
PROD-47,2023-08-27,118
PROD-47,2023-08-28,145
PROD-47,2023-08-29,155
PROD-47,2023-08-30,152
PROD-47,2023-08-31,145
PROD-47,2023-09-01,132
PROD-47,2023-09-02,148
PROD-47,2023-09-03,145
PROD-47,2023-09-04,160
PROD-47,2023-09-05,121
PROD-47,2023-09-06,155
PROD-47,2023-09-07,154
PROD-47,2023-09-08,152
PROD-47,2023-09-09,124
PROD-47,2023-09-10,151
PROD-47,2023-09-11,162
PROD-47,2023-09-12,111
PROD-47,2023-09-13,117
PROD-47,2023-09-14,144
PROD-47,2023-09-15,151
PROD-47,2023-09-16,113
PROD-47,2023-09-17,133
PROD-47,2023-09-18,116
PROD-47,2023-09-19,138
PROD-47,2023-09-20,154
PROD-47,2023-09-21,120
PROD-47,2023-09-22,120
PROD-47,2023-09-23,145
PROD-47,2023-09-24,123
PROD-47,2023-09-25,111
PROD-47,2023-09-26,129
PROD-47,2023-09-27,111
PROD-47,2023-09-28,155
PROD-47,2023-09-29,110
PROD-47,2023-09-30,111
PROD-47,2023-10-01,138
PROD-47,2023-10-02,122
PROD-47,2023-10-03,152
PROD-47,2023-10-04,165
PROD-47,2023-10-05,170
PROD-47,2023-10-06,143
PROD-47,2023-10-07,137
PROD-47,2023-10-08,136
PROD-47,2023-10-09,127
PROD-47,2023-10-10,138
PROD-47,2023-10-11,172
PROD-47,2023-10-12,169
PROD-47,2023-10-13,170
PROD-47,2023-10-14,121
PROD-47,2023-10-15,134
PROD-47,2023-10-16,157
PROD-47,2023-10-17,124
PROD-47,2023-10-18,161
PROD-47,2023-10-19,121
PROD-47,2023-10-20,153
PROD-47,2023-10-21,171
PROD-47,2023-10-22,173
PROD-47,2023-10-23,172
PROD-47,2023-10-24,163
PROD-47,2023-10-25,143
PROD-47,2023-10-26,172
PROD-47,2023-10-27,160
PROD-47,2023-10-28,133
PROD-47,2023-10-29,125
PROD-47,2023-10-30,120
PROD-47,2023-10-31,173
PROD-47,2023-11-01,148
PROD-47,2023-11-02,161
PROD-47,2023-11-03,190
PROD-47,2023-11-04,193
PROD-47,2023-11-05,171
PROD-47,2023-11-06,198
PROD-47,2023-11-07,172
PROD-47,2023-11-08,144
PROD-47,2023-11-09,149
PROD-47,2023-11-10,186
PROD-47,2023-11-11,133
PROD-47,2023-11-12,155
PROD-47,2023-11-13,181
PROD-47,2023-11-14,176
PROD-47,2023-11-15,159
PROD-47,2023-11-16,151
PROD-47,2023-11-17,145
PROD-47,2023-11-18,188
PROD-47,2023-11-19,160
PROD-47,2023-11-20,133
PROD-47,2023-11-21,177
PROD-47,2023-11-22,198
PROD-47,2023-11-23,140
PROD-47,2023-11-24,148
PROD-47,2023-11-25,180
PROD-47,2023-11-26,188
PROD-47,2023-11-27,145
PROD-47,2023-11-28,157
PROD-47,2023-11-29,169
PROD-47,2023-11-30,179
PROD-47,2023-12-01,160
PROD-47,2023-12-02,234
PROD-47,2023-12-03,195
PROD-47,2023-12-04,224
PROD-47,2023-12-05,166
PROD-47,2023-12-06,217
PROD-47,2023-12-07,229
PROD-47,2023-12-08,184
PROD-47,2023-12-09,199
PROD-47,2023-12-10,231
PROD-47,2023-12-11,167
PROD-47,2023-12-12,204
PROD-47,2023-12-13,196
PROD-47,2023-12-14,204
PROD-47,2023-12-15,206
PROD-47,2023-12-16,194
PROD-47,2023-12-17,225
PROD-47,2023-12-18,223
PROD-47,2023-12-19,177
PROD-47,2023-12-20,215
PROD-47,2023-12-21,165
PROD-47,2023-12-22,211
PROD-47,2023-12-23,159
PROD-47,2023-12-24,213
PROD-47,2023-12-25,220
PROD-47,2023-12-26,234
PROD-47,2023-12-27,196
PROD-47,2023-12-28,169
PROD-47,2023-12-29,204
PROD-47,2023-12-30,199
PROD-47,2023-12-31,210
PROD-47,2024-01-01,217
PROD-48,2023-01-01,128
PROD-48,2023-01-02,180
PROD-48,2023-01-03,149
PROD-48,2023-01-04,183
PROD-48,2023-01-05,166
PROD-48,2023-01-06,181
PROD-48,2023-01-07,146
PROD-48,2023-01-08,170
PROD-48,2023-01-09,179
PROD-48,2023-01-10,145
PROD-48,2023-01-11,168
PROD-48,2023-01-12,151
PROD-48,2023-01-13,154
PROD-48,2023-01-14,132
PROD-48,2023-01-15,152
PROD-48,2023-01-16,124
PROD-48,2023-01-17,151
PROD-48,2023-01-18,145
PROD-48,2023-01-19,143
PROD-48,2023-01-20,134
PROD-48,2023-01-21,126
PROD-48,2023-01-22,166
PROD-48,2023-01-23,167
PROD-48,2023-01-24,152
PROD-48,2023-01-25,182
PROD-48,2023-01-26,172
PROD-48,2023-01-27,126
PROD-48,2023-01-28,157
PROD-48,2023-01-29,136
PROD-48,2023-01-30,134
PROD-48,2023-01-31,186
PROD-48,2023-02-01,143
PROD-48,2023-02-02,150
PROD-48,2023-02-03,170
PROD-48,2023-02-04,165
PROD-48,2023-02-05,153
PROD-48,2023-02-06,192
PROD-48,2023-02-07,151
PROD-48,2023-02-08,157
PROD-48,2023-02-09,193
PROD-48,2023-02-10,174
PROD-48,2023-02-11,180
PROD-48,2023-02-12,172
PROD-48,2023-02-13,142
PROD-48,2023-02-14,165
PROD-48,2023-02-15,141
PROD-48,2023-02-16,196
PROD-48,2023-02-17,165
PROD-48,2023-02-18,155
PROD-48,2023-02-19,159
PROD-48,2023-02-20,154
PROD-48,2023-02-21,192
PROD-48,2023-02-22,201
PROD-48,2023-02-23,154
PROD-48,2023-02-24,165
PROD-48,2023-02-25,166
PROD-48,2023-02-26,195
PROD-48,2023-02-27,160
PROD-48,2023-02-28,184
PROD-48,2023-03-01,180
PROD-48,2023-03-02,184
PROD-48,2023-03-03,150
PROD-48,2023-03-04,164
PROD-48,2023-03-05,147
PROD-48,2023-03-06,183
PROD-48,2023-03-07,176
PROD-48,2023-03-08,159
PROD-48,2023-03-09,194
PROD-48,2023-03-10,202
PROD-48,2023-03-11,201
PROD-48,2023-03-12,180
PROD-48,2023-03-13,167
PROD-48,2023-03-14,173
PROD-48,2023-03-15,157
PROD-48,2023-03-16,171
PROD-48,2023-03-17,162
PROD-48,2023-03-18,177
PROD-48,2023-03-19,183
PROD-48,2023-03-20,207
PROD-48,2023-03-21,147
PROD-48,2023-03-22,141
PROD-48,2023-03-23,196
PROD-48,2023-03-24,208
PROD-48,2023-03-25,199
PROD-48,2023-03-26,193
PROD-48,2023-03-27,171
PROD-48,2023-03-28,185
PROD-48,2023-03-29,186
PROD-48,2023-03-30,147
PROD-48,2023-03-31,187
PROD-48,2023-04-01,169
PROD-48,2023-04-02,159
PROD-48,2023-04-03,202
PROD-48,2023-04-04,176
PROD-48,2023-04-05,163
PROD-48,2023-04-06,149
PROD-48,2023-04-07,200
PROD-48,2023-04-08,159
PROD-48,2023-04-09,195
PROD-48,2023-04-10,170
PROD-48,2023-04-11,197
PROD-48,2023-04-12,185
PROD-48,2023-04-13,190
PROD-48,2023-04-14,157
PROD-48,2023-04-15,177
PROD-48,2023-04-16,162
PROD-48,2023-04-17,179
PROD-48,2023-04-18,177
PROD-48,2023-04-19,178
PROD-48,2023-04-20,170
PROD-48,2023-04-21,144
PROD-48,2023-04-22,175
PROD-48,2023-04-23,163
PROD-48,2023-04-24,184
PROD-48,2023-04-25,159
PROD-48,2023-04-26,172
PROD-48,2023-04-27,192
PROD-48,2023-04-28,203
PROD-48,2023-04-29,163
PROD-48,2023-04-30,162
PROD-48,2023-05-01,184
PROD-48,2023-05-02,134
PROD-48,2023-05-03,175
PROD-48,2023-05-04,161
PROD-48,2023-05-05,156
PROD-48,2023-05-06,172
PROD-48,2023-05-07,185
PROD-48,2023-05-08,140
PROD-48,2023-05-09,143
PROD-48,2023-05-10,132
PROD-48,2023-05-11,138
PROD-48,2023-05-12,173
PROD-48,2023-05-13,160
PROD-48,2023-05-14,141
PROD-48,2023-05-15,157
PROD-48,2023-05-16,157
PROD-48,2023-05-17,148
PROD-48,2023-05-18,161
PROD-48,2023-05-19,174
PROD-48,2023-05-20,138
PROD-48,2023-05-21,176
PROD-48,2023-05-22,127
PROD-48,2023-05-23,135
PROD-48,2023-05-24,129
PROD-48,2023-05-25,172
PROD-48,2023-05-26,161
PROD-48,2023-05-27,162
PROD-48,2023-05-28,164
PROD-48,2023-05-29,157
PROD-48,2023-05-30,143
PROD-48,2023-05-31,142
PROD-48,2023-06-01,156
PROD-48,2023-06-02,155
PROD-48,2023-06-03,118
PROD-48,2023-06-04,130
PROD-48,2023-06-05,127
PROD-48,2023-06-06,129
PROD-48,2023-06-07,138
PROD-48,2023-06-08,113
PROD-48,2023-06-09,155
PROD-48,2023-06-10,128
PROD-48,2023-06-11,148
PROD-48,2023-06-12,127
PROD-48,2023-06-13,120
PROD-48,2023-06-14,134
PROD-48,2023-06-15,140
PROD-48,2023-06-16,142
PROD-48,2023-06-17,139
PROD-48,2023-06-18,151
PROD-48,2023-06-19,127
PROD-48,2023-06-20,146
PROD-48,2023-06-21,114
PROD-48,2023-06-22,125
PROD-48,2023-06-23,118
PROD-48,2023-06-24,112
PROD-48,2023-06-25,138
PROD-48,2023-06-26,137
PROD-48,2023-06-27,160
PROD-48,2023-06-28,116
PROD-48,2023-06-29,110
PROD-48,2023-06-30,116
PROD-48,2023-07-01,135
PROD-48,2023-07-02,105
PROD-48,2023-07-03,119
PROD-48,2023-07-04,119
PROD-48,2023-07-05,96
PROD-48,2023-07-06,110
PROD-48,2023-07-07,99
PROD-48,2023-07-08,106
PROD-48,2023-07-09,110
PROD-48,2023-07-10,100
PROD-48,2023-07-11,92
PROD-48,2023-07-12,92
PROD-48,2023-07-13,106
PROD-48,2023-07-14,129
PROD-48,2023-07-15,105
PROD-48,2023-07-16,121
PROD-48,2023-07-17,125
PROD-48,2023-07-18,123
PROD-48,2023-07-19,96
PROD-48,2023-07-20,94
PROD-48,2023-07-21,120
PROD-48,2023-07-22,127
PROD-48,2023-07-23,104
PROD-48,2023-07-24,117
PROD-48,2023-07-25,115
PROD-48,2023-07-26,96
PROD-48,2023-07-27,133
PROD-48,2023-07-28,94
PROD-48,2023-07-29,111
PROD-48,2023-07-30,102
PROD-48,2023-07-31,97
PROD-48,2023-08-01,114
PROD-48,2023-08-02,109
PROD-48,2023-08-03,103
PROD-48,2023-08-04,115
PROD-48,2023-08-05,81
PROD-48,2023-08-06,111
PROD-48,2023-08-07,84
PROD-48,2023-08-08,98
PROD-48,2023-08-09,80
PROD-48,2023-08-10,97
PROD-48,2023-08-11,85
PROD-48,2023-08-12,117
PROD-48,2023-08-13,102
PROD-48,2023-08-14,88
PROD-48,2023-08-15,82
PROD-48,2023-08-16,81
PROD-48,2023-08-17,104
PROD-48,2023-08-18,92
PROD-48,2023-08-19,110
PROD-48,2023-08-20,97
PROD-48,2023-08-21,102
PROD-48,2023-08-22,81
PROD-48,2023-08-23,87
PROD-48,2023-08-24,115
PROD-48,2023-08-25,109
PROD-48,2023-08-26,118
PROD-48,2023-08-27,100
PROD-48,2023-08-28,101
PROD-48,2023-08-29,96
PROD-48,2023-08-30,99
PROD-48,2023-08-31,90
PROD-48,2023-09-01,84
PROD-48,2023-09-02,91
PROD-48,2023-09-03,77
PROD-48,2023-09-04,99
PROD-48,2023-09-05,107
PROD-48,2023-09-06,100
PROD-48,2023-09-07,91
PROD-48,2023-09-08,100
PROD-48,2023-09-09,85
PROD-48,2023-09-10,81
PROD-48,2023-09-11,95
PROD-48,2023-09-12,104
PROD-48,2023-09-13,91
PROD-48,2023-09-14,85
PROD-48,2023-09-15,102
PROD-48,2023-09-16,77
PROD-48,2023-09-17,109
PROD-48,2023-09-18,83
PROD-48,2023-09-19,105
PROD-48,2023-09-20,111
PROD-48,2023-09-21,88
PROD-48,2023-09-22,108
PROD-48,2023-09-23,90
PROD-48,2023-09-24,91
PROD-48,2023-09-25,89
PROD-48,2023-09-26,110
PROD-48,2023-09-27,88
PROD-48,2023-09-28,111
PROD-48,2023-09-29,81
PROD-48,2023-09-30,76
PROD-48,2023-10-01,106
PROD-48,2023-10-02,91
PROD-48,2023-10-03,94
PROD-48,2023-10-04,94
PROD-48,2023-10-05,101
PROD-48,2023-10-06,112
PROD-48,2023-10-07,86
PROD-48,2023-10-08,108
PROD-48,2023-10-09,98
PROD-48,2023-10-10,92
PROD-48,2023-10-11,111
PROD-48,2023-10-12,98
PROD-48,2023-10-13,97
PROD-48,2023-10-14,115
PROD-48,2023-10-15,102
PROD-48,2023-10-16,92
PROD-48,2023-10-17,101
PROD-48,2023-10-18,89
PROD-48,2023-10-19,97
PROD-48,2023-10-20,108
PROD-48,2023-10-21,103
PROD-48,2023-10-22,100
PROD-48,2023-10-23,92
PROD-48,2023-10-24,100
PROD-48,2023-10-25,83
PROD-48,2023-10-26,80
PROD-48,2023-10-27,92
PROD-48,2023-10-28,86
PROD-48,2023-10-29,110
PROD-48,2023-10-30,104
PROD-48,2023-10-31,106
PROD-48,2023-11-01,131
PROD-48,2023-11-02,94
PROD-48,2023-11-03,110
PROD-48,2023-11-04,105
PROD-48,2023-11-05,104
PROD-48,2023-11-06,129
PROD-48,2023-11-07,111
PROD-48,2023-11-08,131
PROD-48,2023-11-09,136
PROD-48,2023-11-10,127
PROD-48,2023-11-11,137
PROD-48,2023-11-12,114
PROD-48,2023-11-13,115
PROD-48,2023-11-14,130
PROD-48,2023-11-15,117
PROD-48,2023-11-16,107
PROD-48,2023-11-17,130
PROD-48,2023-11-18,122
PROD-48,2023-11-19,100
PROD-48,2023-11-20,134
PROD-48,2023-11-21,131
PROD-48,2023-11-22,97
PROD-48,2023-11-23,133
PROD-48,2023-11-24,98
PROD-48,2023-11-25,137
PROD-48,2023-11-26,94
PROD-48,2023-11-27,110
PROD-48,2023-11-28,133
PROD-48,2023-11-29,95
PROD-48,2023-11-30,102
PROD-48,2023-12-01,139
PROD-48,2023-12-02,161
PROD-48,2023-12-03,149
PROD-48,2023-12-04,131
PROD-48,2023-12-05,152
PROD-48,2023-12-06,160
PROD-48,2023-12-07,125
PROD-48,2023-12-08,111
PROD-48,2023-12-09,160
PROD-48,2023-12-10,144
PROD-48,2023-12-11,149
PROD-48,2023-12-12,148
PROD-48,2023-12-13,145
PROD-48,2023-12-14,119
PROD-48,2023-12-15,114
PROD-48,2023-12-16,111
PROD-48,2023-12-17,138
PROD-48,2023-12-18,127
PROD-48,2023-12-19,129
PROD-48,2023-12-20,154
PROD-48,2023-12-21,115
PROD-48,2023-12-22,120
PROD-48,2023-12-23,136
PROD-48,2023-12-24,147
PROD-48,2023-12-25,108
PROD-48,2023-12-26,147
PROD-48,2023-12-27,146
PROD-48,2023-12-28,159
PROD-48,2023-12-29,145
PROD-48,2023-12-30,126
PROD-48,2023-12-31,113
PROD-48,2024-01-01,159
PROD-49,2023-01-01,152
PROD-49,2023-01-02,196
PROD-49,2023-01-03,218
PROD-49,2023-01-04,175
PROD-49,2023-01-05,193
PROD-49,2023-01-06,173
PROD-49,2023-01-07,182
PROD-49,2023-01-08,188
PROD-49,2023-01-09,172
PROD-49,2023-01-10,200
PROD-49,2023-01-11,179
PROD-49,2023-01-12,166
PROD-49,2023-01-13,189
PROD-49,2023-01-14,188
PROD-49,2023-01-15,192
PROD-49,2023-01-16,195
PROD-49,2023-01-17,187
PROD-49,2023-01-18,193
PROD-49,2023-01-19,223
PROD-49,2023-01-20,211
PROD-49,2023-01-21,159
PROD-49,2023-01-22,204
PROD-49,2023-01-23,159
PROD-49,2023-01-24,165
PROD-49,2023-01-25,170
PROD-49,2023-01-26,151
PROD-49,2023-01-27,210
PROD-49,2023-01-28,150
PROD-49,2023-01-29,200
PROD-49,2023-01-30,215
PROD-49,2023-01-31,169
PROD-49,2023-02-01,216
PROD-49,2023-02-02,185
PROD-49,2023-02-03,219
PROD-49,2023-02-04,169
PROD-49,2023-02-05,185
PROD-49,2023-02-06,174
PROD-49,2023-02-07,238
PROD-49,2023-02-08,192
PROD-49,2023-02-09,219
PROD-49,2023-02-10,208
PROD-49,2023-02-11,211
PROD-49,2023-02-12,197
PROD-49,2023-02-13,186
PROD-49,2023-02-14,242
PROD-49,2023-02-15,226
PROD-49,2023-02-16,178
PROD-49,2023-02-17,241
PROD-49,2023-02-18,239
PROD-49,2023-02-19,208
PROD-49,2023-02-20,209
PROD-49,2023-02-21,171
PROD-49,2023-02-22,212
PROD-49,2023-02-23,241
PROD-49,2023-02-24,171
PROD-49,2023-02-25,170
PROD-49,2023-02-26,197
PROD-49,2023-02-27,168
PROD-49,2023-02-28,180
PROD-49,2023-03-01,183
PROD-49,2023-03-02,206
PROD-49,2023-03-03,244
PROD-49,2023-03-04,208
PROD-49,2023-03-05,173
PROD-49,2023-03-06,172
PROD-49,2023-03-07,174
PROD-49,2023-03-08,170
PROD-49,2023-03-09,202
PROD-49,2023-03-10,248
PROD-49,2023-03-11,225
PROD-49,2023-03-12,187
PROD-49,2023-03-13,222
PROD-49,2023-03-14,246
PROD-49,2023-03-15,172
PROD-49,2023-03-16,186
PROD-49,2023-03-17,224
PROD-49,2023-03-18,208
PROD-49,2023-03-19,200
PROD-49,2023-03-20,215
PROD-49,2023-03-21,183
PROD-49,2023-03-22,209
PROD-49,2023-03-23,206
PROD-49,2023-03-24,173
PROD-49,2023-03-25,183
PROD-49,2023-03-26,240
PROD-49,2023-03-27,214
PROD-49,2023-03-28,248
PROD-49,2023-03-29,224
PROD-49,2023-03-30,253
PROD-49,2023-03-31,194
PROD-49,2023-04-01,165
PROD-49,2023-04-02,207
PROD-49,2023-04-03,210
PROD-49,2023-04-04,191
PROD-49,2023-04-05,245
PROD-49,2023-04-06,168
PROD-49,2023-04-07,182
PROD-49,2023-04-08,216
PROD-49,2023-04-09,216
PROD-49,2023-04-10,233
PROD-49,2023-04-11,186
PROD-49,2023-04-12,190
PROD-49,2023-04-13,226
PROD-49,2023-04-14,192
PROD-49,2023-04-15,188
PROD-49,2023-04-16,203
PROD-49,2023-04-17,198
PROD-49,2023-04-18,222
PROD-49,2023-04-19,180
PROD-49,2023-04-20,224
PROD-49,2023-04-21,228
PROD-49,2023-04-22,170
PROD-49,2023-04-23,169
PROD-49,2023-04-24,228
PROD-49,2023-04-25,214
PROD-49,2023-04-26,197
PROD-49,2023-04-27,221
PROD-49,2023-04-28,199
PROD-49,2023-04-29,185
PROD-49,2023-04-30,187
PROD-49,2023-05-01,190
PROD-49,2023-05-02,212
PROD-49,2023-05-03,166
PROD-49,2023-05-04,182
PROD-49,2023-05-05,154
PROD-49,2023-05-06,176
PROD-49,2023-05-07,163
PROD-49,2023-05-08,152
PROD-49,2023-05-09,194
PROD-49,2023-05-10,204
PROD-49,2023-05-11,180
PROD-49,2023-05-12,217
PROD-49,2023-05-13,220
PROD-49,2023-05-14,150
PROD-49,2023-05-15,215
PROD-49,2023-05-16,161
PROD-49,2023-05-17,202
PROD-49,2023-05-18,216
PROD-49,2023-05-19,151
PROD-49,2023-05-20,197
PROD-49,2023-05-21,171
PROD-49,2023-05-22,183
PROD-49,2023-05-23,157
PROD-49,2023-05-24,167
PROD-49,2023-05-25,191
PROD-49,2023-05-26,158
PROD-49,2023-05-27,212
PROD-49,2023-05-28,161
PROD-49,2023-05-29,189
PROD-49,2023-05-30,164
PROD-49,2023-05-31,204
PROD-49,2023-06-01,181
PROD-49,2023-06-02,133
PROD-49,2023-06-03,189
PROD-49,2023-06-04,168
PROD-49,2023-06-05,179
PROD-49,2023-06-06,184
PROD-49,2023-06-07,138
PROD-49,2023-06-08,144
PROD-49,2023-06-09,158
PROD-49,2023-06-10,148
PROD-49,2023-06-11,160
PROD-49,2023-06-12,189
PROD-49,2023-06-13,142
PROD-49,2023-06-14,135
PROD-49,2023-06-15,131
PROD-49,2023-06-16,133
PROD-49,2023-06-17,177
PROD-49,2023-06-18,188
PROD-49,2023-06-19,139
PROD-49,2023-06-20,131
PROD-49,2023-06-21,143
PROD-49,2023-06-22,143
PROD-49,2023-06-23,194
PROD-49,2023-06-24,161
PROD-49,2023-06-25,171
PROD-49,2023-06-26,185
PROD-49,2023-06-27,145
PROD-49,2023-06-28,186
PROD-49,2023-06-29,139
PROD-49,2023-06-30,141
PROD-49,2023-07-01,122
PROD-49,2023-07-02,126
PROD-49,2023-07-03,165
PROD-49,2023-07-04,154
PROD-49,2023-07-05,154
PROD-49,2023-07-06,148
PROD-49,2023-07-07,129
PROD-49,2023-07-08,119
PROD-49,2023-07-09,111
PROD-49,2023-07-10,149
PROD-49,2023-07-11,112
PROD-49,2023-07-12,117
PROD-49,2023-07-13,152
PROD-49,2023-07-14,145
PROD-49,2023-07-15,120
PROD-49,2023-07-16,133
PROD-49,2023-07-17,138
PROD-49,2023-07-18,119
PROD-49,2023-07-19,126
PROD-49,2023-07-20,126
PROD-49,2023-07-21,164
PROD-49,2023-07-22,128
PROD-49,2023-07-23,127
PROD-49,2023-07-24,145
PROD-49,2023-07-25,151
PROD-49,2023-07-26,142
PROD-49,2023-07-27,162
PROD-49,2023-07-28,158
PROD-49,2023-07-29,147
PROD-49,2023-07-30,142
PROD-49,2023-07-31,135
PROD-49,2023-08-01,127
PROD-49,2023-08-02,100
PROD-49,2023-08-03,109
PROD-49,2023-08-04,108
PROD-49,2023-08-05,139
PROD-49,2023-08-06,96
PROD-49,2023-08-07,143
PROD-49,2023-08-08,108
PROD-49,2023-08-09,113
PROD-49,2023-08-10,113
PROD-49,2023-08-11,140
PROD-49,2023-08-12,135
PROD-49,2023-08-13,144
PROD-49,2023-08-14,132
PROD-49,2023-08-15,114
PROD-49,2023-08-16,103
PROD-49,2023-08-17,124
PROD-49,2023-08-18,125
PROD-49,2023-08-19,140
PROD-49,2023-08-20,137
PROD-49,2023-08-21,128
PROD-49,2023-08-22,137
PROD-49,2023-08-23,106
PROD-49,2023-08-24,111
PROD-49,2023-08-25,99
PROD-49,2023-08-26,133
PROD-49,2023-08-27,140
PROD-49,2023-08-28,134
PROD-49,2023-08-29,136
PROD-49,2023-08-30,133
PROD-49,2023-08-31,105
PROD-49,2023-09-01,99
PROD-49,2023-09-02,134
PROD-49,2023-09-03,110
PROD-49,2023-09-04,122
PROD-49,2023-09-05,128
PROD-49,2023-09-06,98
PROD-49,2023-09-07,116
PROD-49,2023-09-08,134
PROD-49,2023-09-09,96
PROD-49,2023-09-10,97
PROD-49,2023-09-11,91
PROD-49,2023-09-12,126
PROD-49,2023-09-13,111
PROD-49,2023-09-14,134
PROD-49,2023-09-15,92
PROD-49,2023-09-16,127
PROD-49,2023-09-17,103
PROD-49,2023-09-18,110
PROD-49,2023-09-19,128
PROD-49,2023-09-20,130
PROD-49,2023-09-21,116
PROD-49,2023-09-22,132
PROD-49,2023-09-23,122
PROD-49,2023-09-24,121
PROD-49,2023-09-25,121
PROD-49,2023-09-26,109
PROD-49,2023-09-27,103
PROD-49,2023-09-28,100
PROD-49,2023-09-29,133
PROD-49,2023-09-30,92
PROD-49,2023-10-01,98
PROD-49,2023-10-02,136
PROD-49,2023-10-03,116
PROD-49,2023-10-04,133
PROD-49,2023-10-05,98
PROD-49,2023-10-06,97
PROD-49,2023-10-07,140
PROD-49,2023-10-08,136
PROD-49,2023-10-09,100
PROD-49,2023-10-10,126
PROD-49,2023-10-11,97
PROD-49,2023-10-12,120
PROD-49,2023-10-13,115
PROD-49,2023-10-14,105
PROD-49,2023-10-15,102
PROD-49,2023-10-16,107
PROD-49,2023-10-17,141
PROD-49,2023-10-18,117
PROD-49,2023-10-19,114
PROD-49,2023-10-20,142
PROD-49,2023-10-21,134
PROD-49,2023-10-22,134
PROD-49,2023-10-23,127
PROD-49,2023-10-24,99
PROD-49,2023-10-25,109
PROD-49,2023-10-26,114
PROD-49,2023-10-27,143
PROD-49,2023-10-28,125
PROD-49,2023-10-29,122
PROD-49,2023-10-30,109
PROD-49,2023-10-31,125
PROD-49,2023-11-01,133
PROD-49,2023-11-02,150
PROD-49,2023-11-03,137
PROD-49,2023-11-04,163
PROD-49,2023-11-05,147
PROD-49,2023-11-06,153
PROD-49,2023-11-07,124
PROD-49,2023-11-08,140
PROD-49,2023-11-09,133
PROD-49,2023-11-10,155
PROD-49,2023-11-11,154
PROD-49,2023-11-12,141
PROD-49,2023-11-13,120
PROD-49,2023-11-14,130
PROD-49,2023-11-15,118
PROD-49,2023-11-16,118
PROD-49,2023-11-17,136
PROD-49,2023-11-18,132
PROD-49,2023-11-19,158
PROD-49,2023-11-20,113
PROD-49,2023-11-21,163
PROD-49,2023-11-22,142
PROD-49,2023-11-23,136
PROD-49,2023-11-24,131
PROD-49,2023-11-25,118
PROD-49,2023-11-26,124
PROD-49,2023-11-27,124
PROD-49,2023-11-28,155
PROD-49,2023-11-29,136
PROD-49,2023-11-30,141
PROD-49,2023-12-01,140
PROD-49,2023-12-02,162
PROD-49,2023-12-03,187
PROD-49,2023-12-04,148
PROD-49,2023-12-05,183
PROD-49,2023-12-06,145
PROD-49,2023-12-07,188
PROD-49,2023-12-08,152
PROD-49,2023-12-09,133
PROD-49,2023-12-10,174
PROD-49,2023-12-11,182
PROD-49,2023-12-12,170
PROD-49,2023-12-13,131
PROD-49,2023-12-14,144
PROD-49,2023-12-15,168
PROD-49,2023-12-16,154
PROD-49,2023-12-17,188
PROD-49,2023-12-18,168
PROD-49,2023-12-19,131
PROD-49,2023-12-20,178
PROD-49,2023-12-21,175
PROD-49,2023-12-22,190
PROD-49,2023-12-23,130
PROD-49,2023-12-24,165
PROD-49,2023-12-25,164
PROD-49,2023-12-26,189
PROD-49,2023-12-27,150
PROD-49,2023-12-28,141
PROD-49,2023-12-29,178
PROD-49,2023-12-30,169
PROD-49,2023-12-31,132
PROD-49,2024-01-01,188
PROD-50,2023-01-01,237
PROD-50,2023-01-02,183
PROD-50,2023-01-03,223
PROD-50,2023-01-04,164
PROD-50,2023-01-05,223
PROD-50,2023-01-06,217
PROD-50,2023-01-07,226
PROD-50,2023-01-08,226
PROD-50,2023-01-09,192
PROD-50,2023-01-10,212
PROD-50,2023-01-11,171
PROD-50,2023-01-12,208
PROD-50,2023-01-13,161
PROD-50,2023-01-14,205
PROD-50,2023-01-15,186
PROD-50,2023-01-16,192
PROD-50,2023-01-17,194
PROD-50,2023-01-18,185
PROD-50,2023-01-19,191
PROD-50,2023-01-20,182
PROD-50,2023-01-21,224
PROD-50,2023-01-22,216
PROD-50,2023-01-23,214
PROD-50,2023-01-24,205
PROD-50,2023-01-25,229
PROD-50,2023-01-26,188
PROD-50,2023-01-27,207
PROD-50,2023-01-28,221
PROD-50,2023-01-29,190
PROD-50,2023-01-30,162
PROD-50,2023-01-31,165
PROD-50,2023-02-01,207
PROD-50,2023-02-02,240
PROD-50,2023-02-03,211
PROD-50,2023-02-04,175
PROD-50,2023-02-05,182
PROD-50,2023-02-06,211
PROD-50,2023-02-07,218
PROD-50,2023-02-08,214
PROD-50,2023-02-09,198
PROD-50,2023-02-10,210
PROD-50,2023-02-11,183
PROD-50,2023-02-12,176
PROD-50,2023-02-13,219
PROD-50,2023-02-14,191
PROD-50,2023-02-15,241
PROD-50,2023-02-16,235
PROD-50,2023-02-17,206
PROD-50,2023-02-18,182
PROD-50,2023-02-19,188
PROD-50,2023-02-20,180
PROD-50,2023-02-21,248
PROD-50,2023-02-22,212
PROD-50,2023-02-23,175
PROD-50,2023-02-24,242
PROD-50,2023-02-25,227
PROD-50,2023-02-26,252
PROD-50,2023-02-27,212
PROD-50,2023-02-28,181
PROD-50,2023-03-01,222
PROD-50,2023-03-02,187
PROD-50,2023-03-03,233
PROD-50,2023-03-04,200
PROD-50,2023-03-05,231
PROD-50,2023-03-06,243
PROD-50,2023-03-07,232
PROD-50,2023-03-08,215
PROD-50,2023-03-09,250
PROD-50,2023-03-10,195
PROD-50,2023-03-11,246
PROD-50,2023-03-12,244
PROD-50,2023-03-13,191
PROD-50,2023-03-14,196
PROD-50,2023-03-15,183
PROD-50,2023-03-16,259
PROD-50,2023-03-17,197
PROD-50,2023-03-18,214
PROD-50,2023-03-19,223
PROD-50,2023-03-20,267
PROD-50,2023-03-21,218
PROD-50,2023-03-22,247
PROD-50,2023-03-23,228
PROD-50,2023-03-24,269
PROD-50,2023-03-25,256
PROD-50,2023-03-26,202
PROD-50,2023-03-27,192
PROD-50,2023-03-28,262
PROD-50,2023-03-29,197
PROD-50,2023-03-30,239
PROD-50,2023-03-31,205
PROD-50,2023-04-01,262
PROD-50,2023-04-02,201
PROD-50,2023-04-03,177
PROD-50,2023-04-04,217
PROD-50,2023-04-05,220
PROD-50,2023-04-06,187
PROD-50,2023-04-07,200
PROD-50,2023-04-08,243
PROD-50,2023-04-09,242
PROD-50,2023-04-10,193
PROD-50,2023-04-11,199
PROD-50,2023-04-12,234
PROD-50,2023-04-13,257
PROD-50,2023-04-14,187
PROD-50,2023-04-15,238
PROD-50,2023-04-16,243
PROD-50,2023-04-17,177
PROD-50,2023-04-18,197
PROD-50,2023-04-19,237
PROD-50,2023-04-20,210
PROD-50,2023-04-21,183
PROD-50,2023-04-22,211
PROD-50,2023-04-23,240
PROD-50,2023-04-24,245
PROD-50,2023-04-25,197
PROD-50,2023-04-26,225
PROD-50,2023-04-27,234
PROD-50,2023-04-28,259
PROD-50,2023-04-29,179
PROD-50,2023-04-30,223
PROD-50,2023-05-01,160
PROD-50,2023-05-02,221
PROD-50,2023-05-03,170
PROD-50,2023-05-04,162
PROD-50,2023-05-05,235
PROD-50,2023-05-06,232
PROD-50,2023-05-07,216
PROD-50,2023-05-08,166
PROD-50,2023-05-09,168
PROD-50,2023-05-10,215
PROD-50,2023-05-11,225
PROD-50,2023-05-12,212
PROD-50,2023-05-13,235
PROD-50,2023-05-14,204
PROD-50,2023-05-15,196
PROD-50,2023-05-16,224
PROD-50,2023-05-17,228
PROD-50,2023-05-18,229
PROD-50,2023-05-19,193
PROD-50,2023-05-20,168
PROD-50,2023-05-21,173
PROD-50,2023-05-22,231
PROD-50,2023-05-23,169
PROD-50,2023-05-24,224
PROD-50,2023-05-25,222
PROD-50,2023-05-26,195
PROD-50,2023-05-27,160
PROD-50,2023-05-28,164
PROD-50,2023-05-29,214
PROD-50,2023-05-30,195
PROD-50,2023-05-31,220
PROD-50,2023-06-01,154
PROD-50,2023-06-02,193
PROD-50,2023-06-03,162
PROD-50,2023-06-04,156
PROD-50,2023-06-05,190
PROD-50,2023-06-06,185
PROD-50,2023-06-07,174
PROD-50,2023-06-08,200
PROD-50,2023-06-09,199
PROD-50,2023-06-10,162
PROD-50,2023-06-11,176
PROD-50,2023-06-12,158
PROD-50,2023-06-13,153
PROD-50,2023-06-14,163
PROD-50,2023-06-15,167
PROD-50,2023-06-16,170
PROD-50,2023-06-17,142
PROD-50,2023-06-18,170
PROD-50,2023-06-19,161
PROD-50,2023-06-20,151
PROD-50,2023-06-21,168
PROD-50,2023-06-22,178
PROD-50,2023-06-23,172
PROD-50,2023-06-24,177
PROD-50,2023-06-25,159
PROD-50,2023-06-26,150
PROD-50,2023-06-27,164
PROD-50,2023-06-28,174
PROD-50,2023-06-29,188
PROD-50,2023-06-30,182
PROD-50,2023-07-01,174
PROD-50,2023-07-02,126
PROD-50,2023-07-03,128
PROD-50,2023-07-04,143
PROD-50,2023-07-05,128
PROD-50,2023-07-06,157
PROD-50,2023-07-07,160
PROD-50,2023-07-08,126
PROD-50,2023-07-09,131
PROD-50,2023-07-10,164
PROD-50,2023-07-11,118
PROD-50,2023-07-12,169
PROD-50,2023-07-13,140
PROD-50,2023-07-14,157
PROD-50,2023-07-15,159
PROD-50,2023-07-16,122
PROD-50,2023-07-17,156
PROD-50,2023-07-18,174
PROD-50,2023-07-19,173
PROD-50,2023-07-20,141
PROD-50,2023-07-21,148
PROD-50,2023-07-22,124
PROD-50,2023-07-23,120
PROD-50,2023-07-24,156
PROD-50,2023-07-25,133
PROD-50,2023-07-26,170
PROD-50,2023-07-27,129
PROD-50,2023-07-28,155
PROD-50,2023-07-29,136
PROD-50,2023-07-30,165
PROD-50,2023-07-31,168
PROD-50,2023-08-01,123
PROD-50,2023-08-02,123
PROD-50,2023-08-03,105
PROD-50,2023-08-04,128
PROD-50,2023-08-05,119
PROD-50,2023-08-06,132
PROD-50,2023-08-07,112
PROD-50,2023-08-08,124
PROD-50,2023-08-09,112
PROD-50,2023-08-10,148
PROD-50,2023-08-11,143
PROD-50,2023-08-12,139
PROD-50,2023-08-13,134
PROD-50,2023-08-14,134
PROD-50,2023-08-15,104
PROD-50,2023-08-16,135
PROD-50,2023-08-17,118
PROD-50,2023-08-18,128
PROD-50,2023-08-19,114
PROD-50,2023-08-20,151
PROD-50,2023-08-21,119
PROD-50,2023-08-22,116
PROD-50,2023-08-23,105
PROD-50,2023-08-24,112
PROD-50,2023-08-25,154
PROD-50,2023-08-26,113
PROD-50,2023-08-27,140
PROD-50,2023-08-28,132
PROD-50,2023-08-29,134
PROD-50,2023-08-30,128
PROD-50,2023-08-31,108
PROD-50,2023-09-01,146
PROD-50,2023-09-02,129
PROD-50,2023-09-03,130
PROD-50,2023-09-04,103
PROD-50,2023-09-05,133
PROD-50,2023-09-06,119
PROD-50,2023-09-07,133
PROD-50,2023-09-08,121
PROD-50,2023-09-09,117
PROD-50,2023-09-10,112
PROD-50,2023-09-11,108
PROD-50,2023-09-12,127
PROD-50,2023-09-13,101
PROD-50,2023-09-14,101
PROD-50,2023-09-15,122
PROD-50,2023-09-16,124
PROD-50,2023-09-17,142
PROD-50,2023-09-18,131
PROD-50,2023-09-19,115
PROD-50,2023-09-20,134
PROD-50,2023-09-21,117
PROD-50,2023-09-22,109
PROD-50,2023-09-23,113
PROD-50,2023-09-24,110
PROD-50,2023-09-25,102
PROD-50,2023-09-26,139
PROD-50,2023-09-27,143
PROD-50,2023-09-28,136
PROD-50,2023-09-29,101
PROD-50,2023-09-30,102
PROD-50,2023-10-01,129
PROD-50,2023-10-02,122
PROD-50,2023-10-03,122
PROD-50,2023-10-04,124
PROD-50,2023-10-05,114
PROD-50,2023-10-06,138
PROD-50,2023-10-07,118
PROD-50,2023-10-08,148
PROD-50,2023-10-09,105
PROD-50,2023-10-10,118
PROD-50,2023-10-11,135
PROD-50,2023-10-12,140
PROD-50,2023-10-13,143
PROD-50,2023-10-14,132
PROD-50,2023-10-15,140
PROD-50,2023-10-16,140
PROD-50,2023-10-17,141
PROD-50,2023-10-18,140
PROD-50,2023-10-19,145
PROD-50,2023-10-20,140
PROD-50,2023-10-21,136
PROD-50,2023-10-22,132
PROD-50,2023-10-23,126
PROD-50,2023-10-24,116
PROD-50,2023-10-25,141
PROD-50,2023-10-26,105
PROD-50,2023-10-27,112
PROD-50,2023-10-28,114
PROD-50,2023-10-29,112
PROD-50,2023-10-30,124
PROD-50,2023-10-31,142
PROD-50,2023-11-01,119
PROD-50,2023-11-02,176
PROD-50,2023-11-03,144
PROD-50,2023-11-04,165
PROD-50,2023-11-05,172
PROD-50,2023-11-06,132
PROD-50,2023-11-07,167
PROD-50,2023-11-08,167
PROD-50,2023-11-09,138
PROD-50,2023-11-10,162
PROD-50,2023-11-11,148
PROD-50,2023-11-12,157
PROD-50,2023-11-13,166
PROD-50,2023-11-14,148
PROD-50,2023-11-15,141
PROD-50,2023-11-16,137
PROD-50,2023-11-17,126
PROD-50,2023-11-18,119
PROD-50,2023-11-19,165
PROD-50,2023-11-20,140
PROD-50,2023-11-21,132
PROD-50,2023-11-22,132
PROD-50,2023-11-23,177
PROD-50,2023-11-24,172
PROD-50,2023-11-25,139
PROD-50,2023-11-26,138
PROD-50,2023-11-27,171
PROD-50,2023-11-28,176
PROD-50,2023-11-29,177
PROD-50,2023-11-30,126
PROD-50,2023-12-01,176
PROD-50,2023-12-02,193
PROD-50,2023-12-03,190
PROD-50,2023-12-04,170
PROD-50,2023-12-05,187
PROD-50,2023-12-06,155
PROD-50,2023-12-07,165
PROD-50,2023-12-08,158
PROD-50,2023-12-09,191
PROD-50,2023-12-10,192
PROD-50,2023-12-11,175
PROD-50,2023-12-12,177
PROD-50,2023-12-13,152
PROD-50,2023-12-14,179
PROD-50,2023-12-15,164
PROD-50,2023-12-16,189
PROD-50,2023-12-17,174
PROD-50,2023-12-18,160
PROD-50,2023-12-19,150
PROD-50,2023-12-20,142
PROD-50,2023-12-21,197
PROD-50,2023-12-22,193
PROD-50,2023-12-23,173
PROD-50,2023-12-24,147
PROD-50,2023-12-25,157
PROD-50,2023-12-26,198
PROD-50,2023-12-27,141
PROD-50,2023-12-28,168
PROD-50,2023-12-29,172
PROD-50,2023-12-30,164
PROD-50,2023-12-31,181
PROD-50,2024-01-01,225
