Product Name,Order Date,Quantity,Region
USB-C Hub Lite+,2025-06-30,25,Middle East
Report Covers Prong 12pk Advanced,2025-09-06,25,Africa
WiFi Router AX Elite,2025-12-01,20,Africa
Fabric Softener Sheets 240ct Premium,2025-10-18,10,North America
Memory Card 256GB Advanced,2026-02-10,15,North America
Push Pins Colored 100pk Premium,2025-10-12,20,Asia Pacific
Bathroom Vanity 36in Basic,2025-07-15,20,Latin America
Rubber Gloves Latex 3pk Lite+,2025-06-05,25,Africa
Clipboard Letter-Size Advanced,2026-02-21,5,Middle East
Stain Remover Spray XL,2025-09-12,1,North America
Work Gloves Leather 12pk V2,2026-04-02,2,Middle East
Toilet Brush Set Advanced,2026-01-05,25,Asia Pacific
Toilet Paper 24-Roll Premium,2025-06-27,15,Africa
External HDD 2TB Mini,2026-03-25,1,North America
Camera Lens 50mm V3,2026-03-17,25,North America
Rubber Bands 1lb Standard,2026-01-05,3,Europe
Steel-Toe Work Boots V2,2025-06-05,15,Middle East
Motherboard ATX Standard,2026-02-04,5,Africa
Medium Box 12x12x12 25pk Pro,2026-03-20,5,Middle East
Strapping Tape 2in 6pk Max,2025-12-25,5,Europe
N95 Dust Masks 50pk Premium,2025-11-02,2,Latin America
Nightstand 2-Drawer Max,2025-07-15,25,Asia Pacific
Kitchen Island Cart Ultra,2025-12-23,20,Middle East
Monitor Arm Single Mini,2026-05-09,25,North America
Steel-Toe Work Boots Lite,2025-07-24,50,Africa
Paper Shredder Cross-Cut Basic,2025-12-11,2,North America
PLA Lids 12oz 100pk Basic,2025-11-21,25,Middle East
Dried Fruit Mix 3lb Pro,2025-10-09,3,Europe
Glue Sticks Washable 6pk Lite+,2026-04-29,5,Latin America
Coffee Creamer Singles 100pk HD,2025-12-16,15,Middle East
Envelopes White 100pk Lite+,2026-05-24,3,Latin America
Electrolyte Mix 30pk Lemon Mini,2026-03-24,5,Latin America
Tissue Paper White 100pk Eco,2026-02-27,10,Asia Pacific
Gaming Chair Racing Compact,2025-09-11,50,Africa
Queen Bed Frame Metal Plus,2025-05-30,20,Africa
Stapler Heavy-Duty Basic,2026-02-13,25,North America
Creamy Peanut Butter 40oz Lite+,2026-01-06,25,Africa
Envelopes White 100pk V2,2025-09-17,15,North America
File Folders 24pk Ultra,2025-06-20,1,Asia Pacific
Gaming Chair Racing Lite,2025-06-08,25,Africa
Streaming Deck MK2 Lite,2026-04-25,25,Middle East
Microfiber Cloths 12pk Advanced,2025-07-10,10,Asia Pacific
Bleach Concentrate 1gal Lite+,2026-04-29,3,Africa
Ring Light 18in XL,2026-01-16,50,Middle East
Queen Bed Frame Metal HD,2026-03-03,10,Asia Pacific
Tablet 10 inch Lite,2026-01-31,25,Middle East
3-Drawer Filing Cabinet Mini,2026-02-14,20,Latin America
Digital Camera Mirrorless HD,2026-05-03,10,Asia Pacific
Gift Bags Medium 24pk Elite,2025-11-07,25,North America
Penne Pasta 6pk 1lb Ultra,2025-08-27,50,North America
Mirror Cabinet LED Elite,2026-04-25,50,Europe
Glass Cleaner Spray 32oz Elite,2025-09-21,25,Africa
Ruler Metal 12in V3,2025-12-29,25,Latin America
Microfiber Cloths 12pk Compact,2025-08-01,20,Latin America
Whiteboard Magnetic 48x36 Plus,2025-09-06,10,Asia Pacific
Ink Cartridge Black XL Pro,2026-03-26,25,Europe
Dried Fruit Mix 3lb Advanced,2026-01-25,2,Africa
Laptop Sleeve 15in Max,2025-09-05,2,Asia Pacific
Cable Protector Ramp Advanced,2025-09-18,15,Asia Pacific
USB-C Hub Max,2026-02-09,15,Asia Pacific
Shipping Labels 4x6 500ct Compact,2025-07-09,15,Asia Pacific
Chicken Noodle Soup 6pk Premium,2025-10-17,100,Latin America
Phone Charger 65W Elite,2026-05-14,25,Middle East
Organic Granola 2lb Lite+,2026-04-28,25,Latin America
Envelopes White 100pk Eco,2026-05-01,10,Africa
Ink Cartridge Black XL Elite,2025-11-19,15,Europe
Earl Grey Tea 200ct,2026-05-19,2,Latin America
Pantry Cabinet Tall Eco,2026-04-06,10,North America
Bluetooth Speaker Basic,2025-09-30,3,Asia Pacific
Kitchen Island Cart HD,2026-03-01,2,Africa
Tablet 10 inch Compact,2025-08-08,50,Asia Pacific
Stainless Steel Cleaner Standard,2025-10-12,3,Asia Pacific
Traffic Cone 28in Standard,2025-11-23,15,Asia Pacific
Keyboard Wrist Rest HD,2025-07-03,3,Asia Pacific
Desk Organizer Bamboo Ultra,2026-04-06,25,Latin America
Paper Towels 12-Roll V3,2025-07-09,50,Asia Pacific
Daily Planner 2024 Lite+,2025-12-16,3,Africa
5-Tier Bookshelf Premium,2025-12-23,3,Africa
Creamy Peanut Butter 40oz Advanced,2026-02-08,25,Asia Pacific
Screen Protector Glass HD,2025-09-13,3,Europe
Hazmat Spill Kit 5gal,2026-02-24,3,North America
Phone Case Silicone Pro,2026-04-22,1,Latin America
Ear Plugs NRR32 50pk Pro,2025-08-10,20,North America
Capture Card 4K Premium,2026-03-08,20,Asia Pacific
Digital Camera Mirrorless Advanced,2025-05-29,1,Africa
Floor Cleaner Concentrate Max,2026-01-07,50,Latin America
Wood Stirrers 1000pk V2,2026-05-05,100,Latin America
Extra Virgin Olive Oil 1L Lite,2026-01-31,25,Europe
Chair Floor Mat 48x36 Ultra,2026-05-12,1,Middle East
Cocktail Napkins 500pk Plus,2026-03-08,2,Africa
Wireless Mouse Ultra,2025-12-05,20,Africa
Foam Sheets 12x12 50pk Standard,2025-07-15,5,Europe
Penne Pasta 6pk 1lb Elite,2025-11-19,1,Latin America
UPS Battery 1500VA Bulk,2025-12-03,1,Latin America
Window Squeegee 12in Max,2025-08-12,20,Africa
AAA Batteries 24pk Standard,2025-06-19,15,Middle East
Laminator Machine A4 Advanced,2026-01-20,10,Africa
Drain Cleaner Gel 32oz Bulk,2026-03-26,5,Latin America
Notebooks College-Ruled 6pk Mini,2025-08-05,10,North America
Gaming Chair Racing Plus,2026-05-16,1,Africa
Carpet Cleaner Shampoo Standard,2026-05-13,50,Middle East
Side Table Round Compact,2025-09-20,20,Africa
Laptop Sleeve 15in HD,2025-12-28,1,Latin America
Extension Cord 25ft 12AWG XL,2026-01-24,3,North America
Smoke Detector 10-Year Bulk,2025-11-25,2,Africa
Creamy Peanut Butter 40oz V2,2025-10-03,15,North America
Sea Salt & Pepper Set Basic,2025-11-18,25,Middle East
Envelopes White 100pk Smart,2026-02-27,100,Latin America
Wood Stirrers 1000pk,2025-12-08,50,Latin America
Wet Floor Sign Bilingual Premium,2026-01-30,2,Asia Pacific
Room Divider 4-Panel Smart,2026-02-10,10,Europe
Chicken Noodle Soup 6pk Premium,2026-05-13,25,North America
Paper Plates 9in 100pk Lite,2026-01-03,5,North America
Camera Bag Backpack Lite,2025-06-13,1,Latin America
Streaming Deck MK2 Smart,2026-03-04,3,Europe
Laundry Detergent 100oz Advanced,2025-10-03,10,Middle East
Ground Coffee Medium 5lb HD,2025-07-28,15,Middle East
Eye Wash Station Wall Ultra,2026-02-20,20,Latin America
Spring Water 24pk 16oz Premium,2025-12-30,3,Middle East
Laptop Sleeve 15in Lite,2025-11-07,1,North America
Screen Protector Glass Pro,2025-11-10,25,Africa
Fire Blanket 4x6ft Bulk,2025-08-31,25,Europe
RAM 16GB Module Ultra,2025-09-14,50,North America
Paper Plates 9in 100pk Lite+,2026-04-06,2,Europe
Network Switch 8-Port V2,2025-06-29,15,Europe
Eye Wash Station Wall Standard,2025-08-05,3,Europe
Scrub Sponges 6pk Ultra,2026-02-05,15,Europe
PLA Lids 12oz 100pk Lite,2026-02-11,25,Latin America
Screen Protector Glass Advanced,2026-05-07,10,Asia Pacific
Conference Table 8-seat HD,2025-09-03,1,Latin America
Carpet Cleaner Shampoo Standard,2026-01-26,3,Asia Pacific
Laminator Machine A4 XL,2025-08-21,100,Latin America
SD Card Reader Standard,2026-01-21,20,North America
Label Maker Portable V3,2026-04-03,3,Latin America
Queen Memory Foam Mattress Basic,2025-11-08,15,Asia Pacific
Granola Bars Variety 36pk Standard,2025-12-21,3,Latin America
Waste Basket Metal Mini,2026-01-23,5,Africa
Bathroom Vanity 36in Mini,2025-08-10,25,North America
3-Drawer Filing Cabinet Compact,2026-03-29,10,Africa
Extendable Duster 10ft Plus,2026-04-20,20,Middle East
Mirror Cabinet LED V2,2026-05-12,10,Latin America
Camera Bag Backpack Max,2025-11-16,2,North America
Dried Fruit Mix 3lb Eco,2025-07-21,20,Africa
Monitor Arm Single Mini,2025-07-01,15,Asia Pacific
Smoke Detector 10-Year Ultra,2026-04-17,100,Africa
Queen Memory Foam Mattress Bulk,2026-01-14,5,Latin America
Waste Basket Metal Pro,2026-05-13,3,Middle East
Coffee Creamer Singles 100pk Smart,2025-10-29,25,North America
Strawberry Jam 32oz Standard,2026-05-24,5,Asia Pacific
Steel-Toe Work Boots Lite+,2026-03-04,5,Latin America
Desk Lamp LED V3,2026-02-23,10,Latin America
Keyboard Wrist Rest V3,2026-01-12,15,Latin America
Magazine Rack Wire,2025-12-30,50,Asia Pacific
Mixed Nuts 2lb Canister Lite,2026-04-15,2,Middle East
Grout Cleaner Brush Set Basic,2026-05-13,20,Asia Pacific
Penne Pasta 6pk 1lb Plus,2025-11-09,5,Europe
Trash Bags 13gal 50pk Advanced,2026-02-23,20,Latin America
Smart Watch Pro Compact,2026-04-23,2,North America
Mechanical Keyboard Premium,2025-09-20,50,Asia Pacific
Hazmat Spill Kit 5gal Bulk,2026-02-26,15,Middle East
Spin Mop System Max,2026-03-03,25,Europe
Waste Basket Metal Lite,2025-08-05,2,Latin America
4-Gas Detector Meter Lite+,2025-12-31,3,Europe
Index Cards Ruled 200pk Lite,2025-07-23,3,Asia Pacific
Action Camera 4K Smart,2025-08-23,10,North America
Ruler Metal 12in Compact,2025-10-15,15,Latin America
Monitor 27 4K Eco,2025-11-11,2,Latin America
3-Seat Sofa Fabric Ultra,2025-11-19,25,Europe
Scientific Calculator HD,2025-06-21,10,Asia Pacific
Whole Bean Coffee 2lb Smart,2025-09-05,50,Europe
Wardrobe Sliding-Door Standard,2025-10-20,1,Latin America
Storage Cabinet Locking V3,2025-08-16,5,Europe
Raw Honey 32oz Max,2026-01-05,1,Middle East
Stainless Steel Cleaner Ultra,2026-02-19,25,Middle East
Paper Shredder Cross-Cut Basic,2025-11-10,2,Asia Pacific
Extendable Duster 10ft Premium,2025-07-09,100,Europe
Dry Erase Markers 8pk Advanced,2025-11-11,20,Middle East
Wardrobe Sliding-Door Plus,2025-11-15,50,North America
Sea Salt & Pepper Set HD,2026-05-18,25,Middle East
Label Maker Portable XL,2025-10-28,15,Europe
Safety Goggles Anti-Fog Plus,2026-05-17,1,Europe
Paper Plates 9in 100pk Bulk,2026-03-17,25,Asia Pacific
Side Table Round,2025-07-18,5,Africa
Rubber Gloves Latex 3pk Basic,2025-06-26,1,Asia Pacific
Dustpan Combo Basic,2026-05-27,100,Europe
Hand Soap Refill 1gal XL,2026-05-11,5,Europe
USB-C Hub Standard,2026-04-15,10,Europe
Stain Remover Spray Basic,2026-04-02,5,Latin America
Trash Bags 13gal 50pk Standard,2025-10-11,3,Latin America
Shoe Rack 4-Tier Elite,2025-08-11,5,Middle East
Shipping Tape Clear 6pk V2,2025-07-10,3,Africa
Ottoman Storage Bulk,2025-06-03,50,Middle East
Desk Organizer Bamboo Elite,2025-08-10,15,Asia Pacific
Desk Organizer Bamboo HD,2025-09-16,20,Africa
PC Case Mid-Tower Smart,2026-03-26,100,Europe
Capture Card 4K Premium,2026-01-23,20,Africa
CPU Processor Premium,2025-09-10,5,Europe
Multigrain Crackers 8pk Standard,2025-12-22,1,Africa
Extendable Duster 10ft Standard,2026-03-01,50,North America
Mixed Nuts 2lb Canister V2,2025-07-18,15,Middle East
Wood Polish Spray HD,2026-04-06,20,North America
Motherboard ATX Premium,2025-09-15,1,Middle East
Room Divider 4-Panel Advanced,2025-09-12,1,Middle East
Knee Pads Gel-Insert Mini,2025-08-15,1,Asia Pacific
Heavy-Duty Plunger,2025-07-14,5,Europe
Noise Cancelling Headphones Elite,2026-02-28,25,Europe
Cocktail Napkins 500pk Advanced,2025-12-26,15,Europe
USB Microphone Lite,2025-09-24,15,Middle East
Hand Sanitizer Pump 32oz Lite+,2026-03-21,20,Latin America
Steel-Toe Work Boots Bulk,2026-03-22,25,Europe
Cable Management Kit V3,2026-03-15,2,Asia Pacific
Kitchen Degreaser Mini,2026-01-28,3,Asia Pacific
Stainless Steel Cleaner Basic,2026-04-10,20,Middle East
Work Gloves Leather 12pk V3,2025-08-06,5,Europe
4-Gas Detector Meter Mini,2025-10-15,10,Asia Pacific
SD Card Reader Max,2026-04-16,20,Asia Pacific
Portable Charger Ultra,2025-06-04,2,Latin America
Keyboard Wrist Rest,2025-08-23,20,Europe
Ear Plugs NRR32 50pk HD,2025-12-29,100,Asia Pacific
Mouse Pad XXL Max,2026-04-05,5,Europe
Scissors Titanium Bulk,2025-10-24,20,Africa
UPS Battery 1500VA,2025-12-06,25,Asia Pacific
Raw Honey 32oz Elite,2026-03-14,100,Latin America
External HDD 2TB Premium,2025-12-24,25,North America
Electric Standing Desk HD,2025-06-15,2,Middle East
Strapping Tape 2in 6pk Max,2026-02-10,3,Africa
Phone Case Silicone,2025-10-09,3,Europe
3-Seat Sofa Fabric V2,2025-08-09,2,Middle East
Disinfectant Wipes 6pk Lite+,2026-04-15,50,Asia Pacific
Binder Clips Assorted 24pk Premium,2025-11-06,15,Asia Pacific
Glass Cleaner Spray 32oz Plus,2026-05-02,20,Europe
Presentation Folders 25pk Premium,2025-08-05,50,Asia Pacific
Graphics Card RTX Smart,2026-04-27,20,Latin America
Stapler Heavy-Duty V3,2025-10-26,15,Asia Pacific
Scrub Sponges 6pk XL,2025-07-17,100,North America
Ink Cartridge Color Combo Lite+,2025-07-28,20,Latin America
Storage Cabinet Locking V3,2025-10-15,20,North America
Scrub Sponges 6pk Plus,2026-02-24,3,Europe
Floor Cleaner Concentrate Smart,2026-01-09,10,Middle East
Console Table Entryway Elite,2025-08-09,15,Africa
Shoe Rack 4-Tier Ultra,2026-01-01,5,Latin America
Memory Card 256GB V3,2026-05-27,10,Europe
Gaming Chair Racing Pro,2025-06-15,10,Europe
Strapping Tape 2in 6pk Eco,2025-07-23,2,Latin America
Surge Protector 12-Outlet Ultra,2025-10-21,5,North America
Bathroom Vanity 36in Pro,2025-10-02,25,Asia Pacific
Bar Stool Adjustable Pro,2026-01-10,3,Europe
Bubble Wrap Roll 175ft Bulk,2026-04-09,3,Africa
Wireless Mouse Basic,2026-03-23,2,Africa
Glue Sticks Washable 6pk Basic,2025-07-31,25,Europe
Binder Clips Assorted 24pk Premium,2025-09-09,2,Africa
Daily Planner 2024 HD,2025-06-14,100,North America
Monitor Riser Wood Lite+,2026-01-30,10,Latin America
Extension Cord 25ft 12AWG HD,2026-04-06,25,Asia Pacific
Legal Pads Yellow 3pk Mini,2026-05-13,3,Middle East
Hazmat Spill Kit 5gal V2,2025-11-23,50,Europe
Green Screen 5x7ft Smart,2025-08-16,15,North America
Eye Wash Station Wall Mini,2026-02-13,5,Europe
Knee Pads Gel-Insert V3,2026-04-08,1,Asia Pacific
Coat Rack Standing Standard,2026-02-12,15,North America
Webcam HD Pro,2026-02-07,15,Africa
Mouse Pad XXL Compact,2026-02-15,10,Europe
Streaming Deck MK2 Lite,2025-06-07,25,North America
Wireless Earbuds Advanced,2025-06-19,2,Latin America
Window Squeegee 12in Lite,2026-02-18,15,Asia Pacific
Small Box 8x8x8 25pk Bulk,2025-07-12,2,Africa
Earl Grey Tea 200ct Lite,2026-01-16,5,Europe
Smart Watch Pro V2,2025-07-06,50,Europe
Traffic Cone 28in Premium,2025-12-26,2,Latin America
Microfiber Cloths 12pk Ultra,2025-10-31,50,Middle East
Extra Virgin Olive Oil 1L V2,2026-03-18,3,North America
Camera Bag Backpack Basic,2025-08-26,3,Middle East
Guest Chair Padded V2,2025-07-03,100,Africa
Side Table Round Premium,2025-12-06,50,Africa
L-Shaped Corner Desk Lite+,2026-03-02,50,Asia Pacific
Pantry Cabinet Tall V3,2025-10-06,2,Africa
6-Drawer Dresser Compact,2025-10-28,100,Africa
Magazine Rack Wire Basic,2025-08-14,50,North America
Green Screen 5x7ft Premium,2026-02-28,15,Asia Pacific
4-Gas Detector Meter Lite+,2025-07-24,5,North America
Ottoman Storage XL,2025-12-26,15,Europe
Camera Bag Backpack V2,2025-10-27,15,North America
Toilet Brush Set Advanced,2026-02-07,50,Latin America
Fire Extinguisher ABC 5lb Bulk,2026-02-04,20,Latin America
Jasmine Rice 25lb Max,2026-01-01,20,North America
Daily Planner 2024 Lite+,2026-04-08,20,North America
Rubber Gloves Latex 3pk Smart,2026-01-10,5,Europe
Webcam HD Plus,2025-06-14,1,Latin America
Chicken Noodle Soup 6pk Lite+,2025-06-21,5,Latin America
Paper Towels 12-Roll Lite,2026-04-19,3,Latin America
Laminator Machine A4 Eco,2026-01-17,25,North America
Air Pillow Film Roll Standard,2025-07-23,15,Europe
Safety Goggles Anti-Fog Elite,2026-04-20,3,North America
Graphics Card RTX Plus,2025-09-01,100,Asia Pacific
Desk Lamp Architect V3,2026-05-29,20,Middle East
Console Table Entryway V3,2025-10-11,3,Middle East
Monitor Arm Single Compact,2025-10-13,3,North America
Power Supply 750W Smart,2026-04-14,50,Latin America
Bleach Concentrate 1gal Compact,2025-07-20,5,North America
Computer Desk Compact Plus,2026-04-05,20,Latin America
Ruler Metal 12in Compact,2025-07-10,25,Asia Pacific
Lint Roller Mega 4pk Lite+,2025-06-10,50,Latin America
Cane Sugar 10lb Pro,2026-01-17,25,Asia Pacific
Queen Bed Frame Metal,2026-03-31,100,Europe
Green Screen 5x7ft Eco,2025-11-24,15,Europe
E-Reader Paperwhite Advanced,2026-03-29,25,Asia Pacific
Shipping Tape Clear 6pk Lite,2026-05-29,10,Latin America
Flammable Storage Cabinet V2,2026-04-07,20,North America
Hazmat Spill Kit 5gal Premium,2025-06-02,5,Middle East
Motherboard ATX Advanced,2026-01-10,1,Europe
Electrolyte Mix 30pk Lemon Max,2025-10-03,3,Latin America
Bubble Wrap Roll 175ft Bulk,2025-12-08,10,Asia Pacific
Spin Mop System V2,2025-10-27,100,Africa
PLA Lids 12oz 100pk Eco,2025-08-05,10,North America
Air Freshener Refills 3pk Elite,2026-03-24,15,Africa
Chicken Noodle Soup 6pk Lite+,2026-04-28,100,Asia Pacific
USB-C Hub Ultra,2026-02-18,20,Africa
Dry Erase Markers 8pk Premium,2026-05-01,5,Middle East
Strawberry Jam 32oz Standard,2025-07-03,15,Europe
Shipping Tape Clear 6pk Pro,2025-09-04,3,Europe
Strapping Tape 2in 6pk Mini,2026-02-11,3,Middle East
Kitchen Degreaser HD,2025-10-23,25,Middle East
Green Screen 5x7ft V3,2025-12-22,5,Asia Pacific
Power Strip 6-Outlet USB HD,2025-06-05,15,Middle East
Camera Bag Backpack V2,2026-04-04,100,Latin America
Dry Erase Markers 8pk XL,2025-10-03,20,Europe
Organic Granola 2lb Premium,2025-11-25,50,Latin America
Glue Sticks Washable 6pk Bulk,2025-06-27,100,Europe
Ear Plugs NRR32 50pk Basic,2025-12-09,10,Europe
Capture Card 4K Pro,2025-06-09,20,Europe
Jasmine Rice 25lb Pro,2025-11-03,3,Middle East
Pantry Cabinet Tall Lite+,2026-04-10,2,Latin America
Creamy Peanut Butter 40oz Lite+,2026-03-31,20,Asia Pacific
Scrub Sponges 6pk Advanced,2026-02-10,15,Middle East
Phone Charger 65W XL,2025-12-10,15,Europe
Tablet 10 inch Max,2026-01-12,15,North America
WiFi Router AX Basic,2025-06-23,100,Middle East
Monitor Riser Wood Plus,2025-12-08,50,Africa
Stapler Heavy-Duty V2,2025-07-23,10,Middle East
Safety Vest Hi-Vis 10pk Bulk,2026-01-29,1,Middle East
SSD 1TB Elite,2025-10-05,3,Middle East
Laptop Stand Aluminum Max,2025-12-14,10,North America
Packing Peanuts 14cu ft Plus,2025-08-05,5,Africa
Fabric Softener Sheets 240ct Ultra,2025-07-18,10,Europe
Shipping Labels 4x6 500ct Compact,2025-12-21,100,Africa
Dried Fruit Mix 3lb Basic,2026-01-15,3,North America
Packing Peanuts 14cu ft HD,2026-01-20,10,Africa
Jasmine Rice 25lb HD,2026-05-13,100,Latin America
Graph Paper Pad 4x4 Lite+,2025-11-11,3,Asia Pacific
Streaming Deck MK2 Max,2026-03-17,50,Asia Pacific
Chair Floor Mat 48x36 Basic,2026-01-16,1,Asia Pacific
Emergency Kit 72-Hour,2025-11-21,3,Africa
Sticky Notes 8pk Ultra,2025-06-09,25,Africa
Wood Stirrers 1000pk Elite,2025-10-03,1,Europe
Sticky Notes 8pk Standard,2026-01-21,25,Latin America
Dishwasher Pods 60pk Basic,2026-01-31,1,Latin America
Drone Camera Pro Premium,2025-06-26,25,Middle East
Granola Bars Variety 36pk Basic,2025-07-22,25,Asia Pacific
Kitchen Degreaser Max,2025-06-22,1,Middle East
Mixed Nuts 2lb Canister,2025-11-08,15,North America
Dish Soap Lemon 32oz HD,2026-01-05,1,Latin America
Stain Remover Spray Elite,2026-02-02,10,Latin America
Chair Floor Mat 48x36 Ultra,2025-11-25,1,Asia Pacific
Spring Water 24pk 16oz Smart,2025-05-30,2,Latin America
Lint Roller Mega 4pk Lite,2025-09-09,3,Middle East
HDMI Cable Pro,2026-03-19,1,Middle East
AA Batteries 24pk Plus,2025-12-18,2,Africa
Raw Honey 32oz Ultra,2025-07-17,1,North America
Strawberry Jam 32oz Compact,2025-08-03,15,North America
Screen Protector Glass Basic,2026-04-12,10,Latin America
Accent Chair Velvet Max,2025-06-18,25,Europe
Wardrobe Sliding-Door V3,2025-08-10,1,Africa
Console Table Entryway Bulk,2025-11-21,15,Europe
Spice Rack 20-Jar V2,2025-09-25,50,Europe
HDMI Cable Smart,2025-07-17,1,Asia Pacific
Index Cards Ruled 200pk XL,2025-09-18,15,Latin America
Envelopes White 100pk Premium,2025-12-31,15,Latin America
Eye Wash Station Wall Pro,2025-08-24,10,Asia Pacific
Console Table Entryway Pro,2025-11-15,5,Europe
Organic Granola 2lb Lite+,2026-01-24,50,Middle East
Trash Bags 13gal 50pk Advanced,2025-12-23,20,Asia Pacific
Tripod Carbon Fiber Plus,2025-08-10,1,Europe
Heavy-Duty Plunger Lite,2026-01-01,50,Europe
Staples 5000pk XL,2026-05-02,50,Europe
Power Strip 6-Outlet USB XL,2026-04-14,5,North America
Coffee Creamer Singles 100pk HD,2025-10-25,1,Latin America
Strawberry Jam 32oz Premium,2026-01-19,10,Middle East
Clipboard Letter-Size XL,2026-02-15,15,Africa
Safety Goggles Anti-Fog Pro,2025-08-13,5,Asia Pacific
Heavy-Duty Flashlight Smart,2026-03-30,25,Africa
PC Case Mid-Tower Eco,2025-07-13,5,Europe
Coffee Table Glass Basic,2025-06-12,5,Africa
Wood Stirrers 1000pk Lite,2026-05-08,25,North America
Mouse Pad XXL Eco,2026-03-13,2,Africa
Sticky Notes 8pk Premium,2025-08-30,3,North America
Microfiber Cloths 12pk Ultra,2025-11-14,1,Latin America
Monitor 27 4K Ultra,2026-02-22,100,Europe
Cane Sugar 10lb Eco,2026-02-06,2,Middle East
Small Box 8x8x8 25pk Elite,2025-11-18,25,Africa
Tablet 10 inch Advanced,2025-09-05,2,Africa
Packing Peanuts 14cu ft Pro,2025-06-25,1,Middle East
Dishwasher Pods 60pk Eco,2026-04-28,3,Europe
Wardrobe Sliding-Door Eco,2025-08-25,50,Europe
Computer Desk Compact Basic,2025-11-06,100,Africa
Wood Stirrers 1000pk Ultra,2026-05-26,3,Africa
Scientific Calculator Elite,2025-11-28,25,Middle East
Paper Clips 100pk HD,2025-12-18,5,Asia Pacific
SSD 1TB Mini,2025-12-22,10,Africa
Desk Lamp LED Bulk,2026-04-24,100,Africa
Vacuum Bags 6pk Compact,2026-02-22,15,Asia Pacific
Capture Card 4K Smart,2025-10-10,3,Middle East
Solid Light Tuna 8pk Elite,2026-01-22,100,Middle East
Stapler Heavy-Duty Smart,2025-11-10,3,Asia Pacific
Cable Protector Ramp Advanced,2026-05-21,3,Europe
Carpet Cleaner Shampoo Ultra,2025-06-04,10,Middle East
Power Strip 6-Outlet USB Plus,2026-04-30,5,North America
Emergency Kit 72-Hour Mini,2025-07-09,15,Middle East
Pantry Cabinet Tall Max,2026-01-16,15,North America
Keyboard Wrist Rest V3,2026-05-07,100,Africa
Hazmat Spill Kit 5gal,2025-06-28,5,Middle East
5-Tier Bookshelf V2,2025-11-24,25,Europe
Rubber Bands 1lb Plus,2025-11-18,100,Europe
Conference Table 8-seat Compact,2025-12-06,5,Middle East
All-Purpose Cleaner 1gal HD,2025-07-06,2,North America
Ear Plugs NRR32 50pk Lite+,2025-09-25,5,Europe
Noise Cancelling Headphones Standard,2025-09-05,3,Latin America
Traffic Cone 28in Elite,2025-12-17,5,Asia Pacific
Paper Plates 9in 100pk Elite,2025-06-21,1,Europe
Solid Light Tuna 8pk Smart,2025-12-27,100,Latin America
Balsamic Vinegar 500ml Bulk,2025-09-05,100,Middle East
Report Covers Prong 12pk XL,2026-03-03,5,Middle East
Webcam HD Max,2025-08-22,15,Africa
Raw Honey 32oz Max,2026-02-25,1,North America
PC Case Mid-Tower,2025-06-15,2,Africa
Tripod Carbon Fiber Premium,2025-06-09,15,Africa
Rubber Bands 1lb Ultra,2025-12-25,10,Middle East
Ring Light 18in Bulk,2025-12-22,25,Middle East
Fire Extinguisher ABC 5lb Lite,2026-05-27,25,Asia Pacific
Earl Grey Tea 200ct Lite+,2025-11-23,2,Africa
Magazine Rack Wire Eco,2025-06-10,50,Latin America
6-Drawer Dresser,2026-02-22,3,Europe
Monitor Riser Wood XL,2025-06-30,25,Latin America
Ground Coffee Medium 5lb Compact,2025-07-18,100,North America
Coffee Table Glass Ultra,2025-12-04,10,Africa
CO Detector Digital Advanced,2025-07-12,100,Middle East
Electrolyte Mix 30pk Lemon Max,2025-08-09,2,North America
Corrugated Roll 48in x 100ft Mini,2026-02-12,3,North America
Wood Cutlery Set 200pk Elite,2026-01-09,2,Africa
Wet Floor Sign Bilingual HD,2026-02-01,25,Europe
Tissue Paper White 100pk Lite+,2026-04-25,1,Europe
Surge Protector 12-Outlet Ultra,2025-07-28,25,Europe
CO Detector Digital Elite,2025-12-06,25,Asia Pacific
Pallet Wrap 80ga 1500ft Bulk,2026-04-01,3,Latin America
Phone Charger 65W XL,2025-10-04,1,Africa
Pallet Wrap 80ga 1500ft V2,2025-09-19,100,Latin America
Disinfectant Wipes 6pk Smart,2025-06-28,5,Europe
Binder Clips Assorted 24pk Compact,2026-05-18,3,Europe
Trash Bags 13gal 50pk Ultra,2026-04-07,25,Latin America
Laminator Machine A4 Pro,2025-10-18,50,Middle East
Tape Dispenser Desktop Max,2026-03-01,2,Europe
Printer Paper A4 5-Ream Ultra,2026-01-03,20,Europe
Scissors Titanium Standard,2026-02-12,5,Asia Pacific
E-Reader Paperwhite Max,2025-08-07,15,Middle East
Kraft Paper Roll 36in x 200ft HD,2025-07-06,100,Asia Pacific
PLA Lids 12oz 100pk Ultra,2025-11-07,15,Latin America
Notebooks College-Ruled 6pk Mini,2026-04-27,100,Europe
Stretch Wrap 18in 1000ft Compact,2025-12-14,100,North America
Presentation Folders 25pk Ultra,2025-08-12,10,Asia Pacific
Kitchen Island Cart V2,2025-12-28,25,Asia Pacific
6-Drawer Dresser Mini,2026-02-12,25,Latin America
Monitor 27 4K Advanced,2026-02-18,25,Middle East
E-Reader Paperwhite Basic,2025-05-31,3,Asia Pacific
Ground Coffee Medium 5lb HD,2025-10-28,10,Middle East
Fire Blanket 4x6ft Elite,2025-08-24,20,Asia Pacific
Laundry Hamper Bamboo HD,2025-10-18,20,Middle East
Corrugated Roll 48in x 100ft Eco,2025-06-24,15,Africa
Queen Bed Frame Metal Eco,2025-09-23,1,Asia Pacific
Paper Cups 12oz 100pk Bulk,2025-08-15,20,Asia Pacific
Sticky Notes 8pk Mini,2026-05-03,20,Latin America
Gift Bags Medium 24pk Pro,2025-08-05,20,Asia Pacific
Stainless Steel Cleaner Plus,2025-12-08,2,North America
Monitor Riser Wood Lite+,2025-08-03,1,Asia Pacific
3-Seat Sofa Fabric Plus,2026-03-20,15,Latin America
Safety Goggles Anti-Fog Advanced,2025-10-08,1,Asia Pacific
Multigrain Crackers 8pk Smart,2026-03-06,20,Asia Pacific
All-Purpose Cleaner 1gal XL,2025-07-21,25,Middle East
Strapping Tape 2in 6pk Eco,2026-05-06,50,North America
CPU Processor Max,2025-12-27,20,Latin America
Kraft Packing Paper 25lb Ultra,2026-05-26,20,Europe
Shipping Labels 4x6 500ct Max,2025-06-03,3,Middle East
Letter Tray Stackable Max,2026-05-13,10,North America
Pallet Wrap 80ga 1500ft Basic,2026-03-18,25,Asia Pacific
Wireless Mouse,2025-07-11,3,North America
SD Card Reader Smart,2025-07-19,3,Europe
Network Switch 8-Port Lite+,2026-03-01,2,Europe
Chair Floor Mat 48x36 Standard,2026-02-04,50,North America
Eye Wash Station Wall HD,2025-08-05,10,Asia Pacific
Sticky Notes 8pk Elite,2025-11-15,3,Latin America
Glass Cleaner Spray 32oz Ultra,2026-01-25,15,Africa
Drone Camera Pro Advanced,2025-12-30,50,Latin America
Smoke Detector 10-Year Bulk,2025-07-31,25,Africa
Graphics Card RTX Lite+,2025-12-19,2,Europe
Magazine Rack Wire Mini,2025-07-28,15,Asia Pacific
Stapler Heavy-Duty Premium,2025-08-16,100,Europe
File Folders 24pk Elite,2025-08-23,15,Europe
Extension Cord 25ft 12AWG Max,2025-07-10,5,Asia Pacific
Hand Sanitizer Pump 32oz Standard,2025-06-25,10,Middle East
Camera Bag Backpack Standard,2025-07-12,100,Africa
Pen Holder Mesh Standard,2026-04-25,20,Middle East
Console Table Entryway Bulk,2026-02-04,15,Africa
Dining Chair Padded 2pk Ultra,2025-07-26,15,Europe
Computer Desk Compact Ultra,2025-08-21,25,Africa
Glass Cleaner Spray 32oz V2,2025-12-16,2,Europe
Desk Organizer Bamboo,2025-08-10,1,North America
Drone Camera Pro Basic,2026-04-14,25,Africa
Webcam HD Elite,2025-08-08,25,Europe
Storage Cabinet Locking Bulk,2026-04-27,2,North America
Console Table Entryway Lite,2025-07-23,20,Europe
Jasmine Rice 25lb Smart,2025-10-25,1,Middle East
Wireless Mouse Elite,2025-07-21,2,North America
Gaming Chair Racing V2,2025-06-21,1,Asia Pacific
Ruler Metal 12in Mini,2025-12-16,100,Latin America
Laptop Stand Aluminum Premium,2026-04-07,100,Africa
Wireless Mouse Max,2025-07-01,10,North America
Granola Bars Variety 36pk,2025-06-03,15,Middle East
Paper Clips 100pk Basic,2025-11-23,50,Europe
Fire Extinguisher ABC 5lb Advanced,2025-06-19,10,Asia Pacific
Cocktail Napkins 500pk Max,2026-01-10,3,North America
Floor Cleaner Concentrate,2025-12-27,3,North America
Waste Basket Metal HD,2025-09-11,10,North America
Noise Cancelling Headphones Advanced,2025-09-08,3,Middle East
Small Box 8x8x8 25pk Elite,2025-11-02,15,Asia Pacific
Cocktail Napkins 500pk Basic,2026-05-11,25,Middle East
Work Gloves Leather 12pk V2,2026-03-01,15,Asia Pacific
UPS Battery 1500VA Mini,2025-06-02,15,Asia Pacific
Jasmine Rice 25lb Smart,2025-12-09,2,Middle East
Angle Broom HD,2025-08-09,5,Latin America
Stapler Heavy-Duty Premium,2025-10-12,25,North America
Wet Floor Sign Bilingual Premium,2025-10-15,100,Latin America
Medium Box 12x12x12 25pk Compact,2026-05-14,20,North America
Phone Charger 65W Max,2025-06-20,20,Middle East
Keyboard Wrist Rest Smart,2026-04-02,5,Asia Pacific
Smart Watch Pro Pro,2026-04-08,3,Middle East
N95 Dust Masks 50pk Advanced,2025-08-18,5,Latin America
Phone Charger 65W Mini,2025-07-26,15,Asia Pacific
Bathroom Vanity 36in Mini,2025-11-24,50,Europe
Noise Cancelling Headphones Eco,2025-10-04,1,Africa
Trash Bags 13gal 50pk HD,2025-08-04,100,Europe
Conference Table 8-seat V2,2026-03-21,20,Middle East
Shipping Tape Clear 6pk XL,2025-06-27,2,Asia Pacific
Earl Grey Tea 200ct Mini,2025-08-14,10,Middle East
Strawberry Jam 32oz,2025-10-19,1,Middle East
Conference Table 8-seat Max,2026-02-27,25,Latin America
Phone Case Silicone Lite,2026-05-20,1,Europe
Dustpan Combo Pro,2026-02-03,15,North America
Shipping Labels 4x6 500ct HD,2026-03-20,1,Middle East
Daily Planner 2024 Elite,2026-01-17,15,Middle East
Pantry Cabinet Tall Max,2025-11-14,100,North America
E-Reader Paperwhite Plus,2025-10-01,5,Africa
Lint Roller Mega 4pk Bulk,2025-07-26,10,Europe
Lint Roller Mega 4pk Plus,2025-12-03,20,Europe
Hazmat Spill Kit 5gal Smart,2025-09-27,15,Middle East
Smoke Detector 10-Year Plus,2025-09-09,10,Middle East
Balsamic Vinegar 500ml Compact,2026-04-16,5,Africa
Granola Bars Variety 36pk Bulk,2025-09-29,50,Latin America
Corrugated Roll 48in x 100ft Compact,2026-05-28,2,Middle East
Flash Drive 128GB V2,2026-04-14,2,North America
Wood Stirrers 1000pk XL,2026-01-31,5,Latin America
Desk Organizer Bamboo Max,2025-12-14,3,Europe
Ear Plugs NRR32 50pk Lite+,2026-04-11,10,Europe
Ottoman Storage HD,2026-01-08,2,Africa
Portable Charger Bulk,2025-10-15,1,Africa
Gaming Chair Racing V3,2026-04-09,3,Latin America
Work Gloves Leather 12pk XL,2025-09-23,100,Latin America
Solid Light Tuna 8pk Lite,2026-01-24,50,Latin America
Digital Camera Mirrorless Pro,2025-07-18,1,Middle East
RAM 16GB Module Lite,2026-04-24,5,Africa
Under-Desk Drawer Unit Elite,2026-03-02,3,Africa
Grout Cleaner Brush Set Advanced,2025-09-12,3,Europe
USB Microphone Plus,2026-05-02,10,Asia Pacific
File Folders 24pk Ultra,2025-12-30,5,Asia Pacific
Back Support Belt Large XL,2025-07-24,25,Middle East
CO Detector Digital Mini,2025-08-15,2,Latin America
Ballpoint Pens 12pk Smart,2026-01-19,100,Asia Pacific
Lockout Tagout Kit Compact,2026-04-02,1,Asia Pacific
Whiteboard Magnetic 48x36 Plus,2026-03-18,15,Middle East
Dish Soap Lemon 32oz Compact,2026-05-21,1,Africa
Granola Bars Variety 36pk Lite+,2025-07-10,3,Middle East
Power Strip 6-Outlet USB XL,2026-03-06,3,Asia Pacific
Pen Holder Mesh Eco,2026-04-10,25,North America
Gaming Chair Racing Compact,2026-03-27,50,Africa
Bathroom Vanity 36in Max,2026-02-04,2,Europe
Desk Lamp Architect Lite,2025-09-19,10,Europe
Glass Cleaner Spray 32oz Smart,2026-05-12,5,North America
Pallet Wrap 80ga 1500ft Eco,2025-12-06,25,Middle East
Carpet Cleaner Shampoo Standard,2025-12-10,2,Latin America
Chair Floor Mat 48x36 Standard,2026-02-04,5,Asia Pacific
Staples 5000pk HD,2026-04-01,5,Latin America
Dish Soap Lemon 32oz Pro,2026-03-07,3,North America
Face Shields Anti-Fog 5pk Ultra,2025-07-12,15,Europe
Index Cards Ruled 200pk XL,2025-06-11,25,Middle East
Corrugated Roll 48in x 100ft HD,2025-08-19,15,Asia Pacific
Desk Lamp Architect Basic,2026-03-01,2,North America
Lockout Tagout Kit XL,2025-10-10,1,Africa
Cable Protector Ramp Compact,2025-10-28,3,North America
Power Supply 750W Compact,2026-03-20,2,Europe
Ground Coffee Medium 5lb Bulk,2026-05-24,25,Africa
Ottoman Storage HD,2025-10-20,10,Africa
Desk Lamp LED Max,2025-07-08,15,Africa
External HDD 2TB Advanced,2026-02-09,20,Europe
Nightstand 2-Drawer Lite+,2025-08-08,3,North America
E-Reader Paperwhite Max,2025-06-07,5,Africa
RAM 16GB Module Plus,2026-05-07,2,North America
Chicken Noodle Soup 6pk Lite,2026-01-11,10,Middle East
Mirror Cabinet LED Compact,2025-08-25,100,Asia Pacific
Coffee Creamer Singles 100pk,2025-07-31,3,Middle East
Fire Blanket 4x6ft Smart,2025-09-02,10,Middle East
Camera Lens 50mm Max,2025-08-03,100,Asia Pacific
Large Box 18x18x18 15pk Advanced,2026-01-10,100,Asia Pacific
3-Drawer Filing Cabinet Bulk,2025-07-29,25,Europe
Stainless Steel Cleaner Standard,2025-12-30,25,Europe
Pallet Wrap 80ga 1500ft Plus,2026-05-01,10,Latin America
Letter Tray Stackable Standard,2025-12-24,3,Africa
Trash Bags 13gal 50pk Basic,2025-10-12,15,Latin America
Carpet Cleaner Shampoo Max,2025-08-11,10,Middle East
Laptop Stand Aluminum,2026-01-15,20,Asia Pacific
Legal Pads Yellow 3pk Mini,2026-01-04,10,Asia Pacific
Phone Charger 65W XL,2025-10-26,15,Latin America
Staples 5000pk Bulk,2025-09-07,2,Asia Pacific
Accent Chair Velvet Elite,2025-12-18,3,Asia Pacific
6-Drawer Dresser XL,2025-06-03,50,Middle East
Steel-Toe Work Boots V2,2025-06-22,20,Asia Pacific
Rubber Gloves Latex 3pk Max,2025-12-18,1,Middle East
Label Maker Portable XL,2026-02-01,1,Asia Pacific
Paper Cups 12oz 100pk Advanced,2026-04-17,25,Middle East
Smoke Detector 10-Year Ultra,2026-03-11,2,Europe
Cable Management Kit Ultra,2025-07-28,2,Europe
Extension Cord 25ft 12AWG Eco,2025-10-18,100,Middle East
Shoe Rack 4-Tier Bulk,2025-09-16,15,Asia Pacific
Queen Memory Foam Mattress HD,2026-02-06,100,Europe
Capture Card 4K Pro,2025-09-23,25,Europe
Shipping Tape Clear 6pk Standard,2025-10-16,2,Asia Pacific
Index Cards Ruled 200pk Bulk,2026-03-13,3,Asia Pacific
Stretch Wrap 18in 1000ft Plus,2026-03-06,15,North America
Extension Cord 25ft 12AWG Smart,2026-02-14,50,Africa
Spice Rack 20-Jar Elite,2026-01-09,2,Europe
Kitchen Degreaser Plus,2025-09-28,3,Europe
Dishwasher Pods 60pk Standard,2025-10-08,3,North America
Smoke Detector 10-Year Standard,2025-12-28,2,Middle East
Bluetooth Speaker Smart,2025-12-04,5,Latin America
Extendable Duster 10ft Plus,2025-06-18,1,Latin America
Kraft Packing Paper 25lb Standard,2026-03-08,5,Middle East
Coat Rack Standing Compact,2025-07-24,50,Africa
4-Gas Detector Meter Plus,2025-08-18,25,Latin America
Solid Light Tuna 8pk Bulk,2026-02-03,15,Europe
File Folders 24pk Lite+,2026-05-29,50,Asia Pacific
5-Tier Bookshelf Ultra,2025-08-31,5,Africa
Whiteboard Eraser Lite+,2025-11-23,15,Africa
Large Box 18x18x18 15pk Basic,2025-08-23,3,Latin America
Letter Tray Stackable Max,2026-02-03,3,North America
Kitchen Island Cart Ultra,2025-07-24,10,Asia Pacific
Surge Protector 12-Outlet Premium,2026-04-08,1,Middle East
Report Covers Prong 12pk Elite,2025-12-03,50,Middle East
Storage Cabinet Locking Lite+,2025-06-11,100,Middle East
Paper Clips 100pk Mini,2025-05-31,2,Middle East
Laptop Stand Aluminum Mini,2026-04-08,100,Middle East
Penne Pasta 6pk 1lb Ultra,2026-02-26,50,North America
Dining Table 6-seat Oak Premium,2025-05-31,50,Europe
6-Drawer Dresser Smart,2026-03-21,1,Latin America
6-Drawer Dresser Elite,2026-02-21,5,Africa
Shoe Rack 4-Tier Lite+,2025-08-01,15,Asia Pacific
Paper Shredder Cross-Cut HD,2025-12-22,5,Europe
Storage Cabinet Locking V3,2025-08-14,25,Africa
Paper Clips 100pk XL,2025-07-28,25,Europe
Smoke Detector 10-Year Compact,2026-05-23,10,North America
Dining Chair Padded 2pk Lite,2025-08-13,5,Europe
Lint Roller Mega 4pk Premium,2026-03-15,10,Europe
Wardrobe Sliding-Door Basic,2025-07-13,1,North America
Push Pins Colored 100pk Bulk,2025-07-03,2,Africa
Air Freshener Refills 3pk HD,2025-10-06,5,North America
Queen Memory Foam Mattress Max,2026-02-20,5,Europe
Wet Floor Sign Bilingual Plus,2025-07-02,5,North America
Bubble Wrap Roll 175ft Compact,2025-09-07,25,Europe
Keyboard Wrist Rest Basic,2026-01-19,25,Middle East
Granola Bars Variety 36pk Mini,2025-08-09,1,Latin America
Multigrain Crackers 8pk Pro,2026-03-21,2,Europe
Laptop Sleeve 15in Basic,2025-09-18,100,Middle East
Whiteboard Eraser V2,2025-08-01,20,Middle East
Hand Sanitizer Pump 32oz HD,2026-05-04,3,Asia Pacific
Paper Shredder Cross-Cut Mini,2026-04-02,100,Middle East
Anti-Fatigue Mat 3x5ft Bulk,2025-06-26,3,Latin America
L-Shaped Corner Desk Plus,2026-03-07,10,Asia Pacific
Vacuum Bags 6pk XL,2025-07-14,15,Europe
Paper Shredder Cross-Cut XL,2025-10-16,20,Middle East
Glue Sticks Washable 6pk Lite+,2025-07-12,2,Asia Pacific
Heavy-Duty Flashlight Mini,2025-08-26,5,North America
Raw Honey 32oz Bulk,2025-08-13,25,Latin America
Large Box 18x18x18 15pk XL,2025-08-07,15,North America
Monitor Arm Single Compact,2025-11-03,15,North America
Ground Coffee Medium 5lb HD,2026-04-05,50,North America
CO Detector Digital Ultra,2025-11-20,10,Asia Pacific
Rubber Bands 1lb HD,2026-05-19,3,Latin America
Room Divider 4-Panel XL,2025-11-11,1,North America
Noise Cancelling Headphones HD,2026-03-26,5,North America
Paper Cups 12oz 100pk V2,2026-03-20,15,Latin America
Camera Bag Backpack Ultra,2026-04-12,1,North America
Toilet Brush Set,2026-02-08,20,Latin America
Earl Grey Tea 200ct Premium,2025-08-27,15,Latin America
Kitchen Degreaser Mini,2025-12-21,5,Middle East
Poly Mailers 10x13 100pk Smart,2025-09-28,5,Middle East
Solid Light Tuna 8pk V2,2025-10-11,2,Africa
Organic Granola 2lb XL,2025-08-23,10,Asia Pacific
First Aid Kit 200-Piece Mini,2026-04-21,20,Europe
Air Freshener Refills 3pk HD,2026-05-05,3,North America
Power Strip 6-Outlet USB Smart,2025-07-30,2,Middle East
Scissors Titanium Lite+,2026-02-20,20,Europe
Scientific Calculator XL,2025-09-29,3,Asia Pacific
Electric Standing Desk HD,2026-04-02,2,Europe
AA Batteries 24pk V2,2025-06-24,50,North America
Grout Cleaner Brush Set Eco,2026-02-13,2,North America
Desk Lamp LED Lite,2025-11-16,3,Europe
Dishwasher Pods 60pk Pro,2026-05-17,15,North America
Back Support Belt Large V2,2025-10-09,10,Middle East
Extra Virgin Olive Oil 1L Mini,2026-03-01,15,Europe
Drain Cleaner Gel 32oz Standard,2026-03-12,100,Europe
Bubble Wrap Roll 175ft V3,2026-01-05,20,Asia Pacific
Bleach Concentrate 1gal Bulk,2025-06-03,10,Latin America
Queen Bed Frame Metal Ultra,2026-02-05,2,Latin America
Jasmine Rice 25lb Basic,2026-04-12,10,Asia Pacific
Fire Blanket 4x6ft Elite,2025-07-29,1,Europe
AAA Batteries 24pk Lite+,2025-12-07,5,Asia Pacific
Medium Box 12x12x12 25pk Advanced,2026-01-05,3,Europe
Stain Remover Spray Pro,2026-03-09,10,Latin America
Noise Cancelling Headphones Basic,2025-10-10,20,Africa
HDMI Cable Lite+,2026-03-26,3,Latin America
Desk Organizer Bamboo Basic,2025-06-06,25,Latin America
TV Stand 65in V3,2025-09-19,10,Africa
Dustpan Combo Lite+,2025-08-01,1,Asia Pacific
Work Gloves Leather 12pk Ultra,2025-11-28,15,Europe
Wireless Earbuds Mini,2026-03-17,10,Africa
Network Switch 8-Port Standard,2026-03-03,1,Asia Pacific
Bubble Wrap Roll 175ft HD,2025-10-23,10,Europe
Cable Management Kit Standard,2026-01-02,100,Latin America
Carpet Cleaner Shampoo Compact,2026-05-03,20,Asia Pacific
Dish Soap Lemon 32oz V2,2025-09-25,2,Middle East
Spring Water 24pk 16oz Ultra,2025-06-28,20,North America
Graphics Card RTX Premium,2025-07-02,5,Asia Pacific
Ballpoint Pens 12pk Ultra,2025-09-10,100,Latin America
Staples 5000pk Standard,2026-02-05,2,North America
Camera Bag Backpack Pro,2026-05-06,2,Asia Pacific
Vacuum Bags 6pk Lite,2025-12-05,5,Middle East
Electrolyte Mix 30pk Lemon Max,2025-11-21,3,North America
Drone Camera Pro Advanced,2025-07-06,15,Asia Pacific
Spring Water 24pk 16oz Plus,2026-02-25,10,North America
Network Switch 8-Port Plus,2025-12-03,1,Africa
Hand Soap Refill 1gal V3,2026-01-16,5,Africa
Gaming Chair Racing V3,2025-07-21,1,Africa
Chair Floor Mat 48x36 Mini,2025-10-29,50,North America
Laundry Detergent 100oz Plus,2025-09-09,5,Asia Pacific
Bar Stool Adjustable V3,2025-11-21,15,Middle East
3-Drawer Filing Cabinet Plus,2026-02-04,20,Asia Pacific
Window Squeegee 12in Max,2026-01-15,50,Latin America
Electric Standing Desk Compact,2025-07-20,25,Middle East
Smoke Detector 10-Year XL,2025-05-30,25,Asia Pacific
Storage Cabinet Locking Lite,2025-12-02,10,Europe
Jasmine Rice 25lb V3,2025-08-05,1,Africa
Kitchen Island Cart Bulk,2025-12-25,5,Latin America
Hand Soap Refill 1gal Premium,2026-03-05,25,Asia Pacific
3-Drawer Filing Cabinet Elite,2025-09-08,10,Middle East
Monitor Riser Wood Bulk,2025-06-19,50,Asia Pacific
Motherboard ATX Lite,2025-06-09,25,Middle East
Hand Soap Refill 1gal Bulk,2025-07-05,20,Latin America
Anti-Fatigue Mat 3x5ft Premium,2026-02-26,15,Europe
Whole Bean Coffee 2lb Max,2025-09-10,2,Asia Pacific
Paper Towels 12-Roll Plus,2026-05-27,50,Latin America
Chicken Noodle Soup 6pk Mini,2025-10-17,50,Africa
4-Gas Detector Meter V3,2025-07-29,10,Asia Pacific
Spin Mop System Lite,2026-04-04,100,Europe
All-Purpose Cleaner 1gal Lite,2026-03-09,10,Latin America
Electrolyte Mix 30pk Lemon Lite,2026-04-23,100,Middle East
Fire Extinguisher ABC 5lb Basic,2026-03-11,25,Asia Pacific
Grout Cleaner Brush Set XL,2026-02-08,25,North America
Grout Cleaner Brush Set,2026-05-25,3,Africa
Computer Desk Compact Premium,2025-07-15,15,Middle East
Whiteboard Magnetic 48x36 Lite,2025-11-13,5,Asia Pacific
Side Table Round V2,2025-08-16,25,Asia Pacific
Mechanical Keyboard Advanced,2026-05-01,15,Europe
Bluetooth Speaker V2,2026-02-26,1,Middle East
Shipping Labels 4x6 500ct Elite,2026-01-24,20,North America
Index Cards Ruled 200pk Standard,2025-06-13,1,North America
Rubber Gloves Latex 3pk Pro,2025-12-21,20,Asia Pacific
Sticky Notes 8pk Basic,2026-04-04,100,Latin America
Ink Cartridge Color Combo V2,2025-05-31,100,Africa
Hand Soap Refill 1gal Ultra,2026-04-23,1,Europe
Capture Card 4K Smart,2025-09-19,15,Middle East
Vacuum Bags 6pk V2,2026-05-22,20,Middle East
Cane Sugar 10lb Premium,2026-02-05,3,Africa
Sticky Notes 8pk Mini,2025-09-03,100,Asia Pacific
Bulletin Board Cork 36x24 XL,2026-04-23,2,Latin America
Trash Bags 13gal 50pk Premium,2026-02-21,1,Europe
Pantry Cabinet Tall Mini,2025-06-02,25,North America
All-Purpose Cleaner 1gal Lite+,2025-10-06,2,Middle East
Power Strip 6-Outlet USB Mini,2025-10-31,25,Middle East
Cane Sugar 10lb Pro,2025-08-20,25,Latin America
Console Table Entryway Eco,2025-06-06,5,Latin America
Green Screen 5x7ft V3,2025-07-07,2,Latin America
Angle Broom XL,2025-08-10,3,Latin America
Coffee Table Glass Smart,2025-07-21,3,Latin America
Staples 5000pk Bulk,2025-10-30,1,North America
Gaming Chair Racing Premium,2026-05-21,20,Africa
Ballpoint Pens 12pk Elite,2025-06-30,25,Latin America
Safety Goggles Anti-Fog Smart,2026-05-03,1,Middle East
Air Pillow Film Roll XL,2025-10-05,1,North America
RAM 16GB Module Bulk,2026-02-08,3,Asia Pacific
Ground Coffee Medium 5lb Lite+,2025-06-18,20,Latin America
Stainless Steel Cleaner HD,2026-04-23,50,North America
All-Purpose Cleaner 1gal XL,2026-04-11,1,Middle East
Tripod Carbon Fiber Basic,2025-12-07,5,Latin America
Report Covers Prong 12pk Smart,2026-05-26,25,North America
Laundry Hamper Bamboo XL,2026-05-19,2,North America
Bar Stool Adjustable Lite,2026-03-14,3,Europe
CPU Processor HD,2026-03-31,3,Africa
Phone Case Silicone Pro,2025-08-16,5,Middle East
3-Drawer Filing Cabinet Premium,2025-12-17,2,Africa
Action Camera 4K Ultra,2026-03-28,2,Middle East
Monitor Arm Single Eco,2026-04-25,20,Middle East
Bathroom Vanity 36in Mini,2026-01-12,100,North America
Streaming Deck MK2,2025-11-15,25,Latin America
Gaming Chair Racing Premium,2025-09-06,25,North America
Letter Tray Stackable Plus,2026-04-03,10,Middle East
Memory Card 256GB V2,2026-04-19,2,Latin America
Dish Soap Lemon 32oz V2,2026-02-27,50,Europe
Stainless Steel Cleaner HD,2026-03-13,15,North America
Shipping Tape Clear 6pk Premium,2025-11-15,10,Europe
Whiteboard Magnetic 48x36 V2,2025-07-31,15,Middle East
Mixed Nuts 2lb Canister HD,2025-11-13,2,Latin America
4-Gas Detector Meter Lite,2026-03-16,2,North America
Flammable Storage Cabinet Premium,2025-09-23,1,Europe
Chicken Noodle Soup 6pk Standard,2025-12-13,10,Asia Pacific
Smart Plug WiFi XL,2025-07-29,20,Asia Pacific
Foam Sheets 12x12 50pk Smart,2026-05-11,3,Africa
Monitor Arm Single Compact,2026-03-10,2,Middle East
Wireless Mouse Ultra,2026-03-18,15,Asia Pacific
Memory Card 256GB Lite+,2025-09-03,1,Asia Pacific
Laptop Stand Aluminum Lite,2025-10-03,15,Middle East
AAA Batteries 24pk Standard,2025-12-12,1,Europe
AAA Batteries 24pk Advanced,2026-03-18,10,Africa
TV Stand 65in Mini,2026-03-20,20,Europe
Phone Case Silicone Basic,2025-11-19,3,Europe
Poly Mailers 10x13 100pk Plus,2025-06-26,25,Africa
Stain Remover Spray V3,2026-01-02,50,Latin America
Laundry Hamper Bamboo HD,2026-03-27,5,Europe
Wireless Earbuds,2026-03-11,1,Latin America
Organic Granola 2lb V2,2025-06-10,5,Middle East
Angle Broom XL,2025-07-07,3,North America
4-Gas Detector Meter V3,2026-04-05,50,Latin America
Cocktail Napkins 500pk Standard,2025-10-24,25,Asia Pacific
Digital Camera Mirrorless Lite,2025-09-06,3,Europe
Spring Water 24pk 16oz Eco,2025-09-21,50,North America
Bathroom Cleaner Foaming XL,2026-02-19,100,North America
Shoe Rack 4-Tier Plus,2025-12-27,100,Latin America
Toilet Brush Set Bulk,2026-05-13,100,Latin America
Strapping Tape 2in 6pk V3,2025-11-10,25,Latin America
Flammable Storage Cabinet Standard,2025-08-12,20,North America
Raw Honey 32oz XL,2026-03-10,100,Latin America
Report Covers Prong 12pk Plus,2025-06-30,10,Middle East
Foam Sheets 12x12 50pk Premium,2026-04-24,1,Asia Pacific
Tape Dispenser Desktop Lite+,2025-05-29,25,North America
AAA Batteries 24pk Advanced,2025-12-28,100,Asia Pacific
Safety Goggles Anti-Fog Max,2026-01-18,15,Africa
Lint Roller Mega 4pk Mini,2026-01-14,10,Latin America
Coat Rack Standing V2,2025-10-02,25,Africa
Guest Chair Padded V2,2026-03-30,5,Africa
Graphics Card RTX Ultra,2025-07-09,25,North America
Computer Desk Compact Eco,2026-02-17,10,Europe
Coffee Table Glass Plus,2025-09-14,100,Europe
Wireless Earbuds Pro,2026-03-01,50,Latin America
Storage Bench Entryway Bulk,2026-02-08,3,Europe
Anti-Fatigue Mat 3x5ft Ultra,2025-10-02,20,Latin America
Gift Bags Medium 24pk Max,2025-12-16,10,Africa
Knee Pads Gel-Insert Mini,2025-07-10,10,Europe
Rubber Gloves Latex 3pk HD,2025-12-24,100,Asia Pacific
Ballpoint Pens 12pk Pro,2025-06-11,10,Asia Pacific
Poly Mailers 10x13 100pk Compact,2026-01-09,1,Europe
Spin Mop System Premium,2026-05-14,1,Europe
Glue Sticks Washable 6pk Eco,2026-04-08,10,Europe
AA Batteries 24pk HD,2025-10-29,15,Middle East
CO Detector Digital Max,2025-11-27,5,Middle East
Legal Pads Yellow 3pk Smart,2026-03-02,5,Europe
Dry Erase Markers 8pk Smart,2025-12-24,15,Africa
Desk Lamp LED Premium,2026-02-07,15,Latin America
Kraft Packing Paper 25lb Advanced,2025-09-08,3,Europe
First Aid Kit 200-Piece HD,2025-09-03,100,Africa
L-Shaped Corner Desk Plus,2025-10-29,15,Latin America
Whiteboard Magnetic 48x36 Compact,2025-11-22,10,Middle East
PLA Lids 12oz 100pk XL,2025-07-09,3,Africa
Capture Card 4K,2026-02-05,100,Middle East
Portable Charger,2026-04-02,5,Europe
Pallet Wrap 80ga 1500ft Pro,2025-07-08,25,Africa
UPS Battery 1500VA Max,2026-04-22,100,North America
Tissue Paper White 100pk Standard,2025-11-23,25,Latin America
Tripod Carbon Fiber Elite,2026-05-25,2,Asia Pacific
Fitness Tracker Band Ultra,2026-04-14,2,North America
Bubble Wrap Roll 175ft Mini,2025-09-01,2,Africa
Laundry Detergent 100oz Elite,2026-03-12,5,North America
Wet Floor Sign Bilingual Premium,2026-01-25,100,Asia Pacific
Bulletin Board Cork 36x24 Pro,2025-08-22,2,North America
Whole Bean Coffee 2lb Basic,2025-08-23,25,Africa
Pantry Cabinet Tall Basic,2025-11-03,15,North America
Laptop Sleeve 15in V3,2026-04-27,20,Europe
4-Gas Detector Meter Premium,2025-07-26,25,Africa
Tablet 10 inch Smart,2026-05-18,15,Latin America
SD Card Reader Lite,2025-07-23,3,North America
Cocktail Napkins 500pk Mini,2025-11-21,2,North America
Smoke Detector 10-Year Basic,2025-07-24,50,North America
Monitor 27 4K Lite,2026-05-14,100,Asia Pacific
Lockout Tagout Kit Compact,2026-02-05,1,North America
Dishwasher Pods 60pk Basic,2025-10-06,25,Europe
Hand Sanitizer Pump 32oz Compact,2026-05-22,20,Asia Pacific
Green Screen 5x7ft Mini,2025-08-13,10,Europe
Large Box 18x18x18 15pk Compact,2025-07-04,20,Africa
Whiteboard Eraser Elite,2025-08-19,1,Africa
TV Stand 65in V3,2026-03-02,20,Europe
Raw Honey 32oz Mini,2026-03-06,20,Latin America
Kraft Packing Paper 25lb Advanced,2026-02-03,2,North America
Stapler Heavy-Duty Mini,2026-01-23,2,Africa
Graphics Card RTX XL,2025-10-07,15,Europe
Laundry Hamper Bamboo Pro,2025-07-28,50,Latin America
Dustpan Combo Mini,2026-01-08,2,Asia Pacific
Ballpoint Pens 12pk Ultra,2026-02-23,20,Africa
Work Gloves Leather 12pk Lite+,2025-12-31,3,Middle East
Bulletin Board Cork 36x24 Compact,2026-05-14,20,Africa
Microfiber Cloths 12pk Ultra,2026-01-18,20,North America
Correction Tape 3pk Advanced,2026-02-17,50,Africa
Work Gloves Leather 12pk Ultra,2025-09-12,2,Latin America
Kitchen Island Cart Basic,2025-12-27,3,Africa
Paper Plates 9in 100pk Elite,2025-07-29,15,Asia Pacific
Spring Water 24pk 16oz V2,2026-05-03,15,Middle East
Gaming Chair Racing Compact,2025-06-27,25,Asia Pacific
Ring Light 18in Plus,2025-08-17,100,Asia Pacific
SD Card Reader Standard,2025-12-08,3,Middle East
6-Drawer Dresser Premium,2025-08-01,25,Europe
Dishwasher Pods 60pk Pro,2025-12-24,15,Middle East
Tripod Carbon Fiber Compact,2025-08-14,50,Middle East
Webcam HD Premium,2026-02-27,3,Asia Pacific
Scissors Titanium Smart,2025-12-04,10,North America
Cable Management Kit Standard,2025-06-30,10,Europe
Power Supply 750W Premium,2026-05-19,1,North America
Solid Light Tuna 8pk Lite,2025-07-08,100,Middle East
Whiteboard Magnetic 48x36 V2,2026-03-30,2,Latin America
Cable Protector Ramp Max,2025-09-02,15,Asia Pacific
Correction Tape 3pk V2,2026-02-12,100,Africa
Traffic Cone 28in Basic,2025-07-01,1,Africa
Bar Stool Adjustable Pro,2025-10-16,100,Middle East
Dishwasher Pods 60pk Basic,2025-11-14,3,Africa
Daily Planner 2024 Lite+,2025-07-29,3,Europe
Tissue Paper White 100pk Elite,2025-08-12,15,Europe
Back Support Belt Large Lite,2026-05-25,1,Africa
Paper Clips 100pk Premium,2025-07-12,3,Africa
Bar Stool Adjustable Pro,2025-12-01,5,Middle East
Network Switch 8-Port Lite+,2025-06-26,3,Africa
Label Maker Portable XL,2025-11-06,5,Latin America
Strawberry Jam 32oz Plus,2025-09-22,5,North America
Poly Mailers 10x13 100pk Smart,2025-11-27,3,Asia Pacific
USB-C Hub HD,2025-08-31,25,North America
Wireless Earbuds V2,2026-02-05,2,Africa
Wireless Mouse Elite,2026-03-31,2,Latin America
Toilet Brush Set XL,2026-03-28,25,Europe
Screen Protector Glass Smart,2026-02-13,15,Middle East
Mirror Cabinet LED V2,2025-10-31,3,Asia Pacific
Vacuum Bags 6pk Advanced,2025-08-14,3,North America
Streaming Deck MK2 HD,2026-04-15,15,Latin America
Ballpoint Pens 12pk Lite+,2025-12-22,10,Europe
Legal Pads Yellow 3pk Smart,2025-09-18,50,Latin America
Magazine Rack Wire Lite+,2025-10-07,2,Europe
Traffic Cone 28in Premium,2025-06-13,100,Europe
Microfiber Cloths 12pk V3,2025-06-07,50,Africa
3-Drawer Filing Cabinet Ultra,2026-04-17,1,Asia Pacific
Raw Honey 32oz XL,2026-01-07,50,Europe
Extra Virgin Olive Oil 1L Smart,2025-10-20,3,Africa
Monitor Arm Single Eco,2025-09-24,5,Middle East
Wireless Earbuds V2,2026-01-06,5,Africa
Poly Mailers 10x13 100pk Smart,2026-02-15,2,Latin America
Traffic Cone 28in Bulk,2026-03-12,1,Africa
Whole Bean Coffee 2lb Eco,2025-07-18,3,Middle East
Chicken Noodle Soup 6pk V2,2025-06-25,50,Africa
Solid Light Tuna 8pk Pro,2025-06-03,25,Middle East
Anti-Fatigue Mat 3x5ft Mini,2026-03-12,25,Latin America
Jasmine Rice 25lb Lite+,2026-04-07,15,Europe
Green Screen 5x7ft Mini,2025-06-27,25,Europe
Scrub Sponges 6pk Mini,2025-06-09,100,Latin America
Scrub Sponges 6pk Advanced,2025-11-29,1,Latin America
Shoe Rack 4-Tier Standard,2025-07-18,100,North America
Safety Goggles Anti-Fog Bulk,2025-07-05,3,Africa
Phone Case Silicone HD,2025-12-20,20,Middle East
Mixed Nuts 2lb Canister Elite,2025-08-13,10,Asia Pacific
Dish Soap Lemon 32oz Bulk,2025-10-26,10,Middle East
Pallet Wrap 80ga 1500ft HD,2026-02-13,2,North America
Earl Grey Tea 200ct V2,2025-12-17,20,Africa
6-Drawer Dresser XL,2025-08-25,15,Asia Pacific
Spice Rack 20-Jar Premium,2026-05-15,3,Latin America
Shipping Labels 4x6 500ct Lite+,2026-03-26,2,Middle East
Ergonomic Office Chair Max,2025-11-09,1,Africa
Mouse Pad XXL Advanced,2025-11-01,5,Europe
Carpet Cleaner Shampoo Max,2025-06-13,15,Africa
Monitor 27 4K V2,2025-08-21,15,Europe
4-Gas Detector Meter Premium,2025-07-29,2,Latin America
Green Screen 5x7ft HD,2025-11-29,20,North America
Dish Soap Lemon 32oz Mini,2025-06-08,1,Latin America
Pen Holder Mesh Advanced,2026-01-26,100,Middle East
Stainless Steel Cleaner Eco,2025-10-17,2,Africa
Ink Cartridge Black XL Smart,2026-01-01,50,Asia Pacific
Vacuum Bags 6pk Compact,2025-12-16,10,Asia Pacific
Window Squeegee 12in V3,2026-02-17,1,North America
Guest Chair Padded Smart,2025-07-03,10,Asia Pacific
HDMI Cable XL,2025-06-18,25,Africa
Ballpoint Pens 12pk Plus,2025-10-01,10,North America
Bathroom Vanity 36in Mini,2025-12-30,20,Africa
Clipboard Letter-Size Premium,2025-12-03,2,Middle East
Penne Pasta 6pk 1lb Smart,2026-04-10,20,Europe
Lint Roller Mega 4pk Max,2026-03-01,15,Europe
Bathroom Vanity 36in Smart,2026-01-25,20,Europe
Magazine Rack Wire Max,2025-12-10,25,Africa
Steel-Toe Work Boots Mini,2025-10-04,50,Latin America
Guest Chair Padded Advanced,2026-05-01,25,North America
Tripod Carbon Fiber Basic,2025-12-08,1,Latin America
Pallet Wrap 80ga 1500ft Smart,2025-11-15,20,Latin America
Dining Table 6-seat Oak Compact,2025-11-13,100,Africa
Legal Pads Yellow 3pk Lite,2025-11-28,1,Middle East
Monitor 27 4K Standard,2025-11-26,3,Latin America
Steel-Toe Work Boots Plus,2026-05-05,20,Middle East
3-Seat Sofa Fabric Plus,2025-11-01,15,Asia Pacific
Laundry Hamper Bamboo Pro,2026-02-11,3,Latin America
Letter Tray Stackable Lite,2026-01-19,25,Asia Pacific
Face Shields Anti-Fog 5pk Ultra,2026-04-05,10,North America
Organic Granola 2lb Premium,2025-06-19,10,North America
Pen Holder Mesh Plus,2026-01-16,5,Middle East
Wardrobe Sliding-Door Standard,2025-09-05,10,Middle East
Raw Honey 32oz Elite,2026-02-11,15,Middle East
Phone Charger 65W XL,2025-11-12,1,North America
Capture Card 4K,2026-04-25,50,Africa
AAA Batteries 24pk Lite+,2026-03-11,1,Middle East
Camera Lens 50mm Smart,2026-04-05,20,Africa
Digital Camera Mirrorless Eco,2025-08-31,50,North America
Drain Cleaner Gel 32oz V2,2026-02-08,100,Africa
Whiteboard Eraser Lite+,2026-03-16,25,North America
Hazmat Spill Kit 5gal Ultra,2026-04-11,50,Middle East
WiFi Router AX Ultra,2026-02-06,50,North America
Stain Remover Spray Bulk,2025-07-21,50,Latin America
SSD 1TB Plus,2025-07-24,3,North America
N95 Dust Masks 50pk Lite+,2025-12-10,1,North America
Desk Lamp LED V3,2025-09-03,2,Latin America
Coffee Table Glass Advanced,2025-11-25,25,Latin America
Work Gloves Leather 12pk V3,2026-05-25,2,Middle East
Laptop Stand Aluminum Standard,2025-09-05,20,Africa
Paper Towels 12-Roll Bulk,2025-06-13,15,Africa
Surge Protector 12-Outlet Plus,2026-03-26,20,Europe
UPS Battery 1500VA Lite+,2025-07-28,2,Asia Pacific
Tape Dispenser Desktop Ultra,2025-06-12,50,Middle East
Shoe Rack 4-Tier Premium,2026-03-04,50,North America
Wireless Earbuds Max,2025-11-04,20,Asia Pacific
Bulletin Board Cork 36x24 Plus,2026-04-18,25,Latin America
Wood Polish Spray XL,2026-04-20,5,North America
Power Supply 750W Lite+,2025-07-19,25,Asia Pacific
Ground Coffee Medium 5lb V3,2026-01-24,2,Europe
Packing Peanuts 14cu ft Compact,2026-03-20,25,Africa
Room Divider 4-Panel Smart,2025-10-23,3,Asia Pacific
Pen Holder Mesh V2,2025-07-18,5,Latin America
SSD 1TB Mini,2025-06-26,15,North America
Wireless Earbuds Plus,2025-09-06,3,Asia Pacific
Mirror Cabinet LED V2,2025-10-24,15,North America
Steel-Toe Work Boots Advanced,2026-02-09,100,North America
Desk Lamp LED Basic,2026-03-04,25,North America
Side Table Round Basic,2025-12-12,10,Middle East
Organic Granola 2lb XL,2026-02-19,20,Europe
Smoke Detector 10-Year Lite+,2026-04-12,5,Asia Pacific
SSD 1TB XL,2026-01-30,15,North America
Ink Cartridge Color Combo Advanced,2026-02-15,10,Latin America
Storage Cabinet Locking,2025-05-29,25,Asia Pacific
Carpet Cleaner Shampoo Max,2025-10-29,50,Latin America
Medium Box 12x12x12 25pk Eco,2025-10-13,10,Africa
N95 Dust Masks 50pk XL,2025-12-29,20,Africa
Shoe Rack 4-Tier Smart,2025-12-25,10,Middle East
Back Support Belt Large Ultra,2026-04-01,50,Latin America
Printer Paper A4 5-Ream Eco,2025-07-19,50,Africa
Gift Bags Medium 24pk XL,2026-04-05,3,Asia Pacific
SSD 1TB Bulk,2025-12-14,50,Middle East
UPS Battery 1500VA Pro,2025-09-21,25,Asia Pacific
Label Maker Portable Standard,2026-05-09,15,North America
Ink Cartridge Color Combo Premium,2026-04-26,15,North America
Coffee Creamer Singles 100pk Lite+,2025-12-22,20,Asia Pacific
Eye Wash Station Wall Bulk,2025-08-23,20,Asia Pacific
Whey Protein 5lb Chocolate Eco,2025-10-27,100,Middle East
Mirror Cabinet LED Pro,2025-10-22,5,Middle East
Staples 5000pk Plus,2026-01-13,10,Latin America
Index Cards Ruled 200pk Plus,2025-09-20,2,Europe
Sticky Notes 8pk Bulk,2026-04-15,3,Asia Pacific
Safety Goggles Anti-Fog Pro,2026-01-27,50,Africa
Hand Soap Refill 1gal Pro,2025-07-06,5,Asia Pacific
Lint Roller Mega 4pk V2,2026-04-15,1,Latin America
Ink Cartridge Black XL Compact,2025-10-07,3,Middle East
Printer Paper A4 5-Ream Standard,2025-07-16,25,Latin America
Shipping Labels 4x6 500ct Lite,2025-11-15,15,Latin America
Sheet Protectors 50pk Ultra,2026-03-10,1,Latin America
Laptop Sleeve 15in V3,2025-09-16,1,Europe
Toilet Paper 24-Roll Pro,2025-07-23,5,Europe
Nightstand 2-Drawer Compact,2025-10-16,25,Latin America
Bar Stool Adjustable XL,2025-12-21,2,North America
Dustpan Combo Compact,2025-06-13,50,Asia Pacific
Wet Floor Sign Bilingual V2,2025-08-03,25,North America
Air Pillow Film Roll V3,2026-04-02,50,Europe
Ergonomic Office Chair Basic,2026-05-01,1,Europe
Staples 5000pk Mini,2026-01-09,1,Middle East
Chair Floor Mat 48x36 XL,2026-01-24,15,Africa
Power Supply 750W Elite,2025-09-10,3,Latin America
Storage Cabinet Locking Compact,2025-06-13,2,Latin America
Rubber Gloves Latex 3pk Elite,2025-06-12,3,North America
Wireless Mouse Compact,2026-04-19,1,Latin America
Drone Camera Pro Lite,2025-11-08,10,Latin America
Notebooks College-Ruled 6pk Elite,2025-11-26,2,Middle East
Cocktail Napkins 500pk Basic,2026-01-13,25,Middle East
Ink Cartridge Black XL XL,2025-09-11,25,Africa
Motherboard ATX Smart,2025-07-05,100,Latin America
Coffee Table Glass XL,2025-08-21,50,Asia Pacific
Angle Broom Ultra,2025-09-15,25,Middle East
Notebooks College-Ruled 6pk HD,2025-11-28,25,Africa
Tape Dispenser Desktop V3,2025-09-27,2,North America
Hard Hat OSHA-Compliant Plus,2025-07-27,2,Latin America
Computer Desk Compact XL,2025-07-25,10,Latin America
Ink Cartridge Black XL Pro,2025-07-02,100,North America
Corrugated Roll 48in x 100ft Lite+,2025-11-18,100,Africa
Memory Card 256GB Plus,2026-02-28,5,Africa
Medium Box 12x12x12 25pk Pro,2025-08-10,15,North America
Safety Goggles Anti-Fog,2025-08-27,5,Europe
Tape Dispenser Desktop Standard,2025-09-19,50,Latin America
Bluetooth Speaker XL,2025-09-05,20,Middle East
Ballpoint Pens 12pk Premium,2025-06-25,100,Middle East
Waste Basket Metal Compact,2025-12-26,3,North America
Hard Hat OSHA-Compliant,2026-02-01,3,Latin America
Surge Protector 12-Outlet XL,2025-12-11,1,Africa
Trash Bags 13gal 50pk Standard,2026-05-04,15,Europe
Grout Cleaner Brush Set Basic,2026-04-11,2,Asia Pacific
Graphics Card RTX Plus,2026-03-04,1,Africa
Work Gloves Leather 12pk V2,2025-11-02,15,North America
Emergency Kit 72-Hour Premium,2026-02-04,5,Asia Pacific
Coffee Creamer Singles 100pk HD,2025-08-14,10,Middle East
Conference Table 8-seat Bulk,2025-09-28,20,North America
Whiteboard Magnetic 48x36 Max,2025-05-30,100,Latin America
Laundry Detergent 100oz Basic,2025-06-11,2,North America
Wood Stirrers 1000pk HD,2026-01-11,100,Europe
Motherboard ATX Basic,2025-07-31,25,North America
Spice Rack 20-Jar Max,2025-12-18,5,Middle East
Fire Blanket 4x6ft Lite+,2025-10-24,50,Latin America
Sticky Notes 8pk Max,2026-04-24,3,Africa
Wood Stirrers 1000pk Lite+,2025-08-12,25,Latin America
Binder Clips Assorted 24pk Bulk,2025-11-18,3,North America
Mirror Cabinet LED Max,2025-07-08,5,Asia Pacific
Strawberry Jam 32oz V3,2025-07-10,15,Latin America
Coffee Creamer Singles 100pk Eco,2026-04-25,10,Africa
Accent Chair Velvet Elite,2026-03-29,15,Africa
Floor Cleaner Concentrate XL,2025-06-23,50,Africa
Graph Paper Pad 4x4 Plus,2025-06-13,10,Middle East
Daily Planner 2024 Compact,2025-07-05,100,Middle East
Lint Roller Mega 4pk XL,2025-11-25,5,North America
Cocktail Napkins 500pk Max,2026-05-04,1,Middle East
Chair Floor Mat 48x36 Standard,2025-12-11,100,North America
Graph Paper Pad 4x4 Smart,2026-05-05,1,Europe
Paper Clips 100pk Bulk,2026-04-06,25,North America
Phone Case Silicone Ultra,2025-11-03,10,Europe
Glue Sticks Washable 6pk XL,2026-01-25,25,Africa
Desk Organizer Bamboo Basic,2026-02-07,2,Europe
Cocktail Napkins 500pk Basic,2025-07-09,3,Asia Pacific
Fitness Tracker Band Max,2025-12-31,25,North America
Spin Mop System XL,2025-09-09,100,Latin America
Cane Sugar 10lb Eco,2025-11-09,3,North America
Camera Lens 50mm XL,2025-09-26,25,Middle East
3-Hole Punch Max,2025-06-26,10,Africa
First Aid Kit 200-Piece Premium,2025-07-05,100,Europe
Tape Dispenser Desktop Max,2026-05-12,2,Latin America
Mirror Cabinet LED XL,2025-09-18,10,Middle East
Recliner Leather Basic,2026-03-22,2,Africa
Daily Planner 2024 Plus,2026-04-15,25,Asia Pacific
Carpet Cleaner Shampoo,2025-09-20,100,Latin America
Shipping Labels 4x6 500ct Max,2026-04-18,5,Europe
Tablet 10 inch V3,2025-06-12,1,Africa
Traffic Cone 28in Elite,2026-01-09,100,Latin America
Wireless Earbuds Plus,2026-04-18,100,Latin America
Action Camera 4K V3,2025-07-04,15,North America
Laminator Machine A4 Lite+,2025-11-08,20,Europe
Penne Pasta 6pk 1lb Premium,2026-04-12,10,Asia Pacific
Monitor 27 4K XL,2026-05-03,20,Asia Pacific
Face Shields Anti-Fog 5pk Mini,2025-06-10,50,Africa
L-Shaped Corner Desk Plus,2025-09-12,20,Europe
Back Support Belt Large Lite+,2026-02-09,25,Middle East
Index Cards Ruled 200pk Plus,2025-06-07,25,Latin America
Camera Bag Backpack Premium,2025-06-17,25,North America
Paper Cups 12oz 100pk Max,2026-04-26,100,Middle East
Granola Bars Variety 36pk Plus,2026-02-19,100,North America
Index Cards Ruled 200pk Eco,2025-11-16,25,North America
Tablet 10 inch Advanced,2025-09-21,1,North America
Sticky Notes 8pk Mini,2026-03-03,25,Middle East
Toilet Paper 24-Roll V3,2025-10-24,3,Africa
Capture Card 4K Max,2025-12-24,15,Europe
Grout Cleaner Brush Set Smart,2025-09-13,10,Europe
Wireless Mouse,2025-06-05,1,Europe
Memory Card 256GB V3,2025-08-23,25,Middle East
Laptop Sleeve 15in Compact,2026-05-09,20,Asia Pacific
Power Supply 750W Elite,2025-12-06,100,Asia Pacific
Nightstand 2-Drawer Pro,2025-07-28,2,Africa
Daily Planner 2024 Elite,2025-08-26,20,Middle East
Storage Cabinet Locking Eco,2025-12-25,100,Africa
Chicken Noodle Soup 6pk Eco,2025-09-22,10,Middle East
Air Freshener Refills 3pk Max,2026-02-19,3,North America
Strawberry Jam 32oz Compact,2025-08-05,3,Europe
Disinfectant Wipes 6pk Plus,2025-08-19,20,Middle East
Dishwasher Pods 60pk Pro,2026-05-16,5,Latin America
Streaming Deck MK2 Ultra,2025-11-20,25,Middle East
SD Card Reader Smart,2026-01-03,15,Latin America
3-Drawer Filing Cabinet Plus,2025-06-08,20,Asia Pacific
Memory Card 256GB Lite,2026-05-27,100,Europe
Heavy-Duty Plunger XL,2025-10-27,10,Europe
Angle Broom,2025-09-13,2,Europe
Paper Clips 100pk HD,2026-03-14,3,Asia Pacific
Scissors Titanium Lite,2025-11-21,1,Asia Pacific
Ottoman Storage V2,2026-03-20,3,Latin America
CPU Processor Compact,2025-12-24,5,Africa
Wardrobe Sliding-Door Max,2025-11-19,1,Middle East
Push Pins Colored 100pk Bulk,2025-12-19,15,Africa
Shoe Rack 4-Tier V3,2025-07-04,25,Europe
Dry Erase Markers 8pk Advanced,2026-01-03,100,Europe
Kraft Paper Roll 36in x 200ft Basic,2025-10-24,20,Europe
Shipping Labels 4x6 500ct Basic,2025-06-27,10,Latin America
Disinfectant Wipes 6pk HD,2025-10-22,1,Europe
Under-Desk Drawer Unit Premium,2026-03-13,50,North America
Jasmine Rice 25lb Lite+,2026-04-24,1,North America
Flammable Storage Cabinet HD,2026-01-19,15,Middle East
Fabric Softener Sheets 240ct Bulk,2025-09-01,20,Asia Pacific
Heavy-Duty Flashlight Premium,2025-07-11,25,Africa
Bar Stool Adjustable Bulk,2026-01-27,100,Middle East
Flammable Storage Cabinet V2,2025-11-11,100,Latin America
Wireless Mouse Mini,2026-01-24,5,Middle East
Desk Lamp Architect Advanced,2026-02-15,5,Middle East
Kitchen Island Cart Compact,2026-02-18,50,Latin America
USB Microphone Basic,2025-10-22,50,Middle East
Balsamic Vinegar 500ml Plus,2025-08-20,20,Middle East
Staples 5000pk Max,2025-08-31,3,Asia Pacific
Mechanical Keyboard V3,2026-03-28,25,Europe
Dining Chair Padded 2pk HD,2025-10-19,50,North America
File Folders 24pk Bulk,2025-11-17,15,Europe
Extendable Duster 10ft Bulk,2026-03-18,5,Asia Pacific
Desk Organizer Bamboo XL,2025-09-20,100,Africa
Chicken Noodle Soup 6pk Smart,2025-07-18,5,Latin America
Portable Charger Premium,2025-09-20,5,Africa
Chicken Noodle Soup 6pk Smart,2025-11-26,3,North America
Ink Cartridge Color Combo Basic,2025-07-24,50,North America
Bathroom Vanity 36in V2,2025-09-07,10,Middle East
Guest Chair Padded Advanced,2026-05-14,5,Europe
Packing Peanuts 14cu ft Premium,2026-01-01,3,Middle East
Keyboard Wrist Rest Pro,2025-07-18,15,North America
Strawberry Jam 32oz HD,2025-11-08,25,Europe
Gift Bags Medium 24pk Advanced,2026-03-12,20,Africa
Mixed Nuts 2lb Canister HD,2025-10-19,3,Middle East
Spring Water 24pk 16oz Lite,2026-05-01,25,Latin America
Vacuum Bags 6pk XL,2025-10-08,25,Middle East
Scientific Calculator XL,2025-10-30,25,Africa
Dishwasher Pods 60pk Lite+,2026-02-01,100,Latin America
Pantry Cabinet Tall Max,2025-08-30,2,Middle East
Mirror Cabinet LED Smart,2025-11-27,100,Latin America
Lockout Tagout Kit Mini,2025-10-21,50,Middle East
Grout Cleaner Brush Set Ultra,2025-08-11,5,Europe
WiFi Router AX Bulk,2025-11-25,5,Africa
Desk Lamp LED V2,2026-01-06,1,Africa
Wireless Earbuds V2,2026-03-10,10,Europe
Satin Ribbon Roll 50yd V3,2026-03-30,1,Africa
Large Box 18x18x18 15pk V2,2026-01-26,3,Asia Pacific
Coffee Table Glass Max,2025-06-09,25,Latin America
Ink Cartridge Color Combo Advanced,2025-11-11,15,North America
Accent Chair Velvet Lite+,2025-08-28,10,Middle East
Fire Extinguisher ABC 5lb Bulk,2025-07-19,50,Latin America
Bluetooth Speaker Pro,2025-11-09,2,Europe
Fire Extinguisher ABC 5lb Lite,2025-08-05,10,North America
Scissors Titanium Ultra,2026-01-28,15,Latin America
Power Supply 750W Advanced,2026-01-14,25,Latin America
Keyboard Wrist Rest Plus,2026-02-14,100,Middle East
Bathroom Cleaner Foaming Elite,2025-09-28,3,Latin America
PLA Lids 12oz 100pk Standard,2025-06-05,50,Asia Pacific
Mouse Pad XXL Lite+,2026-05-24,25,Europe
Glue Sticks Washable 6pk V3,2025-06-17,10,Europe
Air Pillow Film Roll HD,2025-07-02,15,Middle East
Hard Hat OSHA-Compliant Lite,2026-05-25,1,Middle East
Stain Remover Spray Premium,2025-08-01,50,Latin America
5-Tier Bookshelf Smart,2025-06-12,100,Europe
Mechanical Keyboard Compact,2025-06-06,10,Africa
Side Table Round V2,2025-12-20,1,Asia Pacific
Cable Management Kit Elite,2026-01-13,100,North America
Daily Planner 2024 Basic,2025-09-14,25,Africa
Storage Cabinet Locking Smart,2025-12-04,100,Latin America
Computer Desk Compact Standard,2026-01-10,5,Asia Pacific
Kitchen Degreaser Compact,2025-12-16,5,Latin America
Earl Grey Tea 200ct XL,2025-12-30,100,Middle East
Whey Protein 5lb Chocolate Ultra,2026-04-08,1,Latin America
Scrub Sponges 6pk Lite,2025-08-09,100,Africa
CO Detector Digital Smart,2025-10-08,3,Europe
Correction Tape 3pk V2,2026-03-18,20,Asia Pacific
Satin Ribbon Roll 50yd Compact,2025-11-17,2,Asia Pacific
Raw Honey 32oz Mini,2026-01-26,5,North America
Legal Pads Yellow 3pk,2026-03-15,25,North America
Mirror Cabinet LED XL,2025-10-06,15,Africa
Raw Honey 32oz Standard,2025-09-28,20,Middle East
Dustpan Combo Basic,2025-06-09,20,Africa
Grout Cleaner Brush Set Lite,2026-01-25,50,Africa
Rubber Bands 1lb Standard,2025-12-17,2,Asia Pacific
Ground Coffee Medium 5lb Smart,2026-01-26,50,Latin America
Storage Bench Entryway Ultra,2025-07-29,1,North America
Satin Ribbon Roll 50yd HD,2025-10-19,50,North America
Keyboard Wrist Rest Advanced,2026-05-10,25,Asia Pacific
Mixed Nuts 2lb Canister Lite,2026-05-26,1,North America
Presentation Folders 25pk Elite,2025-07-20,100,Africa
Fire Extinguisher ABC 5lb Plus,2025-12-02,15,Middle East
Index Cards Ruled 200pk Plus,2025-12-03,100,Europe
Smoke Detector 10-Year Plus,2025-08-03,3,Europe
Smoke Detector 10-Year Plus,2026-01-17,10,Asia Pacific
Medium Box 12x12x12 25pk Basic,2025-10-18,15,Europe
RAM 16GB Module Bulk,2026-02-26,3,North America
Smart Watch Pro Lite+,2025-08-28,100,Asia Pacific
Scissors Titanium Premium,2026-04-17,5,Middle East
Hand Sanitizer Pump 32oz Lite+,2025-08-10,100,Asia Pacific
Heavy-Duty Flashlight V3,2026-04-16,25,Latin America
N95 Dust Masks 50pk HD,2025-07-26,5,Europe
External HDD 2TB Lite,2026-05-03,5,Middle East
Stain Remover Spray Plus,2025-12-18,20,Middle East
Pallet Wrap 80ga 1500ft Lite,2025-08-02,1,Latin America
3-Seat Sofa Fabric,2025-12-02,20,Middle East
Whiteboard Magnetic 48x36 Max,2025-06-01,2,North America
Strapping Tape 2in 6pk Elite,2025-10-21,5,Latin America
Penne Pasta 6pk 1lb Plus,2026-04-02,2,Europe
Ballpoint Pens 12pk Mini,2025-09-23,10,North America
L-Shaped Corner Desk Premium,2025-09-14,2,North America
Graphics Card RTX Plus,2026-02-21,1,Africa
6-Drawer Dresser V3,2025-08-07,100,Europe
Fabric Softener Sheets 240ct Ultra,2025-08-31,3,North America
Monitor Arm Single Compact,2025-12-20,3,Middle East
Fabric Softener Sheets 240ct V2,2025-09-06,100,Middle East
Laptop Sleeve 15in Pro,2025-08-05,100,Latin America
Queen Memory Foam Mattress Premium,2025-09-13,100,Europe
Label Maker Portable,2025-07-05,3,Middle East
Accent Chair Velvet Lite+,2026-05-01,15,Europe
Dining Table 6-seat Oak Bulk,2025-09-14,15,North America
Stain Remover Spray V3,2025-11-14,1,Middle East
RAM 16GB Module Pro,2026-02-21,2,Middle East
Action Camera 4K Mini,2026-03-14,20,North America
Face Shields Anti-Fog 5pk Standard,2025-06-04,50,Asia Pacific
Safety Goggles Anti-Fog Pro,2025-09-01,100,Latin America
Bubble Wrap Roll 175ft V3,2026-01-15,100,Middle East
Dry Erase Markers 8pk Pro,2025-08-22,10,Asia Pacific
Ground Coffee Medium 5lb HD,2026-05-22,100,Europe
SSD 1TB Advanced,2025-10-22,15,Asia Pacific
Ink Cartridge Black XL Compact,2026-04-24,100,Europe
Electrolyte Mix 30pk Lemon Elite,2025-09-16,1,Africa
Vacuum Bags 6pk V2,2025-11-20,10,Middle East
Green Screen 5x7ft Compact,2025-12-24,50,Latin America
Ink Cartridge Black XL Compact,2025-12-08,20,Latin America
Wireless Earbuds V2,2026-02-03,1,Africa
Rubber Gloves Latex 3pk Compact,2025-11-20,20,North America
5-Tier Bookshelf Elite,2025-07-01,10,Asia Pacific
Extension Cord 25ft 12AWG HD,2025-11-10,2,Asia Pacific
Presentation Folders 25pk,2026-04-10,3,Africa
Shipping Labels 4x6 500ct Max,2026-02-05,15,North America
Stretch Wrap 18in 1000ft Max,2025-11-08,15,Latin America
Sheet Protectors 50pk Compact,2026-05-01,15,North America
Trash Bags 13gal 50pk Ultra,2025-07-17,1,Middle East
Paper Clips 100pk XL,2025-11-26,15,Africa
Action Camera 4K V2,2025-10-22,15,Latin America
Kraft Packing Paper 25lb Bulk,2025-08-08,5,Latin America
Wireless Mouse Ultra,2025-06-05,5,Middle East
Camera Lens 50mm HD,2025-07-25,10,Latin America
Foam Sheets 12x12 50pk Smart,2026-02-03,25,Europe
Laptop Stand Aluminum Advanced,2025-08-12,100,North America
L-Shaped Corner Desk Premium,2026-02-21,15,Europe
Smoke Detector 10-Year V2,2025-06-08,100,Africa
Cable Protector Ramp Advanced,2025-11-12,1,Middle East
Monitor Arm Single Compact,2026-05-16,3,Latin America
Webcam HD Lite+,2026-01-10,25,North America
UPS Battery 1500VA Compact,2025-12-23,3,Asia Pacific
Monitor Riser Wood V3,2025-06-30,5,Europe
Grout Cleaner Brush Set Plus,2026-04-08,2,Africa
Staples 5000pk Max,2026-05-04,3,Latin America
Kitchen Island Cart XL,2025-10-28,3,Europe
Tablet 10 inch Premium,2025-10-11,5,Africa
PLA Lids 12oz 100pk Premium,2025-08-20,2,Europe
Shoe Rack 4-Tier Bulk,2026-01-22,1,Middle East
PC Case Mid-Tower Eco,2025-08-27,5,North America
Anti-Fatigue Mat 3x5ft Premium,2025-11-21,3,Europe
Paper Clips 100pk Basic,2025-08-29,1,Europe
Paper Shredder Cross-Cut Ultra,2025-11-13,5,Europe
Queen Bed Frame Metal Bulk,2026-02-26,50,Latin America
AAA Batteries 24pk Bulk,2025-07-09,3,Asia Pacific
Shipping Labels 4x6 500ct HD,2025-12-17,20,Middle East
Portable Charger V2,2025-10-30,50,North America
Medium Box 12x12x12 25pk Advanced,2025-06-26,15,Middle East
Presentation Folders 25pk Compact,2026-05-13,1,Africa
Strawberry Jam 32oz Bulk,2025-08-18,100,Africa
Angle Broom Ultra,2025-06-05,5,Middle East
Foam Sheets 12x12 50pk V3,2025-12-13,25,Asia Pacific
Hard Hat OSHA-Compliant Compact,2026-05-02,2,Asia Pacific
Multigrain Crackers 8pk Eco,2026-02-05,50,Africa
Emergency Kit 72-Hour Premium,2025-12-10,25,Middle East
All-Purpose Cleaner 1gal Pro,2025-08-16,1,Latin America
Monitor 27 4K Ultra,2025-07-16,10,Middle East
Anti-Fatigue Mat 3x5ft Premium,2026-04-05,10,Middle East
Desk Organizer Bamboo Standard,2026-04-01,15,Africa
Laptop Sleeve 15in Pro,2025-07-09,2,Asia Pacific
Organic Granola 2lb Plus,2025-10-23,20,North America
Queen Bed Frame Metal Standard,2025-07-28,100,Asia Pacific
Electric Standing Desk Standard,2026-04-03,25,North America
Drone Camera Pro Bulk,2026-05-28,20,Asia Pacific
AAA Batteries 24pk Advanced,2026-03-18,20,Latin America
Camera Bag Backpack Pro,2025-08-28,50,Asia Pacific
Extendable Duster 10ft Lite+,2025-12-20,15,Europe
Lockout Tagout Kit Advanced,2025-07-09,20,Europe
Mirror Cabinet LED Standard,2025-09-17,20,Latin America
Solid Light Tuna 8pk Lite+,2025-07-24,100,Asia Pacific
Mirror Cabinet LED Pro,2025-07-27,1,Europe
Sea Salt & Pepper Set Basic,2026-02-01,10,Asia Pacific
Vacuum Bags 6pk Standard,2026-03-23,5,Middle East
Conference Table 8-seat Lite+,2025-10-22,3,Europe
Toilet Brush Set Eco,2025-10-22,10,Middle East
Noise Cancelling Headphones Smart,2025-12-22,100,Africa
Trash Bags 13gal 50pk Basic,2025-09-02,20,North America
Presentation Folders 25pk XL,2025-11-13,3,Middle East
Keyboard Wrist Rest Lite+,2026-01-30,20,Europe
Stain Remover Spray Basic,2025-12-09,50,North America
Satin Ribbon Roll 50yd Max,2025-11-19,5,Europe
Corrugated Roll 48in x 100ft Max,2025-06-26,15,North America
Cane Sugar 10lb Elite,2026-02-16,2,Africa
All-Purpose Cleaner 1gal Basic,2025-12-04,20,North America
Graphics Card RTX Ultra,2026-04-04,25,North America
Recliner Leather HD,2025-09-23,50,Asia Pacific
CO Detector Digital Max,2026-02-22,10,Asia Pacific
Laptop Sleeve 15in Lite,2025-08-07,5,Latin America
Stainless Steel Cleaner Max,2026-03-01,5,Middle East
Dining Table 6-seat Oak Lite+,2026-04-03,25,Latin America
Console Table Entryway Plus,2025-07-21,20,Middle East
Bulletin Board Cork 36x24 Pro,2026-03-03,15,Middle East
Phone Charger 65W Bulk,2025-12-06,50,Asia Pacific
Multigrain Crackers 8pk Smart,2026-02-18,2,Europe
Motherboard ATX Ultra,2025-06-02,15,Africa
Dustpan Combo V2,2025-06-15,25,Asia Pacific
Bathroom Vanity 36in,2025-09-01,25,Asia Pacific
Shipping Labels 4x6 500ct Advanced,2026-01-09,1,Latin America
Queen Memory Foam Mattress Lite+,2025-07-21,25,Europe
Monitor 27 4K Standard,2025-07-12,20,North America
Fire Blanket 4x6ft V3,2025-09-22,15,Latin America
Push Pins Colored 100pk Bulk,2025-10-17,25,Middle East
Jasmine Rice 25lb Lite,2026-05-01,20,North America
Large Box 18x18x18 15pk XL,2026-01-25,10,Asia Pacific
Chicken Noodle Soup 6pk Premium,2025-12-12,2,North America
Hazmat Spill Kit 5gal Compact,2026-05-10,100,Asia Pacific
Heavy-Duty Plunger XL,2025-12-10,15,North America
Chair Floor Mat 48x36 XL,2025-06-24,3,Asia Pacific
6-Drawer Dresser Premium,2025-11-22,3,Middle East
Lockout Tagout Kit Max,2025-10-20,5,Asia Pacific
Cable Management Kit Compact,2026-01-21,1,North America
Mixed Nuts 2lb Canister Smart,2025-10-23,2,Africa
Balsamic Vinegar 500ml Elite,2026-05-05,20,Asia Pacific
Phone Case Silicone HD,2026-03-30,10,Asia Pacific
Flammable Storage Cabinet Max,2026-02-10,5,Latin America
Tissue Paper White 100pk V3,2025-12-02,3,North America
Tripod Carbon Fiber Ultra,2025-11-26,20,Middle East
Streaming Deck MK2 Eco,2026-01-08,20,Africa
Fabric Softener Sheets 240ct Smart,2025-11-16,10,North America
Bleach Concentrate 1gal Plus,2025-09-29,5,Europe
AA Batteries 24pk V2,2025-10-24,50,Asia Pacific
Laminator Machine A4,2025-07-17,2,Europe
Gift Boxes Assorted 12pk Eco,2026-04-23,25,Middle East
Binder Clips Assorted 24pk Pro,2026-05-22,100,North America
Surge Protector 12-Outlet V3,2026-04-03,100,Asia Pacific
Spice Rack 20-Jar V3,2025-07-05,2,Africa
Smoke Detector 10-Year Lite,2025-12-27,15,North America
Glue Sticks Washable 6pk Ultra,2025-08-04,15,North America
Paper Clips 100pk Bulk,2025-08-04,15,Asia Pacific
Drain Cleaner Gel 32oz Standard,2026-02-22,50,Latin America
3-Seat Sofa Fabric Bulk,2026-02-10,20,Middle East
SD Card Reader Lite+,2025-10-02,3,Middle East
Smart Watch Pro Lite+,2025-10-23,2,Middle East
Heavy-Duty Plunger Lite+,2025-08-29,10,Europe
First Aid Kit 200-Piece Bulk,2025-09-05,50,North America
Work Gloves Leather 12pk Compact,2025-08-26,10,Middle East
Toilet Brush Set Max,2025-10-02,3,Europe
Bleach Concentrate 1gal V2,2026-05-18,100,Middle East
CPU Processor Lite,2025-10-08,1,Asia Pacific
Whey Protein 5lb Chocolate Premium,2025-11-13,10,Asia Pacific
Envelopes White 100pk Advanced,2026-05-28,5,North America
Organic Granola 2lb Ultra,2026-05-26,20,Africa
E-Reader Paperwhite,2026-01-16,15,Africa
Wireless Mouse Mini,2026-03-27,100,Middle East
Paper Towels 12-Roll Bulk,2025-09-10,2,Middle East
Paper Cups 12oz 100pk Pro,2026-01-31,5,North America
Creamy Peanut Butter 40oz,2026-02-28,25,Africa
Glue Sticks Washable 6pk Pro,2025-11-17,5,Africa
Dustpan Combo V2,2025-10-08,3,Europe
Tissue Paper White 100pk Lite+,2025-09-17,5,Latin America
Glue Sticks Washable 6pk Lite,2025-12-15,1,Asia Pacific
Scrub Sponges 6pk Smart,2026-02-12,3,Africa
4-Gas Detector Meter Smart,2026-05-07,15,Middle East
Spin Mop System Eco,2026-01-16,25,Europe
Poly Mailers 10x13 100pk Ultra,2026-02-11,15,Europe
Side Table Round Pro,2025-10-27,15,Asia Pacific
Air Freshener Refills 3pk Ultra,2026-02-13,1,Asia Pacific
Scrub Sponges 6pk Advanced,2026-02-11,100,Latin America
Queen Bed Frame Metal Standard,2026-02-21,10,Asia Pacific
Camera Bag Backpack Premium,2026-02-19,15,Middle East
Dining Chair Padded 2pk Bulk,2025-10-19,10,Europe
Solid Light Tuna 8pk XL,2026-04-29,20,North America
Steel-Toe Work Boots Basic,2026-05-16,100,Middle East
Extendable Duster 10ft Basic,2025-06-02,25,Europe
Kitchen Island Cart Pro,2026-01-19,1,Africa
Under-Desk Drawer Unit Mini,2026-04-14,10,Africa
Digital Camera Mirrorless Compact,2026-01-25,2,Latin America
Drain Cleaner Gel 32oz Mini,2026-04-13,2,Middle East
Guest Chair Padded V2,2026-04-14,5,Latin America
Capture Card 4K Lite+,2025-10-27,10,Africa
Window Squeegee 12in Elite,2025-07-05,3,Africa
Jasmine Rice 25lb Lite,2026-01-02,3,Latin America
Presentation Folders 25pk Compact,2026-05-08,20,Europe
Wood Stirrers 1000pk HD,2025-07-03,100,Africa
Fitness Tracker Band Advanced,2026-03-05,5,Middle East
Dishwasher Pods 60pk Pro,2026-02-14,15,Latin America
SD Card Reader Mini,2025-07-18,5,Middle East
Recliner Leather Eco,2025-07-28,15,Middle East
Extra Virgin Olive Oil 1L Eco,2025-11-22,50,Middle East
Floor Cleaner Concentrate Ultra,2026-03-11,15,North America
Whiteboard Eraser Lite+,2025-09-24,10,Latin America
Fire Extinguisher ABC 5lb Plus,2026-02-28,100,Asia Pacific
Drain Cleaner Gel 32oz HD,2025-10-14,25,Asia Pacific
SD Card Reader Lite+,2025-11-23,15,North America
3-Drawer Filing Cabinet Max,2025-09-08,50,Africa
Computer Desk Compact Basic,2025-07-17,15,Latin America
Hard Hat OSHA-Compliant Mini,2025-08-28,5,Latin America
Staples 5000pk Plus,2025-11-02,20,Asia Pacific
Fabric Softener Sheets 240ct Bulk,2025-10-09,1,Europe
Wood Polish Spray Premium,2026-05-28,2,Europe
Desk Organizer Bamboo Mini,2025-07-12,2,Europe
Side Table Round HD,2025-07-04,50,Latin America
Shipping Tape Clear 6pk Eco,2026-02-11,10,Europe
Coffee Table Glass Premium,2025-12-26,10,Africa
Solid Light Tuna 8pk Premium,2026-02-09,15,Asia Pacific
Coat Rack Standing Basic,2025-12-11,25,Asia Pacific
Ear Plugs NRR32 50pk Eco,2025-09-12,50,Africa
Air Pillow Film Roll V3,2026-01-31,100,Latin America
Ergonomic Office Chair Basic,2025-09-05,5,Middle East
Organic Granola 2lb XL,2026-03-25,15,Europe
Push Pins Colored 100pk Bulk,2026-01-03,5,North America
Oven Cleaner Heavy-Duty Smart,2026-02-20,15,Africa
Dry Erase Markers 8pk Smart,2025-12-07,3,North America
Grout Cleaner Brush Set Plus,2026-04-27,25,Europe
Microfiber Cloths 12pk Elite,2026-01-03,20,Latin America
Clipboard Letter-Size V3,2026-05-19,20,Middle East
Mechanical Keyboard Compact,2025-08-09,100,Africa
Electric Standing Desk Standard,2026-03-13,10,Latin America
5-Tier Bookshelf Eco,2025-11-27,25,Asia Pacific
Power Strip 6-Outlet USB Mini,2026-04-06,1,Middle East
Disinfectant Wipes 6pk Ultra,2025-06-23,2,North America
Microfiber Cloths 12pk Ultra,2026-02-09,1,Europe
Chicken Noodle Soup 6pk Premium,2026-04-07,3,Europe
Ruler Metal 12in Premium,2025-12-07,15,North America
Mixed Nuts 2lb Canister Mini,2026-04-10,20,Middle East
Spice Rack 20-Jar Ultra,2026-02-04,3,Europe
Tablet 10 inch HD,2025-08-18,15,Asia Pacific
Scissors Titanium Standard,2026-01-15,3,Europe
Trash Bags 13gal 50pk HD,2026-01-31,3,Latin America
Oven Cleaner Heavy-Duty Standard,2026-03-25,2,Asia Pacific
AA Batteries 24pk Premium,2025-12-17,5,Latin America
Storage Bench Entryway HD,2025-12-08,1,Asia Pacific
Grout Cleaner Brush Set Pro,2026-03-27,100,Latin America
Camera Bag Backpack Standard,2025-08-24,25,Latin America
Whiteboard Eraser Lite,2025-09-15,1,North America
Ottoman Storage Lite+,2026-03-27,15,Middle East
Correction Tape 3pk Standard,2026-02-12,3,Latin America
Small Box 8x8x8 25pk Eco,2025-12-28,3,Europe
Monitor 27 4K Advanced,2026-03-01,20,Europe
Camera Bag Backpack Elite,2025-11-29,10,Latin America
Whiteboard Eraser Lite+,2025-06-15,1,Europe
Electric Standing Desk Ultra,2025-11-12,100,Africa
Label Maker Portable Lite,2026-04-15,1,Asia Pacific
Fire Blanket 4x6ft Max,2026-04-17,100,Latin America
SD Card Reader Standard,2026-02-28,5,Africa
Drone Camera Pro Basic,2026-04-08,15,Asia Pacific
Scientific Calculator Elite,2025-12-07,3,Latin America
Smart Watch Pro Compact,2025-08-16,25,Latin America
Digital Camera Mirrorless Mini,2026-03-08,20,North America
Green Screen 5x7ft Max,2026-02-25,5,Asia Pacific
Label Maker Portable Lite,2026-01-04,1,Africa
Legal Pads Yellow 3pk Mini,2026-01-30,1,Middle East
Daily Planner 2024 V3,2025-07-18,50,Latin America
Corrugated Roll 48in x 100ft Lite+,2025-07-23,2,Middle East
Portable Charger V2,2025-11-19,1,Latin America
Wireless Earbuds Premium,2025-08-15,20,Latin America
Memory Card 256GB Premium,2025-08-11,20,Middle East
Chicken Noodle Soup 6pk Elite,2025-07-23,100,Europe
Surge Protector 12-Outlet Ultra,2025-09-03,2,Middle East
Computer Desk Compact Basic,2026-03-27,100,Asia Pacific
Window Squeegee 12in Lite+,2025-06-14,25,Asia Pacific
Cane Sugar 10lb Eco,2026-03-30,3,Europe
Creamy Peanut Butter 40oz V2,2025-06-26,2,Middle East
Tablet 10 inch Eco,2025-06-24,1,North America
Face Shields Anti-Fog 5pk Standard,2026-01-01,2,Asia Pacific
Streaming Deck MK2 HD,2026-04-02,25,Asia Pacific
Paper Shredder Cross-Cut Lite+,2025-11-08,5,Latin America
Organic Granola 2lb Lite+,2025-12-10,5,Europe
Bathroom Vanity 36in V3,2025-09-29,1,Europe
Fire Blanket 4x6ft Compact,2025-07-30,100,Latin America
Floor Cleaner Concentrate Elite,2025-10-19,50,Latin America
Foam Sheets 12x12 50pk V3,2025-08-30,15,Middle East
Window Squeegee 12in Pro,2026-01-12,5,North America
Strawberry Jam 32oz Lite+,2025-11-13,3,North America
Extra Virgin Olive Oil 1L Mini,2025-05-30,20,Asia Pacific
Bleach Concentrate 1gal Mini,2026-04-16,10,Africa
Under-Desk Drawer Unit Bulk,2026-01-20,25,Europe
External HDD 2TB Compact,2025-07-19,20,Africa
Laptop Stand Aluminum HD,2025-06-13,10,Africa
Stainless Steel Cleaner Ultra,2026-04-19,1,Asia Pacific
Wet Floor Sign Bilingual Premium,2025-10-17,25,North America
Organic Granola 2lb Ultra,2026-05-06,5,Africa
Shipping Labels 4x6 500ct Basic,2025-06-25,3,Latin America
Jasmine Rice 25lb Lite+,2025-08-09,20,North America
Dining Table 6-seat Oak Premium,2025-07-11,50,Middle East
Magazine Rack Wire Advanced,2025-12-11,50,Latin America
Ink Cartridge Black XL Advanced,2025-10-10,100,Europe
Wireless Mouse Compact,2025-09-05,10,Europe
Dining Chair Padded 2pk Ultra,2026-03-08,5,North America
Fire Extinguisher ABC 5lb Advanced,2025-08-12,10,Asia Pacific
Disinfectant Wipes 6pk Advanced,2026-04-08,3,Asia Pacific
Shoe Rack 4-Tier Plus,2025-08-22,20,North America
Smart Watch Pro XL,2026-03-19,1,Middle East
Hard Hat OSHA-Compliant Plus,2025-09-09,2,Middle East
Queen Memory Foam Mattress Bulk,2025-06-14,10,North America
Stainless Steel Cleaner Elite,2025-08-08,100,Middle East
Poly Mailers 10x13 100pk Plus,2025-12-18,2,Asia Pacific
Steel-Toe Work Boots Elite,2026-04-06,10,North America
Whole Bean Coffee 2lb Basic,2026-04-29,50,Asia Pacific
Queen Bed Frame Metal,2025-06-23,2,Africa
SSD 1TB V3,2025-06-18,10,Latin America
Gift Bags Medium 24pk Pro,2026-01-10,3,Middle East
Shipping Tape Clear 6pk Plus,2025-11-05,5,Latin America
Side Table Round Premium,2026-04-23,3,Europe
Carpet Cleaner Shampoo Bulk,2025-10-31,10,Latin America
Bathroom Vanity 36in Lite,2025-12-17,10,Africa
Tape Dispenser Desktop Lite+,2025-06-05,100,Africa
Bleach Concentrate 1gal Mini,2026-02-27,10,Asia Pacific
HDMI Cable Pro,2025-07-26,20,North America
Network Switch 8-Port Ultra,2026-01-01,3,Asia Pacific
Gift Bags Medium 24pk,2025-08-28,2,Latin America
Conference Table 8-seat Plus,2025-06-01,10,Europe
Action Camera 4K Elite,2025-06-19,5,Middle East
Camera Lens 50mm Basic,2025-06-04,20,Middle East
Dustpan Combo Smart,2025-12-08,3,Latin America
Magazine Rack Wire Mini,2025-10-20,50,Europe
Extendable Duster 10ft,2025-08-11,2,Middle East
Queen Memory Foam Mattress Lite,2025-08-21,2,Europe
PC Case Mid-Tower Eco,2025-12-23,20,Latin America
Wireless Earbuds V2,2026-01-17,3,Middle East
Daily Planner 2024 Max,2025-07-24,25,North America
Sheet Protectors 50pk Basic,2026-05-25,100,Latin America
Nightstand 2-Drawer Lite+,2025-06-02,1,Middle East
3-Seat Sofa Fabric XL,2025-06-18,5,Asia Pacific
CO Detector Digital Pro,2026-04-08,15,Middle East
Rubber Gloves Latex 3pk Pro,2026-04-21,25,Asia Pacific
Glass Cleaner Spray 32oz Compact,2026-02-09,5,North America
Hand Sanitizer Pump 32oz Lite+,2026-05-01,3,Africa
Motherboard ATX Advanced,2025-12-01,5,Europe
Floor Cleaner Concentrate Lite,2025-07-27,25,North America
Stain Remover Spray Ultra,2025-11-11,1,Asia Pacific
Eye Wash Station Wall Pro,2025-07-02,5,Latin America
Magazine Rack Wire Advanced,2025-09-26,15,Middle East
Binder Clips Assorted 24pk Smart,2026-02-26,15,Europe
Pantry Cabinet Tall Compact,2026-04-15,25,Europe
Capture Card 4K Pro,2025-06-13,2,Asia Pacific
Toilet Brush Set Bulk,2026-01-27,5,North America
Label Maker Portable,2026-02-16,3,Asia Pacific
Floor Cleaner Concentrate Eco,2025-11-15,100,Latin America
USB-C Hub Smart,2025-10-14,10,North America
Correction Tape 3pk Max,2026-01-29,2,North America
Stretch Wrap 18in 1000ft Lite,2026-04-13,100,Latin America
Safety Goggles Anti-Fog Advanced,2026-02-02,100,Asia Pacific
Earl Grey Tea 200ct Lite+,2025-06-09,10,Europe
First Aid Kit 200-Piece Premium,2025-10-30,20,Europe
Whole Bean Coffee 2lb Lite,2025-11-22,10,Europe
Hand Soap Refill 1gal,2025-07-30,100,North America
Strapping Tape 2in 6pk Plus,2025-07-05,10,Africa
Air Pillow Film Roll Mini,2026-03-30,5,North America
Small Box 8x8x8 25pk Plus,2025-11-15,15,Europe
Dining Chair Padded 2pk Max,2025-05-31,20,Latin America
Shoe Rack 4-Tier Elite,2026-04-14,5,Latin America
Surge Protector 12-Outlet Bulk,2025-10-27,5,Asia Pacific
Extension Cord 25ft 12AWG Basic,2025-12-26,15,Europe
WiFi Router AX Elite,2025-09-08,3,Europe
Laundry Detergent 100oz Compact,2025-12-14,5,Asia Pacific
Penne Pasta 6pk 1lb Max,2025-06-26,15,Africa
Camera Bag Backpack Premium,2025-07-29,25,Middle East
Strapping Tape 2in 6pk HD,2026-02-10,10,Middle East
Surge Protector 12-Outlet Smart,2025-11-02,15,Latin America
Phone Case Silicone Premium,2025-12-19,50,Europe
Tape Dispenser Desktop Mini,2026-02-05,15,Europe
Solid Light Tuna 8pk HD,2025-06-21,100,Latin America
Mechanical Keyboard,2025-06-14,20,Asia Pacific
File Folders 24pk,2025-10-20,10,North America
AAA Batteries 24pk HD,2026-02-18,2,Asia Pacific
Magazine Rack Wire Advanced,2026-05-09,3,Asia Pacific
Stainless Steel Cleaner Premium,2025-10-06,50,Europe
Paper Clips 100pk,2025-10-10,15,North America
Bathroom Cleaner Foaming Standard,2025-11-06,5,Europe
Bathroom Vanity 36in Pro,2025-07-09,1,Europe
Toilet Paper 24-Roll Ultra,2026-01-12,100,North America
5-Tier Bookshelf Mini,2026-04-07,1,Africa
Dining Chair Padded 2pk Bulk,2026-03-26,20,Middle East
Strapping Tape 2in 6pk Smart,2025-11-07,5,Latin America
Organic Granola 2lb Smart,2025-12-28,3,Latin America
Granola Bars Variety 36pk Pro,2026-03-12,2,Europe
Printer Paper A4 5-Ream Advanced,2025-11-03,10,Africa
Conference Table 8-seat Premium,2026-01-04,5,Latin America
Laptop Sleeve 15in Standard,2025-10-27,50,Africa
Bulletin Board Cork 36x24 Smart,2025-09-25,100,Latin America
Whole Bean Coffee 2lb Elite,2025-06-26,10,Latin America
Coffee Creamer Singles 100pk Advanced,2025-07-11,3,Latin America
AAA Batteries 24pk Basic,2025-09-08,20,Africa
TV Stand 65in V2,2026-05-27,2,Africa
Face Shields Anti-Fog 5pk Elite,2026-02-13,5,Europe
Camera Lens 50mm Smart,2025-07-19,50,Africa
Dishwasher Pods 60pk Eco,2025-08-21,3,North America
Console Table Entryway V2,2025-10-10,1,Europe
Whiteboard Eraser Lite+,2025-10-28,25,North America
Electrolyte Mix 30pk Lemon Max,2025-08-12,20,North America
Kraft Packing Paper 25lb Bulk,2025-07-25,10,Middle East
Phone Charger 65W Elite,2025-08-26,15,North America
Printer Paper A4 5-Ream Lite,2025-10-06,15,Latin America
Glass Cleaner Spray 32oz Ultra,2026-03-27,20,Africa
L-Shaped Corner Desk Lite+,2026-02-12,50,Asia Pacific
Graph Paper Pad 4x4 Smart,2025-12-13,3,Latin America
Extra Virgin Olive Oil 1L,2025-10-27,50,Europe
Whole Bean Coffee 2lb Smart,2026-03-10,50,Latin America
Hazmat Spill Kit 5gal Ultra,2025-12-20,20,North America
Capture Card 4K Max,2026-04-16,1,Middle East
Scientific Calculator Compact,2025-11-16,20,North America
Scientific Calculator Lite+,2025-11-22,100,Europe
Hand Soap Refill 1gal Premium,2026-02-21,3,Africa
Digital Camera Mirrorless Compact,2025-10-10,50,Middle East
Console Table Entryway Advanced,2025-08-22,50,Asia Pacific
Computer Desk Compact Premium,2026-05-07,20,Middle East
Pantry Cabinet Tall,2026-02-21,1,Africa
Monitor Arm Single Advanced,2026-02-05,10,Africa
Shipping Labels 4x6 500ct Lite+,2025-09-24,2,North America
External HDD 2TB Mini,2026-05-04,3,Latin America
Power Supply 750W Lite,2026-05-17,3,Europe
Jasmine Rice 25lb HD,2025-09-01,15,Africa
Webcam HD Lite,2025-12-11,2,Africa
Eye Wash Station Wall Standard,2026-03-19,100,Africa
Memory Card 256GB Pro,2026-05-11,25,Europe
Whole Bean Coffee 2lb Mini,2026-02-18,1,Europe
CPU Processor Standard,2025-11-20,50,Europe
5-Tier Bookshelf Eco,2026-02-04,100,Middle East
Queen Bed Frame Metal Smart,2025-06-18,15,North America
Bathroom Vanity 36in Compact,2025-06-06,2,Europe
Lockout Tagout Kit Advanced,2025-07-16,100,Latin America
3-Hole Punch Pro,2025-10-01,5,Middle East
Magazine Rack Wire Eco,2025-06-25,25,Middle East
File Folders 24pk HD,2025-10-17,50,Latin America
Dried Fruit Mix 3lb Lite,2025-10-17,50,Europe
UPS Battery 1500VA V2,2025-11-10,1,Africa
Rubber Bands 1lb Smart,2025-05-29,10,Europe
Magazine Rack Wire V2,2025-07-30,20,Latin America
Cocktail Napkins 500pk HD,2026-04-06,10,Asia Pacific
AAA Batteries 24pk Lite+,2026-01-16,50,Latin America
Paper Shredder Cross-Cut V3,2025-10-06,10,Europe
Hazmat Spill Kit 5gal,2025-11-04,3,North America
Grout Cleaner Brush Set Ultra,2025-09-01,2,Asia Pacific
Waste Basket Metal HD,2025-06-17,50,Africa
Wood Stirrers 1000pk Max,2025-08-13,100,Africa
Smart Plug WiFi Premium,2025-08-02,50,Africa
Microfiber Cloths 12pk Eco,2026-03-18,1,Europe
Solid Light Tuna 8pk Max,2025-07-31,50,North America
E-Reader Paperwhite Elite,2026-02-12,1,North America
Streaming Deck MK2 HD,2026-01-10,5,Africa
Label Maker Portable HD,2025-08-03,2,Asia Pacific
4-Gas Detector Meter Premium,2026-04-16,100,Africa
Desk Organizer Bamboo Plus,2026-03-31,2,Africa
Strapping Tape 2in 6pk HD,2025-07-09,25,Middle East
Vacuum Bags 6pk Mini,2026-01-22,5,North America
Emergency Kit 72-Hour Advanced,2025-12-08,1,Latin America
Balsamic Vinegar 500ml HD,2026-01-06,100,Asia Pacific
Emergency Kit 72-Hour Basic,2026-01-05,10,Europe
E-Reader Paperwhite Advanced,2026-03-03,25,North America
3-Drawer Filing Cabinet Mini,2025-07-31,3,Middle East
Ottoman Storage Standard,2025-07-01,1,Europe
Waste Basket Metal Lite+,2025-09-05,10,Africa
CO Detector Digital Ultra,2026-04-02,20,North America
Report Covers Prong 12pk XL,2025-11-17,100,Europe
Fire Extinguisher ABC 5lb Pro,2025-11-01,3,Asia Pacific
Air Freshener Refills 3pk Bulk,2026-04-30,50,Africa
TV Stand 65in V3,2025-12-11,2,Africa
Dishwasher Pods 60pk Pro,2025-10-22,5,Europe
Sea Salt & Pepper Set Lite,2025-09-12,2,Europe
Dry Erase Markers 8pk Bulk,2026-05-22,15,Latin America
Dishwasher Pods 60pk Lite+,2025-06-23,10,North America
Whiteboard Magnetic 48x36 Ultra,2026-01-25,25,Latin America
Emergency Kit 72-Hour V2,2026-03-09,3,Latin America
Envelopes White 100pk HD,2025-12-09,100,Asia Pacific
Power Supply 750W Premium,2025-12-13,3,Asia Pacific
Whole Bean Coffee 2lb Max,2025-08-29,5,Middle East
Vacuum Bags 6pk Ultra,2026-04-17,20,Europe
Coffee Table Glass Eco,2025-09-19,50,North America
Bathroom Vanity 36in Compact,2026-03-30,20,Asia Pacific
Desk Lamp LED Eco,2026-01-07,20,Latin America
Binder Clips Assorted 24pk XL,2025-09-15,10,Latin America
Storage Bench Entryway HD,2026-02-21,3,Africa
SD Card Reader Compact,2025-07-16,1,North America
Fire Blanket 4x6ft Lite,2026-04-29,3,Middle East
Ottoman Storage Lite,2026-04-08,15,Middle East
Laundry Detergent 100oz XL,2025-06-18,15,Africa
Mechanical Keyboard Pro,2026-04-09,50,Asia Pacific
Recliner Leather Smart,2026-04-18,2,North America
Memory Card 256GB Lite,2026-01-03,20,North America
Pen Holder Mesh Premium,2026-02-21,15,Europe
Accent Chair Velvet Lite+,2025-12-08,100,Latin America
Cane Sugar 10lb Elite,2026-03-07,50,Middle East
Bar Stool Adjustable,2026-04-10,10,North America
Foam Sheets 12x12 50pk Premium,2026-04-01,3,Africa
Graphics Card RTX Compact,2025-12-08,20,Europe
Mixed Nuts 2lb Canister Smart,2026-04-18,20,Latin America
WiFi Router AX V2,2025-11-15,20,North America
Fire Blanket 4x6ft Lite,2025-10-10,2,Latin America
Vacuum Bags 6pk Max,2025-08-04,3,Latin America
All-Purpose Cleaner 1gal XL,2025-07-09,50,Middle East
Flash Drive 128GB Advanced,2025-10-02,50,Africa
Sticky Notes 8pk Basic,2025-10-06,2,Middle East
Floor Cleaner Concentrate Compact,2025-07-18,5,Middle East
Dishwasher Pods 60pk Standard,2025-12-23,25,Africa
Eye Wash Station Wall Pro,2025-10-14,1,Asia Pacific
Correction Tape 3pk Mini,2026-04-14,1,Africa
Laptop Sleeve 15in V3,2026-01-19,25,Europe
PC Case Mid-Tower,2025-07-12,50,North America
Phone Case Silicone Basic,2025-09-07,3,North America
Cable Management Kit Max,2026-04-01,2,Africa
Ground Coffee Medium 5lb HD,2025-09-10,3,Asia Pacific
Satin Ribbon Roll 50yd Plus,2026-04-12,10,Africa
AAA Batteries 24pk HD,2026-05-19,10,Asia Pacific
Dry Erase Markers 8pk Smart,2025-11-15,100,Latin America
Wood Polish Spray Plus,2025-07-13,100,Asia Pacific
Satin Ribbon Roll 50yd Smart,2025-12-13,100,Latin America
Correction Tape 3pk Standard,2025-12-27,100,North America
Ink Cartridge Color Combo Ultra,2026-05-19,2,Middle East
Sea Salt & Pepper Set Standard,2025-10-27,50,Africa
Ink Cartridge Black XL Smart,2025-07-22,5,Europe
Drone Camera Pro HD,2025-11-26,1,North America
Rubber Gloves Latex 3pk XL,2026-04-06,100,Asia Pacific
Jasmine Rice 25lb Advanced,2025-06-22,2,Europe
Whole Bean Coffee 2lb HD,2026-05-07,5,North America
Ear Plugs NRR32 50pk Pro,2025-11-11,20,North America
Bubble Wrap Roll 175ft Bulk,2026-05-27,20,Africa
Kraft Packing Paper 25lb Pro,2026-04-05,20,Africa
Organic Granola 2lb XL,2025-11-05,50,Africa
Corrugated Roll 48in x 100ft Lite,2025-10-30,10,Africa
Gift Boxes Assorted 12pk Smart,2025-06-18,3,Africa
Scientific Calculator Eco,2026-05-14,100,Middle East
Ballpoint Pens 12pk Plus,2026-03-26,50,Asia Pacific
Dining Chair Padded 2pk HD,2025-09-04,2,Middle East
Mirror Cabinet LED Eco,2025-08-29,20,Middle East
CPU Processor Compact,2025-07-24,3,Europe
Cane Sugar 10lb Premium,2026-01-06,10,Asia Pacific
Pallet Wrap 80ga 1500ft V2,2025-12-13,15,Latin America
Steel-Toe Work Boots HD,2025-12-22,25,Latin America
Grout Cleaner Brush Set XL,2026-04-17,5,Middle East
Angle Broom Mini,2026-02-18,20,Europe
Pallet Wrap 80ga 1500ft,2025-06-01,100,North America
Glass Cleaner Spray 32oz Basic,2026-05-26,10,Middle East
Shoe Rack 4-Tier Advanced,2025-12-30,2,Latin America
Desk Lamp Architect Premium,2025-06-05,3,Europe
Staples 5000pk XL,2025-07-14,1,North America
Air Freshener Refills 3pk Pro,2026-05-01,20,Latin America
Bulletin Board Cork 36x24 XL,2025-09-02,20,Europe
Screen Protector Glass Bulk,2025-10-17,3,North America
Monitor Arm Single Standard,2025-08-23,15,Middle East
External HDD 2TB Eco,2026-02-08,15,Middle East
Tripod Carbon Fiber Max,2026-01-21,1,Asia Pacific
Penne Pasta 6pk 1lb Premium,2026-05-09,15,Africa
Mouse Pad XXL Lite,2026-04-14,3,Latin America
Glass Cleaner Spray 32oz Premium,2025-11-12,15,Latin America
Under-Desk Drawer Unit Advanced,2025-06-09,10,North America
Trash Bags 13gal 50pk Advanced,2025-10-22,15,Latin America
Spring Water 24pk 16oz V3,2025-10-27,25,North America
Desk Lamp LED Bulk,2025-10-07,2,North America
Tape Dispenser Desktop Ultra,2026-03-30,3,North America
Tablet 10 inch Lite,2025-09-18,1,North America
Bulletin Board Cork 36x24 HD,2025-06-11,1,Africa
Tripod Carbon Fiber Ultra,2025-07-13,50,Middle East
Report Covers Prong 12pk Pro,2025-11-22,100,Latin America
Tape Dispenser Desktop V3,2025-07-10,100,Europe
Stainless Steel Cleaner Max,2025-11-01,3,Asia Pacific
Granola Bars Variety 36pk Advanced,2025-12-07,3,Asia Pacific
Tape Dispenser Desktop Eco,2025-10-26,2,Asia Pacific
Dried Fruit Mix 3lb,2025-05-30,5,Europe
Accent Chair Velvet Plus,2025-07-23,50,Africa
Microfiber Cloths 12pk Advanced,2025-08-28,1,Middle East
Tissue Paper White 100pk Eco,2026-04-26,50,Latin America
Daily Planner 2024 Compact,2025-06-21,50,Africa
Steel-Toe Work Boots V2,2026-02-21,1,Asia Pacific
Power Strip 6-Outlet USB XL,2026-01-06,3,Europe
Carpet Cleaner Shampoo Max,2025-07-25,25,Middle East
Conference Table 8-seat Bulk,2026-02-07,3,North America
Paper Plates 9in 100pk Pro,2025-06-10,1,North America
Dishwasher Pods 60pk Lite+,2026-01-26,5,Middle East
Motherboard ATX Bulk,2025-08-13,5,North America
Smoke Detector 10-Year XL,2026-05-22,10,North America
Trash Bags 13gal 50pk Eco,2026-01-23,25,Latin America
Gaming Chair Racing Standard,2025-08-19,10,Africa
Laundry Hamper Bamboo Premium,2025-06-27,100,Africa
Fabric Softener Sheets 240ct Ultra,2026-05-21,2,Asia Pacific
Monitor Riser Wood Basic,2025-12-07,20,Asia Pacific
Chair Floor Mat 48x36 XL,2026-05-29,3,Asia Pacific
Granola Bars Variety 36pk HD,2025-08-22,25,North America
Ruler Metal 12in Mini,2025-07-27,1,Middle East
Cable Protector Ramp V2,2025-07-21,1,Europe
Stain Remover Spray Basic,2025-10-05,100,Middle East
Ink Cartridge Color Combo,2026-01-11,20,Europe
Network Switch 8-Port HD,2025-07-24,2,Middle East
Daily Planner 2024 Elite,2025-08-08,2,Middle East
Electric Standing Desk Plus,2026-02-20,50,Latin America
File Folders 24pk Ultra,2026-01-13,50,Middle East
Ink Cartridge Black XL Standard,2025-11-16,3,Latin America
Wardrobe Sliding-Door Elite,2025-10-29,2,Latin America
Desk Organizer Bamboo Max,2026-02-19,20,Latin America
Binder Clips Assorted 24pk Lite+,2025-09-28,2,Latin America
Waste Basket Metal Premium,2025-05-31,25,Asia Pacific
Mouse Pad XXL V3,2025-07-27,20,Africa
Dish Soap Lemon 32oz Basic,2025-06-15,100,Africa
Wood Cutlery Set 200pk V2,2025-06-19,3,Africa
AA Batteries 24pk HD,2025-07-15,2,Asia Pacific
Graph Paper Pad 4x4 Eco,2026-01-10,50,Africa
Pen Holder Mesh Standard,2025-10-05,50,Middle East
Capture Card 4K Premium,2026-04-14,10,North America
Earl Grey Tea 200ct Advanced,2026-03-20,10,Asia Pacific
Dish Soap Lemon 32oz Smart,2026-03-07,25,Latin America
Capture Card 4K Pro,2025-11-25,1,Middle East
Safety Goggles Anti-Fog Elite,2025-09-30,15,Asia Pacific
Report Covers Prong 12pk Smart,2025-12-16,20,Europe
Large Box 18x18x18 15pk Bulk,2025-12-29,50,North America
HDMI Cable V2,2025-08-28,50,Africa
Desk Organizer Bamboo Eco,2025-11-13,25,Middle East
Gift Bags Medium 24pk Max,2025-07-31,15,North America
Clipboard Letter-Size Standard,2026-02-03,100,North America
Accent Chair Velvet Lite+,2025-08-07,5,Middle East
Daily Planner 2024 Compact,2026-04-28,25,Asia Pacific
Flammable Storage Cabinet V2,2026-04-18,10,Europe
Anti-Fatigue Mat 3x5ft,2026-04-08,5,Asia Pacific
Fire Blanket 4x6ft Plus,2025-07-14,50,Asia Pacific
HDMI Cable Pro,2025-08-20,3,Middle East
Webcam HD XL,2026-04-21,10,North America
Steel-Toe Work Boots Ultra,2025-11-11,3,Asia Pacific
CO Detector Digital Max,2025-08-30,20,Africa
Laptop Sleeve 15in Lite,2026-02-18,15,Latin America
Smoke Detector 10-Year Elite,2026-02-24,5,Latin America
Whey Protein 5lb Chocolate Elite,2026-03-07,25,Europe
Steel-Toe Work Boots Bulk,2026-05-05,50,Africa
Wood Cutlery Set 200pk Mini,2026-05-24,5,Asia Pacific
Scrub Sponges 6pk Elite,2025-12-29,10,Latin America
Traffic Cone 28in Advanced,2025-09-15,10,Europe
Sea Salt & Pepper Set Max,2026-02-27,2,Africa
Ink Cartridge Color Combo Lite+,2026-05-08,100,Asia Pacific
Packing Peanuts 14cu ft V2,2025-07-26,20,Middle East
Ground Coffee Medium 5lb XL,2026-04-07,25,Latin America
Vacuum Bags 6pk Pro,2025-06-23,5,North America
Granola Bars Variety 36pk Lite+,2025-09-30,100,North America
Wireless Mouse Ultra,2025-07-16,2,Africa
Gift Bags Medium 24pk Premium,2025-08-10,100,Africa
Extension Cord 25ft 12AWG Basic,2025-07-09,50,Asia Pacific
USB Microphone Pro,2025-10-13,20,North America
Recliner Leather Advanced,2026-05-20,100,Middle East
Legal Pads Yellow 3pk Advanced,2026-03-30,2,North America
Mouse Pad XXL Lite+,2025-05-29,15,Latin America
Drone Camera Pro Smart,2026-03-07,15,Latin America
Organic Granola 2lb XL,2025-11-07,3,North America
Whole Bean Coffee 2lb Max,2025-07-13,100,North America
Anti-Fatigue Mat 3x5ft Premium,2025-09-02,1,Asia Pacific
Motherboard ATX Compact,2025-07-31,15,Asia Pacific
Power Strip 6-Outlet USB,2026-05-17,1,Asia Pacific
Corrugated Roll 48in x 100ft Lite,2026-01-09,2,Asia Pacific
Mouse Pad XXL Compact,2025-11-15,5,North America
Legal Pads Yellow 3pk XL,2025-11-19,25,Europe
Dining Table 6-seat Oak Premium,2025-11-20,20,Europe
Angle Broom XL,2026-02-23,1,Europe
Extension Cord 25ft 12AWG V3,2025-10-11,15,Middle East
Pallet Wrap 80ga 1500ft Max,2026-02-27,50,Europe
Knee Pads Gel-Insert Plus,2025-06-05,1,Asia Pacific
Gaming Chair Racing Premium,2025-10-06,1,North America
Safety Goggles Anti-Fog Pro,2026-02-02,25,Africa
Webcam HD Max,2025-06-04,1,Africa
Monitor Arm Single Plus,2026-02-24,1,Africa
Toilet Brush Set XL,2026-02-08,3,Africa
Stapler Heavy-Duty Bulk,2025-09-06,100,Europe
Air Freshener Refills 3pk Bulk,2026-03-18,5,Africa
