Product Name,Unit Cost,Selling Price,Current Stock,Category,Warehouse,Min Stock,Max Stock
Wireless Mouse,577.29,669.66,145,Electronics,East Coast,2,614
Mechanical Keyboard,664.14,943.53,461,Electronics,South,5,544
USB-C Hub,382.62,444.57,116,Electronics,South,2,758
Webcam HD,28.75,35.35,337,Electronics,East Coast,5,714
Bluetooth Speaker,407.04,513.39,450,Electronics,East Coast,1,888
Portable Charger,629.83,810.02,84,Electronics,West Coast,2,890
HDMI Cable,96.48,125.61,188,Electronics,West Coast,3,809
SSD 1TB,727.38,1048.8,279,Electronics,Primary,1,693
RAM 16GB Module,499.08,739.52,321,Electronics,East Coast,3,795
Graphics Card RTX,635.59,742.58,121,Electronics,East Coast,3,540
CPU Processor,780.5,1016.25,237,Electronics,West Coast,3,583
Motherboard ATX,322.97,457.99,364,Electronics,International,1,811
Power Supply 750W,158.17,228.03,88,Electronics,West Coast,4,694
PC Case Mid-Tower,890.62,1252.21,290,Electronics,West Coast,2,850
Monitor 27 4K,759.35,1108.95,122,Electronics,Midwest,1,661
Laptop Stand Aluminum,244.63,301.97,487,Electronics,West Coast,5,867
Noise Cancelling Headphones,195.3,263.59,457,Electronics,West Coast,4,573
Smart Watch Pro,129.97,188.2,280,Electronics,South,3,882
Fitness Tracker Band,388.45,537.39,190,Electronics,South,2,570
Wireless Earbuds,446.7,648.75,445,Electronics,International,1,578
Tablet 10 inch,148.18,210.74,310,Electronics,Midwest,1,697
E-Reader Paperwhite,538.32,719.85,133,Electronics,International,5,505
Smart Plug WiFi,650.05,924.82,279,Electronics,International,3,893
WiFi Router AX,309.46,392.21,85,Electronics,International,4,501
Network Switch 8-Port,788.89,990.34,261,Electronics,Primary,2,759
External HDD 2TB,784.11,995.33,332,Electronics,East Coast,5,811
Flash Drive 128GB,141.79,206.31,281,Electronics,South,5,500
Memory Card 256GB,295.12,341.69,480,Electronics,East Coast,3,657
Desk Lamp LED,56.84,85.33,489,Electronics,International,1,543
Phone Charger 65W,439.96,518.13,394,Electronics,East Coast,5,892
Screen Protector Glass,119.91,160.69,286,Electronics,South,2,635
Phone Case Silicone,785.83,1036.71,113,Electronics,International,5,886
Laptop Sleeve 15in,622.43,893.3,209,Electronics,South,3,724
Monitor Arm Single,409.08,511.01,37,Electronics,South,3,510
Keyboard Wrist Rest,500.76,693.74,8,Electronics,International,1,862
Mouse Pad XXL,57.69,67.9,21,Electronics,South,3,536
Cable Management Kit,218.01,309.05,114,Electronics,International,5,567
Surge Protector 12-Outlet,842.29,1161.03,247,Electronics,Midwest,2,742
UPS Battery 1500VA,175.42,208.53,225,Electronics,Midwest,3,716
USB Microphone,422.99,609.8,349,Electronics,Midwest,1,531
Ring Light 18in,656.75,965.58,60,Electronics,East Coast,2,598
Green Screen 5x7ft,484.98,584.92,98,Electronics,East Coast,3,736
Streaming Deck MK2,787.66,929.56,418,Electronics,Primary,5,550
Capture Card 4K,588.67,804.26,12,Electronics,East Coast,1,885
Drone Camera Pro,153.85,206.81,114,Electronics,East Coast,4,530
Action Camera 4K,344.18,531.46,140,Electronics,Midwest,4,646
Digital Camera Mirrorless,628.45,906.35,406,Electronics,International,5,838
Camera Lens 50mm,440.57,540.12,116,Electronics,International,1,796
Tripod Carbon Fiber,490.26,710.48,34,Electronics,Midwest,1,799
Camera Bag Backpack,455.05,678.52,85,Electronics,Primary,1,760
SD Card Reader,766.95,903.01,39,Electronics,Primary,2,706
Ballpoint Pens 12pk,169.55,261.41,1205,Office Supplies,Primary,5,3268
Sticky Notes 8pk,76.04,117.88,1090,Office Supplies,East Coast,14,2534
File Folders 24pk,120.88,167.84,563,Office Supplies,International,16,2268
Printer Paper A4 5-Ream,116.54,171.82,1922,Office Supplies,Midwest,6,2019
Ink Cartridge Black XL,112.19,172.53,224,Office Supplies,East Coast,6,3101
Ink Cartridge Color Combo,91.55,117.14,734,Office Supplies,West Coast,6,2500
Desk Organizer Bamboo,52.01,76.09,1132,Office Supplies,International,13,3252
Paper Shredder Cross-Cut,95.68,153.16,1155,Office Supplies,Primary,13,3358
Laminator Machine A4,169.07,216.51,256,Office Supplies,South,7,3520
Label Maker Portable,28.83,39.47,451,Office Supplies,International,14,2416
Whiteboard Magnetic 48x36,114.53,155.58,1020,Office Supplies,Primary,12,2104
Dry Erase Markers 8pk,114.54,194.44,110,Office Supplies,East Coast,4,2683
Whiteboard Eraser,115.04,156.13,1538,Office Supplies,International,18,3129
Stapler Heavy-Duty,77.56,93.52,174,Office Supplies,Primary,8,3117
Staples 5000pk,150.39,233.03,323,Office Supplies,Primary,17,2261
Tape Dispenser Desktop,56.18,97.72,1650,Office Supplies,East Coast,5,2732
Scissors Titanium,123.09,196.96,744,Office Supplies,International,17,3271
Paper Clips 100pk,28.67,50.4,1790,Office Supplies,Midwest,9,2362
Binder Clips Assorted 24pk,5.44,8.93,700,Office Supplies,International,17,3371
Rubber Bands 1lb,146.12,198.74,1632,Office Supplies,Primary,7,2783
Envelopes White 100pk,154.69,206.27,1692,Office Supplies,West Coast,18,2716
Notebooks College-Ruled 6pk,147.88,254.77,476,Office Supplies,East Coast,4,3351
Daily Planner 2024,72.33,98.89,162,Office Supplies,International,12,2719
Scientific Calculator,92.18,148.2,1747,Office Supplies,Primary,14,2056
Ruler Metal 12in,157.99,214.35,1209,Office Supplies,Primary,12,2078
3-Hole Punch,107.79,151.7,1630,Office Supplies,South,14,2893
Letter Tray Stackable,177.18,224.91,1862,Office Supplies,Primary,10,2521
Magazine Rack Wire,127.87,153.57,1915,Office Supplies,Midwest,10,2745
Bulletin Board Cork 36x24,13.53,21.63,696,Office Supplies,Primary,14,3358
Push Pins Colored 100pk,129.84,179.2,653,Office Supplies,Midwest,17,2668
Correction Tape 3pk,125.8,192.81,412,Office Supplies,Midwest,17,3361
Glue Sticks Washable 6pk,122.24,212.9,1280,Office Supplies,South,13,2831
Index Cards Ruled 200pk,150.24,207.68,450,Office Supplies,South,17,3187
Graph Paper Pad 4x4,118.19,174.8,925,Office Supplies,Midwest,10,3046
Legal Pads Yellow 3pk,143.08,254.1,1527,Office Supplies,Primary,9,3349
Presentation Folders 25pk,51.8,82.79,1288,Office Supplies,East Coast,14,2191
Sheet Protectors 50pk,121.43,162.08,427,Office Supplies,Primary,8,2050
Report Covers Prong 12pk,44.83,66.58,1760,Office Supplies,Midwest,6,2932
Clipboard Letter-Size,159.62,246.68,1491,Office Supplies,Midwest,16,3012
Pen Holder Mesh,44.67,71.19,31,Office Supplies,Midwest,7,3594
Ergonomic Office Chair,333.72,447.6,91,Furniture,South,2,106
Electric Standing Desk,375.16,508.15,60,Furniture,International,1,159
L-Shaped Corner Desk,760.0,963.43,42,Furniture,International,2,178
5-Tier Bookshelf,1252.61,1538.23,72,Furniture,International,2,120
3-Drawer Filing Cabinet,1210.94,1495.54,98,Furniture,South,1,135
Conference Table 8-seat,696.47,816.11,58,Furniture,East Coast,1,136
Guest Chair Padded,405.89,485.41,71,Furniture,East Coast,1,117
Desk Lamp Architect,350.67,458.74,92,Furniture,Midwest,1,108
Chair Floor Mat 48x36,591.37,746.77,55,Furniture,Midwest,1,126
Monitor Riser Wood,566.64,754.16,91,Furniture,Midwest,1,173
Storage Cabinet Locking,686.08,948.73,40,Furniture,South,2,153
Coat Rack Standing,1055.36,1333.81,79,Furniture,East Coast,1,162
Waste Basket Metal,407.56,507.69,51,Furniture,International,2,151
Under-Desk Drawer Unit,260.29,322.82,18,Furniture,South,1,150
Computer Desk Compact,805.4,892.49,84,Furniture,Midwest,2,117
Gaming Chair Racing,283.06,333.46,43,Furniture,West Coast,1,158
Recliner Leather,495.69,676.07,37,Furniture,Primary,2,132
3-Seat Sofa Fabric,676.97,896.79,8,Furniture,International,2,128
Coffee Table Glass,128.66,178.48,7,Furniture,East Coast,1,131
Side Table Round,1180.55,1518.66,32,Furniture,International,1,160
TV Stand 65in,191.14,264.6,61,Furniture,East Coast,2,147
Shoe Rack 4-Tier,862.04,1197.48,93,Furniture,West Coast,1,120
Wardrobe Sliding-Door,182.55,202.21,41,Furniture,International,2,150
6-Drawer Dresser,305.72,390.6,82,Furniture,International,1,113
Nightstand 2-Drawer,1089.44,1476.29,78,Furniture,Primary,1,172
Queen Bed Frame Metal,508.93,625.23,49,Furniture,International,1,164
Queen Memory Foam Mattress,500.78,678.49,64,Furniture,West Coast,1,155
Dining Table 6-seat Oak,902.57,1217.22,92,Furniture,East Coast,1,155
Dining Chair Padded 2pk,1036.63,1440.54,36,Furniture,Midwest,2,159
Bar Stool Adjustable,1162.13,1484.9,43,Furniture,West Coast,1,111
Kitchen Island Cart,1238.43,1452.88,61,Furniture,Primary,2,143
Pantry Cabinet Tall,709.73,849.9,64,Furniture,West Coast,1,145
Bathroom Vanity 36in,499.56,681.45,91,Furniture,Primary,2,171
Mirror Cabinet LED,740.2,856.65,32,Furniture,South,2,162
Laundry Hamper Bamboo,1069.89,1398.54,84,Furniture,Primary,2,157
Room Divider 4-Panel,162.02,188.99,90,Furniture,International,1,139
Accent Chair Velvet,828.82,1029.38,69,Furniture,International,2,154
Ottoman Storage,786.28,947.89,60,Furniture,West Coast,2,139
Console Table Entryway,349.68,460.31,42,Furniture,International,1,168
Storage Bench Entryway,287.73,335.18,63,Furniture,South,2,175
All-Purpose Cleaner 1gal,27.66,48.14,1640,Cleaning,West Coast,28,5931
Glass Cleaner Spray 32oz,9.72,12.22,4425,Cleaning,Primary,18,6123
Disinfectant Wipes 6pk,43.89,67.01,1084,Cleaning,Midwest,50,8557
Floor Cleaner Concentrate,6.41,8.05,2379,Cleaning,Midwest,40,6960
Bathroom Cleaner Foaming,16.65,28.85,2118,Cleaning,Primary,40,5467
Kitchen Degreaser,19.23,24.75,489,Cleaning,South,19,5611
Air Freshener Refills 3pk,42.81,55.34,2083,Cleaning,Midwest,17,7285
Microfiber Cloths 12pk,28.07,46.19,1898,Cleaning,Midwest,43,6558
Scrub Sponges 6pk,41.07,57.44,4871,Cleaning,South,37,6250
Rubber Gloves Latex 3pk,28.7,44.62,862,Cleaning,East Coast,23,7562
Trash Bags 13gal 50pk,13.38,17.27,2014,Cleaning,Primary,21,7260
Paper Towels 12-Roll,8.73,12.7,4914,Cleaning,Primary,40,6192
Toilet Paper 24-Roll,11.95,19.16,3769,Cleaning,East Coast,14,7815
Hand Soap Refill 1gal,41.73,68.6,4881,Cleaning,Primary,22,6741
Hand Sanitizer Pump 32oz,25.42,40.01,2226,Cleaning,Primary,19,5292
Spin Mop System,9.13,12.82,4712,Cleaning,Primary,28,6798
Angle Broom,22.15,31.06,3347,Cleaning,South,27,7049
Dustpan Combo,23.23,29.97,376,Cleaning,West Coast,37,8008
Vacuum Bags 6pk,27.96,35.31,1925,Cleaning,Primary,46,7404
Dish Soap Lemon 32oz,44.98,71.34,2257,Cleaning,East Coast,46,5164
Dishwasher Pods 60pk,22.23,35.03,2328,Cleaning,Midwest,21,7397
Laundry Detergent 100oz,29.3,43.83,797,Cleaning,Midwest,40,6425
Fabric Softener Sheets 240ct,16.33,25.88,1367,Cleaning,International,31,6686
Stain Remover Spray,23.31,36.86,3330,Cleaning,Midwest,45,5150
Bleach Concentrate 1gal,5.79,7.97,999,Cleaning,South,35,8542
Extendable Duster 10ft,37.47,46.86,4494,Cleaning,Primary,39,6692
Window Squeegee 12in,10.07,14.41,4133,Cleaning,Primary,50,6810
Toilet Brush Set,10.75,16.39,2409,Cleaning,International,38,8607
Heavy-Duty Plunger,22.84,28.88,2010,Cleaning,South,20,6272
Drain Cleaner Gel 32oz,2.59,3.77,1890,Cleaning,Primary,17,6890
Lint Roller Mega 4pk,29.85,39.61,2440,Cleaning,West Coast,42,7889
Carpet Cleaner Shampoo,19.87,29.63,3918,Cleaning,South,25,6870
Wood Polish Spray,8.22,11.06,4960,Cleaning,East Coast,42,8056
Stainless Steel Cleaner,39.15,54.35,3449,Cleaning,South,31,8826
Oven Cleaner Heavy-Duty,13.49,16.88,2495,Cleaning,International,47,7375
Grout Cleaner Brush Set,23.05,30.53,4462,Cleaning,West Coast,40,6413
First Aid Kit 200-Piece,139.32,186.72,476,Safety,International,7,1193
Fire Extinguisher ABC 5lb,61.98,79.58,886,Safety,West Coast,8,1044
Safety Goggles Anti-Fog,186.94,261.12,840,Safety,International,8,1395
Work Gloves Leather 12pk,198.72,273.88,165,Safety,East Coast,9,1037
Hard Hat OSHA-Compliant,127.07,172.38,900,Safety,Primary,3,1450
Safety Vest Hi-Vis 10pk,132.91,174.1,749,Safety,International,4,1419
Ear Plugs NRR32 50pk,242.58,285.32,810,Safety,South,6,1346
N95 Dust Masks 50pk,174.1,239.81,882,Safety,South,7,1690
Face Shields Anti-Fog 5pk,96.86,122.12,745,Safety,Primary,9,1554
Steel-Toe Work Boots,155.51,191.61,710,Safety,International,6,1232
Knee Pads Gel-Insert,25.32,37.79,788,Safety,East Coast,3,1454
Back Support Belt Large,174.42,255.73,57,Safety,West Coast,7,1057
Anti-Fatigue Mat 3x5ft,91.54,119.07,260,Safety,South,10,1421
Wet Floor Sign Bilingual,171.4,207.91,189,Safety,Midwest,3,1624
Traffic Cone 28in,156.07,192.64,944,Safety,Midwest,4,1237
Fire Blanket 4x6ft,160.56,210.47,692,Safety,West Coast,2,1476
Smoke Detector 10-Year,170.37,205.35,462,Safety,West Coast,7,1601
CO Detector Digital,160.82,208.83,266,Safety,East Coast,9,1309
Emergency Kit 72-Hour,249.85,361.95,119,Safety,South,5,1390
Heavy-Duty Flashlight,91.66,114.9,726,Safety,International,6,1022
AA Batteries 24pk,100.76,116.16,895,Safety,International,2,1620
AAA Batteries 24pk,125.69,184.32,303,Safety,West Coast,5,1621
Extension Cord 25ft 12AWG,57.09,69.45,266,Safety,Primary,4,1643
Power Strip 6-Outlet USB,226.14,311.22,326,Safety,South,9,1034
Cable Protector Ramp,93.12,111.37,941,Safety,International,6,1334
Lockout Tagout Kit,105.63,128.9,815,Safety,South,10,1374
Hazmat Spill Kit 5gal,126.94,158.09,178,Safety,West Coast,6,1493
Eye Wash Station Wall,187.4,237.73,127,Safety,East Coast,9,1077
Flammable Storage Cabinet,189.28,232.62,702,Safety,West Coast,8,1570
4-Gas Detector Meter,25.3,32.59,280,Safety,Midwest,10,1126
Small Box 8x8x8 25pk,33.8,50.69,4395,Packaging,International,94,13121
Medium Box 12x12x12 25pk,84.69,105.3,3930,Packaging,South,80,10205
Large Box 18x18x18 15pk,79.7,113.54,3726,Packaging,Midwest,28,15205
Bubble Wrap Roll 175ft,81.94,108.23,6789,Packaging,Primary,34,11145
Packing Peanuts 14cu ft,85.22,112.64,8171,Packaging,East Coast,34,10796
Shipping Tape Clear 6pk,79.97,100.3,7532,Packaging,International,67,15492
Shipping Labels 4x6 500ct,62.99,89.2,9722,Packaging,Midwest,39,17253
Poly Mailers 10x13 100pk,59.29,90.92,6786,Packaging,International,55,10268
Stretch Wrap 18in 1000ft,33.98,46.8,3968,Packaging,International,66,10813
Kraft Packing Paper 25lb,33.69,52.58,5976,Packaging,West Coast,27,13261
Foam Sheets 12x12 50pk,17.89,22.34,7550,Packaging,East Coast,31,15429
Strapping Tape 2in 6pk,58.11,83.61,449,Packaging,West Coast,26,16445
Pallet Wrap 80ga 1500ft,22.68,28.36,9350,Packaging,South,46,10562
Air Pillow Film Roll,19.44,25.01,3917,Packaging,East Coast,62,16343
Tissue Paper White 100pk,71.19,102.4,4642,Packaging,South,38,11064
Gift Boxes Assorted 12pk,23.31,29.6,522,Packaging,West Coast,36,10121
Satin Ribbon Roll 50yd,71.31,92.36,5404,Packaging,West Coast,22,11427
Gift Bags Medium 24pk,5.66,8.47,8719,Packaging,Primary,34,16108
Kraft Paper Roll 36in x 200ft,43.39,65.57,8508,Packaging,Midwest,95,10893
Corrugated Roll 48in x 100ft,45.84,72.34,810,Packaging,Midwest,86,12470
Whole Bean Coffee 2lb,36.1,41.91,1991,Food & Beverage,International,18,4746
Ground Coffee Medium 5lb,7.72,10.8,1846,Food & Beverage,West Coast,8,3330
Earl Grey Tea 200ct,34.24,40.16,1156,Food & Beverage,South,25,5397
Cane Sugar 10lb,39.74,51.0,2476,Food & Beverage,Midwest,22,4207
Coffee Creamer Singles 100pk,28.79,37.44,2904,Food & Beverage,International,9,5258
Paper Cups 12oz 100pk,47.87,62.26,965,Food & Beverage,Midwest,19,4388
PLA Lids 12oz 100pk,23.13,32.51,1310,Food & Beverage,International,19,4280
Wood Stirrers 1000pk,15.51,23.01,2843,Food & Beverage,Primary,21,3274
Cocktail Napkins 500pk,46.08,54.5,425,Food & Beverage,East Coast,29,4526
Paper Plates 9in 100pk,31.49,42.68,2330,Food & Beverage,International,23,4350
Wood Cutlery Set 200pk,8.48,10.8,2755,Food & Beverage,International,30,4732
Spring Water 24pk 16oz,4.73,5.92,1309,Food & Beverage,South,17,3424
Granola Bars Variety 36pk,28.89,34.79,2005,Food & Beverage,West Coast,13,3443
Mixed Nuts 2lb Canister,46.8,59.84,1171,Food & Beverage,Midwest,24,3926
Dried Fruit Mix 3lb,46.79,69.77,2576,Food & Beverage,Primary,25,5280
Multigrain Crackers 8pk,34.28,47.31,2870,Food & Beverage,East Coast,14,3118
Creamy Peanut Butter 40oz,16.48,23.35,1421,Food & Beverage,East Coast,17,3025
Strawberry Jam 32oz,48.1,64.85,1671,Food & Beverage,International,8,3581
Chicken Noodle Soup 6pk,35.56,41.28,2202,Food & Beverage,Midwest,12,4540
Solid Light Tuna 8pk,26.04,31.38,1306,Food & Beverage,South,29,4328
Jasmine Rice 25lb,33.6,49.03,667,Food & Beverage,International,11,3203
Penne Pasta 6pk 1lb,6.32,8.25,1766,Food & Beverage,Midwest,21,4810
Extra Virgin Olive Oil 1L,16.48,23.31,496,Food & Beverage,Primary,17,4760
Balsamic Vinegar 500ml,17.01,23.6,2023,Food & Beverage,Primary,22,4263
Sea Salt & Pepper Set,13.69,20.46,254,Food & Beverage,West Coast,6,3837
Spice Rack 20-Jar,52.1,73.91,1076,Food & Beverage,Primary,15,4343
Raw Honey 32oz,2.41,3.4,749,Food & Beverage,South,10,4557
Organic Granola 2lb,39.29,52.06,2766,Food & Beverage,Midwest,17,3295
Whey Protein 5lb Chocolate,47.67,55.53,106,Food & Beverage,West Coast,20,3318
Electrolyte Mix 30pk Lemon,32.52,43.92,2936,Food & Beverage,West Coast,26,4710
Wireless Mouse Mini,367.5,564.66,92,Electronics,International,5,735
Mechanical Keyboard XL,83.88,124.8,129,Electronics,Midwest,4,801
USB-C Hub Advanced,75.39,112.95,386,Electronics,West Coast,3,613
Webcam HD V2,73.36,102.95,276,Electronics,West Coast,5,599
Bluetooth Speaker XL,656.0,969.29,422,Electronics,Primary,2,620
Portable Charger Max,234.09,285.45,83,Electronics,International,1,590
HDMI Cable Lite+,420.24,578.04,301,Electronics,South,4,848
SSD 1TB Smart,294.27,452.7,166,Electronics,Primary,2,725
RAM 16GB Module Lite+,400.78,509.44,145,Electronics,West Coast,5,528
Graphics Card RTX Advanced,71.4,95.3,24,Electronics,West Coast,1,688
CPU Processor Lite,581.98,896.8,51,Electronics,South,5,804
Motherboard ATX Compact,419.13,574.93,410,Electronics,South,1,730
Power Supply 750W V3,292.77,392.39,82,Electronics,Primary,1,730
PC Case Mid-Tower Bulk,884.24,1046.7,335,Electronics,East Coast,2,520
Monitor 27 4K Ultra,891.93,1212.69,317,Electronics,West Coast,2,686
Laptop Stand Aluminum Standard,351.74,513.47,352,Electronics,International,5,526
Noise Cancelling Headphones Bulk,63.99,76.01,352,Electronics,West Coast,4,645
Smart Watch Pro Smart,786.59,1009.47,303,Electronics,West Coast,2,679
Fitness Tracker Band Compact,120.41,172.61,48,Electronics,Midwest,3,786
Wireless Earbuds Bulk,732.8,1039.14,429,Electronics,International,5,547
Tablet 10 inch HD,460.1,532.47,163,Electronics,West Coast,2,609
E-Reader Paperwhite Lite+,176.84,274.1,84,Electronics,Primary,1,651
Smart Plug WiFi Advanced,694.93,1031.31,457,Electronics,International,5,519
WiFi Router AX Bulk,789.37,1102.92,310,Electronics,East Coast,4,578
Network Switch 8-Port V2,749.05,1092.44,419,Electronics,Midwest,2,869
External HDD 2TB Plus,372.72,529.47,126,Electronics,West Coast,4,812
Flash Drive 128GB Ultra,214.43,267.11,499,Electronics,West Coast,4,599
Memory Card 256GB Elite,886.07,1182.61,149,Electronics,South,4,757
Desk Lamp LED HD,869.81,1284.5,415,Electronics,West Coast,5,570
Phone Charger 65W Plus,578.86,868.09,288,Electronics,South,1,864
Screen Protector Glass Mini,260.13,378.55,144,Electronics,East Coast,4,762
Phone Case Silicone HD,87.08,131.86,423,Electronics,Primary,4,678
Laptop Sleeve 15in HD,52.66,71.13,125,Electronics,West Coast,4,541
Monitor Arm Single Eco,30.23,46.02,434,Electronics,East Coast,3,574
Keyboard Wrist Rest Plus,261.76,387.9,361,Electronics,International,2,888
Mouse Pad XXL Lite+,406.5,468.33,45,Electronics,East Coast,1,631
Cable Management Kit Max,496.18,714.94,275,Electronics,West Coast,4,556
Surge Protector 12-Outlet Eco,274.53,320.95,219,Electronics,Primary,5,734
UPS Battery 1500VA Mini,753.84,1017.63,279,Electronics,South,1,823
USB Microphone Elite,221.53,267.48,224,Electronics,West Coast,1,814
Ring Light 18in Eco,515.74,631.74,347,Electronics,West Coast,1,768
Green Screen 5x7ft Lite,858.3,1173.84,407,Electronics,Primary,5,783
Streaming Deck MK2 Compact,786.63,918.32,203,Electronics,International,3,629
Capture Card 4K Pro,324.6,382.06,128,Electronics,South,1,895
Drone Camera Pro Bulk,124.4,160.59,178,Electronics,International,2,898
Action Camera 4K Ultra,882.83,1184.24,98,Electronics,International,2,532
Digital Camera Mirrorless Ultra,38.1,46.89,410,Electronics,West Coast,2,521
Camera Lens 50mm Standard,466.27,720.69,283,Electronics,Primary,4,629
Tripod Carbon Fiber V3,261.07,390.26,29,Electronics,Primary,3,639
Camera Bag Backpack XL,396.07,518.86,230,Electronics,East Coast,4,673
SD Card Reader Lite+,624.4,809.81,413,Electronics,Primary,5,636
Ballpoint Pens 12pk HD,15.13,23.63,1704,Office Supplies,West Coast,9,3117
Sticky Notes 8pk Bulk,19.37,27.06,625,Office Supplies,South,13,2913
File Folders 24pk HD,30.83,45.21,935,Office Supplies,West Coast,5,3488
Printer Paper A4 5-Ream Smart,179.67,245.2,1640,Office Supplies,International,5,2153
Ink Cartridge Black XL Compact,66.03,110.97,1411,Office Supplies,East Coast,9,2063
Ink Cartridge Color Combo Smart,122.38,179.03,278,Office Supplies,International,6,2483
Desk Organizer Bamboo XL,65.82,116.48,86,Office Supplies,Midwest,8,3390
Paper Shredder Cross-Cut XL,67.59,112.05,1195,Office Supplies,West Coast,8,3084
Laminator Machine A4 Compact,57.27,78.3,1987,Office Supplies,International,7,2053
Label Maker Portable V2,90.33,129.37,1170,Office Supplies,West Coast,7,2536
Whiteboard Magnetic 48x36 Ultra,39.41,61.76,1441,Office Supplies,Primary,19,2409
Dry Erase Markers 8pk Max,153.66,226.07,1860,Office Supplies,International,18,2179
Whiteboard Eraser Bulk,120.54,195.96,1146,Office Supplies,East Coast,13,2614
Stapler Heavy-Duty V2,143.07,215.36,268,Office Supplies,East Coast,10,2284
Staples 5000pk Lite+,5.7,8.73,775,Office Supplies,East Coast,18,3129
Tape Dispenser Desktop Smart,159.28,197.42,835,Office Supplies,Midwest,19,3076
Scissors Titanium HD,148.38,184.62,669,Office Supplies,Midwest,6,2921
Paper Clips 100pk Advanced,62.67,108.22,1617,Office Supplies,East Coast,9,3572
Binder Clips Assorted 24pk HD,91.01,156.62,1722,Office Supplies,East Coast,7,3061
Rubber Bands 1lb Standard,30.47,42.46,1472,Office Supplies,South,11,2708
Envelopes White 100pk Standard,152.42,205.82,1320,Office Supplies,International,12,2256
Notebooks College-Ruled 6pk Standard,110.98,139.4,1332,Office Supplies,South,9,3212
Daily Planner 2024 Max,31.64,49.82,1867,Office Supplies,Primary,14,3154
Scientific Calculator Pro,15.54,27.49,1599,Office Supplies,East Coast,12,3333
Ruler Metal 12in Elite,75.57,119.66,1039,Office Supplies,West Coast,13,3314
3-Hole Punch Lite+,44.83,75.51,851,Office Supplies,Primary,13,2928
Letter Tray Stackable Plus,29.3,42.47,971,Office Supplies,South,10,2696
Magazine Rack Wire Max,56.95,92.89,1523,Office Supplies,East Coast,15,2816
Bulletin Board Cork 36x24 XL,93.18,117.75,515,Office Supplies,West Coast,18,2250
Push Pins Colored 100pk Ultra,45.38,57.09,614,Office Supplies,Midwest,16,3260
Correction Tape 3pk Eco,173.32,301.82,1686,Office Supplies,International,14,3183
Glue Sticks Washable 6pk Bulk,34.98,45.32,1074,Office Supplies,West Coast,18,3021
Index Cards Ruled 200pk Lite+,5.15,9.1,1055,Office Supplies,East Coast,18,2493
Graph Paper Pad 4x4 Elite,64.17,78.95,1033,Office Supplies,South,19,2585
Legal Pads Yellow 3pk Pro,152.64,222.63,1827,Office Supplies,West Coast,12,3489
Presentation Folders 25pk Compact,66.5,95.78,1187,Office Supplies,South,10,2742
Sheet Protectors 50pk Standard,14.16,21.28,1585,Office Supplies,International,12,3276
Report Covers Prong 12pk Smart,22.27,39.75,826,Office Supplies,South,15,2694
Clipboard Letter-Size XL,136.14,179.63,1062,Office Supplies,Primary,16,3024
Pen Holder Mesh Plus,7.97,12.98,1666,Office Supplies,Midwest,19,3063
Ergonomic Office Chair Max,862.55,1082.2,43,Furniture,Midwest,2,120
Electric Standing Desk Smart,1044.17,1242.32,45,Furniture,West Coast,2,172
L-Shaped Corner Desk Lite+,1148.5,1390.27,88,Furniture,South,1,153
5-Tier Bookshelf Standard,1122.57,1479.1,90,Furniture,Midwest,1,176
3-Drawer Filing Cabinet Premium,1355.05,1808.82,76,Furniture,South,1,106
Conference Table 8-seat Lite+,267.75,345.05,81,Furniture,International,2,118
Guest Chair Padded Eco,78.09,108.11,16,Furniture,Midwest,1,102
Desk Lamp Architect Bulk,606.64,742.46,28,Furniture,South,2,164
Chair Floor Mat 48x36 Lite+,1226.4,1619.77,9,Furniture,East Coast,1,166
Monitor Riser Wood Basic,478.69,621.66,69,Furniture,East Coast,2,140
Storage Cabinet Locking Ultra,1280.05,1539.51,47,Furniture,Midwest,2,178
Coat Rack Standing V3,1341.77,1588.26,40,Furniture,West Coast,1,138
Waste Basket Metal V3,977.18,1218.25,63,Furniture,International,2,171
Under-Desk Drawer Unit Premium,427.83,544.22,71,Furniture,West Coast,2,150
Computer Desk Compact Max,431.47,511.85,93,Furniture,Midwest,1,144
Gaming Chair Racing Premium,1055.12,1228.37,70,Furniture,International,2,171
Recliner Leather Premium,222.38,285.69,77,Furniture,Primary,1,131
3-Seat Sofa Fabric Advanced,343.04,401.31,14,Furniture,International,2,142
Coffee Table Glass Lite+,172.24,229.29,2,Furniture,International,1,152
Side Table Round Lite+,686.72,796.48,38,Furniture,International,2,136
TV Stand 65in Plus,1274.33,1435.96,75,Furniture,International,1,168
Shoe Rack 4-Tier Plus,1281.56,1477.02,24,Furniture,Midwest,1,150
Wardrobe Sliding-Door V2,1313.47,1823.94,39,Furniture,West Coast,1,101
6-Drawer Dresser Elite,857.8,1182.51,44,Furniture,International,2,158
Nightstand 2-Drawer Basic,750.69,1026.03,19,Furniture,East Coast,2,134
Queen Bed Frame Metal Mini,486.38,641.7,84,Furniture,Primary,2,123
Queen Memory Foam Mattress Bulk,1114.4,1415.66,98,Furniture,South,1,122
Dining Table 6-seat Oak Compact,1163.84,1460.14,13,Furniture,East Coast,2,112
Dining Chair Padded 2pk Max,686.72,948.19,2,Furniture,East Coast,2,149
Bar Stool Adjustable Ultra,1063.88,1474.76,40,Furniture,International,1,133
Kitchen Island Cart XL,980.63,1096.97,17,Furniture,East Coast,2,139
Pantry Cabinet Tall Compact,971.49,1337.68,92,Furniture,International,2,115
Bathroom Vanity 36in Standard,536.7,625.93,19,Furniture,Midwest,2,119
Mirror Cabinet LED Smart,545.0,714.27,62,Furniture,International,1,131
Laundry Hamper Bamboo Smart,1226.83,1379.65,59,Furniture,South,2,109
Room Divider 4-Panel Mini,119.3,150.83,66,Furniture,South,1,173
Accent Chair Velvet Max,259.59,352.09,58,Furniture,International,1,126
Ottoman Storage Elite,702.25,961.85,59,Furniture,East Coast,1,158
Console Table Entryway Advanced,602.05,764.11,73,Furniture,International,2,139
Storage Bench Entryway Pro,575.47,773.97,97,Furniture,Primary,1,174
All-Purpose Cleaner 1gal Plus,20.22,32.36,4483,Cleaning,Primary,13,8828
Glass Cleaner Spray 32oz Lite+,3.36,4.89,1159,Cleaning,Midwest,36,6533
Disinfectant Wipes 6pk Ultra,39.39,67.1,3127,Cleaning,International,15,7796
Floor Cleaner Concentrate Basic,7.72,12.97,1021,Cleaning,Midwest,21,7200
Bathroom Cleaner Foaming Advanced,7.48,13.01,78,Cleaning,Midwest,11,6222
Kitchen Degreaser Basic,20.24,29.14,1931,Cleaning,West Coast,25,6886
Air Freshener Refills 3pk Max,13.85,23.8,974,Cleaning,International,12,8315
Microfiber Cloths 12pk HD,28.44,48.86,178,Cleaning,Primary,25,5844
Scrub Sponges 6pk Mini,27.54,40.57,448,Cleaning,Primary,25,8033
Rubber Gloves Latex 3pk Compact,20.88,31.74,512,Cleaning,West Coast,18,7063
Trash Bags 13gal 50pk Eco,37.08,59.91,2662,Cleaning,International,46,7449
Paper Towels 12-Roll Bulk,12.19,20.58,4320,Cleaning,West Coast,24,6693
Toilet Paper 24-Roll Premium,4.62,7.97,1484,Cleaning,Midwest,50,7780
Hand Soap Refill 1gal Basic,23.31,40.47,3172,Cleaning,International,43,6305
Hand Sanitizer Pump 32oz HD,19.56,27.38,1556,Cleaning,East Coast,44,6939
Spin Mop System Eco,14.93,23.94,3843,Cleaning,Midwest,13,7303
Angle Broom HD,25.96,34.19,2039,Cleaning,West Coast,26,5832
Dustpan Combo Lite,41.66,69.72,807,Cleaning,East Coast,44,7967
Vacuum Bags 6pk Plus,13.54,21.49,4989,Cleaning,Primary,12,8578
Dish Soap Lemon 32oz V3,36.6,56.5,4628,Cleaning,East Coast,23,6963
Dishwasher Pods 60pk Bulk,15.04,25.64,1785,Cleaning,International,22,8940
Laundry Detergent 100oz Mini,34.12,55.52,2037,Cleaning,East Coast,48,7882
Fabric Softener Sheets 240ct Compact,41.35,63.1,2368,Cleaning,South,34,6909
Stain Remover Spray XL,15.26,21.82,4123,Cleaning,International,39,5403
Bleach Concentrate 1gal Lite+,34.75,49.0,1714,Cleaning,Midwest,33,6281
Extendable Duster 10ft Plus,26.19,35.64,1245,Cleaning,South,11,6068
Window Squeegee 12in Elite,26.9,39.24,1298,Cleaning,East Coast,22,6351
Toilet Brush Set Compact,26.5,36.38,4560,Cleaning,Midwest,31,6054
Heavy-Duty Plunger Lite+,21.82,35.27,2935,Cleaning,International,20,5573
Drain Cleaner Gel 32oz Basic,23.0,39.29,4491,Cleaning,Primary,13,7146
Lint Roller Mega 4pk Lite,42.64,67.55,102,Cleaning,International,36,5563
Carpet Cleaner Shampoo Eco,4.92,6.52,1841,Cleaning,West Coast,42,6867
Wood Polish Spray Plus,28.57,45.24,4008,Cleaning,Primary,41,5064
Stainless Steel Cleaner Basic,25.72,32.3,4386,Cleaning,West Coast,27,7194
Oven Cleaner Heavy-Duty Pro,23.6,37.73,3577,Cleaning,Primary,21,5438
Grout Cleaner Brush Set Advanced,8.4,11.31,4362,Cleaning,West Coast,26,8339
First Aid Kit 200-Piece Premium,199.35,234.77,992,Safety,South,8,1470
Fire Extinguisher ABC 5lb Eco,247.59,304.3,710,Safety,International,3,1669
Safety Goggles Anti-Fog Plus,26.09,33.47,575,Safety,International,9,1057
Work Gloves Leather 12pk Pro,176.6,208.2,875,Safety,West Coast,8,1660
Hard Hat OSHA-Compliant Elite,244.4,364.36,926,Safety,East Coast,10,1043
Safety Vest Hi-Vis 10pk V3,225.61,314.12,590,Safety,Primary,9,1277
Ear Plugs NRR32 50pk Lite,172.05,214.74,566,Safety,West Coast,2,1183
N95 Dust Masks 50pk Pro,240.48,325.96,780,Safety,West Coast,8,1078
Face Shields Anti-Fog 5pk V2,142.3,191.87,879,Safety,South,8,1693
Steel-Toe Work Boots Bulk,97.81,137.81,819,Safety,International,3,1512
Knee Pads Gel-Insert XL,16.26,21.19,868,Safety,South,3,1348
Back Support Belt Large Smart,238.85,307.84,802,Safety,International,7,1030
Anti-Fatigue Mat 3x5ft Premium,196.54,257.01,243,Safety,Midwest,7,1566
Wet Floor Sign Bilingual HD,48.88,66.24,399,Safety,South,3,1790
Traffic Cone 28in Standard,200.12,280.09,94,Safety,Midwest,6,1157
Fire Blanket 4x6ft Max,185.69,234.12,119,Safety,West Coast,3,1005
Smoke Detector 10-Year Ultra,91.9,114.36,145,Safety,Midwest,3,1191
CO Detector Digital Ultra,140.58,186.88,115,Safety,West Coast,2,1091
Emergency Kit 72-Hour Basic,25.99,35.33,342,Safety,West Coast,8,1012
Heavy-Duty Flashlight HD,98.79,116.54,932,Safety,South,10,1248
AA Batteries 24pk Advanced,44.89,57.61,152,Safety,West Coast,6,1308
AAA Batteries 24pk Lite+,39.05,47.19,292,Safety,Midwest,8,1306
Extension Cord 25ft 12AWG Lite,92.2,136.5,748,Safety,South,9,1608
Power Strip 6-Outlet USB V3,116.09,139.01,16,Safety,South,8,1340
Cable Protector Ramp Compact,201.61,255.11,352,Safety,South,8,1666
Lockout Tagout Kit Max,77.21,105.09,721,Safety,West Coast,5,1490
Hazmat Spill Kit 5gal V2,241.25,359.23,308,Safety,East Coast,9,1589
Eye Wash Station Wall Bulk,95.89,137.68,412,Safety,South,7,1116
Flammable Storage Cabinet V3,149.28,200.18,708,Safety,International,10,1027
4-Gas Detector Meter Ultra,235.91,288.61,826,Safety,Primary,6,1709
Small Box 8x8x8 25pk HD,60.9,76.47,5061,Packaging,International,50,12069
Medium Box 12x12x12 25pk Max,64.66,98.0,1311,Packaging,Midwest,77,14898
Large Box 18x18x18 15pk Elite,36.67,51.43,6953,Packaging,West Coast,89,10301
Bubble Wrap Roll 175ft Basic,53.85,84.32,1891,Packaging,International,51,15387
Packing Peanuts 14cu ft XL,15.8,22.83,9327,Packaging,West Coast,71,17920
Shipping Tape Clear 6pk HD,10.43,12.93,3737,Packaging,South,85,16118
Shipping Labels 4x6 500ct Basic,52.67,75.32,7403,Packaging,Midwest,67,13204
Poly Mailers 10x13 100pk Elite,62.45,78.71,502,Packaging,West Coast,81,10856
Stretch Wrap 18in 1000ft HD,82.93,102.36,2421,Packaging,West Coast,64,12555
Kraft Packing Paper 25lb Ultra,70.8,99.72,5806,Packaging,Midwest,80,10799
Foam Sheets 12x12 50pk Ultra,29.38,38.78,1985,Packaging,West Coast,22,16956
Strapping Tape 2in 6pk Mini,61.27,77.55,4096,Packaging,South,86,11429
Pallet Wrap 80ga 1500ft V2,30.46,41.75,7670,Packaging,Midwest,49,16535
Air Pillow Film Roll V2,17.59,25.73,6581,Packaging,South,23,16040
Tissue Paper White 100pk V3,41.01,56.26,172,Packaging,West Coast,47,11685
Gift Boxes Assorted 12pk Lite,52.38,79.61,8896,Packaging,West Coast,43,12996
Satin Ribbon Roll 50yd V3,41.72,54.44,8119,Packaging,International,87,17912
Gift Bags Medium 24pk Bulk,54.13,78.19,9717,Packaging,West Coast,34,12850
Kraft Paper Roll 36in x 200ft Ultra,55.95,85.35,4973,Packaging,Primary,98,14834
Corrugated Roll 48in x 100ft Max,28.87,37.4,2016,Packaging,International,43,13058
Whole Bean Coffee 2lb Max,29.07,37.69,594,Food & Beverage,Midwest,24,4571
Ground Coffee Medium 5lb V2,27.79,37.19,2672,Food & Beverage,East Coast,11,5272
Earl Grey Tea 200ct Lite+,17.31,21.04,1877,Food & Beverage,West Coast,25,3219
Cane Sugar 10lb Pro,27.68,33.72,1602,Food & Beverage,International,23,5070
Coffee Creamer Singles 100pk Lite+,23.68,31.31,2938,Food & Beverage,East Coast,20,5001
Paper Cups 12oz 100pk Lite,31.97,45.67,933,Food & Beverage,West Coast,15,3133
PLA Lids 12oz 100pk Eco,30.49,36.86,1903,Food & Beverage,South,24,5028
Wood Stirrers 1000pk Advanced,8.0,9.52,2254,Food & Beverage,Primary,17,5220
Cocktail Napkins 500pk Ultra,30.96,46.33,449,Food & Beverage,West Coast,29,4013
Paper Plates 9in 100pk Plus,25.84,32.87,386,Food & Beverage,East Coast,20,3480
Wood Cutlery Set 200pk V3,44.97,60.97,1466,Food & Beverage,East Coast,28,4753
Spring Water 24pk 16oz Smart,9.38,11.47,877,Food & Beverage,West Coast,7,5335
Granola Bars Variety 36pk Basic,16.9,22.62,1355,Food & Beverage,West Coast,28,4198
Mixed Nuts 2lb Canister Elite,16.17,23.45,2812,Food & Beverage,Midwest,9,3555
Dried Fruit Mix 3lb Plus,54.6,79.36,549,Food & Beverage,East Coast,28,3543
Multigrain Crackers 8pk Max,39.7,57.17,2799,Food & Beverage,East Coast,18,5004
Creamy Peanut Butter 40oz Elite,35.52,48.65,1566,Food & Beverage,International,20,3309
Strawberry Jam 32oz Lite,23.35,32.98,2875,Food & Beverage,Midwest,17,4862
Chicken Noodle Soup 6pk Bulk,32.84,47.75,411,Food & Beverage,International,29,4877
Solid Light Tuna 8pk XL,47.06,67.22,1659,Food & Beverage,East Coast,12,4759
Jasmine Rice 25lb Lite+,16.23,23.37,1413,Food & Beverage,East Coast,23,5367
Penne Pasta 6pk 1lb Elite,47.18,67.27,2825,Food & Beverage,Primary,30,3198
Extra Virgin Olive Oil 1L Mini,35.19,50.77,96,Food & Beverage,Midwest,9,3647
Balsamic Vinegar 500ml Ultra,2.04,3.03,858,Food & Beverage,International,28,3540
Sea Salt & Pepper Set Standard,10.43,15.4,1152,Food & Beverage,West Coast,8,4476
Spice Rack 20-Jar Lite,21.71,31.83,707,Food & Beverage,International,7,4623
Raw Honey 32oz Standard,40.48,57.25,1788,Food & Beverage,International,26,3373
Organic Granola 2lb Mini,2.06,2.71,573,Food & Beverage,South,24,3926
Whey Protein 5lb Chocolate Ultra,2.49,3.47,523,Food & Beverage,Midwest,19,3541
Electrolyte Mix 30pk Lemon Lite,14.13,16.69,449,Food & Beverage,West Coast,9,4283
Wireless Mouse Standard,127.73,186.41,390,Electronics,International,2,828
Mechanical Keyboard Max,66.23,91.09,317,Electronics,West Coast,2,725
USB-C Hub V3,567.13,686.54,215,Electronics,Midwest,5,851
Webcam HD V3,82.59,98.3,390,Electronics,International,1,801
Bluetooth Speaker Compact,319.62,422.46,410,Electronics,West Coast,2,626
Portable Charger Lite,227.11,315.77,374,Electronics,International,5,645
HDMI Cable Pro,763.86,1079.61,159,Electronics,South,2,765
SSD 1TB Advanced,173.84,227.16,335,Electronics,Midwest,1,622
RAM 16GB Module Compact,105.91,142.96,309,Electronics,Primary,1,770
Graphics Card RTX XL,840.86,1011.38,445,Electronics,West Coast,5,715
CPU Processor Basic,616.23,896.67,493,Electronics,South,1,508
Motherboard ATX Lite,17.35,21.45,477,Electronics,South,1,703
Power Supply 750W Standard,567.57,766.46,217,Electronics,Midwest,4,859
PC Case Mid-Tower Lite,578.28,789.39,83,Electronics,West Coast,3,542
Monitor 27 4K Lite,462.62,569.61,418,Electronics,West Coast,2,774
Laptop Stand Aluminum Compact,529.86,771.1,337,Electronics,International,1,658
Noise Cancelling Headphones HD,658.31,979.95,34,Electronics,Midwest,2,544
Smart Watch Pro Mini,410.77,572.42,163,Electronics,Primary,2,561
Fitness Tracker Band Max,632.84,769.24,492,Electronics,South,3,767
Wireless Earbuds Premium,154.43,185.44,404,Electronics,Primary,3,875
Tablet 10 inch Pro,304.83,402.9,273,Electronics,International,1,634
E-Reader Paperwhite Elite,566.64,764.09,266,Electronics,Midwest,3,528
Smart Plug WiFi Elite,154.36,187.23,400,Electronics,International,1,793
WiFi Router AX Mini,209.42,283.46,27,Electronics,Primary,1,625
Network Switch 8-Port Lite+,330.76,502.12,96,Electronics,International,1,783
External HDD 2TB HD,205.94,257.28,473,Electronics,Primary,3,638
Flash Drive 128GB Elite,338.66,457.47,466,Electronics,East Coast,1,591
Memory Card 256GB Advanced,883.37,1353.0,40,Electronics,West Coast,4,644
Desk Lamp LED Bulk,82.32,109.71,193,Electronics,South,2,649
Phone Charger 65W Standard,666.92,831.67,193,Electronics,East Coast,5,752
Screen Protector Glass Basic,685.63,855.7,8,Electronics,East Coast,4,512
Phone Case Silicone Basic,315.05,468.11,454,Electronics,Primary,1,671
Laptop Sleeve 15in Compact,764.86,1102.08,58,Electronics,East Coast,2,771
Monitor Arm Single HD,445.37,522.85,77,Electronics,Primary,3,547
Keyboard Wrist Rest Eco,808.07,1097.28,363,Electronics,International,3,734
Mouse Pad XXL Lite,524.79,709.61,331,Electronics,South,4,538
Cable Management Kit Elite,60.74,85.95,71,Electronics,West Coast,2,649
Surge Protector 12-Outlet Bulk,833.81,1089.94,430,Electronics,Midwest,3,662
UPS Battery 1500VA Premium,214.08,326.99,74,Electronics,East Coast,5,555
USB Microphone Mini,152.12,203.3,213,Electronics,West Coast,1,774
Ring Light 18in V3,409.47,546.78,441,Electronics,East Coast,1,546
Green Screen 5x7ft Standard,744.62,1063.88,25,Electronics,East Coast,2,667
Streaming Deck MK2 Lite,641.49,986.2,207,Electronics,International,5,525
Capture Card 4K Standard,237.85,367.78,20,Electronics,South,4,731
Drone Camera Pro Basic,228.62,305.17,416,Electronics,Primary,2,562
Action Camera 4K Plus,748.18,1154.46,71,Electronics,West Coast,2,705
Digital Camera Mirrorless Lite,526.18,659.58,421,Electronics,Primary,1,511
Camera Lens 50mm V3,812.73,1078.8,70,Electronics,Primary,1,669
Tripod Carbon Fiber Plus,848.34,992.77,478,Electronics,International,5,721
Camera Bag Backpack Compact,449.03,585.13,223,Electronics,East Coast,2,681
SD Card Reader V2,251.11,333.58,81,Electronics,South,1,814
Ballpoint Pens 12pk Smart,45.0,61.97,863,Office Supplies,Primary,19,2124
Sticky Notes 8pk Premium,69.56,100.97,1336,Office Supplies,International,20,2510
File Folders 24pk Basic,143.28,256.99,1621,Office Supplies,South,15,2982
Printer Paper A4 5-Ream Lite+,62.58,96.34,678,Office Supplies,East Coast,16,2553
Ink Cartridge Black XL Pro,58.08,77.33,1854,Office Supplies,Midwest,12,2119
Ink Cartridge Color Combo Advanced,64.98,100.74,496,Office Supplies,East Coast,9,2205
Desk Organizer Bamboo Eco,48.71,82.31,1898,Office Supplies,East Coast,5,3564
Paper Shredder Cross-Cut Elite,152.52,255.99,746,Office Supplies,East Coast,9,2360
Laminator Machine A4 Elite,57.92,95.15,754,Office Supplies,International,4,3440
Label Maker Portable XL,170.61,262.43,1173,Office Supplies,South,10,3008
Whiteboard Magnetic 48x36 Standard,32.42,39.64,135,Office Supplies,East Coast,11,3232
Dry Erase Markers 8pk Pro,95.23,114.32,1899,Office Supplies,West Coast,10,2267
Whiteboard Eraser V2,165.46,282.37,682,Office Supplies,East Coast,5,2044
Stapler Heavy-Duty Elite,127.14,163.37,247,Office Supplies,Primary,20,2747
Staples 5000pk XL,127.11,203.03,1220,Office Supplies,West Coast,7,2689
Tape Dispenser Desktop Bulk,25.42,32.91,1962,Office Supplies,Midwest,17,3309
Scissors Titanium Bulk,32.18,57.32,1440,Office Supplies,International,15,2457
Paper Clips 100pk Elite,146.79,209.47,1523,Office Supplies,East Coast,13,2260
Binder Clips Assorted 24pk Pro,170.83,302.24,821,Office Supplies,South,5,2372
Rubber Bands 1lb Bulk,165.87,295.33,472,Office Supplies,East Coast,7,3016
Envelopes White 100pk Bulk,134.42,180.5,674,Office Supplies,Primary,9,3302
Notebooks College-Ruled 6pk Bulk,80.95,110.02,531,Office Supplies,West Coast,6,2717
Daily Planner 2024 Mini,129.95,159.69,917,Office Supplies,Midwest,17,2340
Scientific Calculator Lite+,158.84,224.08,788,Office Supplies,South,7,2981
Ruler Metal 12in Eco,30.12,37.48,1752,Office Supplies,Primary,5,2603
3-Hole Punch Bulk,47.74,60.29,720,Office Supplies,East Coast,9,2768
Letter Tray Stackable Lite,98.92,172.01,210,Office Supplies,South,14,3216
Magazine Rack Wire Lite+,127.11,185.43,1358,Office Supplies,Midwest,9,3243
Bulletin Board Cork 36x24 V2,10.59,14.81,409,Office Supplies,South,17,3427
Push Pins Colored 100pk Basic,48.48,66.36,506,Office Supplies,Midwest,7,2101
Correction Tape 3pk Elite,99.39,148.55,131,Office Supplies,Midwest,15,2007
Glue Sticks Washable 6pk Lite,53.72,85.8,1249,Office Supplies,Primary,19,2408
Index Cards Ruled 200pk Pro,38.04,60.21,187,Office Supplies,West Coast,19,2236
Graph Paper Pad 4x4 Compact,85.3,148.16,562,Office Supplies,South,6,3314
Legal Pads Yellow 3pk Compact,34.09,59.02,776,Office Supplies,Primary,9,2912
Presentation Folders 25pk Premium,79.71,108.25,1734,Office Supplies,Primary,12,3155
Sheet Protectors 50pk Max,135.65,217.11,195,Office Supplies,Midwest,15,3108
Report Covers Prong 12pk Elite,41.72,51.59,812,Office Supplies,South,20,2857
Clipboard Letter-Size Lite+,103.52,138.86,632,Office Supplies,International,6,2808
Pen Holder Mesh Plus,90.88,158.16,1659,Office Supplies,Midwest,8,2246
Ergonomic Office Chair V2,1330.47,1530.24,29,Furniture,Primary,1,116
Electric Standing Desk HD,141.97,185.26,27,Furniture,West Coast,1,176
L-Shaped Corner Desk Bulk,1278.25,1756.64,10,Furniture,South,1,149
5-Tier Bookshelf Compact,788.55,1070.05,68,Furniture,International,2,101
3-Drawer Filing Cabinet Smart,837.04,1117.03,16,Furniture,East Coast,2,119
Conference Table 8-seat Elite,837.53,1111.83,14,Furniture,Primary,1,172
Guest Chair Padded Standard,1219.1,1662.9,54,Furniture,International,2,149
Desk Lamp Architect Lite+,815.81,1013.17,24,Furniture,East Coast,2,151
Chair Floor Mat 48x36 Smart,865.81,1132.56,6,Furniture,International,2,142
Monitor Riser Wood Eco,102.28,127.09,36,Furniture,West Coast,2,102
Storage Cabinet Locking Standard,459.45,621.57,91,Furniture,East Coast,1,129
Coat Rack Standing Standard,1364.81,1682.72,43,Furniture,South,2,153
Waste Basket Metal Lite,291.53,339.17,54,Furniture,West Coast,2,166
Under-Desk Drawer Unit Plus,738.34,847.39,41,Furniture,South,2,117
Computer Desk Compact Elite,74.51,86.27,27,Furniture,Primary,1,131
Gaming Chair Racing Ultra,104.01,125.66,27,Furniture,Midwest,2,147
Recliner Leather Advanced,576.83,794.25,89,Furniture,West Coast,1,130
3-Seat Sofa Fabric Lite+,845.87,975.52,62,Furniture,East Coast,2,144
Coffee Table Glass Premium,1057.33,1381.57,38,Furniture,Primary,1,149
Side Table Round V2,1200.47,1601.37,29,Furniture,International,1,128
TV Stand 65in V3,402.3,491.95,4,Furniture,East Coast,1,160
Shoe Rack 4-Tier V2,855.56,943.29,34,Furniture,Midwest,2,135
Wardrobe Sliding-Door Compact,1197.42,1482.05,29,Furniture,International,2,138
6-Drawer Dresser Advanced,1160.18,1414.43,15,Furniture,International,1,165
Nightstand 2-Drawer XL,801.39,1024.28,38,Furniture,Midwest,2,113
Queen Bed Frame Metal Lite,494.03,584.41,43,Furniture,International,2,133
Queen Memory Foam Mattress Standard,292.11,366.65,32,Furniture,Midwest,1,176
Dining Table 6-seat Oak Bulk,964.23,1269.3,85,Furniture,West Coast,2,137
Dining Chair Padded 2pk HD,587.28,775.81,76,Furniture,International,1,143
Bar Stool Adjustable Eco,971.82,1255.1,62,Furniture,West Coast,2,164
Kitchen Island Cart V2,1182.47,1611.65,25,Furniture,Midwest,2,112
Pantry Cabinet Tall Max,1046.35,1378.62,73,Furniture,International,1,142
Bathroom Vanity 36in Lite,338.38,394.89,41,Furniture,West Coast,2,142
Mirror Cabinet LED Premium,834.3,1033.8,17,Furniture,International,2,106
Laundry Hamper Bamboo Elite,827.13,1063.85,62,Furniture,Primary,1,164
Room Divider 4-Panel Compact,758.23,928.02,21,Furniture,West Coast,1,125
Accent Chair Velvet HD,1382.52,1891.08,60,Furniture,International,1,140
Ottoman Storage V2,1098.25,1368.72,82,Furniture,International,1,140
Console Table Entryway Plus,41.43,48.97,99,Furniture,East Coast,1,173
Storage Bench Entryway Lite+,1106.81,1476.4,18,Furniture,Midwest,2,154
All-Purpose Cleaner 1gal HD,43.51,62.73,359,Cleaning,International,44,5816
Glass Cleaner Spray 32oz XL,42.85,72.67,4400,Cleaning,International,22,5073
Disinfectant Wipes 6pk Pro,28.95,39.79,2870,Cleaning,Primary,29,5528
Floor Cleaner Concentrate Compact,23.64,33.17,584,Cleaning,West Coast,12,6221
Bathroom Cleaner Foaming Ultra,33.3,51.55,2817,Cleaning,International,37,8637
Kitchen Degreaser Max,16.74,28.47,2992,Cleaning,Midwest,22,5675
Air Freshener Refills 3pk Pro,11.82,19.07,1124,Cleaning,Primary,23,8006
Microfiber Cloths 12pk Elite,23.7,31.08,356,Cleaning,International,34,8590
Scrub Sponges 6pk Premium,35.16,54.9,4915,Cleaning,Primary,13,7711
Rubber Gloves Latex 3pk Pro,4.07,5.32,3689,Cleaning,South,34,5506
Trash Bags 13gal 50pk Premium,22.4,29.72,126,Cleaning,International,29,6723
Paper Towels 12-Roll Mini,30.49,42.23,1173,Cleaning,Primary,36,8402
Toilet Paper 24-Roll Advanced,32.91,43.07,983,Cleaning,East Coast,16,7038
Hand Soap Refill 1gal Smart,10.59,14.63,4335,Cleaning,International,22,6466
Hand Sanitizer Pump 32oz HD,14.7,18.66,4116,Cleaning,Midwest,23,7818
Spin Mop System Bulk,12.08,15.18,779,Cleaning,South,17,8421
Angle Broom Lite+,8.41,10.89,4241,Cleaning,International,14,7963
Dustpan Combo Mini,40.91,64.32,3791,Cleaning,Midwest,28,6081
Vacuum Bags 6pk Plus,6.29,8.41,373,Cleaning,International,28,6475
Dish Soap Lemon 32oz Bulk,20.32,26.58,425,Cleaning,East Coast,10,8489
Dishwasher Pods 60pk V2,16.13,27.38,2247,Cleaning,West Coast,15,6526
Laundry Detergent 100oz V2,6.89,9.99,3789,Cleaning,Midwest,27,8423
Fabric Softener Sheets 240ct Lite+,36.4,57.31,1416,Cleaning,International,17,5542
Stain Remover Spray Plus,44.21,73.93,899,Cleaning,South,36,8732
Bleach Concentrate 1gal Lite+,36.5,58.01,1534,Cleaning,West Coast,49,6555
Extendable Duster 10ft Smart,3.24,5.16,1120,Cleaning,Midwest,40,8769
Window Squeegee 12in Mini,40.17,59.06,568,Cleaning,West Coast,26,7682
Toilet Brush Set Pro,32.3,51.32,4773,Cleaning,International,46,5917
Heavy-Duty Plunger Bulk,24.32,38.77,830,Cleaning,International,37,7710
Drain Cleaner Gel 32oz Eco,22.72,35.94,3202,Cleaning,South,19,8436
Lint Roller Mega 4pk Smart,4.35,6.84,1335,Cleaning,Midwest,42,8476
Carpet Cleaner Shampoo Lite+,39.38,50.7,4077,Cleaning,West Coast,30,5986
Wood Polish Spray Premium,4.17,5.68,3151,Cleaning,East Coast,35,8346
Stainless Steel Cleaner Lite,21.74,35.88,3720,Cleaning,Midwest,15,8508
Oven Cleaner Heavy-Duty Ultra,15.59,27.13,195,Cleaning,Midwest,16,6652
Grout Cleaner Brush Set Plus,25.96,32.45,794,Cleaning,South,48,8945
First Aid Kit 200-Piece Standard,222.86,300.15,680,Safety,West Coast,9,1349
Fire Extinguisher ABC 5lb Plus,204.7,295.9,349,Safety,South,10,1785
Safety Goggles Anti-Fog Smart,119.86,165.41,743,Safety,Primary,9,1116
Work Gloves Leather 12pk Eco,3.54,4.51,658,Safety,South,6,1560
Hard Hat OSHA-Compliant XL,176.42,205.71,178,Safety,International,9,1143
Safety Vest Hi-Vis 10pk HD,29.42,40.12,202,Safety,East Coast,3,1402
Ear Plugs NRR32 50pk Ultra,206.66,251.44,356,Safety,Midwest,3,1775
N95 Dust Masks 50pk Plus,231.88,334.63,612,Safety,Midwest,3,1790
Face Shields Anti-Fog 5pk Ultra,165.64,245.92,147,Safety,South,9,1004
Steel-Toe Work Boots Plus,139.65,181.75,609,Safety,East Coast,9,1520
Knee Pads Gel-Insert Elite,45.89,65.87,116,Safety,South,8,1673
Back Support Belt Large Smart,221.03,293.18,403,Safety,International,8,1623
Anti-Fatigue Mat 3x5ft Eco,70.58,104.97,311,Safety,East Coast,9,1136
Wet Floor Sign Bilingual HD,151.82,221.7,534,Safety,South,6,1718
Traffic Cone 28in Bulk,178.83,264.21,657,Safety,East Coast,5,1205
Fire Blanket 4x6ft Smart,179.45,249.49,953,Safety,International,4,1727
Smoke Detector 10-Year V2,127.46,177.55,340,Safety,West Coast,3,1779
CO Detector Digital Basic,121.65,164.19,693,Safety,International,8,1690
Emergency Kit 72-Hour Basic,73.62,106.5,837,Safety,Primary,2,1535
Heavy-Duty Flashlight Pro,97.07,113.43,67,Safety,East Coast,5,1273
AA Batteries 24pk Standard,171.8,206.37,73,Safety,South,6,1208
AAA Batteries 24pk Plus,91.59,119.84,640,Safety,International,10,1229
Extension Cord 25ft 12AWG Basic,99.06,131.63,825,Safety,International,6,1709
Power Strip 6-Outlet USB Plus,231.84,298.06,989,Safety,Primary,7,1565
Cable Protector Ramp Pro,186.69,227.96,899,Safety,International,9,1230
Lockout Tagout Kit XL,189.51,254.19,627,Safety,International,5,1794
Hazmat Spill Kit 5gal V3,75.66,91.71,709,Safety,East Coast,3,1191
Eye Wash Station Wall Advanced,32.48,37.81,295,Safety,East Coast,10,1270
Flammable Storage Cabinet V2,147.24,182.47,348,Safety,East Coast,9,1726
4-Gas Detector Meter Plus,40.96,51.73,62,Safety,South,6,1502
Small Box 8x8x8 25pk Basic,32.87,49.75,5307,Packaging,East Coast,87,11801
Medium Box 12x12x12 25pk Advanced,7.07,9.91,6914,Packaging,Midwest,89,14399
Large Box 18x18x18 15pk Lite,32.1,49.86,5537,Packaging,West Coast,62,12955
Bubble Wrap Roll 175ft V3,85.58,123.86,7880,Packaging,International,91,16747
Packing Peanuts 14cu ft Pro,11.21,15.0,4037,Packaging,South,98,17525
Shipping Tape Clear 6pk Eco,86.34,127.18,5358,Packaging,Primary,68,17503
Shipping Labels 4x6 500ct Compact,23.84,35.51,504,Packaging,West Coast,86,16734
Poly Mailers 10x13 100pk Advanced,72.45,99.85,818,Packaging,International,57,17358
Stretch Wrap 18in 1000ft V3,29.51,36.38,1672,Packaging,South,41,17959
Kraft Packing Paper 25lb Basic,1.65,2.02,3592,Packaging,Primary,74,16845
Foam Sheets 12x12 50pk V3,48.86,72.37,7230,Packaging,International,29,16118
Strapping Tape 2in 6pk Max,3.11,4.62,720,Packaging,Primary,31,10600
Pallet Wrap 80ga 1500ft V2,71.69,102.03,9520,Packaging,West Coast,49,17462
Air Pillow Film Roll HD,35.53,51.59,7194,Packaging,Midwest,60,10138
Tissue Paper White 100pk Mini,48.6,70.79,1136,Packaging,International,94,10372
Gift Boxes Assorted 12pk Lite,32.84,46.01,4848,Packaging,Primary,58,14968
Satin Ribbon Roll 50yd Standard,69.11,95.03,6573,Packaging,East Coast,23,13882
Gift Bags Medium 24pk Basic,20.57,30.83,9041,Packaging,International,57,17865
Kraft Paper Roll 36in x 200ft Max,27.53,42.8,6213,Packaging,South,21,14534
Corrugated Roll 48in x 100ft Max,11.97,14.39,9875,Packaging,South,70,14400
Whole Bean Coffee 2lb Lite,18.15,25.63,1438,Food & Beverage,International,12,4690
Ground Coffee Medium 5lb Advanced,9.55,11.6,2556,Food & Beverage,Primary,14,3795
Earl Grey Tea 200ct V2,37.56,50.65,252,Food & Beverage,Midwest,30,5248
Cane Sugar 10lb Basic,5.88,8.14,1056,Food & Beverage,International,9,3808
Coffee Creamer Singles 100pk Elite,27.82,35.21,555,Food & Beverage,Primary,27,3960
Paper Cups 12oz 100pk Standard,34.83,51.03,1331,Food & Beverage,West Coast,21,4845
PLA Lids 12oz 100pk Smart,36.95,51.46,654,Food & Beverage,West Coast,24,5321
Wood Stirrers 1000pk Bulk,52.81,63.85,1312,Food & Beverage,International,13,3907
Cocktail Napkins 500pk HD,16.66,21.26,2813,Food & Beverage,Midwest,29,4358
Paper Plates 9in 100pk Ultra,25.6,36.38,2024,Food & Beverage,East Coast,23,3445
Wood Cutlery Set 200pk Smart,6.34,7.91,603,Food & Beverage,West Coast,23,3804
Spring Water 24pk 16oz Lite,40.55,59.29,2107,Food & Beverage,South,26,3127
Granola Bars Variety 36pk Elite,23.47,31.84,180,Food & Beverage,South,23,4067
Mixed Nuts 2lb Canister Basic,27.02,38.4,1528,Food & Beverage,South,18,3914
Dried Fruit Mix 3lb Standard,9.1,12.06,400,Food & Beverage,South,18,4490
Multigrain Crackers 8pk Pro,37.12,53.7,2545,Food & Beverage,South,27,3679
Creamy Peanut Butter 40oz Max,25.65,31.11,2347,Food & Beverage,International,27,3598
Strawberry Jam 32oz Lite+,51.78,60.28,2027,Food & Beverage,West Coast,13,3257
Chicken Noodle Soup 6pk XL,14.4,19.93,2151,Food & Beverage,Midwest,17,4589
Solid Light Tuna 8pk Ultra,48.72,56.71,2686,Food & Beverage,International,16,3422
Jasmine Rice 25lb Advanced,35.58,44.32,1108,Food & Beverage,South,24,5229
Penne Pasta 6pk 1lb V2,21.96,28.16,2437,Food & Beverage,South,26,3318
Extra Virgin Olive Oil 1L Premium,21.95,32.21,2145,Food & Beverage,West Coast,18,4445
Balsamic Vinegar 500ml Lite+,44.01,64.28,57,Food & Beverage,Midwest,22,3569
Sea Salt & Pepper Set V2,14.19,18.87,1180,Food & Beverage,East Coast,12,3615
Spice Rack 20-Jar V2,21.2,29.7,514,Food & Beverage,Midwest,27,3943
Raw Honey 32oz Bulk,40.17,52.97,1991,Food & Beverage,South,21,3863
Organic Granola 2lb V2,36.3,46.97,1028,Food & Beverage,South,7,3523
Whey Protein 5lb Chocolate Elite,10.54,14.44,190,Food & Beverage,Primary,24,3601
Electrolyte Mix 30pk Lemon V2,15.69,19.03,1690,Food & Beverage,International,25,5308
Wireless Mouse Pro,791.27,1140.37,425,Electronics,East Coast,3,543
Mechanical Keyboard Ultra,547.84,733.32,251,Electronics,Midwest,2,612
USB-C Hub Smart,132.73,183.57,397,Electronics,International,2,819
Webcam HD Advanced,241.75,348.04,180,Electronics,South,4,805
Bluetooth Speaker Lite,210.68,274.77,60,Electronics,South,1,603
Portable Charger Advanced,617.51,914.29,315,Electronics,Midwest,1,590
HDMI Cable Smart,541.83,813.34,277,Electronics,Primary,5,885
SSD 1TB Lite,436.61,524.86,313,Electronics,International,5,500
RAM 16GB Module HD,472.23,613.03,27,Electronics,East Coast,5,719
Graphics Card RTX Lite+,711.65,926.92,306,Electronics,Midwest,5,550
CPU Processor Max,232.79,339.02,470,Electronics,South,1,645
Motherboard ATX Basic,370.74,454.38,368,Electronics,South,1,795
Power Supply 750W Mini,470.19,611.25,110,Electronics,West Coast,3,709
PC Case Mid-Tower Mini,143.53,202.47,134,Electronics,Midwest,3,774
Monitor 27 4K Elite,332.25,418.71,353,Electronics,East Coast,4,886
Laptop Stand Aluminum HD,499.13,685.32,96,Electronics,South,3,786
Noise Cancelling Headphones Lite+,232.13,295.42,181,Electronics,East Coast,4,876
Smart Watch Pro Mini,674.29,895.89,363,Electronics,East Coast,2,551
Fitness Tracker Band Advanced,363.5,467.23,286,Electronics,International,5,856
Wireless Earbuds Plus,148.86,228.62,7,Electronics,Midwest,1,574
Tablet 10 inch Smart,394.66,463.97,118,Electronics,South,3,540
E-Reader Paperwhite Plus,653.42,994.68,210,Electronics,South,5,835
Smart Plug WiFi Standard,641.89,891.58,489,Electronics,Midwest,2,827
WiFi Router AX Ultra,14.59,21.74,481,Electronics,East Coast,5,646
Network Switch 8-Port Plus,706.64,956.95,362,Electronics,East Coast,2,814
External HDD 2TB Plus,326.97,461.68,85,Electronics,Midwest,1,641
Flash Drive 128GB XL,604.35,793.02,107,Electronics,International,5,507
Memory Card 256GB Lite,827.66,1133.76,376,Electronics,West Coast,5,798
Desk Lamp LED XL,867.14,1093.12,315,Electronics,Midwest,2,732
Phone Charger 65W Elite,9.16,11.18,264,Electronics,Primary,1,786
Screen Protector Glass Advanced,268.36,410.27,416,Electronics,South,5,631
Phone Case Silicone Elite,228.88,303.75,198,Electronics,East Coast,5,747
Laptop Sleeve 15in Bulk,865.31,1153.92,240,Electronics,Midwest,5,514
Monitor Arm Single Mini,235.75,307.2,408,Electronics,International,2,846
Keyboard Wrist Rest Eco,721.14,948.28,185,Electronics,Primary,5,774
Mouse Pad XXL Premium,227.19,269.72,349,Electronics,South,3,538
Cable Management Kit V2,431.52,557.27,462,Electronics,East Coast,5,637
Surge Protector 12-Outlet V3,451.6,555.41,381,Electronics,East Coast,2,635
UPS Battery 1500VA Eco,186.48,233.08,321,Electronics,Primary,3,579
USB Microphone Mini,828.57,1176.84,344,Electronics,Primary,4,814
Ring Light 18in Basic,862.4,1284.29,195,Electronics,Midwest,5,661
Green Screen 5x7ft Elite,782.55,1053.56,396,Electronics,Midwest,5,643
Streaming Deck MK2 Eco,676.4,812.56,274,Electronics,South,4,744
Capture Card 4K Plus,454.72,594.54,356,Electronics,Primary,2,734
Drone Camera Pro Advanced,416.76,594.17,11,Electronics,South,2,694
Action Camera 4K Mini,296.27,413.33,137,Electronics,West Coast,2,780
Digital Camera Mirrorless Eco,246.12,377.4,180,Electronics,Midwest,3,594
Camera Lens 50mm HD,193.43,276.66,195,Electronics,West Coast,3,705
Tripod Carbon Fiber Ultra,166.0,199.61,299,Electronics,International,2,551
Camera Bag Backpack Premium,724.66,994.33,443,Electronics,East Coast,4,600
SD Card Reader Max,428.32,494.24,220,Electronics,International,4,568
Ballpoint Pens 12pk Advanced,96.58,134.19,1016,Office Supplies,South,13,2513
Sticky Notes 8pk Elite,9.54,12.01,354,Office Supplies,West Coast,5,2441
File Folders 24pk Lite+,151.18,190.15,1544,Office Supplies,West Coast,14,2532
Printer Paper A4 5-Ream XL,101.3,178.2,547,Office Supplies,Midwest,15,2040
Ink Cartridge Black XL Mini,63.85,102.65,1260,Office Supplies,South,10,3181
Ink Cartridge Color Combo Basic,32.24,53.78,747,Office Supplies,South,14,3378
Desk Organizer Bamboo Lite+,139.68,205.07,180,Office Supplies,West Coast,16,3256
Paper Shredder Cross-Cut Ultra,114.08,146.81,363,Office Supplies,International,14,2863
Laminator Machine A4 Smart,103.32,176.61,166,Office Supplies,West Coast,6,2331
Label Maker Portable Eco,57.11,90.91,1474,Office Supplies,International,12,3239
Whiteboard Magnetic 48x36 Compact,49.55,72.69,1787,Office Supplies,South,15,3531
Dry Erase Markers 8pk Advanced,173.83,251.77,396,Office Supplies,International,4,2256
Whiteboard Eraser Eco,119.5,210.83,1455,Office Supplies,East Coast,6,2431
Stapler Heavy-Duty Compact,19.44,24.07,1819,Office Supplies,Primary,19,3123
Staples 5000pk Pro,139.0,210.5,190,Office Supplies,South,7,2537
Tape Dispenser Desktop Max,16.09,28.3,818,Office Supplies,East Coast,13,2469
Scissors Titanium Standard,80.33,102.49,1098,Office Supplies,Primary,9,2058
Paper Clips 100pk XL,155.01,216.26,995,Office Supplies,West Coast,18,3107
Binder Clips Assorted 24pk Basic,80.63,143.66,1448,Office Supplies,South,9,3210
Rubber Bands 1lb Ultra,113.96,180.23,1175,Office Supplies,International,17,3072
Envelopes White 100pk Basic,56.43,79.47,1125,Office Supplies,Midwest,11,2183
Notebooks College-Ruled 6pk Standard,66.48,90.14,641,Office Supplies,South,4,2000
Daily Planner 2024 Max,62.56,92.68,37,Office Supplies,Midwest,19,3547
Scientific Calculator Standard,2.63,3.84,619,Office Supplies,South,11,2014
Ruler Metal 12in XL,34.75,60.09,915,Office Supplies,East Coast,16,2511
3-Hole Punch Compact,149.29,198.91,182,Office Supplies,East Coast,17,3280
Letter Tray Stackable Advanced,137.85,240.68,1673,Office Supplies,International,12,2583
Magazine Rack Wire Basic,145.78,211.05,1767,Office Supplies,East Coast,6,2373
Bulletin Board Cork 36x24 Standard,20.75,30.57,947,Office Supplies,South,12,3434
Push Pins Colored 100pk Lite+,34.61,41.93,121,Office Supplies,Primary,4,2380
Correction Tape 3pk Standard,49.19,80.14,1509,Office Supplies,Primary,4,2476
Glue Sticks Washable 6pk Max,3.64,4.84,880,Office Supplies,West Coast,13,3020
Index Cards Ruled 200pk Ultra,125.75,153.29,184,Office Supplies,West Coast,8,2114
Graph Paper Pad 4x4 Compact,13.78,20.42,413,Office Supplies,Primary,12,2781
Legal Pads Yellow 3pk Mini,175.45,285.77,808,Office Supplies,International,18,2506
Presentation Folders 25pk Plus,36.65,60.15,212,Office Supplies,East Coast,20,3363
Sheet Protectors 50pk Lite+,70.65,125.53,1937,Office Supplies,International,14,2324
Report Covers Prong 12pk Plus,134.31,205.46,270,Office Supplies,International,12,2985
Clipboard Letter-Size Standard,36.57,63.36,1788,Office Supplies,East Coast,10,2231
Pen Holder Mesh HD,59.09,76.84,585,Office Supplies,East Coast,7,2810
Ergonomic Office Chair Pro,1357.46,1729.84,90,Furniture,East Coast,2,176
Electric Standing Desk XL,1087.14,1276.97,65,Furniture,West Coast,1,179
L-Shaped Corner Desk Plus,116.59,150.79,91,Furniture,Midwest,1,116
5-Tier Bookshelf Eco,467.35,592.37,84,Furniture,International,2,156
3-Drawer Filing Cabinet V3,64.15,77.84,94,Furniture,Primary,1,132
Conference Table 8-seat Lite+,999.54,1267.12,71,Furniture,South,2,124
Guest Chair Padded V2,777.04,930.2,61,Furniture,South,2,176
Desk Lamp Architect V2,129.02,147.92,39,Furniture,West Coast,2,169
Chair Floor Mat 48x36 Ultra,35.98,46.46,50,Furniture,South,1,102
Monitor Riser Wood XL,1094.26,1282.07,94,Furniture,Midwest,1,168
Storage Cabinet Locking V3,750.36,937.4,72,Furniture,West Coast,1,178
Coat Rack Standing Bulk,594.38,711.24,14,Furniture,East Coast,1,105
Waste Basket Metal V2,1227.32,1424.46,64,Furniture,Primary,1,112
Under-Desk Drawer Unit Elite,910.99,1108.29,64,Furniture,West Coast,2,106
Computer Desk Compact Eco,862.13,966.67,28,Furniture,Midwest,2,110
Gaming Chair Racing Plus,527.66,698.12,55,Furniture,South,2,107
Recliner Leather Premium,757.11,999.6,40,Furniture,South,1,127
3-Seat Sofa Fabric Mini,173.17,202.49,51,Furniture,South,1,124
Coffee Table Glass Eco,813.09,1125.52,73,Furniture,International,2,113
Side Table Round Elite,523.62,648.04,87,Furniture,East Coast,2,113
TV Stand 65in V2,785.7,983.23,86,Furniture,South,1,168
Shoe Rack 4-Tier Ultra,1309.25,1794.65,72,Furniture,Midwest,2,147
Wardrobe Sliding-Door HD,1162.7,1391.79,32,Furniture,South,1,148
6-Drawer Dresser Premium,526.41,650.5,52,Furniture,West Coast,1,104
Nightstand 2-Drawer Smart,57.25,65.3,40,Furniture,East Coast,1,138
Queen Bed Frame Metal V3,1203.06,1331.2,90,Furniture,South,2,170
Queen Memory Foam Mattress Basic,813.96,1034.94,14,Furniture,West Coast,1,158
Dining Table 6-seat Oak Max,223.93,270.98,76,Furniture,West Coast,1,129
Dining Chair Padded 2pk Standard,160.45,195.74,29,Furniture,Midwest,1,141
Bar Stool Adjustable V2,701.5,960.85,91,Furniture,International,1,176
Kitchen Island Cart Standard,86.01,115.47,50,Furniture,West Coast,1,107
Pantry Cabinet Tall XL,1235.92,1520.54,17,Furniture,Primary,1,177
Bathroom Vanity 36in Compact,108.88,136.9,42,Furniture,South,1,141
Mirror Cabinet LED Eco,244.11,317.85,52,Furniture,South,2,176
Laundry Hamper Bamboo Advanced,157.96,194.22,52,Furniture,West Coast,1,116
Room Divider 4-Panel Lite,684.54,906.05,72,Furniture,Primary,2,133
Accent Chair Velvet Compact,719.99,959.13,18,Furniture,South,1,161
Ottoman Storage V3,700.93,908.18,27,Furniture,Primary,1,131
Console Table Entryway Premium,1095.29,1311.09,75,Furniture,International,1,114
Storage Bench Entryway HD,613.13,738.51,43,Furniture,International,2,176
All-Purpose Cleaner 1gal Pro,35.1,46.85,2914,Cleaning,Midwest,49,8365
Glass Cleaner Spray 32oz Smart,8.27,10.52,1962,Cleaning,West Coast,22,7807
Disinfectant Wipes 6pk Max,34.58,57.97,970,Cleaning,South,13,5995
Floor Cleaner Concentrate Max,39.36,65.34,162,Cleaning,Primary,31,7841
Bathroom Cleaner Foaming Standard,21.35,26.93,1762,Cleaning,East Coast,44,5867
Kitchen Degreaser Basic,24.5,33.79,4006,Cleaning,East Coast,49,7989
Air Freshener Refills 3pk Pro,18.19,30.98,4365,Cleaning,East Coast,12,6046
Microfiber Cloths 12pk Plus,14.21,23.37,2272,Cleaning,International,13,6904
Scrub Sponges 6pk Pro,4.86,7.68,3000,Cleaning,West Coast,16,5078
Rubber Gloves Latex 3pk Compact,11.94,17.2,865,Cleaning,South,30,6985
Trash Bags 13gal 50pk Basic,5.78,7.8,3801,Cleaning,International,45,8794
Paper Towels 12-Roll Pro,3.71,6.35,2547,Cleaning,Midwest,31,7006
Toilet Paper 24-Roll V2,2.79,4.44,2961,Cleaning,East Coast,50,6238
Hand Soap Refill 1gal Advanced,13.86,17.75,2160,Cleaning,Primary,34,8647
Hand Sanitizer Pump 32oz Basic,42.81,58.34,2849,Cleaning,East Coast,35,7690
Spin Mop System Lite,33.39,50.43,1913,Cleaning,South,36,5984
Angle Broom Max,20.34,28.6,2747,Cleaning,East Coast,38,7220
Dustpan Combo V3,30.06,46.31,1707,Cleaning,International,18,6265
Vacuum Bags 6pk Advanced,41.11,60.23,1239,Cleaning,East Coast,46,8756
Dish Soap Lemon 32oz Bulk,4.92,7.46,1019,Cleaning,East Coast,21,6300
Dishwasher Pods 60pk Pro,34.91,59.0,3441,Cleaning,Midwest,36,6242
Laundry Detergent 100oz Premium,8.53,11.46,1127,Cleaning,South,21,5107
Fabric Softener Sheets 240ct Smart,13.48,20.67,1941,Cleaning,East Coast,48,5951
Stain Remover Spray Pro,17.45,27.82,3954,Cleaning,South,18,7057
Bleach Concentrate 1gal Lite+,32.62,46.87,3224,Cleaning,East Coast,41,6940
Extendable Duster 10ft V2,10.31,13.05,172,Cleaning,Midwest,27,8892
Window Squeegee 12in Eco,33.92,59.16,1725,Cleaning,Midwest,14,5725
Toilet Brush Set Smart,23.07,32.59,3798,Cleaning,Midwest,25,6751
Heavy-Duty Plunger Plus,28.14,46.77,2613,Cleaning,International,35,7504
Drain Cleaner Gel 32oz Elite,27.53,41.64,365,Cleaning,Midwest,43,5447
Lint Roller Mega 4pk Ultra,37.56,47.75,2062,Cleaning,Midwest,43,7203
Carpet Cleaner Shampoo Plus,25.98,39.18,453,Cleaning,Midwest,22,6192
Wood Polish Spray Compact,40.03,65.52,2392,Cleaning,Midwest,39,5681
Stainless Steel Cleaner Standard,28.36,36.22,4285,Cleaning,International,19,6898
Oven Cleaner Heavy-Duty Ultra,5.89,8.84,1522,Cleaning,International,47,8841
Grout Cleaner Brush Set Basic,7.82,11.39,3743,Cleaning,Midwest,11,5732
First Aid Kit 200-Piece Elite,224.46,328.5,913,Safety,West Coast,9,1092
Fire Extinguisher ABC 5lb Bulk,173.85,255.13,825,Safety,International,4,1735
Safety Goggles Anti-Fog Mini,25.52,35.66,659,Safety,South,7,1087
Work Gloves Leather 12pk Compact,182.54,272.23,636,Safety,South,4,1387
Hard Hat OSHA-Compliant Compact,13.84,16.74,353,Safety,East Coast,4,1166
Safety Vest Hi-Vis 10pk V2,192.98,225.39,325,Safety,Midwest,6,1747
Ear Plugs NRR32 50pk Standard,157.73,187.88,144,Safety,South,5,1003
N95 Dust Masks 50pk Premium,6.02,7.97,520,Safety,South,10,1005
Face Shields Anti-Fog 5pk Lite+,61.76,83.75,497,Safety,Midwest,9,1419
Steel-Toe Work Boots Lite,151.5,174.57,913,Safety,South,10,1284
Knee Pads Gel-Insert Basic,205.57,251.34,199,Safety,International,4,1056
Back Support Belt Large XL,12.07,17.49,693,Safety,Primary,6,1339
Anti-Fatigue Mat 3x5ft Plus,29.9,44.78,175,Safety,International,6,1625
Wet Floor Sign Bilingual Smart,144.35,194.41,999,Safety,South,9,1767
Traffic Cone 28in XL,233.08,275.64,316,Safety,Midwest,7,1377
Fire Blanket 4x6ft Lite,190.34,275.07,76,Safety,East Coast,6,1482
Smoke Detector 10-Year Mini,174.57,217.52,549,Safety,East Coast,8,1537
CO Detector Digital V3,154.18,183.21,757,Safety,Midwest,10,1089
Emergency Kit 72-Hour Smart,233.67,349.38,304,Safety,West Coast,8,1623
Heavy-Duty Flashlight Premium,132.77,198.92,372,Safety,South,4,1629
AA Batteries 24pk Lite+,131.37,180.13,514,Safety,East Coast,4,1624
AAA Batteries 24pk Standard,244.88,281.75,34,Safety,Primary,9,1640
Extension Cord 25ft 12AWG V3,200.49,300.66,433,Safety,West Coast,2,1341
Power Strip 6-Outlet USB Basic,202.09,247.42,665,Safety,West Coast,5,1706
Cable Protector Ramp Premium,198.18,249.26,528,Safety,Primary,10,1331
Lockout Tagout Kit Mini,172.4,218.86,751,Safety,East Coast,2,1179
Hazmat Spill Kit 5gal Bulk,208.95,307.74,500,Safety,International,9,1036
Eye Wash Station Wall Max,121.93,166.99,923,Safety,Midwest,10,1343
Flammable Storage Cabinet HD,232.16,271.54,543,Safety,International,6,1578
4-Gas Detector Meter Bulk,140.13,162.07,601,Safety,Primary,7,1362
Small Box 8x8x8 25pk Max,25.96,31.48,6247,Packaging,East Coast,100,14376
Medium Box 12x12x12 25pk Elite,54.91,70.01,2014,Packaging,West Coast,59,15777
Large Box 18x18x18 15pk Plus,25.16,31.07,3993,Packaging,West Coast,67,13702
Bubble Wrap Roll 175ft V3,47.73,60.62,6231,Packaging,East Coast,24,16371
Packing Peanuts 14cu ft Lite,40.5,49.0,8007,Packaging,East Coast,84,11262
Shipping Tape Clear 6pk Bulk,83.2,124.22,8679,Packaging,West Coast,59,16353
Shipping Labels 4x6 500ct Max,69.48,86.11,8556,Packaging,International,36,11680
Poly Mailers 10x13 100pk Plus,41.88,62.21,8658,Packaging,West Coast,34,10033
Stretch Wrap 18in 1000ft Plus,62.15,89.35,1526,Packaging,Primary,62,13824
Kraft Packing Paper 25lb Mini,47.33,69.27,5219,Packaging,West Coast,22,14731
Foam Sheets 12x12 50pk V3,29.56,37.75,4632,Packaging,Midwest,88,12614
Strapping Tape 2in 6pk Mini,25.27,31.92,1975,Packaging,South,21,17850
Pallet Wrap 80ga 1500ft Basic,46.75,59.96,5839,Packaging,West Coast,90,12609
Air Pillow Film Roll Max,84.95,129.26,9505,Packaging,Primary,51,11403
Tissue Paper White 100pk Standard,55.58,74.23,7368,Packaging,Primary,26,11065
Gift Boxes Assorted 12pk Lite+,81.39,99.31,6384,Packaging,Midwest,26,10705
Satin Ribbon Roll 50yd Compact,16.93,24.35,9811,Packaging,International,100,16849
Gift Bags Medium 24pk Ultra,55.85,74.0,3346,Packaging,Midwest,88,10643
Kraft Paper Roll 36in x 200ft Elite,12.73,19.42,7772,Packaging,West Coast,32,13732
Corrugated Roll 48in x 100ft Ultra,42.88,67.71,2454,Packaging,West Coast,98,12113
Whole Bean Coffee 2lb Compact,11.72,17.24,1383,Food & Beverage,Midwest,16,4856
Ground Coffee Medium 5lb Pro,5.46,6.49,1990,Food & Beverage,West Coast,20,3699
Earl Grey Tea 200ct XL,34.04,40.66,451,Food & Beverage,West Coast,18,3438
Cane Sugar 10lb Basic,36.42,51.98,2212,Food & Beverage,South,20,4641
Coffee Creamer Singles 100pk HD,14.64,18.08,681,Food & Beverage,Primary,21,4572
Paper Cups 12oz 100pk Bulk,13.04,18.16,1795,Food & Beverage,West Coast,19,5323
PLA Lids 12oz 100pk Basic,38.79,46.96,2772,Food & Beverage,Midwest,8,5351
Wood Stirrers 1000pk Mini,33.38,43.8,2303,Food & Beverage,East Coast,9,4823
Cocktail Napkins 500pk Standard,52.66,61.84,475,Food & Beverage,West Coast,27,4552
Paper Plates 9in 100pk Lite+,36.18,42.39,921,Food & Beverage,International,10,5378
Wood Cutlery Set 200pk Pro,42.13,58.19,1885,Food & Beverage,Midwest,23,4193
Spring Water 24pk 16oz Smart,32.63,39.76,2821,Food & Beverage,South,16,4227
Granola Bars Variety 36pk Standard,50.68,74.9,2970,Food & Beverage,South,17,3365
Mixed Nuts 2lb Canister Pro,34.41,45.72,552,Food & Beverage,West Coast,15,3255
Dried Fruit Mix 3lb Basic,53.3,61.31,2323,Food & Beverage,West Coast,17,3449
Multigrain Crackers 8pk Pro,14.47,20.2,1644,Food & Beverage,International,26,4303
Creamy Peanut Butter 40oz Compact,23.52,30.63,895,Food & Beverage,Midwest,27,3710
Strawberry Jam 32oz Max,11.98,15.39,1505,Food & Beverage,West Coast,19,3631
Chicken Noodle Soup 6pk Max,9.12,10.72,94,Food & Beverage,International,10,4993
Solid Light Tuna 8pk HD,53.67,64.27,592,Food & Beverage,Midwest,26,4703
Jasmine Rice 25lb Smart,51.31,70.2,1891,Food & Beverage,South,22,4737
Penne Pasta 6pk 1lb Ultra,22.39,27.52,1769,Food & Beverage,South,25,3030
Extra Virgin Olive Oil 1L Lite+,46.88,57.8,2085,Food & Beverage,South,14,4682
Balsamic Vinegar 500ml Elite,21.45,32.01,2357,Food & Beverage,Primary,21,4509
Sea Salt & Pepper Set Elite,27.52,38.3,611,Food & Beverage,West Coast,29,5156
Spice Rack 20-Jar Ultra,29.4,39.2,2528,Food & Beverage,Midwest,8,4004
Raw Honey 32oz Lite,38.26,51.22,2404,Food & Beverage,West Coast,15,3216
Organic Granola 2lb Basic,43.26,56.85,2129,Food & Beverage,International,21,5350
Whey Protein 5lb Chocolate Bulk,24.31,36.13,1236,Food & Beverage,Primary,15,3686
Electrolyte Mix 30pk Lemon Smart,41.72,58.59,2338,Food & Beverage,International,14,3251
Wireless Mouse Lite+,522.44,720.52,341,Electronics,South,3,877
Mechanical Keyboard Pro,261.7,309.59,263,Electronics,West Coast,1,642
USB-C Hub Max,556.14,700.78,136,Electronics,Primary,1,879
Webcam HD Smart,161.28,223.65,82,Electronics,East Coast,4,689
Bluetooth Speaker Premium,705.36,877.81,97,Electronics,West Coast,5,516
Portable Charger Lite,870.77,1208.82,425,Electronics,Midwest,2,753
HDMI Cable Compact,217.96,289.03,331,Electronics,South,2,607
SSD 1TB XL,53.62,67.33,424,Electronics,East Coast,1,526
RAM 16GB Module Ultra,361.88,459.79,387,Electronics,Midwest,5,619
Graphics Card RTX Compact,429.76,519.18,450,Electronics,West Coast,4,506
CPU Processor Ultra,346.89,442.73,276,Electronics,South,1,549
Motherboard ATX XL,860.78,1138.57,475,Electronics,West Coast,3,671
Power Supply 750W Premium,723.07,905.38,304,Electronics,International,4,736
PC Case Mid-Tower Eco,662.21,917.49,104,Electronics,International,5,672
Monitor 27 4K V2,285.38,329.39,9,Electronics,Midwest,1,506
Laptop Stand Aluminum Mini,475.11,676.65,184,Electronics,West Coast,2,871
Noise Cancelling Headphones Premium,177.81,206.17,52,Electronics,International,1,804
Smart Watch Pro V3,855.69,1202.44,367,Electronics,South,1,544
Fitness Tracker Band Max,341.48,497.04,336,Electronics,Primary,5,594
Wireless Earbuds V2,231.74,309.79,484,Electronics,Midwest,1,827
Tablet 10 inch Premium,693.58,989.66,346,Electronics,East Coast,3,631
E-Reader Paperwhite Lite,253.17,297.46,203,Electronics,West Coast,3,530
Smart Plug WiFi Premium,164.25,193.45,480,Electronics,Midwest,2,812
WiFi Router AX V2,582.71,695.39,281,Electronics,South,4,611
Network Switch 8-Port Mini,821.79,1180.22,57,Electronics,Primary,1,537
External HDD 2TB Elite,656.15,958.57,14,Electronics,International,4,576
Flash Drive 128GB Pro,839.94,1189.22,141,Electronics,West Coast,2,858
Memory Card 256GB Compact,519.3,704.25,486,Electronics,Midwest,4,744
Desk Lamp LED Compact,760.42,1112.02,407,Electronics,East Coast,1,776
Phone Charger 65W Pro,349.06,497.66,404,Electronics,South,4,562
Screen Protector Glass Basic,841.86,1089.0,354,Electronics,Primary,3,705
Phone Case Silicone Lite,331.99,495.11,179,Electronics,West Coast,1,735
Laptop Sleeve 15in V3,163.07,190.1,201,Electronics,International,2,653
Monitor Arm Single Compact,807.33,1132.08,188,Electronics,International,4,543
Keyboard Wrist Rest Ultra,663.12,799.71,103,Electronics,South,1,868
Mouse Pad XXL Eco,442.86,520.45,281,Electronics,South,3,755
Cable Management Kit Ultra,870.08,1006.31,178,Electronics,International,1,672
Surge Protector 12-Outlet Plus,367.93,454.27,339,Electronics,International,5,734
UPS Battery 1500VA Basic,138.31,191.11,478,Electronics,International,1,518
USB Microphone Max,442.56,512.32,469,Electronics,East Coast,5,523
Ring Light 18in Max,17.86,25.06,468,Electronics,Midwest,3,549
Green Screen 5x7ft Smart,157.77,218.74,423,Electronics,Midwest,1,558
Streaming Deck MK2 Smart,720.26,891.85,416,Electronics,West Coast,2,718
Capture Card 4K Compact,295.19,454.69,299,Electronics,West Coast,5,570
Drone Camera Pro V3,688.98,955.78,176,Electronics,West Coast,1,561
Action Camera 4K Max,683.01,831.37,194,Electronics,Midwest,5,584
Digital Camera Mirrorless Eco,833.48,972.07,56,Electronics,East Coast,5,692
Camera Lens 50mm Pro,792.27,936.69,8,Electronics,International,2,545
Tripod Carbon Fiber Elite,798.79,1051.6,418,Electronics,East Coast,4,854
Camera Bag Backpack V3,133.06,167.44,235,Electronics,East Coast,4,622
SD Card Reader Smart,624.05,866.5,372,Electronics,Primary,4,813
Ballpoint Pens 12pk Standard,63.27,76.1,502,Office Supplies,South,10,2240
Sticky Notes 8pk Mini,111.79,192.01,1125,Office Supplies,Midwest,20,2449
File Folders 24pk V3,50.48,66.44,1651,Office Supplies,Midwest,8,3403
Printer Paper A4 5-Ream Lite+,32.56,52.16,108,Office Supplies,West Coast,5,3320
Ink Cartridge Black XL Standard,38.52,52.03,1283,Office Supplies,Primary,18,2088
Ink Cartridge Color Combo Plus,166.55,217.44,1628,Office Supplies,South,4,2993
Desk Organizer Bamboo Mini,13.68,18.35,930,Office Supplies,East Coast,14,2858
Paper Shredder Cross-Cut Bulk,42.18,53.4,486,Office Supplies,International,7,2485
Laminator Machine A4 HD,156.71,223.36,471,Office Supplies,South,6,2964
Label Maker Portable Lite+,10.73,15.68,462,Office Supplies,Midwest,18,2364
Whiteboard Magnetic 48x36 XL,25.42,41.48,1314,Office Supplies,East Coast,15,2552
Dry Erase Markers 8pk Bulk,23.77,38.4,142,Office Supplies,Primary,12,2279
Whiteboard Eraser Ultra,83.09,108.24,723,Office Supplies,South,11,2604
Stapler Heavy-Duty V2,142.33,225.28,1272,Office Supplies,South,9,3183
Staples 5000pk Eco,16.48,28.25,1021,Office Supplies,Midwest,10,3211
Tape Dispenser Desktop Ultra,50.97,83.49,1527,Office Supplies,West Coast,11,2507
Scissors Titanium HD,104.72,181.7,1231,Office Supplies,Primary,8,3174
Paper Clips 100pk HD,176.45,215.98,983,Office Supplies,Midwest,20,2068
Binder Clips Assorted 24pk Advanced,71.58,120.67,1446,Office Supplies,Midwest,7,2926
Rubber Bands 1lb Eco,15.87,26.21,1439,Office Supplies,East Coast,17,2446
Envelopes White 100pk XL,53.95,85.7,205,Office Supplies,International,4,2982
Notebooks College-Ruled 6pk Standard,29.96,44.21,1188,Office Supplies,Midwest,4,2931
Daily Planner 2024 Max,157.48,227.28,1637,Office Supplies,Midwest,15,3283
Scientific Calculator Pro,155.01,192.59,1849,Office Supplies,Primary,14,3087
Ruler Metal 12in Standard,77.24,105.19,1957,Office Supplies,Primary,10,3402
3-Hole Punch Smart,158.67,260.45,132,Office Supplies,West Coast,20,3381
Letter Tray Stackable Plus,20.86,29.61,1287,Office Supplies,West Coast,5,2748
Magazine Rack Wire V2,117.02,189.91,1168,Office Supplies,West Coast,10,2283
Bulletin Board Cork 36x24 Eco,97.59,155.11,1530,Office Supplies,International,10,3542
Push Pins Colored 100pk Eco,58.36,101.47,1051,Office Supplies,Primary,17,2567
Correction Tape 3pk Lite,67.73,99.66,1046,Office Supplies,Midwest,20,2251
Glue Sticks Washable 6pk Basic,122.42,186.04,618,Office Supplies,West Coast,18,3271
Index Cards Ruled 200pk Lite,34.72,60.08,198,Office Supplies,East Coast,6,2800
Graph Paper Pad 4x4 Standard,172.53,215.0,357,Office Supplies,International,12,2229
Legal Pads Yellow 3pk Max,89.84,154.97,1086,Office Supplies,Midwest,4,2600
Presentation Folders 25pk Basic,167.78,249.04,880,Office Supplies,International,18,3510
Sheet Protectors 50pk Pro,53.18,65.82,1805,Office Supplies,International,11,3064
Report Covers Prong 12pk Bulk,74.69,104.99,1343,Office Supplies,South,14,2995
Clipboard Letter-Size Advanced,151.7,222.57,642,Office Supplies,East Coast,8,2627
Pen Holder Mesh Premium,41.59,59.19,610,Office Supplies,West Coast,5,2303
Ergonomic Office Chair Standard,657.34,755.88,22,Furniture,East Coast,2,123
Electric Standing Desk Max,255.11,289.57,42,Furniture,West Coast,1,156
L-Shaped Corner Desk XL,286.84,363.93,6,Furniture,East Coast,2,144
5-Tier Bookshelf XL,647.11,901.19,70,Furniture,Primary,2,115
3-Drawer Filing Cabinet Compact,1305.91,1737.59,60,Furniture,Primary,2,119
Conference Table 8-seat Basic,1366.7,1639.2,92,Furniture,West Coast,2,160
Guest Chair Padded Elite,945.3,1266.58,95,Furniture,International,2,143
Desk Lamp Architect Mini,1033.69,1416.21,19,Furniture,Primary,1,139
Chair Floor Mat 48x36 Compact,877.92,1023.75,47,Furniture,Primary,1,141
Monitor Riser Wood Smart,910.39,1160.77,30,Furniture,Primary,2,125
Storage Cabinet Locking Lite,769.93,949.81,87,Furniture,Midwest,1,165
Coat Rack Standing V3,704.49,902.42,67,Furniture,Midwest,1,146
Waste Basket Metal Max,1012.29,1243.39,51,Furniture,West Coast,2,101
Under-Desk Drawer Unit XL,514.6,716.97,73,Furniture,International,1,127
Computer Desk Compact Ultra,1047.19,1282.48,58,Furniture,International,2,120
Gaming Chair Racing HD,1029.55,1260.43,77,Furniture,East Coast,1,118
Recliner Leather Standard,682.85,928.85,44,Furniture,Midwest,1,175
3-Seat Sofa Fabric Lite,44.03,56.87,36,Furniture,South,2,122
Coffee Table Glass Ultra,1004.49,1332.53,19,Furniture,Midwest,1,123
Side Table Round Standard,791.03,880.16,40,Furniture,South,2,163
TV Stand 65in Ultra,341.47,456.67,21,Furniture,International,2,138
Shoe Rack 4-Tier Lite+,204.5,265.8,38,Furniture,Midwest,2,122
Wardrobe Sliding-Door Eco,73.82,98.14,65,Furniture,International,1,176
6-Drawer Dresser XL,828.15,1051.48,35,Furniture,West Coast,2,115
Nightstand 2-Drawer Advanced,1035.49,1144.49,35,Furniture,Primary,1,174
Queen Bed Frame Metal Max,471.36,642.7,19,Furniture,Primary,2,120
Queen Memory Foam Mattress Premium,527.99,681.57,47,Furniture,West Coast,1,137
Dining Table 6-seat Oak Advanced,907.16,1018.78,26,Furniture,South,1,112
Dining Chair Padded 2pk V2,777.17,1058.3,89,Furniture,International,2,134
Bar Stool Adjustable XL,165.81,211.24,20,Furniture,South,1,117
Kitchen Island Cart Standard,544.16,677.73,45,Furniture,East Coast,1,113
Pantry Cabinet Tall Max,722.12,974.48,73,Furniture,Midwest,1,153
Bathroom Vanity 36in Lite,194.11,221.16,4,Furniture,West Coast,2,144
Mirror Cabinet LED XL,224.75,277.02,78,Furniture,International,2,122
Laundry Hamper Bamboo Standard,74.26,99.83,30,Furniture,International,1,118
Room Divider 4-Panel Eco,454.64,528.72,12,Furniture,Primary,2,114
Accent Chair Velvet Pro,1092.46,1449.91,7,Furniture,Primary,1,113
Ottoman Storage Advanced,844.69,1048.03,34,Furniture,West Coast,1,108
Console Table Entryway Pro,1064.96,1421.41,79,Furniture,East Coast,1,175
Storage Bench Entryway V2,950.37,1053.75,20,Furniture,West Coast,2,174
All-Purpose Cleaner 1gal XL,8.9,13.35,2031,Cleaning,Primary,42,7335
Glass Cleaner Spray 32oz Mini,37.24,60.76,4382,Cleaning,East Coast,23,7931
Disinfectant Wipes 6pk Standard,9.39,15.28,85,Cleaning,East Coast,16,8785
Floor Cleaner Concentrate Advanced,38.61,57.43,4878,Cleaning,International,21,6800
Bathroom Cleaner Foaming Mini,9.78,13.96,3159,Cleaning,South,37,5877
Kitchen Degreaser Eco,19.53,31.85,2624,Cleaning,Primary,17,6908
Air Freshener Refills 3pk Advanced,7.84,12.79,2411,Cleaning,Primary,45,7957
Microfiber Cloths 12pk Lite,16.11,21.07,2373,Cleaning,International,39,7459
Scrub Sponges 6pk Standard,31.54,52.69,1900,Cleaning,West Coast,45,6668
Rubber Gloves Latex 3pk HD,10.12,13.0,3946,Cleaning,Primary,33,5734
Trash Bags 13gal 50pk Lite+,30.9,44.75,4331,Cleaning,East Coast,15,5488
Paper Towels 12-Roll Compact,19.23,29.72,883,Cleaning,West Coast,20,5265
Toilet Paper 24-Roll V3,16.56,25.63,3361,Cleaning,Midwest,17,5953
Hand Soap Refill 1gal Lite+,13.98,22.46,4817,Cleaning,International,47,6118
Hand Sanitizer Pump 32oz Compact,17.31,27.41,3363,Cleaning,West Coast,41,7094
Spin Mop System Max,35.02,45.67,2103,Cleaning,East Coast,41,7036
Angle Broom Max,3.28,5.31,608,Cleaning,Primary,41,7777
Dustpan Combo V2,18.45,29.33,1301,Cleaning,South,29,7547
Vacuum Bags 6pk Mini,34.69,54.83,4309,Cleaning,Midwest,41,8247
Dish Soap Lemon 32oz V3,14.62,21.91,4185,Cleaning,West Coast,26,7221
Dishwasher Pods 60pk Basic,25.5,44.02,308,Cleaning,Primary,37,8604
Laundry Detergent 100oz Compact,21.35,35.79,3675,Cleaning,Primary,39,5147
Fabric Softener Sheets 240ct V2,25.94,43.58,2532,Cleaning,Midwest,20,7013
Stain Remover Spray Max,15.44,22.3,946,Cleaning,Midwest,46,7764
Bleach Concentrate 1gal Basic,31.47,48.34,3948,Cleaning,East Coast,45,8499
Extendable Duster 10ft Advanced,4.4,6.08,4891,Cleaning,International,34,7526
Window Squeegee 12in XL,34.96,48.67,553,Cleaning,Primary,11,7418
Toilet Brush Set Max,37.99,54.11,4833,Cleaning,International,11,8134
Heavy-Duty Plunger Bulk,18.36,26.88,2977,Cleaning,Primary,36,6438
Drain Cleaner Gel 32oz Eco,12.65,19.91,4904,Cleaning,International,15,8728
Lint Roller Mega 4pk Lite,39.36,51.45,1440,Cleaning,West Coast,11,7205
Carpet Cleaner Shampoo Plus,21.82,36.69,4703,Cleaning,Midwest,42,8692
Wood Polish Spray Premium,2.88,4.28,232,Cleaning,South,30,6547
Stainless Steel Cleaner Compact,15.86,20.6,4050,Cleaning,International,16,7829
Oven Cleaner Heavy-Duty V3,16.45,24.7,2831,Cleaning,West Coast,20,7518
Grout Cleaner Brush Set XL,43.69,59.02,667,Cleaning,West Coast,44,5876
First Aid Kit 200-Piece Premium,14.74,22.09,421,Safety,International,5,1639
Fire Extinguisher ABC 5lb Lite,180.27,243.79,616,Safety,Primary,7,1279
Safety Goggles Anti-Fog Elite,200.89,264.44,224,Safety,International,7,1078
Work Gloves Leather 12pk Standard,127.65,160.2,689,Safety,East Coast,10,1320
Hard Hat OSHA-Compliant HD,102.37,140.12,474,Safety,Primary,10,1184
Safety Vest Hi-Vis 10pk Advanced,216.09,292.13,228,Safety,International,9,1274
Ear Plugs NRR32 50pk Basic,202.81,293.76,938,Safety,International,8,1579
N95 Dust Masks 50pk Plus,132.0,168.63,161,Safety,International,5,1154
Face Shields Anti-Fog 5pk Standard,211.5,273.59,890,Safety,East Coast,3,1649
Steel-Toe Work Boots HD,68.93,86.19,174,Safety,South,6,1703
Knee Pads Gel-Insert Eco,103.25,122.84,206,Safety,West Coast,2,1251
Back Support Belt Large Ultra,122.89,183.96,442,Safety,East Coast,2,1206
Anti-Fatigue Mat 3x5ft Premium,36.7,45.52,832,Safety,South,6,1674
Wet Floor Sign Bilingual V2,162.14,188.86,749,Safety,Primary,9,1020
Traffic Cone 28in Lite,80.53,101.01,75,Safety,International,8,1372
Fire Blanket 4x6ft Lite,101.03,145.88,872,Safety,Primary,4,1241
Smoke Detector 10-Year Elite,184.42,272.3,544,Safety,Midwest,10,1257
CO Detector Digital Lite,61.8,73.71,836,Safety,South,7,1337
Emergency Kit 72-Hour Compact,202.04,284.95,967,Safety,East Coast,8,1223
Heavy-Duty Flashlight Mini,46.26,68.9,460,Safety,South,8,1260
AA Batteries 24pk Plus,124.12,159.02,981,Safety,South,3,1324
AAA Batteries 24pk HD,120.29,148.71,294,Safety,Midwest,4,1371
Extension Cord 25ft 12AWG XL,205.88,238.28,1000,Safety,International,2,1757
Power Strip 6-Outlet USB Plus,173.6,247.57,255,Safety,Midwest,6,1565
Cable Protector Ramp Standard,160.82,224.38,934,Safety,East Coast,3,1547
Lockout Tagout Kit Ultra,98.95,145.3,412,Safety,Primary,6,1308
Hazmat Spill Kit 5gal Eco,76.46,110.93,174,Safety,West Coast,9,1646
Eye Wash Station Wall HD,197.96,246.64,92,Safety,International,9,1482
Flammable Storage Cabinet HD,231.84,293.61,442,Safety,International,3,1164
4-Gas Detector Meter Premium,128.06,163.04,626,Safety,West Coast,10,1755
Small Box 8x8x8 25pk Ultra,62.87,94.61,3110,Packaging,International,100,13632
Medium Box 12x12x12 25pk Max,1.27,1.63,5106,Packaging,Primary,60,14717
Large Box 18x18x18 15pk Mini,15.05,21.17,2231,Packaging,Midwest,96,15617
Bubble Wrap Roll 175ft Bulk,41.18,63.8,2287,Packaging,International,53,11421
Packing Peanuts 14cu ft Elite,74.58,113.35,3354,Packaging,West Coast,30,13395
Shipping Tape Clear 6pk V2,36.02,48.66,9445,Packaging,Primary,48,10169
Shipping Labels 4x6 500ct Basic,58.59,84.99,1557,Packaging,West Coast,79,11624
Poly Mailers 10x13 100pk V2,5.43,7.86,9936,Packaging,Primary,53,11222
Stretch Wrap 18in 1000ft XL,16.14,23.03,331,Packaging,Midwest,87,13564
Kraft Packing Paper 25lb Lite+,11.55,17.16,3221,Packaging,International,54,12358
Foam Sheets 12x12 50pk Lite+,35.0,48.04,3485,Packaging,West Coast,96,11765
Strapping Tape 2in 6pk V3,38.23,52.12,2491,Packaging,West Coast,23,12377
Pallet Wrap 80ga 1500ft Eco,55.97,87.48,6156,Packaging,International,94,15605
Air Pillow Film Roll Ultra,8.63,11.97,5396,Packaging,East Coast,70,15626
Tissue Paper White 100pk Compact,64.05,95.72,4298,Packaging,South,29,10780
Gift Boxes Assorted 12pk Plus,5.64,8.87,7815,Packaging,International,65,14967
Satin Ribbon Roll 50yd Smart,64.15,97.76,187,Packaging,South,52,14133
Gift Bags Medium 24pk Compact,27.92,37.91,6176,Packaging,South,36,17930
Kraft Paper Roll 36in x 200ft Plus,52.66,68.67,8353,Packaging,West Coast,83,17621
Corrugated Roll 48in x 100ft Ultra,12.74,16.91,8790,Packaging,West Coast,75,11161
Whole Bean Coffee 2lb Mini,18.6,27.76,2074,Food & Beverage,Midwest,14,4476
Ground Coffee Medium 5lb Standard,49.85,61.92,1110,Food & Beverage,Midwest,22,4282
Earl Grey Tea 200ct V2,18.72,28.04,649,Food & Beverage,Primary,23,4802
Cane Sugar 10lb V3,9.88,12.16,176,Food & Beverage,East Coast,21,4065
Coffee Creamer Singles 100pk Ultra,25.13,37.65,2057,Food & Beverage,West Coast,7,4808
Paper Cups 12oz 100pk Basic,27.72,36.66,2978,Food & Beverage,West Coast,10,3506
PLA Lids 12oz 100pk Lite,12.8,15.99,719,Food & Beverage,West Coast,29,5083
Wood Stirrers 1000pk Elite,49.22,66.69,2420,Food & Beverage,South,6,5154
Cocktail Napkins 500pk V2,24.07,28.33,2070,Food & Beverage,West Coast,27,3386
Paper Plates 9in 100pk Pro,17.07,25.49,529,Food & Beverage,South,18,4530
Wood Cutlery Set 200pk Mini,46.36,55.81,362,Food & Beverage,Midwest,20,4965
Spring Water 24pk 16oz Premium,33.49,38.58,209,Food & Beverage,West Coast,26,4855
Granola Bars Variety 36pk Elite,8.85,12.85,2666,Food & Beverage,Primary,15,4323
Mixed Nuts 2lb Canister Lite,31.0,42.18,409,Food & Beverage,East Coast,18,4045
Dried Fruit Mix 3lb Eco,53.15,77.22,395,Food & Beverage,East Coast,6,3852
Multigrain Crackers 8pk Compact,43.31,54.13,2709,Food & Beverage,West Coast,10,3493
Creamy Peanut Butter 40oz Lite+,44.46,62.58,1300,Food & Beverage,West Coast,27,3537
Strawberry Jam 32oz Mini,46.1,61.29,2035,Food & Beverage,Midwest,20,4589
Chicken Noodle Soup 6pk Premium,31.84,41.33,1760,Food & Beverage,Midwest,17,3763
Solid Light Tuna 8pk HD,6.93,9.21,1928,Food & Beverage,International,27,3918
Jasmine Rice 25lb Max,51.33,68.5,2681,Food & Beverage,West Coast,22,3343
Penne Pasta 6pk 1lb Ultra,25.18,36.95,1986,Food & Beverage,East Coast,15,3608
Extra Virgin Olive Oil 1L Standard,46.6,62.12,1240,Food & Beverage,South,24,3195
Balsamic Vinegar 500ml Lite,50.62,67.31,2121,Food & Beverage,Primary,19,4691
Sea Salt & Pepper Set Ultra,37.03,49.95,1067,Food & Beverage,South,17,4043
Spice Rack 20-Jar Lite,42.74,49.39,2739,Food & Beverage,East Coast,20,3735
Raw Honey 32oz Compact,4.4,5.7,2915,Food & Beverage,South,15,4285
Organic Granola 2lb Ultra,42.14,55.1,1115,Food & Beverage,East Coast,16,3766
Whey Protein 5lb Chocolate V2,6.15,9.19,1092,Food & Beverage,Midwest,27,3435
Electrolyte Mix 30pk Lemon Basic,2.95,3.8,84,Food & Beverage,Midwest,11,4954
Wireless Mouse Compact,782.56,1202.26,313,Electronics,South,4,655
Mechanical Keyboard Smart,327.85,465.39,358,Electronics,Primary,4,654
USB-C Hub Max,125.93,154.43,422,Electronics,East Coast,1,856
Webcam HD Pro,192.26,270.98,337,Electronics,International,2,723
Bluetooth Speaker Basic,175.87,223.42,242,Electronics,Midwest,2,742
Portable Charger Pro,109.23,165.04,383,Electronics,Midwest,4,748
HDMI Cable Pro,774.52,1072.01,108,Electronics,Midwest,3,791
SSD 1TB Plus,303.8,361.85,438,Electronics,Midwest,4,712
RAM 16GB Module Elite,538.28,738.37,153,Electronics,Midwest,1,749
Graphics Card RTX Lite+,464.45,668.74,483,Electronics,International,4,618
CPU Processor Plus,477.84,630.18,166,Electronics,West Coast,5,532
Motherboard ATX HD,800.78,958.35,323,Electronics,International,3,729
Power Supply 750W HD,23.62,29.88,103,Electronics,Midwest,4,676
PC Case Mid-Tower Eco,459.33,636.2,355,Electronics,International,3,808
Monitor 27 4K Ultra,122.39,155.11,369,Electronics,International,4,713
Laptop Stand Aluminum XL,717.4,1054.51,437,Electronics,East Coast,2,818
Noise Cancelling Headphones Standard,623.17,738.13,252,Electronics,East Coast,2,588
Smart Watch Pro V2,547.15,651.31,217,Electronics,East Coast,4,655
Fitness Tracker Band V3,503.36,780.06,188,Electronics,International,3,682
Wireless Earbuds V2,161.37,241.05,262,Electronics,West Coast,1,532
Tablet 10 inch HD,107.0,132.75,292,Electronics,West Coast,2,749
E-Reader Paperwhite Bulk,707.47,1031.31,399,Electronics,East Coast,5,636
Smart Plug WiFi Advanced,545.84,650.45,30,Electronics,Primary,4,734
WiFi Router AX Mini,704.58,982.09,444,Electronics,Primary,1,787
Network Switch 8-Port Advanced,99.34,139.27,450,Electronics,East Coast,2,685
External HDD 2TB Standard,638.81,929.33,260,Electronics,International,1,578
Flash Drive 128GB XL,304.47,366.92,439,Electronics,Midwest,2,724
Memory Card 256GB Pro,224.56,330.92,179,Electronics,East Coast,3,758
Desk Lamp LED Lite,243.08,349.08,217,Electronics,International,3,822
Phone Charger 65W Eco,140.69,204.2,220,Electronics,Midwest,2,570
Screen Protector Glass HD,826.63,1247.57,492,Electronics,West Coast,5,849
Phone Case Silicone Pro,401.11,584.84,372,Electronics,Primary,5,535
Laptop Sleeve 15in Bulk,286.75,442.39,89,Electronics,Midwest,4,531
Monitor Arm Single Plus,595.86,838.13,467,Electronics,International,5,529
Keyboard Wrist Rest Advanced,875.53,1153.71,458,Electronics,International,5,655
Mouse Pad XXL Bulk,818.76,944.16,148,Electronics,East Coast,5,812
Cable Management Kit Compact,404.34,498.17,283,Electronics,International,5,816
Surge Protector 12-Outlet Ultra,629.24,947.05,405,Electronics,East Coast,4,897
UPS Battery 1500VA Standard,80.43,109.78,204,Electronics,South,2,766
USB Microphone Standard,196.29,265.91,164,Electronics,International,5,674
Ring Light 18in V2,25.96,39.1,281,Electronics,East Coast,5,632
Green Screen 5x7ft Standard,655.23,1012.19,61,Electronics,West Coast,1,690
Streaming Deck MK2 Advanced,322.25,376.74,338,Electronics,West Coast,1,729
Capture Card 4K Elite,664.49,884.61,125,Electronics,International,5,789
Drone Camera Pro Basic,760.82,946.11,158,Electronics,International,3,841
Action Camera 4K Elite,606.83,871.25,271,Electronics,West Coast,2,553
Digital Camera Mirrorless Advanced,526.22,778.35,189,Electronics,East Coast,4,550
Camera Lens 50mm HD,746.45,882.89,36,Electronics,Midwest,4,566
Tripod Carbon Fiber V3,404.32,524.69,274,Electronics,South,4,801
Camera Bag Backpack Advanced,702.05,1052.24,304,Electronics,Midwest,4,825
SD Card Reader Ultra,621.67,950.61,379,Electronics,East Coast,4,583
Ballpoint Pens 12pk Advanced,23.76,38.65,284,Office Supplies,Primary,20,3083
Sticky Notes 8pk V3,82.52,100.64,341,Office Supplies,South,15,2243
File Folders 24pk HD,20.75,29.5,613,Office Supplies,East Coast,5,3070
Printer Paper A4 5-Ream Mini,67.49,121.12,641,Office Supplies,Primary,13,2995
Ink Cartridge Black XL Max,26.44,41.08,119,Office Supplies,East Coast,13,2580
Ink Cartridge Color Combo V2,147.62,220.44,270,Office Supplies,Primary,15,2138
Desk Organizer Bamboo HD,87.13,120.75,946,Office Supplies,Midwest,14,3600
Paper Shredder Cross-Cut Lite+,150.37,255.66,291,Office Supplies,International,8,3033
Laminator Machine A4 Ultra,137.34,219.79,325,Office Supplies,South,14,2182
Label Maker Portable Smart,74.32,99.57,829,Office Supplies,Primary,14,3107
Whiteboard Magnetic 48x36 Ultra,132.73,210.72,1793,Office Supplies,Primary,9,3448
Dry Erase Markers 8pk Elite,113.79,189.23,652,Office Supplies,South,7,3318
Whiteboard Eraser Lite,35.44,55.68,1201,Office Supplies,South,5,3167
Stapler Heavy-Duty V3,135.35,203.24,58,Office Supplies,South,7,3348
Staples 5000pk V2,173.27,236.51,441,Office Supplies,South,11,3445
Tape Dispenser Desktop Ultra,16.15,24.55,676,Office Supplies,Primary,16,3206
Scissors Titanium Lite+,155.29,188.52,915,Office Supplies,Primary,9,2849
Paper Clips 100pk Advanced,57.81,78.29,254,Office Supplies,East Coast,7,3109
Binder Clips Assorted 24pk Standard,26.78,36.24,203,Office Supplies,Midwest,8,2628
Rubber Bands 1lb V2,11.55,20.52,391,Office Supplies,Primary,4,3460
Envelopes White 100pk Standard,70.8,98.56,865,Office Supplies,Midwest,14,2528
Notebooks College-Ruled 6pk Mini,10.29,13.83,1242,Office Supplies,South,11,3009
Daily Planner 2024 Advanced,69.92,88.73,144,Office Supplies,South,14,2951
Scientific Calculator HD,12.72,15.48,1317,Office Supplies,West Coast,11,2038
Ruler Metal 12in Basic,173.46,278.41,524,Office Supplies,South,8,2623
3-Hole Punch HD,80.83,138.04,1044,Office Supplies,West Coast,10,2291
Letter Tray Stackable Basic,177.37,296.07,1120,Office Supplies,Midwest,17,3136
Magazine Rack Wire Plus,1.18,1.74,1718,Office Supplies,East Coast,13,3337
Bulletin Board Cork 36x24 Pro,11.77,20.63,579,Office Supplies,Midwest,12,3392
Push Pins Colored 100pk XL,151.8,201.54,1741,Office Supplies,Primary,20,2576
Correction Tape 3pk V2,133.31,205.01,635,Office Supplies,International,6,2809
Glue Sticks Washable 6pk Mini,149.66,244.7,592,Office Supplies,South,17,2431
Index Cards Ruled 200pk Advanced,172.38,239.78,1416,Office Supplies,West Coast,14,3300
Graph Paper Pad 4x4 Ultra,49.87,79.66,678,Office Supplies,Midwest,14,2431
Legal Pads Yellow 3pk Smart,59.79,104.54,293,Office Supplies,Midwest,4,3246
Presentation Folders 25pk Pro,162.36,260.36,866,Office Supplies,Midwest,19,3561
Sheet Protectors 50pk Basic,15.53,26.81,1353,Office Supplies,Primary,6,3103
Report Covers Prong 12pk Ultra,121.33,171.29,1684,Office Supplies,West Coast,16,3231
Clipboard Letter-Size Compact,32.72,54.34,1447,Office Supplies,Midwest,4,2255
Pen Holder Mesh XL,168.59,247.28,473,Office Supplies,West Coast,4,3553
Ergonomic Office Chair XL,296.41,398.64,82,Furniture,East Coast,2,128
Electric Standing Desk Lite+,1355.36,1505.86,65,Furniture,East Coast,1,100
L-Shaped Corner Desk Compact,186.44,220.6,66,Furniture,South,2,121
5-Tier Bookshelf V3,935.68,1188.04,89,Furniture,South,1,108
3-Drawer Filing Cabinet Max,1053.25,1198.84,74,Furniture,International,1,166
Conference Table 8-seat Premium,296.88,386.95,90,Furniture,Midwest,2,171
Guest Chair Padded Pro,1315.22,1699.65,85,Furniture,Midwest,1,141
Desk Lamp Architect HD,409.06,533.44,61,Furniture,South,2,146
Chair Floor Mat 48x36 Plus,1241.39,1449.15,37,Furniture,Midwest,2,168
Monitor Riser Wood Bulk,42.04,48.7,12,Furniture,International,1,128
Storage Cabinet Locking HD,1342.36,1845.88,27,Furniture,West Coast,1,142
Coat Rack Standing Lite,889.48,1004.24,63,Furniture,South,2,103
Waste Basket Metal Bulk,1182.29,1388.18,62,Furniture,Primary,1,143
Under-Desk Drawer Unit Bulk,744.36,871.66,11,Furniture,International,2,112
Computer Desk Compact Ultra,825.25,928.95,9,Furniture,West Coast,1,148
Gaming Chair Racing Lite,1103.31,1234.16,58,Furniture,South,1,138
Recliner Leather HD,124.8,162.65,73,Furniture,Midwest,1,137
3-Seat Sofa Fabric Compact,165.81,219.8,31,Furniture,Midwest,1,158
Coffee Table Glass Ultra,1120.4,1528.2,81,Furniture,International,1,143
Side Table Round Pro,654.81,784.76,26,Furniture,Primary,1,113
TV Stand 65in Smart,1008.65,1288.92,26,Furniture,West Coast,1,165
Shoe Rack 4-Tier XL,609.67,803.17,58,Furniture,East Coast,1,131
Wardrobe Sliding-Door Plus,117.57,140.32,57,Furniture,South,2,139
6-Drawer Dresser Basic,1093.55,1251.26,41,Furniture,West Coast,2,137
Nightstand 2-Drawer Pro,741.63,962.12,20,Furniture,South,1,130
Queen Bed Frame Metal Basic,1207.13,1480.69,27,Furniture,Primary,1,125
Queen Memory Foam Mattress Bulk,293.47,364.7,90,Furniture,International,2,176
Dining Table 6-seat Oak Bulk,1197.99,1521.24,44,Furniture,West Coast,2,153
Dining Chair Padded 2pk V2,178.12,242.75,7,Furniture,Primary,2,128
Bar Stool Adjustable Eco,981.25,1216.71,29,Furniture,International,1,161
Kitchen Island Cart Bulk,1136.93,1378.84,53,Furniture,West Coast,1,100
Pantry Cabinet Tall Pro,135.64,150.43,16,Furniture,Midwest,1,137
Bathroom Vanity 36in V3,896.77,1231.99,48,Furniture,East Coast,1,103
Mirror Cabinet LED V3,422.8,492.85,35,Furniture,South,1,143
Laundry Hamper Bamboo Eco,278.71,308.38,35,Furniture,International,1,102
Room Divider 4-Panel Max,552.23,737.9,16,Furniture,West Coast,2,126
Accent Chair Velvet Ultra,362.8,487.18,86,Furniture,South,1,167
Ottoman Storage HD,1234.0,1381.6,20,Furniture,East Coast,1,124
Console Table Entryway Basic,551.24,668.26,78,Furniture,Primary,2,131
Storage Bench Entryway Smart,836.7,1134.84,39,Furniture,East Coast,1,141
All-Purpose Cleaner 1gal Plus,29.07,40.41,1085,Cleaning,South,42,8966
Glass Cleaner Spray 32oz Lite+,11.0,14.2,3905,Cleaning,East Coast,49,5265
Disinfectant Wipes 6pk Advanced,18.69,31.61,4221,Cleaning,South,33,7042
Floor Cleaner Concentrate Ultra,9.7,15.58,4354,Cleaning,Midwest,40,7931
Bathroom Cleaner Foaming Lite+,13.54,19.64,4833,Cleaning,East Coast,12,5848
Kitchen Degreaser V3,21.44,29.31,1840,Cleaning,Midwest,29,6740
Air Freshener Refills 3pk Elite,8.76,14.64,2135,Cleaning,East Coast,45,5347
Microfiber Cloths 12pk Lite,14.69,22.17,1935,Cleaning,Midwest,47,5168
Scrub Sponges 6pk Advanced,28.71,42.0,3880,Cleaning,West Coast,37,6675
Rubber Gloves Latex 3pk Lite+,15.63,22.53,1521,Cleaning,West Coast,38,5957
Trash Bags 13gal 50pk Lite,17.44,22.52,4160,Cleaning,International,42,7239
Paper Towels 12-Roll Lite,35.79,61.32,856,Cleaning,West Coast,17,5292
Toilet Paper 24-Roll Plus,25.48,36.1,2747,Cleaning,International,26,6239
Hand Soap Refill 1gal Premium,10.2,15.83,1179,Cleaning,West Coast,44,8737
Hand Sanitizer Pump 32oz Pro,35.11,48.84,2889,Cleaning,Midwest,35,8874
Spin Mop System Elite,34.59,43.44,4249,Cleaning,Midwest,19,8544
Angle Broom Eco,11.76,19.1,3936,Cleaning,South,24,7112
Dustpan Combo Basic,34.58,55.72,3829,Cleaning,Primary,31,8243
Vacuum Bags 6pk Bulk,38.37,56.19,3471,Cleaning,Midwest,23,6796
Dish Soap Lemon 32oz Basic,3.29,4.34,1101,Cleaning,International,29,8863
Dishwasher Pods 60pk Pro,23.49,37.1,2955,Cleaning,Midwest,31,5923
Laundry Detergent 100oz HD,31.49,45.71,4454,Cleaning,South,29,6335
Fabric Softener Sheets 240ct Pro,26.41,33.44,1189,Cleaning,West Coast,19,8902
Stain Remover Spray Elite,29.08,45.12,4751,Cleaning,East Coast,35,6561
Bleach Concentrate 1gal Compact,4.74,6.84,3939,Cleaning,South,16,6346
Extendable Duster 10ft Ultra,29.48,41.34,1454,Cleaning,South,16,7764
Window Squeegee 12in V2,3.38,5.39,4052,Cleaning,East Coast,11,5764
Toilet Brush Set Lite,41.19,59.43,1736,Cleaning,International,24,6192
Heavy-Duty Plunger Advanced,5.01,6.41,4297,Cleaning,West Coast,10,5703
Drain Cleaner Gel 32oz HD,18.82,32.84,1107,Cleaning,Midwest,44,6713
Lint Roller Mega 4pk Lite,18.73,31.87,1741,Cleaning,East Coast,18,8565
Carpet Cleaner Shampoo Standard,20.58,33.03,3939,Cleaning,South,20,7472
Wood Polish Spray Standard,27.26,40.92,3809,Cleaning,Primary,27,5826
Stainless Steel Cleaner Max,21.17,35.19,2072,Cleaning,South,43,6347
Oven Cleaner Heavy-Duty Lite+,21.79,33.51,796,Cleaning,Midwest,28,7647
Grout Cleaner Brush Set XL,32.11,51.56,2486,Cleaning,East Coast,35,7510
First Aid Kit 200-Piece HD,64.54,94.55,760,Safety,Midwest,8,1468
Fire Extinguisher ABC 5lb V2,175.53,207.73,725,Safety,East Coast,2,1245
Safety Goggles Anti-Fog Premium,220.99,295.73,692,Safety,International,3,1714
Work Gloves Leather 12pk V3,227.46,294.32,790,Safety,West Coast,10,1124
Hard Hat OSHA-Compliant Lite,189.58,251.49,808,Safety,Midwest,7,1419
Safety Vest Hi-Vis 10pk V2,65.43,86.83,483,Safety,International,2,1074
Ear Plugs NRR32 50pk Ultra,97.15,137.09,886,Safety,Primary,5,1406
N95 Dust Masks 50pk Pro,64.9,90.74,149,Safety,International,7,1686
Face Shields Anti-Fog 5pk Ultra,122.74,144.08,571,Safety,Midwest,5,1730
Steel-Toe Work Boots Max,119.28,148.83,175,Safety,South,4,1018
Knee Pads Gel-Insert Mini,46.78,55.83,769,Safety,Primary,8,1172
Back Support Belt Large Pro,170.31,205.01,376,Safety,International,4,1221
Anti-Fatigue Mat 3x5ft Plus,223.49,298.65,462,Safety,South,2,1650
Wet Floor Sign Bilingual Mini,99.48,125.14,63,Safety,Midwest,2,1049
Traffic Cone 28in V3,232.42,297.76,254,Safety,Primary,5,1093
Fire Blanket 4x6ft HD,9.9,11.44,850,Safety,International,5,1696
Smoke Detector 10-Year Lite,57.48,83.85,826,Safety,East Coast,4,1741
CO Detector Digital Plus,105.67,125.5,344,Safety,International,7,1575
Emergency Kit 72-Hour V3,157.29,232.32,414,Safety,East Coast,8,1123
Heavy-Duty Flashlight V3,29.15,36.82,25,Safety,West Coast,8,1669
AA Batteries 24pk Pro,99.13,129.92,77,Safety,South,6,1665
AAA Batteries 24pk XL,13.85,20.22,430,Safety,South,6,1785
Extension Cord 25ft 12AWG Lite+,245.83,291.46,559,Safety,Primary,4,1257
Power Strip 6-Outlet USB Smart,83.12,113.94,407,Safety,East Coast,4,1340
Cable Protector Ramp Bulk,244.57,338.3,79,Safety,South,7,1018
Lockout Tagout Kit Elite,113.88,151.33,769,Safety,South,5,1515
Hazmat Spill Kit 5gal Pro,60.45,82.56,928,Safety,East Coast,3,1316
Eye Wash Station Wall HD,190.04,259.77,71,Safety,Midwest,4,1383
Flammable Storage Cabinet Standard,52.9,67.79,667,Safety,International,2,1243
4-Gas Detector Meter Smart,247.17,322.63,908,Safety,West Coast,7,1137
Small Box 8x8x8 25pk Bulk,58.28,87.66,8633,Packaging,West Coast,73,15308
Medium Box 12x12x12 25pk Pro,21.38,31.92,5715,Packaging,South,51,11686
Large Box 18x18x18 15pk Plus,81.69,119.76,4168,Packaging,Midwest,48,14981
Bubble Wrap Roll 175ft Advanced,29.63,40.8,199,Packaging,Midwest,28,17125
Packing Peanuts 14cu ft Lite,85.88,104.85,2418,Packaging,Primary,46,11028
Shipping Tape Clear 6pk V2,53.74,82.36,3448,Packaging,Primary,50,14156
Shipping Labels 4x6 500ct HD,65.52,86.79,3336,Packaging,East Coast,51,13473
Poly Mailers 10x13 100pk Smart,23.16,30.44,7444,Packaging,Midwest,45,12227
Stretch Wrap 18in 1000ft Lite,85.64,115.09,6288,Packaging,Midwest,41,13856
Kraft Packing Paper 25lb HD,45.97,68.68,2653,Packaging,Midwest,81,10162
Foam Sheets 12x12 50pk HD,77.01,115.79,5018,Packaging,East Coast,96,14400
Strapping Tape 2in 6pk Basic,65.67,85.56,7696,Packaging,West Coast,59,13715
Pallet Wrap 80ga 1500ft Compact,51.03,71.05,5559,Packaging,Midwest,37,15856
Air Pillow Film Roll V3,14.77,18.84,310,Packaging,International,84,15983
Tissue Paper White 100pk XL,44.74,70.25,6565,Packaging,Midwest,67,13146
Gift Boxes Assorted 12pk Standard,58.05,83.32,6797,Packaging,Primary,24,17549
Satin Ribbon Roll 50yd Compact,83.96,106.2,7248,Packaging,International,52,16318
Gift Bags Medium 24pk XL,46.36,64.69,6132,Packaging,Midwest,27,15332
Kraft Paper Roll 36in x 200ft HD,66.47,86.21,665,Packaging,International,66,15168
Corrugated Roll 48in x 100ft Pro,63.07,91.96,4381,Packaging,International,97,13731
Whole Bean Coffee 2lb Max,15.48,21.06,2744,Food & Beverage,Primary,11,3050
Ground Coffee Medium 5lb Lite,36.15,53.17,1658,Food & Beverage,Primary,28,5400
Earl Grey Tea 200ct Advanced,50.23,73.17,709,Food & Beverage,International,19,4035
Cane Sugar 10lb Standard,28.53,38.13,1597,Food & Beverage,International,24,4261
Coffee Creamer Singles 100pk HD,41.88,61.71,394,Food & Beverage,West Coast,9,5345
Paper Cups 12oz 100pk Max,16.26,19.89,1660,Food & Beverage,Primary,28,4261
PLA Lids 12oz 100pk V2,45.27,52.09,316,Food & Beverage,South,30,4711
Wood Stirrers 1000pk HD,36.69,51.61,728,Food & Beverage,East Coast,11,4534
Cocktail Napkins 500pk Max,12.5,15.17,481,Food & Beverage,East Coast,20,5322
Paper Plates 9in 100pk V2,12.65,17.87,815,Food & Beverage,Midwest,14,4674
Wood Cutlery Set 200pk Smart,7.79,10.69,356,Food & Beverage,Midwest,15,3351
Spring Water 24pk 16oz Mini,16.67,21.17,2428,Food & Beverage,Midwest,13,4957
Granola Bars Variety 36pk Mini,2.5,3.11,59,Food & Beverage,Primary,27,5385
Mixed Nuts 2lb Canister Mini,13.19,18.82,1568,Food & Beverage,West Coast,25,5130
Dried Fruit Mix 3lb Lite+,27.08,34.34,1789,Food & Beverage,International,16,4518
Multigrain Crackers 8pk Bulk,54.97,78.93,1509,Food & Beverage,Midwest,27,4632
Creamy Peanut Butter 40oz Smart,5.03,6.41,1382,Food & Beverage,Midwest,9,3012
Strawberry Jam 32oz Compact,40.44,59.07,598,Food & Beverage,South,6,3503
Chicken Noodle Soup 6pk Premium,52.41,74.06,1048,Food & Beverage,South,17,4851
Solid Light Tuna 8pk Lite+,29.29,40.45,42,Food & Beverage,Primary,26,4319
Jasmine Rice 25lb XL,48.29,71.92,1363,Food & Beverage,East Coast,27,4819
Penne Pasta 6pk 1lb Smart,27.68,38.99,363,Food & Beverage,Midwest,17,4752
Extra Virgin Olive Oil 1L Mini,40.92,51.27,829,Food & Beverage,South,28,3586
Balsamic Vinegar 500ml Elite,43.6,61.08,160,Food & Beverage,Primary,10,5039
Sea Salt & Pepper Set Standard,46.11,69.11,1942,Food & Beverage,Primary,11,4827
Spice Rack 20-Jar Lite+,37.12,45.82,896,Food & Beverage,Primary,11,3366
Raw Honey 32oz HD,54.65,63.41,1367,Food & Beverage,East Coast,18,4148
Organic Granola 2lb Premium,37.29,55.3,2776,Food & Beverage,South,9,3556
Whey Protein 5lb Chocolate Lite+,6.79,9.45,946,Food & Beverage,International,24,3264
Electrolyte Mix 30pk Lemon Bulk,21.98,30.8,2999,Food & Beverage,Midwest,18,5301
Wireless Mouse Eco,205.08,245.33,49,Electronics,West Coast,1,545
Mechanical Keyboard Elite,843.8,1221.69,64,Electronics,East Coast,5,688
USB-C Hub Bulk,858.89,1185.93,5,Electronics,South,3,531
Webcam HD Basic,174.92,228.32,221,Electronics,West Coast,3,894
Bluetooth Speaker Max,470.18,653.85,118,Electronics,Primary,1,702
Portable Charger Basic,767.86,980.07,422,Electronics,Midwest,3,612
HDMI Cable Ultra,136.95,173.02,387,Electronics,West Coast,1,806
SSD 1TB Standard,454.63,648.05,145,Electronics,International,5,744
RAM 16GB Module V3,448.05,641.45,197,Electronics,East Coast,1,670
Graphics Card RTX V3,764.02,1164.19,120,Electronics,East Coast,1,897
CPU Processor Lite+,656.02,832.91,422,Electronics,South,2,511
Motherboard ATX Compact,306.98,436.27,183,Electronics,Primary,4,700
Power Supply 750W Advanced,655.45,827.8,477,Electronics,South,2,858
PC Case Mid-Tower Compact,92.1,117.83,410,Electronics,International,5,527
Monitor 27 4K Standard,414.49,503.8,75,Electronics,Midwest,4,856
Laptop Stand Aluminum Standard,808.01,997.01,416,Electronics,International,2,876
Noise Cancelling Headphones Pro,329.19,491.3,57,Electronics,Midwest,2,692
Smart Watch Pro V2,833.76,990.86,247,Electronics,Primary,2,526
Fitness Tracker Band Advanced,586.84,814.16,81,Electronics,Primary,4,625
Wireless Earbuds Mini,220.57,296.77,357,Electronics,International,5,588
Tablet 10 inch Compact,699.39,1081.58,348,Electronics,Midwest,1,898
E-Reader Paperwhite Compact,251.32,354.68,193,Electronics,Primary,1,561
Smart Plug WiFi Lite,114.24,160.69,470,Electronics,Primary,5,615
WiFi Router AX Elite,517.82,714.1,145,Electronics,East Coast,1,803
Network Switch 8-Port Compact,438.35,617.13,227,Electronics,East Coast,3,792
External HDD 2TB Mini,296.08,425.02,446,Electronics,Midwest,5,594
Flash Drive 128GB Pro,357.45,527.95,406,Electronics,Primary,5,750
Memory Card 256GB Advanced,754.24,1029.98,424,Electronics,East Coast,1,885
Desk Lamp LED Mini,166.69,231.64,97,Electronics,Midwest,1,784
Phone Charger 65W Bulk,115.13,138.33,110,Electronics,South,2,544
Screen Protector Glass Premium,767.05,892.85,68,Electronics,West Coast,5,652
Phone Case Silicone Basic,158.58,244.35,341,Electronics,West Coast,1,627
Laptop Sleeve 15in Plus,851.86,1156.64,405,Electronics,South,3,837
Monitor Arm Single Ultra,130.17,175.23,165,Electronics,South,5,680
Keyboard Wrist Rest Basic,461.98,658.4,344,Electronics,Primary,1,621
Mouse Pad XXL V3,131.79,196.69,115,Electronics,South,2,808
Cable Management Kit V3,534.65,674.17,378,Electronics,Primary,5,716
Surge Protector 12-Outlet Basic,233.2,303.79,467,Electronics,Midwest,2,704
UPS Battery 1500VA Lite,850.54,1208.29,486,Electronics,East Coast,2,774
USB Microphone Lite,568.46,714.99,329,Electronics,West Coast,2,865
Ring Light 18in Elite,593.3,877.02,314,Electronics,East Coast,2,714
Green Screen 5x7ft Bulk,893.24,1182.16,18,Electronics,Primary,5,626
Streaming Deck MK2 Premium,116.54,139.15,285,Electronics,West Coast,4,533
Capture Card 4K Lite,329.72,423.16,144,Electronics,West Coast,2,615
Drone Camera Pro Pro,92.66,142.86,118,Electronics,Primary,4,553
Action Camera 4K V2,476.2,714.4,306,Electronics,South,4,548
Digital Camera Mirrorless XL,631.91,945.44,287,Electronics,Primary,3,811
Camera Lens 50mm Plus,157.82,241.24,204,Electronics,International,2,676
Tripod Carbon Fiber Basic,498.75,749.53,211,Electronics,East Coast,4,803
Camera Bag Backpack Premium,13.5,18.3,84,Electronics,Midwest,2,573
SD Card Reader Elite,663.2,776.7,376,Electronics,East Coast,3,862
Ballpoint Pens 12pk Smart,75.87,111.88,918,Office Supplies,South,15,2959
Sticky Notes 8pk Standard,50.37,73.37,1948,Office Supplies,International,11,2625
File Folders 24pk Lite,170.59,246.32,660,Office Supplies,Primary,6,3299
Printer Paper A4 5-Ream Lite,131.66,232.63,358,Office Supplies,International,5,2173
Ink Cartridge Black XL Standard,100.19,149.86,1810,Office Supplies,International,4,2868
Ink Cartridge Color Combo Advanced,167.91,215.24,1039,Office Supplies,International,20,3403
Desk Organizer Bamboo Basic,125.92,181.74,1282,Office Supplies,Primary,10,3527
Paper Shredder Cross-Cut HD,126.76,209.13,520,Office Supplies,South,20,3400
Laminator Machine A4 Plus,109.72,195.17,1401,Office Supplies,East Coast,20,2460
Label Maker Portable Lite,66.7,85.38,743,Office Supplies,Midwest,5,2865
Whiteboard Magnetic 48x36 Compact,31.52,56.16,712,Office Supplies,Primary,11,3104
Dry Erase Markers 8pk Standard,54.55,75.07,456,Office Supplies,International,4,3511
Whiteboard Eraser Elite,71.46,125.33,1922,Office Supplies,Midwest,20,2072
Stapler Heavy-Duty Smart,152.85,188.69,32,Office Supplies,West Coast,18,2672
Staples 5000pk XL,20.18,28.45,1499,Office Supplies,West Coast,9,2823
Tape Dispenser Desktop Pro,19.14,28.62,193,Office Supplies,East Coast,20,3053
Scissors Titanium HD,23.17,34.58,338,Office Supplies,Midwest,12,2463
Paper Clips 100pk Compact,68.0,96.47,1847,Office Supplies,West Coast,9,3098
Binder Clips Assorted 24pk Mini,178.1,283.85,919,Office Supplies,West Coast,9,2286
Rubber Bands 1lb HD,2.04,3.53,1472,Office Supplies,East Coast,10,2226
Envelopes White 100pk Standard,8.21,11.8,1543,Office Supplies,East Coast,14,2064
Notebooks College-Ruled 6pk V3,170.76,303.24,564,Office Supplies,Midwest,7,2862
Daily Planner 2024 Basic,89.71,144.35,280,Office Supplies,Midwest,14,3538
Scientific Calculator Advanced,130.95,215.43,1710,Office Supplies,Primary,16,2269
Ruler Metal 12in Mini,142.9,182.29,724,Office Supplies,International,20,2027
3-Hole Punch Eco,10.32,17.52,899,Office Supplies,Midwest,4,2889
Letter Tray Stackable Standard,51.52,64.38,898,Office Supplies,East Coast,11,3264
Magazine Rack Wire Advanced,34.45,47.15,255,Office Supplies,East Coast,12,3435
Bulletin Board Cork 36x24 HD,36.52,59.3,1678,Office Supplies,International,7,3435
Push Pins Colored 100pk Advanced,110.39,144.96,1770,Office Supplies,Primary,8,2469
Correction Tape 3pk Max,72.83,99.36,413,Office Supplies,Primary,8,2873
Glue Sticks Washable 6pk Smart,36.74,63.14,798,Office Supplies,West Coast,17,3075
Index Cards Ruled 200pk Eco,40.7,59.24,145,Office Supplies,International,20,2874
Graph Paper Pad 4x4 Plus,55.47,75.53,594,Office Supplies,Midwest,15,3457
Legal Pads Yellow 3pk Eco,58.25,71.56,103,Office Supplies,International,4,2106
Presentation Folders 25pk Bulk,38.94,57.76,1880,Office Supplies,East Coast,7,2882
Sheet Protectors 50pk Premium,170.75,242.15,643,Office Supplies,International,7,2198
Report Covers Prong 12pk Pro,123.25,204.88,286,Office Supplies,International,14,2738
Clipboard Letter-Size XL,133.98,208.12,1258,Office Supplies,International,15,2487
Pen Holder Mesh Premium,38.6,55.21,1836,Office Supplies,International,7,2267
Ergonomic Office Chair Smart,199.28,254.27,85,Furniture,International,1,124
Electric Standing Desk Ultra,1298.31,1457.31,71,Furniture,International,2,138
L-Shaped Corner Desk Lite+,1385.86,1608.43,94,Furniture,East Coast,1,105
5-Tier Bookshelf V3,605.86,795.79,99,Furniture,Midwest,2,146
3-Drawer Filing Cabinet Mini,1278.31,1432.11,55,Furniture,South,1,121
Conference Table 8-seat Premium,986.0,1122.74,7,Furniture,International,1,124
Guest Chair Padded Compact,710.71,895.31,67,Furniture,Midwest,1,121
Desk Lamp Architect Advanced,559.37,746.09,53,Furniture,East Coast,2,126
Chair Floor Mat 48x36 Pro,253.4,295.3,91,Furniture,Midwest,1,165
Monitor Riser Wood Advanced,1001.08,1258.88,40,Furniture,International,1,137
Storage Cabinet Locking Premium,788.69,908.04,7,Furniture,Primary,1,137
Coat Rack Standing Max,1320.89,1563.04,19,Furniture,International,2,106
Waste Basket Metal Eco,1385.72,1611.58,16,Furniture,International,1,144
Under-Desk Drawer Unit Smart,1362.08,1630.91,92,Furniture,Midwest,2,117
Computer Desk Compact Smart,437.53,610.61,82,Furniture,East Coast,1,145
Gaming Chair Racing Premium,276.24,384.38,70,Furniture,International,1,148
Recliner Leather Premium,1222.59,1577.5,72,Furniture,East Coast,1,156
3-Seat Sofa Fabric Bulk,401.9,512.22,98,Furniture,Midwest,2,119
Coffee Table Glass Eco,1031.19,1268.54,20,Furniture,Midwest,2,111
Side Table Round V2,662.07,890.27,24,Furniture,Midwest,1,172
TV Stand 65in V2,918.93,1016.63,22,Furniture,International,1,150
Shoe Rack 4-Tier Smart,291.41,333.1,56,Furniture,International,1,158
Wardrobe Sliding-Door Compact,171.82,216.16,95,Furniture,Primary,1,177
6-Drawer Dresser Compact,559.15,633.52,3,Furniture,East Coast,1,116
Nightstand 2-Drawer Lite,400.35,553.12,78,Furniture,Primary,1,101
Queen Bed Frame Metal Basic,1039.82,1249.36,92,Furniture,East Coast,1,125
Queen Memory Foam Mattress Lite+,1071.95,1466.12,22,Furniture,Midwest,2,142
Dining Table 6-seat Oak Max,367.8,464.55,36,Furniture,Primary,1,102
Dining Chair Padded 2pk Mini,778.44,880.24,55,Furniture,East Coast,1,100
Bar Stool Adjustable Pro,344.41,418.67,47,Furniture,International,2,128
Kitchen Island Cart Compact,972.44,1278.23,16,Furniture,Primary,2,121
Pantry Cabinet Tall Eco,173.87,241.12,47,Furniture,West Coast,1,178
Bathroom Vanity 36in Mini,527.07,725.99,12,Furniture,East Coast,1,177
Mirror Cabinet LED V2,620.08,744.38,25,Furniture,International,2,119
Laundry Hamper Bamboo Standard,887.8,1053.02,15,Furniture,International,2,163
Room Divider 4-Panel XL,1308.38,1757.44,93,Furniture,East Coast,1,100
Accent Chair Velvet Max,472.15,574.69,94,Furniture,Primary,2,108
Ottoman Storage Elite,618.47,815.15,20,Furniture,East Coast,1,141
Console Table Entryway V2,1082.69,1305.49,65,Furniture,International,2,161
Storage Bench Entryway HD,856.38,1105.57,19,Furniture,Midwest,1,149
All-Purpose Cleaner 1gal Basic,23.38,35.46,4412,Cleaning,East Coast,44,8364
Glass Cleaner Spray 32oz Compact,5.6,9.0,4366,Cleaning,International,46,8180
Disinfectant Wipes 6pk Eco,32.23,44.08,73,Cleaning,Primary,23,8484
Floor Cleaner Concentrate XL,26.01,44.97,952,Cleaning,West Coast,13,8732
Bathroom Cleaner Foaming XL,38.5,64.81,1191,Cleaning,East Coast,28,6885
Kitchen Degreaser Basic,43.79,74.73,2036,Cleaning,East Coast,23,8390
Air Freshener Refills 3pk Plus,34.12,44.65,1222,Cleaning,Primary,34,8002
Microfiber Cloths 12pk HD,17.98,28.78,4814,Cleaning,South,14,6953
Scrub Sponges 6pk V2,3.3,4.73,697,Cleaning,Primary,25,5315
Rubber Gloves Latex 3pk Elite,37.74,55.03,1544,Cleaning,East Coast,40,8045
Trash Bags 13gal 50pk Advanced,32.04,44.85,3421,Cleaning,International,31,6818
Paper Towels 12-Roll Pro,14.33,19.03,313,Cleaning,East Coast,48,8076
Toilet Paper 24-Roll Advanced,8.89,12.87,3520,Cleaning,International,39,7269
Hand Soap Refill 1gal Premium,41.52,62.32,1912,Cleaning,East Coast,37,8815
Hand Sanitizer Pump 32oz Premium,43.84,66.23,1075,Cleaning,South,23,6640
Spin Mop System Plus,11.41,15.31,4631,Cleaning,Primary,48,8447
Angle Broom Ultra,22.53,35.52,3368,Cleaning,Primary,34,5675
Dustpan Combo XL,29.81,40.16,938,Cleaning,West Coast,16,5318
Vacuum Bags 6pk Smart,35.49,50.32,2012,Cleaning,South,28,5666
Dish Soap Lemon 32oz Mini,4.81,7.45,2582,Cleaning,East Coast,22,7259
Dishwasher Pods 60pk Plus,12.33,15.94,4720,Cleaning,South,46,5183
Laundry Detergent 100oz Lite+,3.96,5.57,2578,Cleaning,West Coast,10,6460
Fabric Softener Sheets 240ct Compact,23.51,33.08,3250,Cleaning,East Coast,32,8988
Stain Remover Spray Mini,16.25,27.6,4175,Cleaning,East Coast,16,7056
Bleach Concentrate 1gal Pro,27.25,39.27,4853,Cleaning,East Coast,12,6188
Extendable Duster 10ft Max,31.34,40.41,814,Cleaning,East Coast,24,8622
Window Squeegee 12in Max,35.06,46.65,4159,Cleaning,South,43,7984
Toilet Brush Set Advanced,42.0,59.67,1124,Cleaning,West Coast,31,6191
Heavy-Duty Plunger Smart,38.81,56.87,3225,Cleaning,South,25,5855
Drain Cleaner Gel 32oz Smart,5.22,6.92,4125,Cleaning,Primary,16,8296
Lint Roller Mega 4pk Max,34.95,49.1,764,Cleaning,Midwest,41,5385
Carpet Cleaner Shampoo Bulk,9.3,13.0,608,Cleaning,West Coast,27,7361
Wood Polish Spray XL,5.84,7.82,3824,Cleaning,West Coast,26,6938
Stainless Steel Cleaner Ultra,29.96,39.55,1065,Cleaning,Primary,46,6999
Oven Cleaner Heavy-Duty XL,38.94,56.48,1106,Cleaning,South,38,6502
Grout Cleaner Brush Set Smart,42.94,61.7,3434,Cleaning,West Coast,42,6843
First Aid Kit 200-Piece Plus,156.29,214.95,768,Safety,South,5,1716
Fire Extinguisher ABC 5lb Pro,41.18,48.87,394,Safety,Midwest,4,1583
Safety Goggles Anti-Fog Lite,58.09,84.58,695,Safety,Midwest,3,1357
Work Gloves Leather 12pk Ultra,161.69,236.88,486,Safety,East Coast,3,1087
Hard Hat OSHA-Compliant Mini,229.61,338.19,796,Safety,Midwest,8,1204
Safety Vest Hi-Vis 10pk Bulk,18.92,24.03,628,Safety,International,9,1217
Ear Plugs NRR32 50pk Lite+,31.24,40.9,568,Safety,East Coast,4,1481
N95 Dust Masks 50pk V3,82.09,95.3,625,Safety,West Coast,8,1063
Face Shields Anti-Fog 5pk HD,244.7,299.68,226,Safety,International,2,1776
Steel-Toe Work Boots HD,69.65,95.59,95,Safety,West Coast,4,1070
Knee Pads Gel-Insert Compact,23.18,33.75,472,Safety,East Coast,8,1537
Back Support Belt Large Premium,48.47,56.65,926,Safety,West Coast,8,1350
Anti-Fatigue Mat 3x5ft V2,52.06,77.03,503,Safety,International,9,1548
Wet Floor Sign Bilingual V2,241.5,314.64,944,Safety,South,8,1010
Traffic Cone 28in Smart,52.04,73.01,602,Safety,International,4,1331
Fire Blanket 4x6ft Bulk,6.5,9.51,966,Safety,West Coast,4,1511
Smoke Detector 10-Year Mini,198.63,275.28,279,Safety,Primary,10,1739
CO Detector Digital Ultra,236.0,342.21,659,Safety,South,9,1654
Emergency Kit 72-Hour Mini,12.01,16.95,202,Safety,South,8,1713
Heavy-Duty Flashlight V2,151.43,185.6,224,Safety,South,5,1695
AA Batteries 24pk Pro,94.45,120.64,319,Safety,Primary,6,1514
AAA Batteries 24pk Lite+,163.28,213.83,430,Safety,South,7,1360
Extension Cord 25ft 12AWG HD,132.22,187.46,126,Safety,Midwest,4,1469
Power Strip 6-Outlet USB XL,46.69,63.41,565,Safety,West Coast,8,1390
Cable Protector Ramp HD,159.62,222.79,970,Safety,Primary,3,1089
Lockout Tagout Kit Lite,163.46,223.24,431,Safety,International,3,1508
Hazmat Spill Kit 5gal Smart,232.03,274.93,464,Safety,Primary,10,1595
Eye Wash Station Wall Standard,213.37,261.2,805,Safety,Midwest,9,1564
Flammable Storage Cabinet Mini,51.3,67.43,137,Safety,Midwest,7,1475
4-Gas Detector Meter Compact,4.88,6.25,239,Safety,West Coast,10,1290
Small Box 8x8x8 25pk Premium,28.36,44.27,6894,Packaging,Midwest,50,10034
Medium Box 12x12x12 25pk Plus,2.38,3.0,6234,Packaging,International,86,16717
Large Box 18x18x18 15pk Smart,29.25,37.09,9474,Packaging,South,75,11981
Bubble Wrap Roll 175ft Compact,18.15,26.46,945,Packaging,East Coast,93,13515
Packing Peanuts 14cu ft Compact,87.98,111.69,5312,Packaging,Midwest,86,11297
Shipping Tape Clear 6pk Eco,9.86,14.99,8361,Packaging,South,35,15172
Shipping Labels 4x6 500ct Compact,76.03,110.31,4363,Packaging,West Coast,90,11302
Poly Mailers 10x13 100pk V3,9.3,11.26,289,Packaging,South,100,16308
Stretch Wrap 18in 1000ft Max,3.48,5.16,1390,Packaging,Primary,93,13132
Kraft Packing Paper 25lb Max,88.52,128.69,5967,Packaging,International,43,11963
Foam Sheets 12x12 50pk Eco,27.43,38.79,4118,Packaging,West Coast,68,16311
Strapping Tape 2in 6pk Plus,25.47,40.09,479,Packaging,Primary,94,17101
Pallet Wrap 80ga 1500ft Mini,41.86,60.21,1854,Packaging,West Coast,38,12313
Air Pillow Film Roll V2,9.26,12.94,6021,Packaging,Primary,46,13201
Tissue Paper White 100pk Lite+,71.79,98.03,8071,Packaging,East Coast,100,10625
Gift Boxes Assorted 12pk HD,34.4,45.59,7487,Packaging,West Coast,40,11472
Satin Ribbon Roll 50yd Pro,81.42,119.19,615,Packaging,West Coast,35,17994
Gift Bags Medium 24pk XL,44.07,63.71,9053,Packaging,South,20,11297
Kraft Paper Roll 36in x 200ft Premium,83.47,106.6,584,Packaging,South,88,10188
Corrugated Roll 48in x 100ft Advanced,68.73,88.42,6078,Packaging,East Coast,34,17361
Whole Bean Coffee 2lb Pro,19.36,23.75,2862,Food & Beverage,West Coast,10,4096
Ground Coffee Medium 5lb Lite+,12.56,14.85,2930,Food & Beverage,Midwest,23,4205
Earl Grey Tea 200ct Lite+,25.11,37.19,820,Food & Beverage,East Coast,14,3708
Cane Sugar 10lb Premium,52.98,62.83,2436,Food & Beverage,East Coast,15,3678
Coffee Creamer Singles 100pk Lite+,24.97,32.61,2472,Food & Beverage,West Coast,29,4112
Paper Cups 12oz 100pk Smart,7.7,9.89,848,Food & Beverage,West Coast,24,4445
PLA Lids 12oz 100pk Lite,25.82,37.73,2124,Food & Beverage,West Coast,14,4678
Wood Stirrers 1000pk Smart,45.81,63.02,2202,Food & Beverage,Primary,17,4631
Cocktail Napkins 500pk Mini,11.53,14.56,791,Food & Beverage,Primary,17,4004
Paper Plates 9in 100pk V3,36.82,47.14,1317,Food & Beverage,West Coast,9,3039
Wood Cutlery Set 200pk Pro,39.99,48.98,2354,Food & Beverage,South,16,3952
Spring Water 24pk 16oz Lite,22.44,30.53,2189,Food & Beverage,South,12,3421
Granola Bars Variety 36pk Premium,39.96,59.19,2779,Food & Beverage,International,8,5350
Mixed Nuts 2lb Canister HD,38.15,49.68,1341,Food & Beverage,Primary,12,3807
Dried Fruit Mix 3lb Lite+,28.43,42.55,1755,Food & Beverage,Midwest,9,3508
Multigrain Crackers 8pk V2,33.88,45.97,998,Food & Beverage,West Coast,24,3087
Creamy Peanut Butter 40oz Pro,36.11,52.35,49,Food & Beverage,East Coast,20,4164
Strawberry Jam 32oz Compact,3.96,5.29,2190,Food & Beverage,International,7,4381
Chicken Noodle Soup 6pk Pro,5.68,6.72,1730,Food & Beverage,West Coast,29,4232
Solid Light Tuna 8pk Bulk,41.95,54.12,2309,Food & Beverage,Midwest,30,4282
Jasmine Rice 25lb Smart,4.49,5.63,1891,Food & Beverage,West Coast,21,3497
Penne Pasta 6pk 1lb Smart,7.45,9.15,72,Food & Beverage,West Coast,10,3430
Extra Virgin Olive Oil 1L HD,14.0,16.53,2995,Food & Beverage,Primary,17,5201
Balsamic Vinegar 500ml Plus,15.76,22.45,483,Food & Beverage,Primary,7,4246
Sea Salt & Pepper Set Premium,19.45,26.54,1584,Food & Beverage,East Coast,14,3697
Spice Rack 20-Jar Elite,26.42,31.55,636,Food & Beverage,Midwest,30,5392
Raw Honey 32oz Ultra,37.42,49.87,1015,Food & Beverage,International,24,4957
Organic Granola 2lb Lite+,53.75,67.87,2007,Food & Beverage,West Coast,13,3376
Whey Protein 5lb Chocolate Standard,39.7,50.56,1022,Food & Beverage,International,27,3843
Electrolyte Mix 30pk Lemon Lite,5.98,7.91,900,Food & Beverage,Midwest,6,3885
Wireless Mouse Compact,173.19,206.41,111,Electronics,South,5,889
Mechanical Keyboard Advanced,773.32,1124.56,164,Electronics,East Coast,4,835
USB-C Hub Advanced,99.57,119.69,474,Electronics,Midwest,3,697
Webcam HD Smart,464.55,679.18,101,Electronics,Midwest,1,642
Bluetooth Speaker V2,619.21,947.76,300,Electronics,Midwest,1,575
Portable Charger Mini,671.8,837.21,462,Electronics,West Coast,4,595
HDMI Cable Pro,431.24,587.5,185,Electronics,South,3,560
SSD 1TB Lite,322.21,397.87,208,Electronics,South,5,720
RAM 16GB Module Bulk,52.58,66.2,55,Electronics,Midwest,1,832
Graphics Card RTX HD,178.57,218.89,95,Electronics,South,5,641
CPU Processor Smart,446.79,591.29,353,Electronics,East Coast,1,830
Motherboard ATX Mini,201.52,236.03,23,Electronics,East Coast,5,636
Power Supply 750W Lite,481.26,606.48,456,Electronics,International,5,858
PC Case Mid-Tower Compact,355.76,423.54,380,Electronics,East Coast,3,753
Monitor 27 4K V2,708.23,912.95,152,Electronics,International,5,647
Laptop Stand Aluminum Pro,89.35,120.74,363,Electronics,International,5,744
Noise Cancelling Headphones Standard,768.04,1094.59,92,Electronics,Primary,3,848
Smart Watch Pro V2,172.67,260.72,77,Electronics,Midwest,1,841
Fitness Tracker Band HD,303.98,371.16,140,Electronics,International,1,587
Wireless Earbuds Pro,536.63,825.24,303,Electronics,East Coast,1,750
Tablet 10 inch Lite+,102.9,152.04,295,Electronics,South,3,616
E-Reader Paperwhite Advanced,154.74,187.02,53,Electronics,International,1,655
Smart Plug WiFi Bulk,410.09,592.14,284,Electronics,Midwest,3,839
WiFi Router AX Premium,331.04,382.49,185,Electronics,West Coast,3,863
Network Switch 8-Port Advanced,698.2,1042.26,466,Electronics,Primary,5,747
External HDD 2TB Premium,618.78,891.84,15,Electronics,East Coast,2,710
Flash Drive 128GB Max,324.69,377.41,300,Electronics,East Coast,4,684
Memory Card 256GB Lite,178.49,273.43,332,Electronics,International,1,640
Desk Lamp LED Basic,809.8,1076.8,495,Electronics,West Coast,5,589
Phone Charger 65W XL,799.76,1044.81,218,Electronics,East Coast,3,658
Screen Protector Glass Plus,523.67,749.23,432,Electronics,Midwest,5,562
Phone Case Silicone Ultra,512.16,751.34,182,Electronics,Primary,3,556
Laptop Sleeve 15in Lite+,834.87,1009.23,353,Electronics,West Coast,2,767
Monitor Arm Single Smart,504.54,613.04,254,Electronics,West Coast,3,533
Keyboard Wrist Rest Pro,411.2,508.63,427,Electronics,Primary,5,563
Mouse Pad XXL Lite+,278.71,368.49,343,Electronics,West Coast,1,525
Cable Management Kit Max,318.45,402.3,444,Electronics,South,5,840
Surge Protector 12-Outlet Max,858.55,1232.26,78,Electronics,South,2,721
UPS Battery 1500VA Lite,265.27,308.47,482,Electronics,International,3,627
USB Microphone Compact,383.19,588.87,55,Electronics,South,3,654
Ring Light 18in Standard,160.11,212.04,453,Electronics,East Coast,3,796
Green Screen 5x7ft V3,228.77,301.18,107,Electronics,Primary,3,656
Streaming Deck MK2 Standard,512.17,717.72,284,Electronics,Midwest,2,692
Capture Card 4K Mini,129.06,171.23,165,Electronics,International,5,850
Drone Camera Pro XL,424.2,560.4,220,Electronics,Primary,4,736
Action Camera 4K Basic,28.65,41.73,50,Electronics,West Coast,2,814
Digital Camera Mirrorless Eco,524.39,681.31,322,Electronics,West Coast,5,789
Camera Lens 50mm Plus,681.02,890.14,211,Electronics,South,1,736
Tripod Carbon Fiber Ultra,756.08,895.1,143,Electronics,South,1,670
Camera Bag Backpack Mini,740.64,1019.25,358,Electronics,Primary,3,531
SD Card Reader Elite,608.6,879.88,32,Electronics,East Coast,2,764
Ballpoint Pens 12pk Basic,133.54,199.93,477,Office Supplies,International,8,2616
Sticky Notes 8pk Standard,129.73,228.57,1669,Office Supplies,International,19,3277
File Folders 24pk V3,21.53,25.84,1256,Office Supplies,Primary,7,3064
Printer Paper A4 5-Ream Eco,37.57,55.76,1725,Office Supplies,Midwest,20,2908
Ink Cartridge Black XL Plus,166.76,230.12,1010,Office Supplies,South,9,2481
Ink Cartridge Color Combo Premium,148.08,238.23,1779,Office Supplies,East Coast,7,2885
Desk Organizer Bamboo Pro,34.08,57.63,1366,Office Supplies,South,11,2349
Paper Shredder Cross-Cut Basic,36.86,54.86,612,Office Supplies,Midwest,7,3205
Laminator Machine A4 XL,120.52,172.91,1448,Office Supplies,Midwest,7,2950
Label Maker Portable HD,27.52,37.7,266,Office Supplies,South,16,2022
Whiteboard Magnetic 48x36 Standard,7.1,11.29,1365,Office Supplies,West Coast,18,2087
Dry Erase Markers 8pk Max,84.76,138.48,587,Office Supplies,West Coast,4,2324
Whiteboard Eraser Advanced,154.2,231.6,734,Office Supplies,South,20,2799
Stapler Heavy-Duty Lite,32.23,41.6,1363,Office Supplies,International,14,2941
Staples 5000pk Max,50.82,84.24,640,Office Supplies,International,16,2139
Tape Dispenser Desktop Lite+,68.4,101.44,1369,Office Supplies,International,9,3179
Scissors Titanium Advanced,139.8,211.83,285,Office Supplies,South,14,3205
Paper Clips 100pk XL,105.62,179.34,158,Office Supplies,International,5,2060
Binder Clips Assorted 24pk V2,42.48,67.93,1042,Office Supplies,East Coast,19,2662
Rubber Bands 1lb Eco,19.87,34.34,1511,Office Supplies,Midwest,16,3547
Envelopes White 100pk Lite,12.08,16.31,96,Office Supplies,West Coast,6,2904
Notebooks College-Ruled 6pk Smart,114.0,138.82,376,Office Supplies,International,14,2220
Daily Planner 2024 Ultra,68.6,123.02,1195,Office Supplies,West Coast,10,2400
Scientific Calculator Lite+,79.32,108.8,432,Office Supplies,South,9,2888
Ruler Metal 12in V3,16.4,19.92,1985,Office Supplies,Primary,7,2416
3-Hole Punch Max,160.9,227.79,855,Office Supplies,East Coast,6,2697
Letter Tray Stackable Advanced,89.82,152.64,1188,Office Supplies,West Coast,19,3025
Magazine Rack Wire XL,111.71,171.5,302,Office Supplies,Midwest,6,2898
Bulletin Board Cork 36x24 Compact,157.44,242.69,280,Office Supplies,Primary,20,2610
Push Pins Colored 100pk Mini,90.27,111.11,1127,Office Supplies,East Coast,14,2046
Correction Tape 3pk Standard,166.09,224.36,1460,Office Supplies,East Coast,15,2139
Glue Sticks Washable 6pk Standard,14.39,22.24,1767,Office Supplies,South,20,3251
Index Cards Ruled 200pk Standard,72.46,89.41,1448,Office Supplies,Midwest,7,3193
Graph Paper Pad 4x4 Premium,117.93,143.8,883,Office Supplies,West Coast,12,2410
Legal Pads Yellow 3pk Plus,25.93,39.63,1522,Office Supplies,International,14,3551
Presentation Folders 25pk Plus,43.18,53.71,1961,Office Supplies,Primary,5,2708
Sheet Protectors 50pk HD,108.07,169.4,185,Office Supplies,West Coast,19,2265
Report Covers Prong 12pk Plus,19.63,29.4,481,Office Supplies,Midwest,15,2883
Clipboard Letter-Size Standard,140.9,243.18,486,Office Supplies,Primary,4,2113
Pen Holder Mesh V3,96.62,165.82,1416,Office Supplies,Midwest,4,3131
Ergonomic Office Chair Plus,563.43,683.54,18,Furniture,South,2,154
Electric Standing Desk Max,192.77,218.87,80,Furniture,East Coast,2,145
L-Shaped Corner Desk Bulk,630.86,704.91,31,Furniture,Primary,1,175
5-Tier Bookshelf Eco,598.83,793.91,70,Furniture,International,1,101
3-Drawer Filing Cabinet Eco,1144.23,1284.95,18,Furniture,West Coast,2,123
Conference Table 8-seat Plus,463.78,593.97,33,Furniture,South,2,116
Guest Chair Padded Compact,688.43,782.55,11,Furniture,South,1,132
Desk Lamp Architect V3,710.58,938.37,47,Furniture,International,1,156
Chair Floor Mat 48x36 Standard,1320.05,1761.03,39,Furniture,West Coast,1,167
Monitor Riser Wood Bulk,987.46,1235.35,8,Furniture,International,2,152
Storage Cabinet Locking Smart,698.67,784.98,19,Furniture,International,1,139
Coat Rack Standing Basic,322.7,391.02,20,Furniture,International,1,130
Waste Basket Metal Ultra,922.12,1139.86,16,Furniture,Primary,1,163
Under-Desk Drawer Unit Premium,414.43,503.64,12,Furniture,South,1,135
Computer Desk Compact Compact,711.16,966.35,51,Furniture,East Coast,2,105
Gaming Chair Racing V3,552.78,717.5,70,Furniture,Primary,1,139
Recliner Leather Basic,1076.49,1486.81,79,Furniture,South,2,133
3-Seat Sofa Fabric V3,1068.65,1284.82,81,Furniture,International,2,154
Coffee Table Glass Plus,1137.1,1439.56,94,Furniture,Midwest,2,168
Side Table Round HD,816.6,1037.48,68,Furniture,Midwest,2,120
TV Stand 65in Ultra,1052.79,1450.11,18,Furniture,International,1,135
Shoe Rack 4-Tier Premium,151.76,178.31,71,Furniture,South,2,143
Wardrobe Sliding-Door Compact,87.7,103.69,36,Furniture,Primary,2,177
6-Drawer Dresser Mini,453.91,589.28,35,Furniture,Midwest,1,156
Nightstand 2-Drawer Pro,635.48,787.95,47,Furniture,East Coast,2,171
Queen Bed Frame Metal HD,114.97,158.85,37,Furniture,Midwest,2,108
Queen Memory Foam Mattress V2,387.18,517.28,35,Furniture,East Coast,2,116
Dining Table 6-seat Oak V2,235.52,302.73,8,Furniture,International,1,114
Dining Chair Padded 2pk Plus,286.51,358.72,58,Furniture,South,2,105
Bar Stool Adjustable Eco,118.01,155.11,35,Furniture,International,2,102
Kitchen Island Cart XL,772.7,860.34,32,Furniture,Primary,2,113
Pantry Cabinet Tall Advanced,640.8,803.12,32,Furniture,South,1,141
Bathroom Vanity 36in XL,1166.77,1521.82,11,Furniture,East Coast,2,136
Mirror Cabinet LED Pro,480.73,642.47,44,Furniture,Midwest,2,147
Laundry Hamper Bamboo Standard,883.92,1014.82,7,Furniture,South,2,119
Room Divider 4-Panel Pro,180.01,209.43,42,Furniture,Midwest,2,127
Accent Chair Velvet Elite,79.5,104.77,50,Furniture,East Coast,1,109
Ottoman Storage Elite,722.27,918.97,72,Furniture,International,2,168
Console Table Entryway Mini,1191.97,1499.89,8,Furniture,South,2,167
Storage Bench Entryway Ultra,467.62,541.74,75,Furniture,West Coast,2,131
All-Purpose Cleaner 1gal Eco,36.36,63.22,1941,Cleaning,International,39,6289
Glass Cleaner Spray 32oz Mini,31.8,46.83,3408,Cleaning,West Coast,33,5326
Disinfectant Wipes 6pk Basic,23.74,40.53,4016,Cleaning,Midwest,48,5943
Floor Cleaner Concentrate HD,11.88,19.77,1076,Cleaning,Midwest,44,6003
Bathroom Cleaner Foaming Elite,30.63,47.56,2400,Cleaning,Primary,31,6285
Kitchen Degreaser Lite,19.57,29.4,1265,Cleaning,International,46,7024
Air Freshener Refills 3pk V3,40.69,68.69,177,Cleaning,Midwest,20,5494
Microfiber Cloths 12pk Premium,34.92,56.07,3899,Cleaning,Primary,16,5517
Scrub Sponges 6pk HD,3.03,4.04,648,Cleaning,South,18,7109
Rubber Gloves Latex 3pk Compact,40.88,58.34,3345,Cleaning,International,45,5988
Trash Bags 13gal 50pk Standard,7.12,12.09,2807,Cleaning,South,47,7493
Paper Towels 12-Roll Mini,44.75,56.95,2957,Cleaning,Midwest,38,8730
Toilet Paper 24-Roll Ultra,33.85,49.69,3958,Cleaning,East Coast,18,8004
Hand Soap Refill 1gal Elite,41.4,71.14,736,Cleaning,Primary,19,8668
Hand Sanitizer Pump 32oz Elite,27.5,43.64,3765,Cleaning,Midwest,34,6312
Spin Mop System V2,23.87,36.86,843,Cleaning,Midwest,24,6217
Angle Broom Bulk,4.08,6.16,4352,Cleaning,Midwest,47,7081
Dustpan Combo Standard,15.88,22.38,1511,Cleaning,International,19,5171
Vacuum Bags 6pk V3,20.51,28.49,2625,Cleaning,West Coast,16,6422
Dish Soap Lemon 32oz V2,7.1,9.85,3645,Cleaning,East Coast,24,8626
Dishwasher Pods 60pk Standard,42.39,58.49,919,Cleaning,West Coast,24,7729
Laundry Detergent 100oz Max,6.13,9.35,4217,Cleaning,South,20,5112
Fabric Softener Sheets 240ct Plus,43.27,65.77,1648,Cleaning,Primary,10,7000
Stain Remover Spray XL,10.74,18.48,4728,Cleaning,Midwest,37,7998
Bleach Concentrate 1gal Advanced,7.43,10.97,947,Cleaning,Midwest,17,6820
Extendable Duster 10ft Lite+,13.31,22.39,2331,Cleaning,West Coast,17,8966
Window Squeegee 12in Lite,34.0,46.28,659,Cleaning,South,30,5641
Toilet Brush Set Bulk,13.87,21.71,4251,Cleaning,International,14,7895
Heavy-Duty Plunger Bulk,40.37,51.24,872,Cleaning,East Coast,43,6300
Drain Cleaner Gel 32oz Basic,30.43,51.39,341,Cleaning,Primary,50,7569
Lint Roller Mega 4pk Eco,7.89,11.35,1853,Cleaning,Midwest,22,6086
Carpet Cleaner Shampoo Max,22.83,30.67,4119,Cleaning,East Coast,28,5539
Wood Polish Spray Lite,42.89,71.99,1804,Cleaning,Primary,10,6778
Stainless Steel Cleaner Lite+,25.98,35.18,1509,Cleaning,International,12,6712
Oven Cleaner Heavy-Duty Premium,28.38,44.43,1972,Cleaning,Midwest,50,6428
Grout Cleaner Brush Set Advanced,30.25,40.54,2508,Cleaning,West Coast,24,8584
First Aid Kit 200-Piece Lite+,124.08,170.05,622,Safety,Midwest,7,1556
Fire Extinguisher ABC 5lb Standard,26.84,31.92,912,Safety,Midwest,6,1429
Safety Goggles Anti-Fog Bulk,64.11,83.26,190,Safety,International,9,1326
Work Gloves Leather 12pk Mini,88.85,114.56,141,Safety,South,9,1500
Hard Hat OSHA-Compliant HD,172.74,200.4,284,Safety,Midwest,10,1220
Safety Vest Hi-Vis 10pk Plus,141.88,179.21,701,Safety,Midwest,7,1421
Ear Plugs NRR32 50pk Ultra,108.02,134.08,65,Safety,International,6,1497
N95 Dust Masks 50pk Eco,86.94,124.89,325,Safety,East Coast,9,1419
Face Shields Anti-Fog 5pk Elite,219.28,293.31,808,Safety,South,3,1628
Steel-Toe Work Boots Bulk,34.92,46.76,983,Safety,Primary,2,1388
Knee Pads Gel-Insert Bulk,228.32,323.85,576,Safety,Primary,3,1670
Back Support Belt Large Advanced,54.98,73.53,170,Safety,International,10,1405
Anti-Fatigue Mat 3x5ft Eco,74.68,90.1,392,Safety,East Coast,7,1423
Wet Floor Sign Bilingual Basic,184.13,272.33,46,Safety,South,2,1773
Traffic Cone 28in Mini,126.87,181.04,53,Safety,West Coast,4,1289
Fire Blanket 4x6ft Pro,59.81,84.95,263,Safety,International,2,1278
Smoke Detector 10-Year Mini,203.81,261.34,420,Safety,West Coast,4,1758
CO Detector Digital Lite,21.9,29.05,730,Safety,Primary,8,1020
Emergency Kit 72-Hour Basic,152.4,183.36,763,Safety,South,8,1198
Heavy-Duty Flashlight Standard,196.84,255.66,771,Safety,West Coast,2,1309
AA Batteries 24pk Ultra,53.06,65.93,681,Safety,West Coast,9,1385
AAA Batteries 24pk HD,25.99,38.68,584,Safety,West Coast,6,1494
Extension Cord 25ft 12AWG Basic,128.13,164.5,518,Safety,South,8,1381
Power Strip 6-Outlet USB Mini,114.71,155.12,35,Safety,East Coast,8,1789
Cable Protector Ramp Ultra,94.35,127.1,668,Safety,East Coast,6,1340
Lockout Tagout Kit Lite,26.56,32.12,895,Safety,East Coast,9,1607
Hazmat Spill Kit 5gal Lite,37.91,51.78,494,Safety,South,10,1740
Eye Wash Station Wall Eco,17.56,23.23,431,Safety,West Coast,6,1758
Flammable Storage Cabinet Max,12.02,16.72,623,Safety,West Coast,8,1005
4-Gas Detector Meter V3,189.49,270.62,568,Safety,International,9,1320
Small Box 8x8x8 25pk Eco,29.64,43.97,8528,Packaging,International,91,17034
Medium Box 12x12x12 25pk Lite,82.99,113.72,1369,Packaging,Primary,68,11042
Large Box 18x18x18 15pk V2,47.27,59.02,3333,Packaging,Primary,76,17124
Bubble Wrap Roll 175ft Plus,79.81,111.58,8694,Packaging,International,82,11145
Packing Peanuts 14cu ft Basic,38.22,46.01,2026,Packaging,International,75,12410
Shipping Tape Clear 6pk Premium,47.5,68.69,6188,Packaging,East Coast,92,15326
Shipping Labels 4x6 500ct Max,26.83,39.55,6182,Packaging,West Coast,86,14952
Poly Mailers 10x13 100pk Lite+,42.2,66.44,2317,Packaging,International,41,14295
Stretch Wrap 18in 1000ft Lite+,1.87,2.56,2563,Packaging,Primary,80,10549
Kraft Packing Paper 25lb Standard,63.43,81.17,1637,Packaging,West Coast,88,13756
Foam Sheets 12x12 50pk Mini,6.44,8.94,2663,Packaging,International,28,12870
Strapping Tape 2in 6pk Basic,79.62,106.53,331,Packaging,West Coast,44,12249
Pallet Wrap 80ga 1500ft HD,53.02,70.11,6707,Packaging,South,52,14596
Air Pillow Film Roll V3,7.9,9.96,3646,Packaging,West Coast,55,11460
Tissue Paper White 100pk Elite,10.11,15.35,9722,Packaging,South,69,12704
Gift Boxes Assorted 12pk Elite,54.82,86.98,7856,Packaging,Primary,46,11377
Satin Ribbon Roll 50yd Eco,89.03,110.09,2500,Packaging,Midwest,38,11350
Gift Bags Medium 24pk Pro,29.78,46.41,955,Packaging,Midwest,37,14191
Kraft Paper Roll 36in x 200ft HD,60.17,80.08,8298,Packaging,South,35,11972
Corrugated Roll 48in x 100ft Compact,34.58,46.83,7873,Packaging,South,65,12553
Whole Bean Coffee 2lb Bulk,30.13,43.96,906,Food & Beverage,International,11,4137
Ground Coffee Medium 5lb Max,46.51,62.61,2037,Food & Beverage,International,28,4026
Earl Grey Tea 200ct Mini,31.57,41.12,1456,Food & Beverage,West Coast,11,3103
Cane Sugar 10lb Ultra,42.85,54.47,1767,Food & Beverage,East Coast,12,5292
Coffee Creamer Singles 100pk Compact,21.83,32.23,73,Food & Beverage,West Coast,12,4810
Paper Cups 12oz 100pk Advanced,12.33,16.71,1375,Food & Beverage,West Coast,9,4510
PLA Lids 12oz 100pk Advanced,50.84,69.26,167,Food & Beverage,International,26,4126
Wood Stirrers 1000pk Lite+,23.11,34.63,2914,Food & Beverage,International,14,4123
Cocktail Napkins 500pk Plus,53.47,76.9,2971,Food & Beverage,Midwest,21,4861
Paper Plates 9in 100pk V2,27.09,39.45,2264,Food & Beverage,West Coast,9,3156
Wood Cutlery Set 200pk Pro,34.48,48.26,2920,Food & Beverage,East Coast,29,3724
Spring Water 24pk 16oz Lite,24.24,35.05,259,Food & Beverage,West Coast,20,3255
Granola Bars Variety 36pk Mini,47.47,59.2,825,Food & Beverage,West Coast,26,3068
Mixed Nuts 2lb Canister Bulk,49.58,59.95,2433,Food & Beverage,South,29,4500
Dried Fruit Mix 3lb Pro,51.85,66.94,2764,Food & Beverage,Primary,27,3251
Multigrain Crackers 8pk V3,45.73,60.62,1122,Food & Beverage,Midwest,8,3706
Creamy Peanut Butter 40oz Plus,16.6,20.24,2100,Food & Beverage,International,19,3708
Strawberry Jam 32oz Pro,18.49,24.89,512,Food & Beverage,South,16,4909
Chicken Noodle Soup 6pk Lite,32.01,42.0,506,Food & Beverage,International,8,3747
Solid Light Tuna 8pk Lite,11.84,16.07,112,Food & Beverage,Primary,30,3693
Jasmine Rice 25lb V3,35.81,46.95,2996,Food & Beverage,International,13,4260
Penne Pasta 6pk 1lb V3,41.61,58.6,1301,Food & Beverage,International,7,4553
Extra Virgin Olive Oil 1L Standard,11.43,13.71,1322,Food & Beverage,East Coast,19,3925
Balsamic Vinegar 500ml Premium,48.83,59.18,1238,Food & Beverage,West Coast,14,4800
Sea Salt & Pepper Set Lite,27.96,37.82,1458,Food & Beverage,Midwest,30,5142
Spice Rack 20-Jar V2,3.95,5.7,1609,Food & Beverage,South,10,5203
Raw Honey 32oz V3,54.67,71.17,2676,Food & Beverage,East Coast,27,4182
Organic Granola 2lb Bulk,39.08,51.83,1131,Food & Beverage,East Coast,8,5102
Whey Protein 5lb Chocolate Premium,13.57,16.84,502,Food & Beverage,Midwest,22,3763
Electrolyte Mix 30pk Lemon Max,26.76,33.8,2339,Food & Beverage,West Coast,18,3138
Wireless Mouse Mini,568.38,851.28,9,Electronics,Midwest,2,715
Mechanical Keyboard Bulk,306.32,462.91,100,Electronics,East Coast,3,656
USB-C Hub Ultra,494.37,717.24,229,Electronics,South,5,733
Webcam HD Elite,626.58,903.77,247,Electronics,International,2,629
Bluetooth Speaker XL,542.84,729.05,210,Electronics,East Coast,3,520
Portable Charger Advanced,101.53,134.06,142,Electronics,South,5,705
HDMI Cable Pro,151.8,184.67,158,Electronics,South,5,857
SSD 1TB V3,856.59,1179.69,76,Electronics,West Coast,2,839
RAM 16GB Module Plus,873.44,1112.51,397,Electronics,Midwest,2,677
Graphics Card RTX Compact,152.98,175.98,80,Electronics,West Coast,2,588
CPU Processor Standard,76.94,95.75,109,Electronics,International,4,546
Motherboard ATX Eco,142.95,196.15,402,Electronics,Midwest,3,502
Power Supply 750W V2,313.52,419.59,356,Electronics,East Coast,4,857
PC Case Mid-Tower Lite+,603.25,894.34,366,Electronics,Primary,2,890
Monitor 27 4K Compact,120.01,174.64,73,Electronics,West Coast,4,895
Laptop Stand Aluminum Standard,738.71,1065.33,222,Electronics,South,5,701
Noise Cancelling Headphones Lite,315.45,447.29,305,Electronics,South,1,613
Smart Watch Pro V2,692.22,898.26,179,Electronics,South,5,500
Fitness Tracker Band Smart,677.76,1027.37,335,Electronics,Midwest,2,570
Wireless Earbuds V3,44.6,56.68,52,Electronics,International,3,696
Tablet 10 inch V2,386.01,487.91,203,Electronics,West Coast,4,517
E-Reader Paperwhite HD,165.67,216.91,269,Electronics,Primary,1,738
Smart Plug WiFi XL,619.03,736.99,446,Electronics,East Coast,4,506
WiFi Router AX Bulk,120.22,162.63,356,Electronics,Midwest,4,505
Network Switch 8-Port Compact,383.1,448.92,222,Electronics,International,3,879
External HDD 2TB Mini,545.25,802.04,235,Electronics,Midwest,5,690
Flash Drive 128GB Bulk,760.53,1170.23,62,Electronics,South,2,717
Memory Card 256GB Compact,783.93,926.61,8,Electronics,South,3,862
Desk Lamp LED Premium,181.86,268.27,377,Electronics,Primary,4,722
Phone Charger 65W Ultra,257.13,308.2,255,Electronics,Primary,4,687
Screen Protector Glass Smart,619.32,774.73,177,Electronics,Primary,3,892
Phone Case Silicone Basic,244.18,309.45,218,Electronics,West Coast,1,728
Laptop Sleeve 15in Standard,574.2,797.17,187,Electronics,International,1,772
Monitor Arm Single Compact,227.52,269.3,53,Electronics,East Coast,2,872
Keyboard Wrist Rest Lite+,390.83,492.4,239,Electronics,International,5,624
Mouse Pad XXL Advanced,514.32,599.83,172,Electronics,East Coast,3,519
Cable Management Kit Smart,879.27,1235.48,456,Electronics,South,1,695
Surge Protector 12-Outlet Lite,307.31,431.68,159,Electronics,Primary,4,705
UPS Battery 1500VA V2,855.57,1071.81,339,Electronics,Primary,1,721
USB Microphone V3,515.95,798.67,320,Electronics,East Coast,5,776
Ring Light 18in Plus,339.94,455.24,394,Electronics,International,4,640
Green Screen 5x7ft V2,252.78,358.59,314,Electronics,International,4,592
Streaming Deck MK2 Standard,249.05,326.97,14,Electronics,East Coast,4,836
Capture Card 4K Premium,244.01,339.08,330,Electronics,East Coast,3,549
Drone Camera Pro Eco,21.18,27.11,37,Electronics,International,5,647
Action Camera 4K Smart,745.14,1032.14,330,Electronics,South,5,668
Digital Camera Mirrorless Compact,430.66,591.32,180,Electronics,West Coast,3,663
Camera Lens 50mm Ultra,140.84,210.1,260,Electronics,International,2,772
Tripod Carbon Fiber V2,607.32,760.53,21,Electronics,International,5,540
Camera Bag Backpack Lite+,507.39,653.58,111,Electronics,West Coast,5,689
SD Card Reader Standard,677.02,900.84,244,Electronics,South,1,579
Ballpoint Pens 12pk Elite,30.85,43.53,903,Office Supplies,Primary,17,3566
Sticky Notes 8pk Standard,100.6,150.34,500,Office Supplies,East Coast,16,3100
File Folders 24pk Compact,109.67,187.51,218,Office Supplies,East Coast,16,2447
Printer Paper A4 5-Ream Mini,103.16,134.85,345,Office Supplies,Midwest,16,3126
Ink Cartridge Black XL XL,135.48,196.57,1247,Office Supplies,West Coast,12,2654
Ink Cartridge Color Combo Mini,119.9,193.29,1316,Office Supplies,South,14,3028
Desk Organizer Bamboo Basic,71.2,122.14,1033,Office Supplies,Midwest,18,2586
Paper Shredder Cross-Cut V2,166.38,217.39,610,Office Supplies,West Coast,4,3090
Laminator Machine A4 Ultra,118.46,190.72,221,Office Supplies,International,16,3188
Label Maker Portable HD,175.39,253.64,1323,Office Supplies,East Coast,4,3267
Whiteboard Magnetic 48x36 Max,110.14,165.43,184,Office Supplies,West Coast,17,2046
Dry Erase Markers 8pk Smart,45.74,70.51,986,Office Supplies,Primary,6,2758
Whiteboard Eraser Smart,159.15,253.44,1150,Office Supplies,East Coast,20,2395
Stapler Heavy-Duty Ultra,67.06,115.66,378,Office Supplies,East Coast,19,3459
Staples 5000pk Bulk,24.74,30.65,83,Office Supplies,Midwest,10,3182
Tape Dispenser Desktop Ultra,44.86,70.07,515,Office Supplies,South,9,2944
Scissors Titanium Mini,144.86,246.66,1806,Office Supplies,Midwest,9,2501
Paper Clips 100pk Lite,2.23,2.72,1406,Office Supplies,Midwest,17,3064
Binder Clips Assorted 24pk Compact,13.6,19.72,552,Office Supplies,South,7,3465
Rubber Bands 1lb Basic,128.94,188.65,1715,Office Supplies,Midwest,5,2599
Envelopes White 100pk Plus,66.04,107.64,1067,Office Supplies,Primary,18,2877
Notebooks College-Ruled 6pk Mini,27.13,36.83,1710,Office Supplies,East Coast,7,3478
Daily Planner 2024 XL,74.91,105.17,1889,Office Supplies,East Coast,11,2988
Scientific Calculator Premium,18.39,29.15,171,Office Supplies,Midwest,18,3452
Ruler Metal 12in Eco,136.5,191.85,1431,Office Supplies,Midwest,18,2677
3-Hole Punch Premium,102.71,159.88,1579,Office Supplies,South,8,2303
Letter Tray Stackable Standard,5.64,9.75,1174,Office Supplies,West Coast,15,3461
Magazine Rack Wire Standard,170.12,220.3,1318,Office Supplies,International,13,2973
Bulletin Board Cork 36x24 Ultra,121.52,157.08,1669,Office Supplies,South,8,2300
Push Pins Colored 100pk Standard,154.79,209.65,486,Office Supplies,South,4,2433
Correction Tape 3pk Standard,27.56,33.27,765,Office Supplies,South,20,3526
Glue Sticks Washable 6pk Compact,86.38,150.3,724,Office Supplies,South,8,3202
Index Cards Ruled 200pk Bulk,94.68,135.09,1916,Office Supplies,East Coast,19,3327
Graph Paper Pad 4x4 Advanced,87.29,130.1,797,Office Supplies,Primary,4,3369
Legal Pads Yellow 3pk Bulk,41.24,54.6,327,Office Supplies,International,12,3246
Presentation Folders 25pk Mini,117.35,165.92,960,Office Supplies,South,4,3528
Sheet Protectors 50pk Eco,133.71,189.62,87,Office Supplies,Primary,16,3282
Report Covers Prong 12pk Bulk,91.83,125.15,1989,Office Supplies,Midwest,6,2114
Clipboard Letter-Size Elite,94.61,127.42,1652,Office Supplies,International,9,3412
Pen Holder Mesh Eco,41.87,68.27,383,Office Supplies,West Coast,5,3247
Ergonomic Office Chair Basic,413.76,547.38,95,Furniture,South,1,116
Electric Standing Desk Standard,118.08,137.95,76,Furniture,Primary,2,159
L-Shaped Corner Desk Basic,1238.44,1381.26,83,Furniture,Midwest,1,125
5-Tier Bookshelf Mini,638.19,793.15,14,Furniture,Midwest,1,176
3-Drawer Filing Cabinet Standard,812.13,1035.07,16,Furniture,South,2,124
Conference Table 8-seat Smart,1066.32,1490.36,34,Furniture,West Coast,2,176
Guest Chair Padded Lite+,896.49,1074.53,63,Furniture,West Coast,2,138
Desk Lamp Architect Basic,374.92,443.38,73,Furniture,Midwest,2,180
Chair Floor Mat 48x36 Mini,1368.92,1894.19,64,Furniture,South,1,140
Monitor Riser Wood Lite+,711.75,821.1,99,Furniture,Primary,2,138
Storage Cabinet Locking Ultra,502.42,656.2,25,Furniture,East Coast,1,113
Coat Rack Standing V3,454.33,541.39,100,Furniture,International,2,113
Waste Basket Metal Standard,1301.11,1513.3,88,Furniture,East Coast,1,141
Under-Desk Drawer Unit V3,1081.13,1444.11,22,Furniture,South,1,141
Computer Desk Compact Lite+,927.01,1239.06,94,Furniture,West Coast,2,129
Gaming Chair Racing Lite+,1310.36,1769.42,49,Furniture,West Coast,1,139
Recliner Leather XL,1166.9,1393.98,41,Furniture,Midwest,2,172
3-Seat Sofa Fabric HD,42.74,59.07,9,Furniture,International,2,145
Coffee Table Glass Max,1365.86,1816.75,4,Furniture,International,1,126
Side Table Round Premium,437.4,530.15,43,Furniture,West Coast,2,148
TV Stand 65in Basic,799.36,927.13,29,Furniture,Primary,2,135
Shoe Rack 4-Tier Lite,366.88,439.39,63,Furniture,International,2,105
Wardrobe Sliding-Door Compact,973.85,1336.77,64,Furniture,South,1,135
6-Drawer Dresser Elite,546.9,618.23,83,Furniture,South,2,135
Nightstand 2-Drawer XL,633.04,750.32,62,Furniture,West Coast,1,109
Queen Bed Frame Metal HD,1160.18,1580.38,77,Furniture,East Coast,2,173
Queen Memory Foam Mattress Basic,155.13,182.06,75,Furniture,South,2,171
Dining Table 6-seat Oak Standard,976.26,1115.03,100,Furniture,West Coast,1,140
Dining Chair Padded 2pk Ultra,1055.03,1228.52,43,Furniture,Midwest,2,129
Bar Stool Adjustable XL,489.56,638.04,92,Furniture,South,2,132
Kitchen Island Cart Pro,226.47,292.75,56,Furniture,Primary,2,162
Pantry Cabinet Tall Advanced,117.29,163.84,49,Furniture,Midwest,1,172
Bathroom Vanity 36in Plus,1345.11,1831.94,43,Furniture,South,2,136
Mirror Cabinet LED Bulk,900.92,1189.51,74,Furniture,Primary,1,171
Laundry Hamper Bamboo Basic,250.98,314.74,13,Furniture,International,2,178
Room Divider 4-Panel V3,1061.35,1411.74,57,Furniture,Midwest,2,159
Accent Chair Velvet Max,922.86,1035.36,84,Furniture,South,2,158
Ottoman Storage HD,1249.03,1524.37,39,Furniture,Midwest,1,179
Console Table Entryway Pro,46.65,55.83,21,Furniture,South,2,128
Storage Bench Entryway Bulk,761.68,987.2,27,Furniture,East Coast,2,173
All-Purpose Cleaner 1gal V3,35.24,47.68,1537,Cleaning,South,16,5107
Glass Cleaner Spray 32oz Smart,42.61,54.1,1093,Cleaning,Primary,44,6427
Disinfectant Wipes 6pk Bulk,39.43,67.59,1760,Cleaning,East Coast,22,6240
Floor Cleaner Concentrate HD,44.61,60.96,1829,Cleaning,East Coast,32,5111
Bathroom Cleaner Foaming Ultra,7.29,12.57,258,Cleaning,International,38,8553
Kitchen Degreaser V3,18.36,27.05,3320,Cleaning,Midwest,22,5842
Air Freshener Refills 3pk Elite,37.02,47.99,1484,Cleaning,South,42,8740
Microfiber Cloths 12pk Advanced,7.23,11.77,1035,Cleaning,South,41,8033
Scrub Sponges 6pk XL,34.24,48.22,1614,Cleaning,South,23,5371
Rubber Gloves Latex 3pk XL,22.55,33.92,3793,Cleaning,Midwest,11,5029
Trash Bags 13gal 50pk HD,19.21,32.25,2955,Cleaning,West Coast,33,8873
Paper Towels 12-Roll Lite,20.67,34.6,2513,Cleaning,Primary,24,7872
Toilet Paper 24-Roll Compact,39.67,49.9,2300,Cleaning,East Coast,30,5185
Hand Soap Refill 1gal Eco,9.63,12.08,4298,Cleaning,International,19,5574
Hand Sanitizer Pump 32oz Lite+,34.78,44.54,1768,Cleaning,South,28,6522
Spin Mop System HD,37.4,54.59,1480,Cleaning,East Coast,43,8953
Angle Broom V2,17.7,30.31,1380,Cleaning,East Coast,11,7037
Dustpan Combo Standard,19.36,27.81,2222,Cleaning,Primary,49,6315
Vacuum Bags 6pk Pro,16.26,27.55,330,Cleaning,Midwest,19,8742
Dish Soap Lemon 32oz Plus,25.2,41.11,4352,Cleaning,Primary,20,5647
Dishwasher Pods 60pk Pro,16.99,23.13,3489,Cleaning,Midwest,14,5460
Laundry Detergent 100oz Ultra,44.28,74.3,4446,Cleaning,South,38,5550
Fabric Softener Sheets 240ct Pro,15.39,22.85,2154,Cleaning,International,18,6322
Stain Remover Spray Basic,17.72,27.59,839,Cleaning,International,40,7018
Bleach Concentrate 1gal Elite,10.44,14.19,1113,Cleaning,International,19,5923
Extendable Duster 10ft Lite,33.96,54.63,2362,Cleaning,East Coast,49,5431
Window Squeegee 12in Eco,12.78,20.64,2516,Cleaning,Midwest,31,7910
Toilet Brush Set Elite,24.36,37.48,2235,Cleaning,Midwest,18,6343
Heavy-Duty Plunger XL,30.43,46.85,330,Cleaning,Primary,34,7588
Drain Cleaner Gel 32oz V3,44.12,55.47,329,Cleaning,Midwest,25,5663
Lint Roller Mega 4pk Bulk,2.5,3.73,2867,Cleaning,South,22,7575
Carpet Cleaner Shampoo Compact,21.44,29.1,2202,Cleaning,Primary,44,6801
Wood Polish Spray Premium,30.18,45.49,2813,Cleaning,East Coast,31,8655
Stainless Steel Cleaner Premium,16.66,28.09,4546,Cleaning,Primary,39,7716
Oven Cleaner Heavy-Duty Bulk,34.82,48.1,3043,Cleaning,Primary,37,7630
Grout Cleaner Brush Set Basic,7.43,10.13,3797,Cleaning,South,17,5492
First Aid Kit 200-Piece Standard,34.2,43.49,473,Safety,Primary,8,1566
Fire Extinguisher ABC 5lb Advanced,48.11,69.13,916,Safety,East Coast,10,1199
Safety Goggles Anti-Fog Eco,194.65,237.38,772,Safety,South,7,1538
Work Gloves Leather 12pk Max,142.03,189.71,58,Safety,South,10,1371
Hard Hat OSHA-Compliant Eco,174.34,261.34,180,Safety,Primary,7,1162
Safety Vest Hi-Vis 10pk V2,159.82,231.84,241,Safety,South,4,1553
Ear Plugs NRR32 50pk HD,215.0,268.2,992,Safety,Midwest,8,1303
N95 Dust Masks 50pk Advanced,243.09,355.59,489,Safety,International,7,1139
Face Shields Anti-Fog 5pk Standard,3.09,3.83,579,Safety,International,6,1213
Steel-Toe Work Boots Smart,149.71,175.67,783,Safety,East Coast,8,1143
Knee Pads Gel-Insert Lite+,206.14,292.23,836,Safety,East Coast,5,1400
Back Support Belt Large HD,99.58,121.26,864,Safety,East Coast,7,1072
Anti-Fatigue Mat 3x5ft Premium,37.69,48.64,753,Safety,Midwest,4,1210
Wet Floor Sign Bilingual Max,169.04,239.4,21,Safety,West Coast,3,1533
Traffic Cone 28in Advanced,28.35,38.84,492,Safety,Midwest,5,1676
Fire Blanket 4x6ft Standard,206.09,276.05,634,Safety,Primary,9,1157
Smoke Detector 10-Year Bulk,219.18,324.9,51,Safety,Primary,8,1261
CO Detector Digital Ultra,108.2,130.81,736,Safety,West Coast,9,1776
Emergency Kit 72-Hour Eco,132.14,156.06,759,Safety,International,7,1247
Heavy-Duty Flashlight Lite+,209.67,311.81,441,Safety,Primary,2,1653
AA Batteries 24pk Premium,211.05,296.81,936,Safety,South,6,1655
AAA Batteries 24pk Bulk,106.65,153.86,375,Safety,Primary,3,1013
Extension Cord 25ft 12AWG Lite+,62.96,83.31,615,Safety,West Coast,8,1681
Power Strip 6-Outlet USB Mini,249.33,358.83,509,Safety,South,10,1621
Cable Protector Ramp Compact,152.84,222.33,693,Safety,South,8,1043
Lockout Tagout Kit Mini,148.81,212.46,986,Safety,Primary,3,1589
Hazmat Spill Kit 5gal Mini,241.78,298.24,604,Safety,International,8,1403
Eye Wash Station Wall Plus,88.78,126.59,882,Safety,South,9,1587
Flammable Storage Cabinet Plus,235.23,337.46,653,Safety,Primary,8,1685
4-Gas Detector Meter V3,143.03,165.69,978,Safety,West Coast,7,1101
Small Box 8x8x8 25pk HD,72.37,107.95,4253,Packaging,International,65,16704
Medium Box 12x12x12 25pk XL,32.36,51.33,4632,Packaging,Primary,77,16420
Large Box 18x18x18 15pk Bulk,41.78,66.7,4411,Packaging,South,40,11715
Bubble Wrap Roll 175ft Basic,58.7,87.83,5810,Packaging,Midwest,42,16919
Packing Peanuts 14cu ft Lite,30.7,44.41,3828,Packaging,West Coast,60,16788
Shipping Tape Clear 6pk Mini,82.36,101.81,6752,Packaging,Midwest,60,15093
Shipping Labels 4x6 500ct V2,68.33,87.52,8053,Packaging,Midwest,64,12760
Poly Mailers 10x13 100pk XL,68.17,107.96,5388,Packaging,East Coast,22,10913
Stretch Wrap 18in 1000ft Elite,28.64,40.17,9282,Packaging,South,57,16199
Kraft Packing Paper 25lb Basic,16.83,24.36,1344,Packaging,Primary,45,10764
Foam Sheets 12x12 50pk Smart,82.41,120.75,4415,Packaging,West Coast,38,15864
Strapping Tape 2in 6pk Basic,32.49,40.72,6411,Packaging,International,33,16922
Pallet Wrap 80ga 1500ft Standard,55.59,88.29,5405,Packaging,Primary,48,13625
Air Pillow Film Roll Eco,49.77,73.01,4585,Packaging,East Coast,23,14050
Tissue Paper White 100pk Eco,22.84,29.47,3638,Packaging,West Coast,38,10101
Gift Boxes Assorted 12pk Eco,86.85,134.01,8017,Packaging,South,76,13395
Satin Ribbon Roll 50yd Basic,89.86,114.74,3148,Packaging,Midwest,86,14758
Gift Bags Medium 24pk Elite,80.09,127.48,4384,Packaging,West Coast,66,16581
Kraft Paper Roll 36in x 200ft HD,33.95,52.96,3945,Packaging,West Coast,60,14426
Corrugated Roll 48in x 100ft Lite,86.27,108.17,4145,Packaging,East Coast,88,14742
Whole Bean Coffee 2lb Mini,53.99,76.91,2108,Food & Beverage,South,28,4948
Ground Coffee Medium 5lb Bulk,7.55,10.87,963,Food & Beverage,International,29,4426
Earl Grey Tea 200ct Basic,45.52,55.92,1132,Food & Beverage,Midwest,24,3217
Cane Sugar 10lb Smart,25.21,34.21,294,Food & Beverage,South,11,3090
Coffee Creamer Singles 100pk Ultra,31.63,37.01,1453,Food & Beverage,Primary,21,3605
Paper Cups 12oz 100pk XL,5.47,7.67,2363,Food & Beverage,International,14,3112
PLA Lids 12oz 100pk Smart,28.01,39.12,576,Food & Beverage,International,18,3881
Wood Stirrers 1000pk Ultra,18.42,25.68,1277,Food & Beverage,South,16,3952
Cocktail Napkins 500pk Advanced,52.15,62.61,2240,Food & Beverage,Primary,27,4288
Paper Plates 9in 100pk Smart,4.81,6.8,2436,Food & Beverage,South,9,3290
Wood Cutlery Set 200pk Lite,30.08,42.28,827,Food & Beverage,East Coast,13,3734
Spring Water 24pk 16oz Pro,36.42,48.19,519,Food & Beverage,Primary,16,3364
Granola Bars Variety 36pk Compact,32.42,48.05,1616,Food & Beverage,International,19,4561
Mixed Nuts 2lb Canister Lite+,9.34,11.86,422,Food & Beverage,East Coast,15,4454
Dried Fruit Mix 3lb HD,48.59,64.38,785,Food & Beverage,East Coast,14,4644
Multigrain Crackers 8pk Eco,20.61,28.37,364,Food & Beverage,Primary,16,4850
Creamy Peanut Butter 40oz Advanced,15.66,22.83,279,Food & Beverage,International,23,3242
Strawberry Jam 32oz XL,7.06,8.12,2197,Food & Beverage,West Coast,6,3019
Chicken Noodle Soup 6pk Compact,18.23,26.07,2356,Food & Beverage,Primary,24,4535
Solid Light Tuna 8pk V2,11.99,16.39,774,Food & Beverage,West Coast,23,3894
Jasmine Rice 25lb Mini,48.22,70.86,2486,Food & Beverage,East Coast,17,5351
Penne Pasta 6pk 1lb Ultra,39.44,57.5,757,Food & Beverage,Midwest,22,3609
Extra Virgin Olive Oil 1L Pro,34.97,51.66,522,Food & Beverage,Primary,15,4193
Balsamic Vinegar 500ml XL,38.2,51.82,715,Food & Beverage,East Coast,9,5038
Sea Salt & Pepper Set Smart,10.23,13.96,1411,Food & Beverage,Midwest,20,5244
Spice Rack 20-Jar Ultra,52.03,72.01,298,Food & Beverage,West Coast,16,4008
Raw Honey 32oz Max,14.69,21.1,801,Food & Beverage,West Coast,18,3170
Organic Granola 2lb Plus,50.58,74.47,2731,Food & Beverage,South,28,3404
Whey Protein 5lb Chocolate Lite,37.17,46.92,2189,Food & Beverage,International,24,5355
Electrolyte Mix 30pk Lemon Basic,29.65,41.95,2664,Food & Beverage,West Coast,12,4157
Wireless Mouse Max,405.87,498.9,488,Electronics,Midwest,4,706
Mechanical Keyboard Compact,78.74,91.3,58,Electronics,Midwest,3,787
USB-C Hub Smart,352.98,476.19,407,Electronics,International,3,894
Webcam HD Plus,477.16,556.68,489,Electronics,South,1,657
Bluetooth Speaker Elite,490.79,690.23,383,Electronics,Primary,1,773
Portable Charger Plus,870.26,1134.78,185,Electronics,International,5,526
HDMI Cable HD,665.99,905.48,96,Electronics,International,5,689
SSD 1TB Plus,820.04,975.41,491,Electronics,International,2,613
RAM 16GB Module Bulk,70.3,86.57,110,Electronics,South,5,827
Graphics Card RTX Pro,45.48,59.24,465,Electronics,Primary,1,648
CPU Processor Eco,595.34,902.59,174,Electronics,East Coast,2,699
Motherboard ATX XL,826.24,1083.02,84,Electronics,East Coast,2,806
Power Supply 750W Smart,603.34,906.69,221,Electronics,International,5,863
PC Case Mid-Tower Standard,188.36,282.82,382,Electronics,International,3,709
Monitor 27 4K Pro,377.22,496.22,147,Electronics,Midwest,2,898
Laptop Stand Aluminum Premium,542.12,759.3,207,Electronics,Midwest,1,856
Noise Cancelling Headphones Max,598.35,741.47,331,Electronics,East Coast,1,559
Smart Watch Pro Lite+,64.52,88.06,90,Electronics,International,3,848
Fitness Tracker Band Compact,259.9,328.66,443,Electronics,Primary,5,633
Wireless Earbuds Mini,358.44,539.18,108,Electronics,Midwest,1,784
Tablet 10 inch V3,118.77,183.88,245,Electronics,Primary,4,555
E-Reader Paperwhite Eco,39.04,50.96,47,Electronics,Midwest,1,623
Smart Plug WiFi Smart,336.96,487.02,231,Electronics,Primary,5,893
WiFi Router AX Advanced,691.28,847.22,112,Electronics,South,3,522
Network Switch 8-Port Pro,853.99,1098.69,491,Electronics,West Coast,3,589
External HDD 2TB Ultra,184.58,259.82,205,Electronics,West Coast,4,578
Flash Drive 128GB Advanced,61.97,75.83,104,Electronics,International,3,836
Memory Card 256GB Ultra,27.65,36.67,436,Electronics,South,2,808
Desk Lamp LED Standard,503.38,607.75,498,Electronics,Primary,3,529
Phone Charger 65W Lite,371.88,507.14,321,Electronics,West Coast,2,870
Screen Protector Glass XL,39.39,59.5,355,Electronics,Midwest,2,503
Phone Case Silicone Pro,508.63,750.47,398,Electronics,East Coast,5,561
Laptop Sleeve 15in Plus,509.46,600.94,337,Electronics,International,4,792
Monitor Arm Single Compact,257.81,360.01,235,Electronics,Midwest,2,849
Keyboard Wrist Rest Smart,228.79,352.81,330,Electronics,East Coast,4,745
Mouse Pad XXL Ultra,485.13,627.78,78,Electronics,International,3,826
Cable Management Kit V2,866.92,1131.66,136,Electronics,International,2,688
Surge Protector 12-Outlet Pro,391.4,497.06,26,Electronics,International,4,710
UPS Battery 1500VA Basic,767.26,1185.41,69,Electronics,Midwest,3,606
USB Microphone HD,795.84,1061.84,236,Electronics,Midwest,4,698
Ring Light 18in XL,307.33,435.23,73,Electronics,East Coast,5,605
Green Screen 5x7ft V3,642.77,885.32,490,Electronics,Midwest,5,686
Streaming Deck MK2 Basic,776.88,1139.55,196,Electronics,Midwest,3,609
Capture Card 4K Max,425.86,582.21,236,Electronics,South,3,896
Drone Camera Pro HD,50.54,62.51,287,Electronics,Midwest,2,837
Action Camera 4K Advanced,391.45,597.85,17,Electronics,South,2,697
Digital Camera Mirrorless V2,249.62,361.55,293,Electronics,Midwest,2,828
Camera Lens 50mm Elite,704.76,866.24,215,Electronics,East Coast,3,739
Tripod Carbon Fiber Max,687.55,924.53,317,Electronics,International,5,771
Camera Bag Backpack Plus,610.19,893.8,48,Electronics,Primary,1,504
SD Card Reader Bulk,768.08,979.55,466,Electronics,International,3,603
Ballpoint Pens 12pk Max,172.47,238.79,155,Office Supplies,West Coast,15,3276
Sticky Notes 8pk Elite,162.91,239.15,713,Office Supplies,West Coast,9,2593
File Folders 24pk Mini,144.62,187.41,1823,Office Supplies,Midwest,8,2334
Printer Paper A4 5-Ream Mini,96.28,151.25,344,Office Supplies,West Coast,19,3433
Ink Cartridge Black XL Eco,175.73,280.87,320,Office Supplies,Primary,18,2198
Ink Cartridge Color Combo Max,158.56,235.25,996,Office Supplies,Primary,9,3571
Desk Organizer Bamboo Elite,124.17,209.94,1926,Office Supplies,South,18,3197
Paper Shredder Cross-Cut V2,81.07,98.25,1027,Office Supplies,Primary,15,2695
Laminator Machine A4 XL,13.33,17.08,634,Office Supplies,Primary,16,2306
Label Maker Portable V3,173.12,241.06,1476,Office Supplies,South,6,2726
Whiteboard Magnetic 48x36 Lite+,3.86,6.7,875,Office Supplies,West Coast,9,2747
Dry Erase Markers 8pk V3,92.9,166.22,1871,Office Supplies,West Coast,4,3002
Whiteboard Eraser V2,10.31,13.85,647,Office Supplies,Midwest,12,2919
Stapler Heavy-Duty Bulk,8.24,13.6,1575,Office Supplies,Primary,18,3350
Staples 5000pk Bulk,99.68,127.43,1917,Office Supplies,South,4,3504
Tape Dispenser Desktop Pro,55.19,72.84,982,Office Supplies,Primary,16,2795
Scissors Titanium Premium,125.74,176.21,1664,Office Supplies,Midwest,20,2869
Paper Clips 100pk Bulk,24.69,34.76,555,Office Supplies,West Coast,10,3001
Binder Clips Assorted 24pk Premium,15.91,23.39,1395,Office Supplies,West Coast,6,3364
Rubber Bands 1lb Advanced,161.35,195.85,283,Office Supplies,Primary,7,2497
Envelopes White 100pk V2,67.84,87.68,1661,Office Supplies,Primary,11,3595
Notebooks College-Ruled 6pk Lite,2.73,3.3,1672,Office Supplies,Primary,14,3264
Daily Planner 2024 Max,105.31,187.39,963,Office Supplies,Primary,14,3361
Scientific Calculator Smart,22.83,37.04,428,Office Supplies,Primary,6,2380
Ruler Metal 12in Lite,1.69,2.83,497,Office Supplies,International,10,2102
3-Hole Punch Lite,70.26,110.68,414,Office Supplies,International,19,2404
Letter Tray Stackable Lite+,109.38,143.47,609,Office Supplies,East Coast,5,2906
Magazine Rack Wire Advanced,2.13,2.78,424,Office Supplies,South,12,2294
Bulletin Board Cork 36x24 Elite,175.12,283.69,1459,Office Supplies,East Coast,6,2385
Push Pins Colored 100pk Bulk,136.38,182.29,828,Office Supplies,Midwest,13,3231
Correction Tape 3pk Advanced,115.67,153.95,533,Office Supplies,East Coast,15,3506
Glue Sticks Washable 6pk Advanced,2.25,3.9,1419,Office Supplies,East Coast,12,2576
Index Cards Ruled 200pk Lite,12.03,18.0,1868,Office Supplies,Midwest,5,3269
Graph Paper Pad 4x4 Lite,121.65,211.57,933,Office Supplies,International,4,3524
Legal Pads Yellow 3pk Lite,57.99,96.43,1892,Office Supplies,International,15,3429
Presentation Folders 25pk Smart,122.4,151.72,557,Office Supplies,West Coast,14,2923
Sheet Protectors 50pk Lite+,67.31,92.9,1021,Office Supplies,International,14,3118
Report Covers Prong 12pk V3,41.83,54.48,1434,Office Supplies,Midwest,15,2839
Clipboard Letter-Size Ultra,59.06,99.09,1955,Office Supplies,Midwest,16,2949
Pen Holder Mesh Ultra,28.33,46.54,809,Office Supplies,East Coast,17,2050
Ergonomic Office Chair Bulk,555.69,756.34,21,Furniture,Primary,2,146
Electric Standing Desk HD,1115.23,1448.16,24,Furniture,East Coast,1,175
L-Shaped Corner Desk V3,164.47,200.22,21,Furniture,East Coast,2,143
5-Tier Bookshelf Pro,713.85,819.14,72,Furniture,East Coast,2,129
3-Drawer Filing Cabinet Lite+,863.32,1078.93,57,Furniture,International,1,162
Conference Table 8-seat Plus,517.35,585.54,43,Furniture,West Coast,2,177
Guest Chair Padded Max,355.98,492.32,29,Furniture,Primary,2,162
Desk Lamp Architect Standard,897.01,1077.82,41,Furniture,Primary,2,178
Chair Floor Mat 48x36 Smart,211.67,250.74,94,Furniture,West Coast,2,116
Monitor Riser Wood Elite,1359.64,1521.35,59,Furniture,East Coast,2,153
Storage Cabinet Locking V3,1324.35,1730.24,42,Furniture,South,2,135
Coat Rack Standing Bulk,822.91,986.93,26,Furniture,International,1,141
Waste Basket Metal Elite,1360.6,1590.1,77,Furniture,Midwest,1,131
Under-Desk Drawer Unit Elite,676.21,747.77,67,Furniture,East Coast,1,149
Computer Desk Compact Smart,474.06,596.73,61,Furniture,Midwest,2,108
Gaming Chair Racing Compact,1096.2,1466.04,37,Furniture,Primary,1,146
Recliner Leather Lite+,371.59,479.32,43,Furniture,Midwest,2,179
3-Seat Sofa Fabric Basic,234.45,277.08,42,Furniture,South,2,140
Coffee Table Glass Basic,308.08,413.82,26,Furniture,International,1,137
Side Table Round Plus,1038.95,1203.61,66,Furniture,Midwest,2,131
TV Stand 65in HD,991.38,1344.12,40,Furniture,East Coast,2,126
Shoe Rack 4-Tier Standard,69.51,90.05,99,Furniture,West Coast,2,110
Wardrobe Sliding-Door Ultra,1093.96,1529.24,59,Furniture,East Coast,2,171
6-Drawer Dresser Smart,641.25,765.8,37,Furniture,East Coast,2,135
Nightstand 2-Drawer Smart,653.8,751.13,18,Furniture,Primary,2,102
Queen Bed Frame Metal Plus,1219.46,1543.56,49,Furniture,International,1,140
Queen Memory Foam Mattress Compact,785.92,1012.79,84,Furniture,East Coast,2,150
Dining Table 6-seat Oak Bulk,871.86,1157.97,84,Furniture,South,2,141
Dining Chair Padded 2pk Elite,88.76,111.26,94,Furniture,Primary,1,163
Bar Stool Adjustable Lite,225.98,255.51,22,Furniture,West Coast,1,111
Kitchen Island Cart XL,496.59,607.72,98,Furniture,Midwest,1,163
Pantry Cabinet Tall Basic,119.84,146.79,52,Furniture,Primary,1,170
Bathroom Vanity 36in V3,647.2,734.3,35,Furniture,Primary,1,130
Mirror Cabinet LED Basic,68.07,88.01,91,Furniture,Primary,1,161
Laundry Hamper Bamboo Plus,333.94,390.64,21,Furniture,West Coast,1,164
Room Divider 4-Panel Bulk,563.97,727.69,52,Furniture,West Coast,1,165
Accent Chair Velvet Lite+,67.1,88.2,55,Furniture,East Coast,1,105
Ottoman Storage Elite,84.15,98.36,64,Furniture,International,1,144
Console Table Entryway Lite,828.86,1003.28,23,Furniture,East Coast,2,127
Storage Bench Entryway Basic,45.03,58.01,81,Furniture,South,2,134
All-Purpose Cleaner 1gal XL,23.97,31.88,1701,Cleaning,West Coast,48,6049
Glass Cleaner Spray 32oz V3,16.06,22.17,1026,Cleaning,Primary,28,6849
Disinfectant Wipes 6pk Ultra,27.94,44.03,4242,Cleaning,East Coast,35,5838
Floor Cleaner Concentrate Mini,3.79,6.26,1734,Cleaning,South,22,8111
Bathroom Cleaner Foaming Standard,37.82,60.02,4909,Cleaning,Midwest,29,6478
Kitchen Degreaser Plus,29.86,40.76,2117,Cleaning,Primary,23,7093
Air Freshener Refills 3pk Standard,2.53,4.21,2785,Cleaning,International,23,7046
Microfiber Cloths 12pk Compact,32.96,48.75,3251,Cleaning,East Coast,48,8087
Scrub Sponges 6pk Lite+,22.65,35.07,2085,Cleaning,Primary,14,7524
Rubber Gloves Latex 3pk Pro,38.67,60.31,141,Cleaning,Primary,27,8809
Trash Bags 13gal 50pk Standard,21.14,34.13,1356,Cleaning,West Coast,16,5219
Paper Towels 12-Roll V3,29.77,51.66,3104,Cleaning,Midwest,14,6146
Toilet Paper 24-Roll Pro,14.79,18.75,1033,Cleaning,West Coast,29,5580
Hand Soap Refill 1gal Ultra,42.0,71.13,1726,Cleaning,International,17,8765
Hand Sanitizer Pump 32oz Pro,39.85,68.38,1480,Cleaning,Primary,10,5461
Spin Mop System Eco,21.58,36.54,4616,Cleaning,Primary,27,6106
Angle Broom Elite,22.63,36.56,1305,Cleaning,Midwest,23,5266
Dustpan Combo Compact,3.29,4.93,3865,Cleaning,Primary,36,5716
Vacuum Bags 6pk Elite,40.59,64.06,2350,Cleaning,Midwest,28,7944
Dish Soap Lemon 32oz V3,36.48,46.05,2277,Cleaning,International,22,5961
Dishwasher Pods 60pk Ultra,36.85,64.41,411,Cleaning,Midwest,46,8421
Laundry Detergent 100oz Basic,42.94,64.16,1946,Cleaning,West Coast,13,6173
Fabric Softener Sheets 240ct Lite,27.72,40.97,3920,Cleaning,West Coast,44,5671
Stain Remover Spray XL,33.23,50.52,2677,Cleaning,Midwest,50,6420
Bleach Concentrate 1gal V2,26.95,38.7,2896,Cleaning,International,28,5604
Extendable Duster 10ft Lite+,31.06,45.16,3586,Cleaning,West Coast,15,7466
Window Squeegee 12in Max,16.31,23.31,3872,Cleaning,South,38,8087
Toilet Brush Set V2,40.26,57.24,1238,Cleaning,South,48,6399
Heavy-Duty Plunger V2,38.6,59.32,1736,Cleaning,Midwest,35,5334
Drain Cleaner Gel 32oz Mini,44.59,67.87,4306,Cleaning,Primary,16,7357
Lint Roller Mega 4pk Premium,42.18,66.74,1399,Cleaning,International,24,7801
Carpet Cleaner Shampoo Bulk,23.03,32.54,3108,Cleaning,Midwest,45,8837
Wood Polish Spray Advanced,30.25,43.75,4776,Cleaning,Midwest,32,8071
Stainless Steel Cleaner Mini,11.71,18.41,1325,Cleaning,Primary,22,7933
Oven Cleaner Heavy-Duty Advanced,36.4,54.51,641,Cleaning,Midwest,29,5990
Grout Cleaner Brush Set Standard,37.48,57.01,841,Cleaning,Primary,22,5096
First Aid Kit 200-Piece Pro,76.06,92.98,857,Safety,West Coast,3,1068
Fire Extinguisher ABC 5lb Ultra,237.9,308.72,376,Safety,International,8,1010
Safety Goggles Anti-Fog Smart,77.15,99.19,223,Safety,South,6,1438
Work Gloves Leather 12pk Elite,230.13,315.81,617,Safety,Midwest,2,1695
Hard Hat OSHA-Compliant Plus,126.5,161.04,271,Safety,South,9,1392
Safety Vest Hi-Vis 10pk Mini,107.41,145.59,911,Safety,Midwest,7,1701
Ear Plugs NRR32 50pk Pro,96.85,144.01,787,Safety,West Coast,3,1486
N95 Dust Masks 50pk Basic,25.74,31.81,860,Safety,Midwest,3,1465
Face Shields Anti-Fog 5pk Bulk,62.62,93.58,45,Safety,South,7,1317
Steel-Toe Work Boots Ultra,56.49,73.08,20,Safety,International,4,1607
Knee Pads Gel-Insert Pro,234.08,305.6,524,Safety,West Coast,4,1474
Back Support Belt Large Elite,98.88,145.72,679,Safety,South,2,1259
Anti-Fatigue Mat 3x5ft Mini,175.46,231.94,933,Safety,East Coast,9,1300
Wet Floor Sign Bilingual Plus,74.7,94.57,122,Safety,East Coast,4,1078
Traffic Cone 28in Lite+,123.1,141.81,804,Safety,Midwest,4,1791
Fire Blanket 4x6ft Plus,77.66,95.38,896,Safety,International,9,1234
Smoke Detector 10-Year Ultra,202.68,300.33,128,Safety,East Coast,3,1168
CO Detector Digital Max,185.87,275.34,586,Safety,Midwest,2,1448
Emergency Kit 72-Hour XL,199.2,259.06,735,Safety,West Coast,10,1710
Heavy-Duty Flashlight Basic,29.26,38.5,295,Safety,International,8,1570
AA Batteries 24pk HD,19.53,23.06,908,Safety,Midwest,7,1486
AAA Batteries 24pk Advanced,230.06,337.57,906,Safety,Primary,4,1123
Extension Cord 25ft 12AWG V2,24.34,29.58,211,Safety,South,9,1675
Power Strip 6-Outlet USB XL,140.67,185.3,818,Safety,Midwest,4,1596
Cable Protector Ramp Mini,141.24,173.91,160,Safety,International,6,1136
Lockout Tagout Kit Compact,5.76,6.74,817,Safety,South,2,1115
Hazmat Spill Kit 5gal Premium,147.64,170.24,911,Safety,East Coast,4,1327
Eye Wash Station Wall Lite+,200.9,244.3,496,Safety,East Coast,9,1490
Flammable Storage Cabinet Mini,45.59,61.25,652,Safety,East Coast,10,1072
4-Gas Detector Meter Max,214.89,258.06,788,Safety,South,3,1489
Small Box 8x8x8 25pk Lite,51.39,66.75,6874,Packaging,East Coast,100,12963
Medium Box 12x12x12 25pk Premium,37.17,55.79,803,Packaging,Midwest,61,16394
Large Box 18x18x18 15pk Pro,18.14,27.04,6222,Packaging,South,70,13684
Bubble Wrap Roll 175ft Eco,67.63,84.6,8448,Packaging,International,72,15292
Packing Peanuts 14cu ft V2,22.48,31.66,8245,Packaging,South,29,13545
Shipping Tape Clear 6pk Pro,38.14,54.34,2484,Packaging,West Coast,25,13027
Shipping Labels 4x6 500ct Compact,25.99,37.95,5694,Packaging,South,58,16851
Poly Mailers 10x13 100pk Smart,30.11,39.84,7799,Packaging,Midwest,85,13995
Stretch Wrap 18in 1000ft Elite,62.88,98.68,9919,Packaging,Midwest,93,11124
Kraft Packing Paper 25lb Bulk,9.1,12.7,5710,Packaging,South,88,14235
Foam Sheets 12x12 50pk Lite,23.39,30.58,4544,Packaging,South,56,14869
Strapping Tape 2in 6pk Eco,28.86,45.09,4022,Packaging,West Coast,92,11566
Pallet Wrap 80ga 1500ft Standard,18.07,24.11,6842,Packaging,South,55,12161
Air Pillow Film Roll HD,60.6,77.29,2381,Packaging,International,57,11556
Tissue Paper White 100pk XL,64.42,91.55,3449,Packaging,South,79,14765
Gift Boxes Assorted 12pk V2,11.43,17.02,4875,Packaging,South,51,11685
Satin Ribbon Roll 50yd Bulk,17.29,25.23,8242,Packaging,Midwest,67,12012
Gift Bags Medium 24pk Lite+,64.82,101.96,7621,Packaging,East Coast,88,12796
Kraft Paper Roll 36in x 200ft Premium,54.93,71.46,6269,Packaging,Primary,90,13220
Corrugated Roll 48in x 100ft Lite,17.81,28.03,8210,Packaging,South,78,17657
Whole Bean Coffee 2lb Elite,45.52,60.49,1752,Food & Beverage,Primary,12,4088
Ground Coffee Medium 5lb HD,35.29,46.63,472,Food & Beverage,Midwest,21,4790
Earl Grey Tea 200ct Bulk,8.33,10.11,1510,Food & Beverage,Primary,30,3223
Cane Sugar 10lb Lite,16.7,22.41,1129,Food & Beverage,International,10,3392
Coffee Creamer Singles 100pk HD,12.86,18.8,2350,Food & Beverage,Primary,7,3040
Paper Cups 12oz 100pk Bulk,53.77,75.38,1194,Food & Beverage,East Coast,19,3985
PLA Lids 12oz 100pk Eco,34.77,46.93,1122,Food & Beverage,East Coast,23,4448
Wood Stirrers 1000pk Max,3.22,4.36,930,Food & Beverage,East Coast,11,4569
Cocktail Napkins 500pk Basic,34.66,51.44,403,Food & Beverage,Midwest,24,4104
Paper Plates 9in 100pk Mini,7.07,10.22,935,Food & Beverage,South,13,4882
Wood Cutlery Set 200pk V2,49.27,72.48,1174,Food & Beverage,East Coast,9,3012
Spring Water 24pk 16oz Standard,25.07,36.38,1613,Food & Beverage,East Coast,20,3874
Granola Bars Variety 36pk Mini,46.91,60.65,1849,Food & Beverage,International,20,3615
Mixed Nuts 2lb Canister Compact,47.08,66.51,124,Food & Beverage,East Coast,23,4112
Dried Fruit Mix 3lb Lite+,25.14,36.61,1432,Food & Beverage,Midwest,16,3084
Multigrain Crackers 8pk Advanced,34.63,49.98,2514,Food & Beverage,East Coast,12,4527
Creamy Peanut Butter 40oz Lite,33.85,47.21,1576,Food & Beverage,East Coast,11,4654
Strawberry Jam 32oz V3,18.65,24.09,1048,Food & Beverage,East Coast,28,4190
Chicken Noodle Soup 6pk Compact,33.82,44.45,129,Food & Beverage,East Coast,27,5307
Solid Light Tuna 8pk Lite,25.97,37.14,1622,Food & Beverage,West Coast,24,4413
Jasmine Rice 25lb Compact,3.09,4.03,1854,Food & Beverage,Midwest,19,3366
Penne Pasta 6pk 1lb Premium,20.46,25.46,1094,Food & Beverage,East Coast,21,3647
Extra Virgin Olive Oil 1L Eco,47.24,64.99,2483,Food & Beverage,Primary,22,3801
Balsamic Vinegar 500ml Compact,21.32,30.19,398,Food & Beverage,Primary,28,3650
Sea Salt & Pepper Set Smart,38.85,45.36,354,Food & Beverage,Midwest,22,4045
Spice Rack 20-Jar Max,17.54,25.44,1170,Food & Beverage,Midwest,11,3938
Raw Honey 32oz Standard,10.83,12.71,407,Food & Beverage,South,25,3213
Organic Granola 2lb V2,17.28,22.72,1763,Food & Beverage,Primary,11,3967
Whey Protein 5lb Chocolate V3,33.94,39.95,445,Food & Beverage,South,14,3732
Electrolyte Mix 30pk Lemon Mini,43.29,58.17,1541,Food & Beverage,East Coast,29,3732
Wireless Mouse Basic,839.27,1047.63,9,Electronics,West Coast,3,587
Mechanical Keyboard Advanced,732.91,989.7,463,Electronics,East Coast,1,701
USB-C Hub V2,48.27,58.52,72,Electronics,West Coast,2,811
Webcam HD Elite,705.93,942.39,237,Electronics,Primary,2,863
Bluetooth Speaker Eco,150.07,208.96,26,Electronics,East Coast,1,693
Portable Charger Pro,262.05,356.8,255,Electronics,South,4,781
HDMI Cable Compact,800.47,1069.95,336,Electronics,South,5,681
SSD 1TB Elite,647.93,939.33,389,Electronics,Midwest,3,768
RAM 16GB Module V2,455.32,614.63,417,Electronics,Primary,1,605
Graphics Card RTX Smart,895.27,1331.07,64,Electronics,Midwest,5,711
CPU Processor Compact,273.07,316.64,254,Electronics,Primary,2,884
Motherboard ATX V3,394.81,554.86,80,Electronics,International,4,802
Power Supply 750W Max,585.92,744.58,130,Electronics,East Coast,2,508
PC Case Mid-Tower Ultra,231.36,303.01,369,Electronics,East Coast,4,690
Monitor 27 4K Ultra,121.72,186.7,130,Electronics,Primary,2,827
Laptop Stand Aluminum Standard,339.76,438.37,470,Electronics,Midwest,4,834
Noise Cancelling Headphones Lite,540.42,698.17,267,Electronics,Primary,5,744
Smart Watch Pro Lite+,65.64,84.19,163,Electronics,Primary,5,584
Fitness Tracker Band Mini,135.62,194.54,143,Electronics,South,1,512
Wireless Earbuds V3,569.45,739.43,234,Electronics,South,4,671
Tablet 10 inch Ultra,315.5,404.03,193,Electronics,South,1,764
E-Reader Paperwhite Mini,795.76,1156.56,226,Electronics,International,5,518
Smart Plug WiFi Basic,657.15,904.59,39,Electronics,West Coast,2,693
WiFi Router AX Ultra,659.65,926.2,78,Electronics,East Coast,2,890
Network Switch 8-Port Lite,557.1,702.12,117,Electronics,West Coast,1,522
External HDD 2TB Pro,858.44,1053.99,296,Electronics,East Coast,2,713
Flash Drive 128GB HD,494.62,619.29,474,Electronics,Primary,2,500
Memory Card 256GB V2,773.66,971.87,252,Electronics,Midwest,1,612
Desk Lamp LED V2,832.72,1122.0,45,Electronics,South,4,675
Phone Charger 65W XL,766.28,1174.15,137,Electronics,South,5,785
Screen Protector Glass Bulk,570.21,730.22,84,Electronics,International,5,766
Phone Case Silicone Premium,726.54,1061.71,130,Electronics,Midwest,2,511
Laptop Sleeve 15in Lite+,248.61,379.37,158,Electronics,Midwest,4,870
Monitor Arm Single Plus,857.13,1088.67,446,Electronics,East Coast,3,554
Keyboard Wrist Rest Basic,205.14,300.2,455,Electronics,East Coast,2,737
Mouse Pad XXL Mini,629.16,850.84,216,Electronics,South,4,714
Cable Management Kit Bulk,272.68,340.03,324,Electronics,Primary,4,839
Surge Protector 12-Outlet Bulk,833.88,977.94,212,Electronics,Midwest,4,578
UPS Battery 1500VA Lite+,880.63,1130.3,194,Electronics,East Coast,1,657
USB Microphone Lite+,791.8,1066.35,495,Electronics,East Coast,4,801
Ring Light 18in Compact,389.94,485.1,129,Electronics,West Coast,5,584
Green Screen 5x7ft V2,540.19,749.45,441,Electronics,Primary,1,551
Streaming Deck MK2 Lite,717.59,827.67,281,Electronics,Primary,4,752
Capture Card 4K Max,892.69,1027.34,95,Electronics,West Coast,1,568
Drone Camera Pro XL,612.47,929.26,363,Electronics,South,3,841
Action Camera 4K Lite,41.18,62.06,174,Electronics,South,1,519
Digital Camera Mirrorless Lite,889.43,1241.42,425,Electronics,Midwest,2,587
Camera Lens 50mm Lite+,101.25,140.47,320,Electronics,South,5,536
Tripod Carbon Fiber Standard,129.06,172.29,441,Electronics,International,3,580
Camera Bag Backpack Advanced,91.03,126.77,357,Electronics,Midwest,3,516
SD Card Reader Bulk,600.18,857.04,419,Electronics,South,4,683
Ballpoint Pens 12pk Standard,53.56,86.95,841,Office Supplies,West Coast,17,2481
Sticky Notes 8pk Bulk,38.69,57.14,1460,Office Supplies,Primary,8,2075
File Folders 24pk Plus,106.2,134.94,240,Office Supplies,East Coast,18,2258
Printer Paper A4 5-Ream Lite,51.56,72.17,675,Office Supplies,Midwest,11,3471
Ink Cartridge Black XL HD,74.37,130.74,1388,Office Supplies,East Coast,13,3452
Ink Cartridge Color Combo Lite+,118.46,168.04,820,Office Supplies,Primary,10,2706
Desk Organizer Bamboo Plus,6.62,11.33,536,Office Supplies,Midwest,16,2382
Paper Shredder Cross-Cut Ultra,118.84,170.95,1472,Office Supplies,East Coast,14,2920
Laminator Machine A4 Bulk,134.41,218.34,1368,Office Supplies,South,14,3539
Label Maker Portable V2,2.33,3.89,1974,Office Supplies,Primary,12,2851
Whiteboard Magnetic 48x36 Lite+,157.72,220.92,106,Office Supplies,South,8,2491
Dry Erase Markers 8pk Smart,89.67,122.55,434,Office Supplies,Primary,9,2855
Whiteboard Eraser Pro,114.05,185.54,1658,Office Supplies,Primary,15,2690
Stapler Heavy-Duty Mini,87.42,148.14,1046,Office Supplies,East Coast,10,2432
Staples 5000pk Bulk,122.78,210.53,1543,Office Supplies,South,20,2560
Tape Dispenser Desktop Compact,160.24,287.82,1274,Office Supplies,International,10,2890
Scissors Titanium Plus,82.44,134.5,1140,Office Supplies,Midwest,13,3103
Paper Clips 100pk Plus,51.92,62.86,1226,Office Supplies,Midwest,6,2971
Binder Clips Assorted 24pk Ultra,164.62,257.67,492,Office Supplies,East Coast,14,3210
Rubber Bands 1lb Ultra,48.38,83.93,1765,Office Supplies,International,5,2469
Envelopes White 100pk Elite,46.49,63.19,1106,Office Supplies,East Coast,11,2083
Notebooks College-Ruled 6pk Ultra,43.78,52.6,117,Office Supplies,South,6,2560
Daily Planner 2024 Basic,169.25,204.76,1798,Office Supplies,South,13,3574
Scientific Calculator Plus,89.9,139.17,1113,Office Supplies,Primary,13,3596
Ruler Metal 12in Eco,166.69,238.94,1506,Office Supplies,South,14,2362
3-Hole Punch V3,3.54,5.16,693,Office Supplies,Primary,11,2982
Letter Tray Stackable Mini,24.25,40.0,548,Office Supplies,West Coast,9,3346
Magazine Rack Wire Premium,75.39,131.45,437,Office Supplies,Primary,9,2740
Bulletin Board Cork 36x24 Standard,56.4,86.03,1143,Office Supplies,East Coast,6,2156
Push Pins Colored 100pk Mini,153.69,184.73,510,Office Supplies,West Coast,6,3594
Correction Tape 3pk V2,21.29,31.31,268,Office Supplies,South,20,3568
Glue Sticks Washable 6pk Ultra,92.43,137.6,1278,Office Supplies,West Coast,12,2170
Index Cards Ruled 200pk Lite,64.23,92.02,407,Office Supplies,Primary,12,3485
Graph Paper Pad 4x4 Smart,144.98,242.98,196,Office Supplies,East Coast,6,2332
Legal Pads Yellow 3pk Bulk,29.7,50.17,1115,Office Supplies,International,10,2980
Presentation Folders 25pk XL,6.33,10.84,1643,Office Supplies,South,17,2212
Sheet Protectors 50pk Compact,39.01,51.26,1325,Office Supplies,South,19,3584
Report Covers Prong 12pk Lite,175.73,289.39,1729,Office Supplies,Midwest,19,3141
Clipboard Letter-Size Compact,58.68,83.4,1863,Office Supplies,Midwest,5,2074
Pen Holder Mesh V3,1.67,2.36,1381,Office Supplies,West Coast,15,3328
Ergonomic Office Chair HD,1058.39,1166.59,42,Furniture,East Coast,2,110
Electric Standing Desk Mini,846.7,1073.97,16,Furniture,Midwest,1,160
L-Shaped Corner Desk Basic,1394.73,1837.93,45,Furniture,Primary,1,179
5-Tier Bookshelf Bulk,370.84,467.68,56,Furniture,Primary,2,104
3-Drawer Filing Cabinet Plus,1316.8,1711.11,19,Furniture,East Coast,2,148
Conference Table 8-seat Premium,499.02,610.61,11,Furniture,Midwest,2,109
Guest Chair Padded Standard,1043.23,1274.89,5,Furniture,East Coast,2,141
Desk Lamp Architect Lite,1221.87,1685.48,79,Furniture,Primary,1,146
Chair Floor Mat 48x36 Mini,1365.38,1816.5,42,Furniture,South,1,123
Monitor Riser Wood V3,829.74,932.34,8,Furniture,South,2,139
Storage Cabinet Locking Basic,1281.21,1439.95,93,Furniture,International,2,170
Coat Rack Standing Standard,172.09,210.14,7,Furniture,Primary,2,153
Waste Basket Metal Bulk,402.25,448.76,10,Furniture,Primary,1,175
Under-Desk Drawer Unit Mini,1251.76,1392.91,48,Furniture,Primary,2,169
Computer Desk Compact Premium,251.77,347.92,33,Furniture,East Coast,1,142
Gaming Chair Racing V2,920.18,1169.28,15,Furniture,East Coast,1,160
Recliner Leather Max,266.19,369.26,89,Furniture,Primary,1,152
3-Seat Sofa Fabric Advanced,1229.47,1565.12,95,Furniture,South,1,163
Coffee Table Glass Eco,116.04,134.99,87,Furniture,South,2,124
Side Table Round Standard,504.93,616.7,77,Furniture,West Coast,2,174
TV Stand 65in Premium,374.93,508.72,17,Furniture,International,2,132
Shoe Rack 4-Tier Smart,714.33,995.31,53,Furniture,International,1,132
Wardrobe Sliding-Door Max,822.08,1105.15,76,Furniture,East Coast,1,131
6-Drawer Dresser Plus,350.12,411.39,7,Furniture,East Coast,1,150
Nightstand 2-Drawer V3,412.49,467.67,2,Furniture,International,1,114
Queen Bed Frame Metal Pro,599.23,720.52,59,Furniture,International,1,118
Queen Memory Foam Mattress Mini,1220.91,1462.08,54,Furniture,International,2,166
Dining Table 6-seat Oak Premium,640.26,743.0,83,Furniture,Midwest,1,126
Dining Chair Padded 2pk XL,291.62,379.04,86,Furniture,Midwest,1,162
Bar Stool Adjustable Premium,632.12,743.14,57,Furniture,Primary,2,120
Kitchen Island Cart Plus,1056.46,1328.27,28,Furniture,West Coast,2,114
Pantry Cabinet Tall Max,421.9,486.5,100,Furniture,South,1,160
Bathroom Vanity 36in Lite,835.55,1006.3,84,Furniture,East Coast,1,157
Mirror Cabinet LED Premium,1180.87,1640.29,36,Furniture,East Coast,1,161
Laundry Hamper Bamboo Ultra,1270.06,1403.6,32,Furniture,East Coast,2,149
Room Divider 4-Panel Basic,730.74,1008.56,16,Furniture,South,2,147
Accent Chair Velvet Premium,976.72,1154.04,86,Furniture,Primary,2,151
Ottoman Storage Lite,809.17,1104.88,32,Furniture,East Coast,2,132
Console Table Entryway Basic,1203.24,1530.91,69,Furniture,Midwest,1,180
Storage Bench Entryway Advanced,39.6,54.95,43,Furniture,West Coast,2,172
All-Purpose Cleaner 1gal Pro,22.68,30.47,2559,Cleaning,International,37,6028
Glass Cleaner Spray 32oz Premium,27.21,42.57,4978,Cleaning,West Coast,46,7310
Disinfectant Wipes 6pk Mini,18.34,28.65,2056,Cleaning,West Coast,30,5187
Floor Cleaner Concentrate XL,22.27,30.52,2781,Cleaning,Midwest,41,5932
Bathroom Cleaner Foaming Basic,2.71,3.49,4679,Cleaning,Midwest,18,5947
Kitchen Degreaser Plus,10.81,15.74,644,Cleaning,South,16,7789
Air Freshener Refills 3pk Ultra,32.89,44.74,1807,Cleaning,Primary,23,6519
Microfiber Cloths 12pk Plus,13.03,22.27,3401,Cleaning,International,17,6148
Scrub Sponges 6pk Elite,40.26,68.3,815,Cleaning,East Coast,31,8782
Rubber Gloves Latex 3pk Smart,7.11,11.75,4951,Cleaning,International,44,8057
Trash Bags 13gal 50pk Eco,3.9,6.22,4482,Cleaning,International,20,7692
Paper Towels 12-Roll Pro,41.83,62.53,1822,Cleaning,West Coast,36,8635
Toilet Paper 24-Roll Mini,5.81,8.96,4765,Cleaning,Midwest,27,5000
Hand Soap Refill 1gal XL,42.19,68.63,4607,Cleaning,International,20,5110
Hand Sanitizer Pump 32oz Mini,44.17,67.84,2304,Cleaning,East Coast,22,5704
Spin Mop System Eco,33.71,54.48,1654,Cleaning,East Coast,23,5809
Angle Broom Standard,21.82,34.49,1898,Cleaning,Primary,49,5550
Dustpan Combo Mini,33.21,53.54,3053,Cleaning,West Coast,50,8098
Vacuum Bags 6pk HD,8.62,11.05,1353,Cleaning,Primary,40,6548
Dish Soap Lemon 32oz V2,18.11,27.46,3493,Cleaning,East Coast,16,5347
Dishwasher Pods 60pk V3,5.15,7.51,3610,Cleaning,East Coast,24,7865
Laundry Detergent 100oz Premium,32.69,52.53,4398,Cleaning,South,47,8682
Fabric Softener Sheets 240ct Bulk,40.11,53.29,4918,Cleaning,South,44,7705
Stain Remover Spray V3,43.01,62.9,3696,Cleaning,West Coast,27,6293
Bleach Concentrate 1gal Smart,11.21,18.12,214,Cleaning,West Coast,22,6662
Extendable Duster 10ft Compact,35.22,52.21,795,Cleaning,International,47,5472
Window Squeegee 12in Max,40.74,55.6,4420,Cleaning,Midwest,17,7294
Toilet Brush Set Compact,41.1,63.31,1157,Cleaning,East Coast,13,7121
Heavy-Duty Plunger Basic,39.66,65.42,2020,Cleaning,South,13,7082
Drain Cleaner Gel 32oz Basic,40.03,54.87,4574,Cleaning,South,15,6389
Lint Roller Mega 4pk Basic,6.02,8.31,4546,Cleaning,East Coast,18,8391
Carpet Cleaner Shampoo Plus,20.39,34.16,1731,Cleaning,East Coast,18,8288
Wood Polish Spray Lite,24.27,37.92,635,Cleaning,International,37,7952
Stainless Steel Cleaner Basic,5.45,8.88,3825,Cleaning,West Coast,20,7790
Oven Cleaner Heavy-Duty Bulk,3.29,5.37,273,Cleaning,International,11,8534
Grout Cleaner Brush Set Pro,5.6,7.46,4849,Cleaning,International,15,5338
First Aid Kit 200-Piece V3,121.75,174.33,459,Safety,West Coast,10,1663
Fire Extinguisher ABC 5lb Plus,197.5,278.86,629,Safety,East Coast,2,1736
Safety Goggles Anti-Fog XL,80.27,111.2,823,Safety,West Coast,10,1661
Work Gloves Leather 12pk Standard,67.42,79.54,842,Safety,International,4,1614
Hard Hat OSHA-Compliant Elite,136.38,170.55,544,Safety,East Coast,3,1154
Safety Vest Hi-Vis 10pk Standard,126.85,180.88,331,Safety,Primary,8,1480
Ear Plugs NRR32 50pk Advanced,110.37,127.94,623,Safety,International,2,1002
N95 Dust Masks 50pk Premium,221.79,284.39,661,Safety,West Coast,7,1090
Face Shields Anti-Fog 5pk Advanced,70.94,85.3,396,Safety,Midwest,3,1241
Steel-Toe Work Boots Max,200.03,265.86,339,Safety,Primary,7,1677
Knee Pads Gel-Insert XL,79.6,96.28,600,Safety,Primary,8,1747
Back Support Belt Large Basic,179.43,245.6,64,Safety,East Coast,8,1212
Anti-Fatigue Mat 3x5ft HD,151.72,207.09,481,Safety,South,7,1017
Wet Floor Sign Bilingual Advanced,48.64,57.03,284,Safety,Midwest,2,1125
Traffic Cone 28in Premium,209.22,249.7,579,Safety,Primary,10,1756
Fire Blanket 4x6ft Premium,157.52,195.41,887,Safety,Midwest,4,1560
Smoke Detector 10-Year Lite+,220.47,272.76,208,Safety,East Coast,8,1735
CO Detector Digital Advanced,162.99,210.24,258,Safety,Primary,4,1689
Emergency Kit 72-Hour Max,175.07,239.26,312,Safety,South,4,1534
Heavy-Duty Flashlight Standard,103.69,125.0,258,Safety,International,8,1774
AA Batteries 24pk Max,93.96,131.9,551,Safety,Primary,8,1219
AAA Batteries 24pk Standard,240.31,297.54,483,Safety,West Coast,2,1399
Extension Cord 25ft 12AWG Compact,41.7,61.76,392,Safety,East Coast,6,1043
Power Strip 6-Outlet USB Compact,197.8,277.39,387,Safety,International,7,1556
Cable Protector Ramp V2,75.58,112.29,943,Safety,Primary,2,1684
Lockout Tagout Kit Lite+,96.19,124.46,296,Safety,South,6,1525
Hazmat Spill Kit 5gal Advanced,127.79,188.02,800,Safety,Primary,5,1748
Eye Wash Station Wall XL,62.64,87.33,541,Safety,West Coast,4,1282
Flammable Storage Cabinet Max,118.02,170.08,73,Safety,West Coast,7,1038
4-Gas Detector Meter Plus,248.3,310.87,219,Safety,West Coast,5,1213
Small Box 8x8x8 25pk V3,74.74,97.39,5262,Packaging,International,35,13233
Medium Box 12x12x12 25pk Eco,72.8,110.83,1575,Packaging,South,32,15827
Large Box 18x18x18 15pk Ultra,47.83,71.19,2127,Packaging,South,89,10395
Bubble Wrap Roll 175ft V3,22.46,27.77,3343,Packaging,East Coast,83,11775
Packing Peanuts 14cu ft Compact,58.32,93.3,742,Packaging,Primary,72,17002
Shipping Tape Clear 6pk Lite,86.1,134.94,8372,Packaging,West Coast,83,16212
Shipping Labels 4x6 500ct Compact,9.48,15.02,6771,Packaging,South,90,15900
Poly Mailers 10x13 100pk Pro,1.95,2.48,535,Packaging,Primary,23,14801
Stretch Wrap 18in 1000ft Bulk,70.3,87.51,2195,Packaging,Primary,96,14291
Kraft Packing Paper 25lb Eco,62.27,83.04,8248,Packaging,West Coast,53,15974
Foam Sheets 12x12 50pk Smart,11.65,17.36,6907,Packaging,South,20,17227
Strapping Tape 2in 6pk V3,35.87,51.79,5765,Packaging,Primary,37,17257
Pallet Wrap 80ga 1500ft Lite,28.7,35.25,2118,Packaging,South,87,15237
Air Pillow Film Roll Standard,10.69,14.08,3890,Packaging,Midwest,70,14340
Tissue Paper White 100pk Bulk,75.59,108.44,6772,Packaging,International,44,11397
Gift Boxes Assorted 12pk V2,84.8,122.33,8387,Packaging,East Coast,38,10602
Satin Ribbon Roll 50yd Ultra,25.48,34.02,1357,Packaging,Primary,31,12090
Gift Bags Medium 24pk Standard,12.57,17.78,802,Packaging,Primary,66,15164
Kraft Paper Roll 36in x 200ft Bulk,22.15,34.87,7123,Packaging,International,75,17915
Corrugated Roll 48in x 100ft Plus,47.22,58.48,2210,Packaging,Primary,74,16392
Whole Bean Coffee 2lb Plus,52.02,75.75,256,Food & Beverage,West Coast,22,3832
Ground Coffee Medium 5lb Compact,23.09,31.46,141,Food & Beverage,International,18,3630
Earl Grey Tea 200ct Ultra,5.85,8.65,901,Food & Beverage,East Coast,9,3718
Cane Sugar 10lb Premium,49.57,63.18,1790,Food & Beverage,East Coast,22,5253
Coffee Creamer Singles 100pk HD,32.32,42.66,2017,Food & Beverage,International,19,5299
Paper Cups 12oz 100pk Max,34.92,52.18,1110,Food & Beverage,Primary,15,3165
PLA Lids 12oz 100pk Eco,18.11,24.34,2191,Food & Beverage,West Coast,20,3794
Wood Stirrers 1000pk Standard,14.58,21.17,2283,Food & Beverage,East Coast,29,5165
Cocktail Napkins 500pk HD,4.44,5.47,1563,Food & Beverage,Primary,25,3508
Paper Plates 9in 100pk Mini,37.35,48.86,2872,Food & Beverage,South,6,3194
Wood Cutlery Set 200pk XL,54.64,73.94,295,Food & Beverage,South,15,4170
Spring Water 24pk 16oz V2,51.55,72.18,1885,Food & Beverage,East Coast,14,5387
Granola Bars Variety 36pk Compact,42.08,58.79,2584,Food & Beverage,South,26,4723
Mixed Nuts 2lb Canister Elite,44.83,65.2,2720,Food & Beverage,International,15,5263
Dried Fruit Mix 3lb Smart,42.25,59.62,2798,Food & Beverage,Primary,27,4868
Multigrain Crackers 8pk Advanced,17.66,23.62,1529,Food & Beverage,International,24,4573
Creamy Peanut Butter 40oz Elite,15.15,19.17,451,Food & Beverage,South,15,3087
Strawberry Jam 32oz Standard,32.18,45.93,826,Food & Beverage,Primary,11,3779
Chicken Noodle Soup 6pk V2,46.48,66.58,943,Food & Beverage,Midwest,15,3578
Solid Light Tuna 8pk Compact,31.89,47.4,254,Food & Beverage,South,19,3094
Jasmine Rice 25lb Lite+,10.22,14.04,1902,Food & Beverage,Primary,30,4710
Penne Pasta 6pk 1lb Ultra,11.22,13.75,2330,Food & Beverage,South,29,3934
Extra Virgin Olive Oil 1L Smart,13.68,18.94,2497,Food & Beverage,South,17,3999
Balsamic Vinegar 500ml Max,36.83,49.59,101,Food & Beverage,West Coast,15,3012
Sea Salt & Pepper Set HD,49.03,58.41,613,Food & Beverage,South,28,5319
Spice Rack 20-Jar HD,20.09,26.97,633,Food & Beverage,South,18,4469
Raw Honey 32oz Max,25.01,31.09,2285,Food & Beverage,Midwest,18,5346
Organic Granola 2lb XL,23.57,27.71,917,Food & Beverage,Midwest,6,5301
Whey Protein 5lb Chocolate HD,7.21,10.39,626,Food & Beverage,South,30,3779
Electrolyte Mix 30pk Lemon Bulk,32.29,48.21,522,Food & Beverage,West Coast,14,3786
Wireless Mouse Compact,489.61,610.17,412,Electronics,West Coast,3,760
Mechanical Keyboard Plus,769.9,1141.77,89,Electronics,East Coast,4,885
USB-C Hub Pro,10.83,16.15,227,Electronics,Midwest,5,700
Webcam HD Lite,898.61,1075.38,395,Electronics,East Coast,4,757
Bluetooth Speaker Lite,77.69,95.35,318,Electronics,Primary,3,513
Portable Charger Lite,340.8,399.55,336,Electronics,West Coast,3,541
HDMI Cable Smart,70.48,101.85,32,Electronics,East Coast,4,708
SSD 1TB Advanced,180.33,249.39,231,Electronics,East Coast,4,821
RAM 16GB Module Plus,658.33,815.15,148,Electronics,Midwest,3,508
Graphics Card RTX Ultra,401.21,506.57,88,Electronics,Midwest,1,865
CPU Processor Max,654.79,952.84,215,Electronics,East Coast,2,805
Motherboard ATX XL,22.42,32.95,386,Electronics,International,4,871
Power Supply 750W Lite+,830.93,1262.38,87,Electronics,South,5,858
PC Case Mid-Tower Lite,693.36,870.46,208,Electronics,South,5,845
Monitor 27 4K Premium,65.11,79.96,108,Electronics,Primary,4,618
Laptop Stand Aluminum Max,859.0,1095.81,371,Electronics,West Coast,2,603
Noise Cancelling Headphones Compact,102.3,139.93,45,Electronics,East Coast,4,505
Smart Watch Pro V2,611.84,722.85,88,Electronics,Primary,1,694
Fitness Tracker Band Eco,676.55,842.43,267,Electronics,Midwest,3,567
Wireless Earbuds Lite+,493.77,760.69,197,Electronics,East Coast,1,597
Tablet 10 inch Ultra,71.53,101.37,156,Electronics,South,3,635
E-Reader Paperwhite Plus,654.76,797.16,301,Electronics,East Coast,3,524
Smart Plug WiFi Compact,268.14,312.97,423,Electronics,West Coast,1,720
WiFi Router AX Standard,895.46,1114.49,109,Electronics,Midwest,3,552
Network Switch 8-Port Lite+,483.09,734.82,468,Electronics,Midwest,4,879
External HDD 2TB Advanced,157.43,192.8,12,Electronics,Primary,2,827
Flash Drive 128GB Lite+,805.37,1115.92,428,Electronics,International,2,552
Memory Card 256GB V3,238.68,363.33,219,Electronics,South,2,793
Desk Lamp LED Bulk,662.42,891.96,379,Electronics,East Coast,5,724
Phone Charger 65W HD,780.59,970.0,426,Electronics,Primary,5,624
Screen Protector Glass Advanced,163.61,232.75,168,Electronics,West Coast,4,514
Phone Case Silicone Eco,517.32,687.96,383,Electronics,International,1,752
Laptop Sleeve 15in Elite,492.42,691.68,211,Electronics,Midwest,1,732
Monitor Arm Single Plus,365.38,557.31,125,Electronics,East Coast,4,765
Keyboard Wrist Rest Pro,331.75,381.81,281,Electronics,International,2,543
Mouse Pad XXL V2,166.5,233.38,172,Electronics,Midwest,2,544
Cable Management Kit XL,18.27,23.46,234,Electronics,West Coast,1,851
Surge Protector 12-Outlet Compact,514.64,742.62,272,Electronics,South,2,537
UPS Battery 1500VA Max,298.02,390.16,238,Electronics,South,5,520
USB Microphone Elite,483.16,687.41,125,Electronics,South,4,819
Ring Light 18in Basic,263.48,360.62,13,Electronics,Primary,2,564
Green Screen 5x7ft Bulk,719.55,1101.31,359,Electronics,South,2,839
Streaming Deck MK2 HD,877.63,1219.28,359,Electronics,West Coast,3,759
Capture Card 4K Max,271.83,378.45,438,Electronics,South,5,762
Drone Camera Pro Lite,584.31,738.23,236,Electronics,Midwest,5,759
Action Camera 4K Plus,627.28,832.13,187,Electronics,South,2,620
Digital Camera Mirrorless Compact,405.58,543.9,281,Electronics,South,2,513
Camera Lens 50mm Ultra,251.04,367.05,498,Electronics,International,5,532
Tripod Carbon Fiber Ultra,447.93,610.47,201,Electronics,South,5,576
Camera Bag Backpack Elite,824.21,1114.6,372,Electronics,West Coast,2,566
SD Card Reader Advanced,521.24,702.4,388,Electronics,South,1,829
Ballpoint Pens 12pk Bulk,123.0,147.65,1337,Office Supplies,International,9,3397
Sticky Notes 8pk Eco,66.99,108.34,1828,Office Supplies,West Coast,4,3358
File Folders 24pk Compact,69.19,108.75,1424,Office Supplies,Primary,18,3165
Printer Paper A4 5-Ream Pro,121.47,158.0,1862,Office Supplies,International,9,3594
Ink Cartridge Black XL Bulk,153.59,209.03,393,Office Supplies,Midwest,20,2805
Ink Cartridge Color Combo Elite,71.54,91.87,1712,Office Supplies,International,13,2380
Desk Organizer Bamboo Eco,114.48,146.52,1110,Office Supplies,East Coast,12,2801
Paper Shredder Cross-Cut V3,98.77,171.95,1192,Office Supplies,Midwest,7,2696
Laminator Machine A4 V2,47.67,76.78,1895,Office Supplies,South,14,2382
Label Maker Portable Bulk,130.31,229.25,384,Office Supplies,East Coast,14,2796
Whiteboard Magnetic 48x36 Elite,31.76,56.14,473,Office Supplies,South,11,2703
Dry Erase Markers 8pk Smart,140.92,200.39,477,Office Supplies,South,20,2217
Whiteboard Eraser Compact,67.09,81.54,1342,Office Supplies,West Coast,19,3062
Stapler Heavy-Duty Compact,170.97,262.48,52,Office Supplies,Midwest,14,3548
Staples 5000pk Standard,148.65,198.38,417,Office Supplies,South,13,3286
Tape Dispenser Desktop Mini,158.12,274.55,1708,Office Supplies,Midwest,6,2231
Scissors Titanium Smart,87.68,107.68,1088,Office Supplies,East Coast,14,3191
Paper Clips 100pk Premium,143.03,179.02,765,Office Supplies,West Coast,10,2807
Binder Clips Assorted 24pk Lite,59.22,87.18,689,Office Supplies,Primary,14,2414
Rubber Bands 1lb V3,131.48,186.66,1834,Office Supplies,Midwest,10,2859
Envelopes White 100pk Advanced,18.43,30.95,936,Office Supplies,Primary,14,2093
Notebooks College-Ruled 6pk Smart,48.57,82.96,1447,Office Supplies,Primary,7,2580
Daily Planner 2024 Plus,139.96,182.84,804,Office Supplies,International,20,2249
Scientific Calculator Elite,94.75,145.62,1259,Office Supplies,Midwest,8,3551
Ruler Metal 12in Pro,49.63,63.42,1749,Office Supplies,South,20,3078
3-Hole Punch XL,72.99,126.57,1935,Office Supplies,Midwest,14,3141
Letter Tray Stackable HD,11.45,15.97,1602,Office Supplies,Midwest,20,2850
Magazine Rack Wire Basic,80.15,110.54,363,Office Supplies,International,8,3009
Bulletin Board Cork 36x24 Bulk,92.33,165.26,1849,Office Supplies,International,12,3108
Push Pins Colored 100pk Bulk,132.19,192.1,764,Office Supplies,South,14,3459
Correction Tape 3pk Standard,32.82,41.92,1981,Office Supplies,International,7,2169
Glue Sticks Washable 6pk HD,177.38,215.56,1929,Office Supplies,Primary,4,2080
Index Cards Ruled 200pk Max,144.49,205.68,490,Office Supplies,East Coast,11,2148
Graph Paper Pad 4x4 Max,116.03,196.73,1713,Office Supplies,West Coast,7,2667
Legal Pads Yellow 3pk Lite,38.29,53.39,1004,Office Supplies,East Coast,5,3068
Presentation Folders 25pk HD,100.44,131.51,225,Office Supplies,West Coast,13,2621
Sheet Protectors 50pk Advanced,94.94,135.75,1221,Office Supplies,Midwest,19,2295
Report Covers Prong 12pk Eco,76.73,133.46,1635,Office Supplies,West Coast,18,3473
Clipboard Letter-Size HD,27.8,33.47,770,Office Supplies,International,20,3512
Pen Holder Mesh V2,165.54,227.24,1964,Office Supplies,East Coast,6,3076
Ergonomic Office Chair V2,1000.83,1343.43,15,Furniture,Primary,1,124
Electric Standing Desk Max,308.25,352.32,84,Furniture,West Coast,1,180
L-Shaped Corner Desk Smart,161.4,195.8,3,Furniture,East Coast,1,166
5-Tier Bookshelf HD,393.16,451.37,93,Furniture,Primary,2,144
3-Drawer Filing Cabinet Basic,260.31,323.17,68,Furniture,East Coast,1,158
Conference Table 8-seat V2,1263.3,1571.58,43,Furniture,South,2,146
Guest Chair Padded Premium,695.43,844.02,75,Furniture,East Coast,1,141
Desk Lamp Architect Smart,158.17,212.74,87,Furniture,International,2,148
Chair Floor Mat 48x36 Basic,364.09,411.67,8,Furniture,Primary,1,156
Monitor Riser Wood Lite+,274.62,339.75,29,Furniture,International,1,156
Storage Cabinet Locking V3,1298.71,1683.93,25,Furniture,East Coast,1,141
Coat Rack Standing V2,246.84,342.26,80,Furniture,East Coast,1,152
Waste Basket Metal Mini,1035.28,1387.09,86,Furniture,East Coast,1,138
Under-Desk Drawer Unit Basic,786.65,921.12,23,Furniture,International,2,146
Computer Desk Compact Eco,1112.47,1509.3,71,Furniture,South,1,140
Gaming Chair Racing Standard,399.15,453.69,94,Furniture,East Coast,2,163
Recliner Leather V2,1138.25,1351.05,4,Furniture,West Coast,2,133
3-Seat Sofa Fabric Elite,1141.69,1521.28,80,Furniture,Midwest,1,123
Coffee Table Glass Smart,1160.95,1576.78,58,Furniture,South,1,123
Side Table Round V2,635.79,730.29,44,Furniture,Midwest,1,176
TV Stand 65in Advanced,1278.06,1681.45,29,Furniture,East Coast,2,141
Shoe Rack 4-Tier Elite,1333.44,1845.14,68,Furniture,East Coast,1,116
Wardrobe Sliding-Door Pro,1143.82,1516.5,14,Furniture,Midwest,1,146
6-Drawer Dresser Plus,782.99,901.99,7,Furniture,Midwest,2,170
Nightstand 2-Drawer Smart,1141.79,1490.95,61,Furniture,International,2,144
Queen Bed Frame Metal V3,981.38,1292.1,49,Furniture,East Coast,2,123
Queen Memory Foam Mattress Basic,573.28,641.08,98,Furniture,Primary,1,125
Dining Table 6-seat Oak Premium,1369.96,1604.07,51,Furniture,South,1,173
Dining Chair Padded 2pk Bulk,184.44,206.56,22,Furniture,Primary,1,173
Bar Stool Adjustable Pro,1098.26,1419.91,23,Furniture,Primary,2,103
Kitchen Island Cart Standard,306.42,362.54,96,Furniture,South,1,107
Pantry Cabinet Tall V3,1279.41,1628.64,62,Furniture,International,1,126
Bathroom Vanity 36in Elite,717.32,920.04,16,Furniture,Primary,1,150
Mirror Cabinet LED Max,1033.85,1173.08,22,Furniture,Midwest,1,158
Laundry Hamper Bamboo Ultra,1062.38,1213.12,16,Furniture,Primary,1,114
Room Divider 4-Panel Compact,584.68,665.86,25,Furniture,South,1,115
Accent Chair Velvet Plus,644.46,848.69,86,Furniture,East Coast,2,131
Ottoman Storage Smart,1054.35,1227.5,39,Furniture,Midwest,1,155
Console Table Entryway Bulk,319.47,352.7,24,Furniture,South,2,138
Storage Bench Entryway Mini,239.25,319.52,24,Furniture,West Coast,1,111
All-Purpose Cleaner 1gal Pro,35.96,57.23,4349,Cleaning,West Coast,18,8776
Glass Cleaner Spray 32oz Pro,26.79,37.86,1152,Cleaning,West Coast,19,7442
Disinfectant Wipes 6pk Compact,7.54,12.59,4894,Cleaning,West Coast,22,7869
Floor Cleaner Concentrate XL,33.03,55.15,590,Cleaning,East Coast,10,8298
Bathroom Cleaner Foaming Elite,27.64,36.32,4829,Cleaning,Primary,41,8373
Kitchen Degreaser Mini,11.84,17.49,1212,Cleaning,Midwest,27,5781
Air Freshener Refills 3pk XL,25.64,38.97,3223,Cleaning,East Coast,29,8123
Microfiber Cloths 12pk V3,38.39,52.97,663,Cleaning,East Coast,19,5105
Scrub Sponges 6pk Lite+,42.0,61.37,3014,Cleaning,Midwest,49,5663
Rubber Gloves Latex 3pk Eco,25.97,36.07,1412,Cleaning,Primary,48,7537
Trash Bags 13gal 50pk Ultra,32.91,57.0,3582,Cleaning,South,37,8530
Paper Towels 12-Roll Pro,19.73,25.94,2355,Cleaning,Primary,43,7662
Toilet Paper 24-Roll Bulk,15.74,27.17,1349,Cleaning,Primary,50,7629
Hand Soap Refill 1gal Eco,32.15,54.12,315,Cleaning,Primary,25,5240
Hand Sanitizer Pump 32oz Pro,28.49,48.55,3372,Cleaning,International,41,7311
Spin Mop System Ultra,17.85,30.28,2575,Cleaning,West Coast,49,5265
Angle Broom Ultra,27.38,44.88,2901,Cleaning,Midwest,33,6167
Dustpan Combo V2,42.67,58.7,921,Cleaning,West Coast,18,8427
Vacuum Bags 6pk Ultra,20.67,26.98,4596,Cleaning,Primary,13,8150
Dish Soap Lemon 32oz Advanced,7.27,9.84,3429,Cleaning,Primary,45,5941
Dishwasher Pods 60pk Ultra,19.14,31.23,787,Cleaning,Midwest,41,5663
Laundry Detergent 100oz Advanced,3.83,4.81,848,Cleaning,Primary,33,6834
Fabric Softener Sheets 240ct Max,27.49,46.3,936,Cleaning,Primary,31,7884
Stain Remover Spray Ultra,5.63,8.47,3397,Cleaning,East Coast,38,5416
Bleach Concentrate 1gal Plus,21.86,29.83,702,Cleaning,West Coast,13,8330
Extendable Duster 10ft XL,43.71,75.48,4080,Cleaning,Midwest,29,5817
Window Squeegee 12in V2,6.91,9.32,192,Cleaning,East Coast,46,6782
Toilet Brush Set XL,24.86,37.64,2960,Cleaning,International,38,6744
Heavy-Duty Plunger HD,27.63,41.39,1725,Cleaning,Primary,17,7298
Drain Cleaner Gel 32oz Bulk,10.56,16.74,1691,Cleaning,East Coast,48,6648
Lint Roller Mega 4pk Ultra,41.64,69.5,3274,Cleaning,East Coast,37,8371
Carpet Cleaner Shampoo Lite,17.19,22.04,2020,Cleaning,Midwest,18,7865
Wood Polish Spray Pro,3.38,5.88,3351,Cleaning,Primary,36,6743
Stainless Steel Cleaner Standard,43.5,68.01,254,Cleaning,Primary,14,8256
Oven Cleaner Heavy-Duty Plus,21.22,31.68,3878,Cleaning,West Coast,17,8743
Grout Cleaner Brush Set Plus,2.84,4.48,4846,Cleaning,South,25,7227
First Aid Kit 200-Piece Lite,205.68,277.06,726,Safety,Primary,6,1587
Fire Extinguisher ABC 5lb Bulk,64.57,96.8,77,Safety,Primary,7,1176
Safety Goggles Anti-Fog Premium,153.81,203.9,837,Safety,South,6,1662
Work Gloves Leather 12pk Lite+,232.53,299.56,630,Safety,International,10,1504
Hard Hat OSHA-Compliant Eco,163.06,198.86,614,Safety,Primary,9,1701
Safety Vest Hi-Vis 10pk HD,97.41,131.0,309,Safety,Midwest,3,1420
Ear Plugs NRR32 50pk Mini,39.66,52.34,985,Safety,Midwest,2,1496
N95 Dust Masks 50pk Elite,68.75,84.68,188,Safety,East Coast,7,1447
Face Shields Anti-Fog 5pk V3,185.03,275.41,695,Safety,South,6,1596
Steel-Toe Work Boots Mini,248.93,325.13,25,Safety,West Coast,3,1728
Knee Pads Gel-Insert V2,221.21,320.06,988,Safety,East Coast,4,1026
Back Support Belt Large Ultra,15.59,20.44,935,Safety,Primary,10,1175
Anti-Fatigue Mat 3x5ft Lite,104.45,150.86,686,Safety,International,2,1645
Wet Floor Sign Bilingual Premium,26.48,39.08,968,Safety,East Coast,10,1085
Traffic Cone 28in XL,172.03,243.05,595,Safety,South,10,1609
Fire Blanket 4x6ft Elite,113.8,136.71,124,Safety,Primary,3,1455
Smoke Detector 10-Year Basic,127.4,172.71,306,Safety,Primary,10,1031
CO Detector Digital Basic,232.23,339.74,321,Safety,East Coast,10,1141
Emergency Kit 72-Hour Mini,114.47,166.9,374,Safety,International,10,1525
Heavy-Duty Flashlight Eco,144.06,187.87,529,Safety,Primary,7,1448
AA Batteries 24pk Basic,45.63,65.44,275,Safety,Midwest,10,1047
AAA Batteries 24pk Lite+,82.09,113.56,858,Safety,Midwest,4,1193
Extension Cord 25ft 12AWG Elite,24.03,32.64,103,Safety,South,3,1161
Power Strip 6-Outlet USB Lite+,169.56,230.03,820,Safety,International,4,1614
Cable Protector Ramp HD,141.24,187.37,484,Safety,International,8,1592
Lockout Tagout Kit Lite+,167.15,195.15,54,Safety,International,7,1234
Hazmat Spill Kit 5gal Mini,66.89,95.43,819,Safety,West Coast,8,1115
Eye Wash Station Wall HD,13.87,20.32,667,Safety,Midwest,5,1181
Flammable Storage Cabinet Standard,169.53,242.93,576,Safety,West Coast,10,1229
4-Gas Detector Meter Compact,90.45,128.68,481,Safety,West Coast,8,1186
Small Box 8x8x8 25pk Plus,79.74,125.23,4737,Packaging,Midwest,98,13082
Medium Box 12x12x12 25pk Basic,23.13,30.21,7133,Packaging,Midwest,23,12176
Large Box 18x18x18 15pk Advanced,28.8,35.31,290,Packaging,West Coast,39,14594
Bubble Wrap Roll 175ft Mini,35.35,44.68,5925,Packaging,East Coast,94,16226
Packing Peanuts 14cu ft HD,25.49,36.16,105,Packaging,South,84,17927
Shipping Tape Clear 6pk Eco,24.67,33.55,8321,Packaging,Primary,49,15030
Shipping Labels 4x6 500ct HD,13.23,17.24,7956,Packaging,South,39,16167
Poly Mailers 10x13 100pk Ultra,54.57,66.97,461,Packaging,Primary,99,16824
Stretch Wrap 18in 1000ft Lite,27.69,35.6,1950,Packaging,International,95,17340
Kraft Packing Paper 25lb Eco,32.84,49.33,9925,Packaging,East Coast,40,16723
Foam Sheets 12x12 50pk HD,10.61,13.64,6778,Packaging,East Coast,20,12799
Strapping Tape 2in 6pk Eco,4.9,6.38,9214,Packaging,Midwest,85,10773
Pallet Wrap 80ga 1500ft Bulk,70.4,104.2,2812,Packaging,West Coast,66,17425
Air Pillow Film Roll Standard,45.11,58.86,1695,Packaging,International,74,12604
Tissue Paper White 100pk Plus,78.7,116.38,4582,Packaging,South,23,16452
Gift Boxes Assorted 12pk HD,36.78,45.07,8033,Packaging,South,28,16327
Satin Ribbon Roll 50yd Max,63.32,91.04,9491,Packaging,Primary,89,15164
Gift Bags Medium 24pk Basic,49.15,76.82,146,Packaging,South,71,13782
Kraft Paper Roll 36in x 200ft Max,9.62,11.85,4537,Packaging,Primary,72,14235
Corrugated Roll 48in x 100ft Eco,75.74,109.75,6563,Packaging,West Coast,100,13084
Whole Bean Coffee 2lb Basic,24.38,33.7,2558,Food & Beverage,Midwest,13,5382
Ground Coffee Medium 5lb Smart,31.13,39.19,2105,Food & Beverage,West Coast,18,5323
Earl Grey Tea 200ct Lite,19.35,26.24,1314,Food & Beverage,Primary,27,3201
Cane Sugar 10lb Mini,34.53,48.44,2813,Food & Beverage,International,11,3239
Coffee Creamer Singles 100pk Lite+,54.72,67.65,1592,Food & Beverage,West Coast,28,3182
Paper Cups 12oz 100pk Mini,5.73,6.75,2826,Food & Beverage,East Coast,29,3253
PLA Lids 12oz 100pk Smart,30.5,43.31,1647,Food & Beverage,West Coast,12,4725
Wood Stirrers 1000pk Eco,23.77,33.24,545,Food & Beverage,South,9,5108
Cocktail Napkins 500pk Premium,19.37,26.34,1582,Food & Beverage,Primary,21,3031
Paper Plates 9in 100pk Pro,33.49,46.15,1263,Food & Beverage,South,10,4223
Wood Cutlery Set 200pk Elite,15.26,17.8,1571,Food & Beverage,International,18,4122
Spring Water 24pk 16oz Basic,34.51,44.9,1711,Food & Beverage,Midwest,7,4338
Granola Bars Variety 36pk Premium,10.58,15.2,1302,Food & Beverage,West Coast,16,4735
Mixed Nuts 2lb Canister Lite+,42.08,53.4,149,Food & Beverage,West Coast,24,4845
Dried Fruit Mix 3lb Bulk,53.13,64.68,2104,Food & Beverage,Midwest,25,3118
Multigrain Crackers 8pk Max,14.85,21.14,1087,Food & Beverage,East Coast,18,4561
Creamy Peanut Butter 40oz V2,42.83,54.3,1214,Food & Beverage,Midwest,7,3444
Strawberry Jam 32oz Bulk,33.99,43.22,249,Food & Beverage,East Coast,6,4742
Chicken Noodle Soup 6pk V2,8.28,9.96,771,Food & Beverage,Midwest,30,4851
Solid Light Tuna 8pk Lite+,38.78,51.03,1673,Food & Beverage,South,10,4294
Jasmine Rice 25lb Lite,22.68,26.9,754,Food & Beverage,Primary,14,3409
Penne Pasta 6pk 1lb XL,50.27,72.8,1058,Food & Beverage,International,23,5117
Extra Virgin Olive Oil 1L Compact,54.65,62.96,2228,Food & Beverage,Midwest,6,3443
Balsamic Vinegar 500ml Elite,29.36,37.83,2942,Food & Beverage,East Coast,21,5288
Sea Salt & Pepper Set V3,48.35,58.53,2469,Food & Beverage,Primary,17,4818
Spice Rack 20-Jar Premium,25.64,38.41,1703,Food & Beverage,International,14,3672
Raw Honey 32oz HD,6.04,8.49,704,Food & Beverage,South,7,3835
Organic Granola 2lb Premium,14.13,20.01,1990,Food & Beverage,Midwest,16,3933
Whey Protein 5lb Chocolate XL,38.91,54.68,2210,Food & Beverage,South,7,4889
Electrolyte Mix 30pk Lemon XL,53.61,73.58,1539,Food & Beverage,East Coast,14,5105
Wireless Mouse Standard,119.49,169.52,360,Electronics,West Coast,2,757
Mechanical Keyboard Premium,329.02,477.4,491,Electronics,Primary,3,524
USB-C Hub HD,232.75,328.44,151,Electronics,International,4,673
Webcam HD Max,783.53,1166.05,44,Electronics,East Coast,1,571
Bluetooth Speaker Max,841.52,1299.21,151,Electronics,International,5,814
Portable Charger Lite+,615.54,860.72,422,Electronics,Midwest,1,730
HDMI Cable Compact,688.92,859.19,155,Electronics,East Coast,2,750
SSD 1TB Pro,176.51,261.77,280,Electronics,East Coast,4,850
RAM 16GB Module Lite,808.48,1044.11,11,Electronics,Primary,5,531
Graphics Card RTX Smart,706.71,1084.75,428,Electronics,West Coast,1,630
CPU Processor V3,34.71,48.37,410,Electronics,International,2,666
Motherboard ATX Basic,455.22,549.87,324,Electronics,East Coast,2,669
Power Supply 750W Standard,15.57,23.25,446,Electronics,Primary,1,763
PC Case Mid-Tower Compact,399.28,539.85,268,Electronics,West Coast,1,717
Monitor 27 4K V2,254.57,318.66,348,Electronics,West Coast,3,633
Laptop Stand Aluminum HD,52.87,72.05,424,Electronics,International,5,685
Noise Cancelling Headphones Lite,430.22,601.37,235,Electronics,Primary,5,554
Smart Watch Pro Bulk,220.63,306.3,80,Electronics,South,5,733
Fitness Tracker Band Advanced,596.66,894.78,381,Electronics,South,4,818
Wireless Earbuds Elite,385.9,534.29,268,Electronics,International,2,891
Tablet 10 inch Smart,59.52,92.09,166,Electronics,International,4,796
E-Reader Paperwhite Max,754.57,899.34,434,Electronics,East Coast,4,848
Smart Plug WiFi Premium,342.27,398.6,50,Electronics,International,5,776
WiFi Router AX Compact,640.87,781.87,72,Electronics,International,2,785
Network Switch 8-Port Eco,535.19,650.31,125,Electronics,Primary,2,790
External HDD 2TB Max,878.33,1356.26,342,Electronics,Primary,5,755
Flash Drive 128GB Compact,828.36,1004.67,456,Electronics,East Coast,5,607
Memory Card 256GB Advanced,780.91,1186.72,369,Electronics,East Coast,5,785
Desk Lamp LED V2,135.41,158.15,64,Electronics,East Coast,1,594
Phone Charger 65W V2,800.62,925.93,359,Electronics,Midwest,5,697
Screen Protector Glass HD,344.57,402.5,20,Electronics,South,5,823
Phone Case Silicone Basic,828.0,1176.33,371,Electronics,Primary,4,562
Laptop Sleeve 15in Basic,79.83,101.24,195,Electronics,West Coast,4,547
Monitor Arm Single Plus,825.96,1027.57,288,Electronics,International,3,663
Keyboard Wrist Rest Eco,578.83,685.35,266,Electronics,West Coast,1,747
Mouse Pad XXL HD,705.82,1028.08,286,Electronics,West Coast,2,599
Cable Management Kit Standard,370.76,572.07,166,Electronics,Primary,1,517
Surge Protector 12-Outlet V3,661.34,1023.64,239,Electronics,Primary,4,593
UPS Battery 1500VA XL,736.55,929.22,173,Electronics,Midwest,5,694
USB Microphone Lite,301.61,455.79,28,Electronics,International,4,721
Ring Light 18in Compact,382.76,454.26,11,Electronics,West Coast,4,689
Green Screen 5x7ft Lite,639.52,915.56,461,Electronics,Primary,2,644
Streaming Deck MK2 Ultra,489.78,582.95,319,Electronics,South,5,637
Capture Card 4K Lite+,42.55,59.4,193,Electronics,East Coast,5,889
Drone Camera Pro HD,380.62,468.51,288,Electronics,South,2,693
Action Camera 4K Elite,510.32,669.59,203,Electronics,Primary,5,735
Digital Camera Mirrorless Advanced,214.5,283.86,289,Electronics,South,5,825
Camera Lens 50mm Mini,427.87,662.34,343,Electronics,South,4,900
Tripod Carbon Fiber Lite,330.86,429.59,307,Electronics,West Coast,4,592
Camera Bag Backpack Ultra,760.28,1047.47,464,Electronics,International,4,511
SD Card Reader Smart,216.89,251.36,49,Electronics,International,2,720
Ballpoint Pens 12pk XL,82.36,146.44,1089,Office Supplies,Primary,9,2778
Sticky Notes 8pk Standard,176.02,269.66,31,Office Supplies,Primary,15,2285
File Folders 24pk Ultra,65.66,98.9,1980,Office Supplies,Midwest,7,2943
Printer Paper A4 5-Ream Ultra,53.05,66.53,1551,Office Supplies,West Coast,8,2999
Ink Cartridge Black XL Compact,108.78,181.71,217,Office Supplies,Primary,8,2574
Ink Cartridge Color Combo Smart,128.59,185.39,302,Office Supplies,East Coast,17,2545
Desk Organizer Bamboo V2,26.22,46.3,704,Office Supplies,Primary,20,3203
Paper Shredder Cross-Cut Ultra,10.56,17.15,1890,Office Supplies,International,12,3476
Laminator Machine A4 XL,48.69,62.28,1706,Office Supplies,West Coast,15,3394
Label Maker Portable XL,88.01,149.71,673,Office Supplies,South,17,3596
Whiteboard Magnetic 48x36 Max,1.52,2.35,278,Office Supplies,Primary,15,3017
Dry Erase Markers 8pk Elite,4.23,6.94,149,Office Supplies,International,16,2449
Whiteboard Eraser Bulk,74.39,131.7,960,Office Supplies,East Coast,9,2432
Stapler Heavy-Duty Premium,152.72,226.33,383,Office Supplies,South,20,2333
Staples 5000pk Smart,59.73,97.52,1632,Office Supplies,Primary,12,2010
Tape Dispenser Desktop Lite,87.9,139.86,1888,Office Supplies,East Coast,20,2374
Scissors Titanium Premium,129.36,173.89,299,Office Supplies,Midwest,17,2148
Paper Clips 100pk Basic,166.43,279.09,784,Office Supplies,Primary,4,2986
Binder Clips Assorted 24pk Plus,141.75,250.3,1333,Office Supplies,Primary,5,2187
Rubber Bands 1lb Elite,67.55,81.1,384,Office Supplies,International,18,2223
Envelopes White 100pk Lite,57.38,83.57,1550,Office Supplies,West Coast,5,3523
Notebooks College-Ruled 6pk Eco,170.51,292.82,922,Office Supplies,East Coast,5,3166
Daily Planner 2024 V3,8.85,13.08,1678,Office Supplies,West Coast,17,3215
Scientific Calculator Pro,1.82,2.71,1875,Office Supplies,South,6,3032
Ruler Metal 12in Standard,101.56,141.81,620,Office Supplies,East Coast,11,3322
3-Hole Punch Elite,94.42,136.71,1157,Office Supplies,West Coast,10,2844
Letter Tray Stackable Max,107.54,147.05,987,Office Supplies,International,7,2846
Magazine Rack Wire Lite,172.72,289.45,1074,Office Supplies,East Coast,8,2971
Bulletin Board Cork 36x24 Standard,146.16,182.64,1866,Office Supplies,West Coast,6,2072
Push Pins Colored 100pk Bulk,9.13,12.88,1169,Office Supplies,International,16,2454
Correction Tape 3pk V2,13.3,23.08,456,Office Supplies,West Coast,15,2896
Glue Sticks Washable 6pk Advanced,137.75,233.39,710,Office Supplies,South,8,2861
Index Cards Ruled 200pk Plus,73.61,100.39,1137,Office Supplies,International,17,2079
Graph Paper Pad 4x4 HD,81.16,126.04,468,Office Supplies,South,12,2613
Legal Pads Yellow 3pk Advanced,35.95,49.69,382,Office Supplies,Midwest,14,2466
Presentation Folders 25pk Standard,73.65,94.47,117,Office Supplies,Primary,14,2684
Sheet Protectors 50pk Ultra,147.12,258.37,1463,Office Supplies,West Coast,5,2805
Report Covers Prong 12pk Ultra,111.96,158.03,765,Office Supplies,East Coast,16,2326
Clipboard Letter-Size Elite,33.72,57.15,1236,Office Supplies,West Coast,5,3107
Pen Holder Mesh Bulk,20.18,30.19,1453,Office Supplies,Primary,13,3496
Ergonomic Office Chair Smart,173.84,203.41,12,Furniture,South,1,159
Electric Standing Desk Compact,164.34,229.4,4,Furniture,West Coast,1,142
L-Shaped Corner Desk Ultra,965.9,1078.13,91,Furniture,International,1,121
5-Tier Bookshelf Pro,589.36,758.09,31,Furniture,International,2,134
3-Drawer Filing Cabinet Lite,966.73,1352.9,12,Furniture,Midwest,1,123
Conference Table 8-seat Bulk,1106.43,1515.84,47,Furniture,East Coast,1,101
Guest Chair Padded HD,1071.78,1403.91,8,Furniture,Primary,1,140
Desk Lamp Architect Bulk,327.93,431.5,25,Furniture,West Coast,2,175
Chair Floor Mat 48x36 Ultra,900.02,1156.79,6,Furniture,Primary,2,136
Monitor Riser Wood Lite+,171.35,211.25,26,Furniture,South,1,159
Storage Cabinet Locking Basic,102.59,123.74,97,Furniture,East Coast,2,103
Coat Rack Standing Lite,100.72,140.48,38,Furniture,International,1,138
Waste Basket Metal Pro,312.45,427.8,17,Furniture,West Coast,1,135
Under-Desk Drawer Unit Max,1314.94,1792.9,56,Furniture,South,1,164
Computer Desk Compact Standard,122.92,155.23,82,Furniture,International,1,128
Gaming Chair Racing Bulk,1236.88,1589.37,24,Furniture,East Coast,2,144
Recliner Leather XL,971.42,1167.78,7,Furniture,Primary,2,149
3-Seat Sofa Fabric Plus,115.98,161.11,74,Furniture,Midwest,1,102
Coffee Table Glass Elite,619.87,851.83,72,Furniture,South,1,109
Side Table Round Compact,1013.88,1260.51,7,Furniture,South,1,161
TV Stand 65in Premium,982.84,1118.07,29,Furniture,West Coast,1,172
Shoe Rack 4-Tier Standard,828.14,1150.25,49,Furniture,Primary,1,102
Wardrobe Sliding-Door Compact,704.91,855.12,22,Furniture,Primary,2,141
6-Drawer Dresser V3,254.33,306.31,3,Furniture,East Coast,1,163
Nightstand 2-Drawer Compact,462.39,526.66,52,Furniture,Primary,1,136
Queen Bed Frame Metal Ultra,768.33,887.52,9,Furniture,International,1,173
Queen Memory Foam Mattress Max,333.71,389.24,44,Furniture,Primary,1,108
Dining Table 6-seat Oak Plus,814.85,1053.56,55,Furniture,East Coast,1,145
Dining Chair Padded 2pk Pro,904.79,1255.6,73,Furniture,West Coast,2,165
Bar Stool Adjustable Eco,54.03,73.8,16,Furniture,Midwest,1,149
Kitchen Island Cart Ultra,335.22,382.43,2,Furniture,Midwest,2,142
Pantry Cabinet Tall Bulk,1064.53,1489.07,73,Furniture,South,2,141
Bathroom Vanity 36in V2,154.75,197.77,77,Furniture,East Coast,2,139
Mirror Cabinet LED Compact,98.37,136.34,32,Furniture,Primary,2,122
Laundry Hamper Bamboo Max,659.59,795.54,25,Furniture,Midwest,1,132
Room Divider 4-Panel Ultra,1249.75,1635.26,18,Furniture,Primary,1,156
Accent Chair Velvet Lite,1128.57,1526.45,30,Furniture,East Coast,1,123
Ottoman Storage HD,991.08,1140.21,84,Furniture,West Coast,1,108
Console Table Entryway Advanced,1107.45,1391.71,64,Furniture,South,1,146
Storage Bench Entryway Mini,627.05,835.13,66,Furniture,South,2,127
All-Purpose Cleaner 1gal XL,16.29,24.85,4871,Cleaning,International,30,7330
Glass Cleaner Spray 32oz Ultra,31.68,47.05,821,Cleaning,South,34,7277
Disinfectant Wipes 6pk Plus,32.48,52.79,2832,Cleaning,South,25,6960
Floor Cleaner Concentrate Smart,38.9,49.93,3125,Cleaning,East Coast,48,8860
Bathroom Cleaner Foaming Advanced,41.07,61.19,1462,Cleaning,West Coast,42,6130
Kitchen Degreaser Standard,39.25,61.96,4259,Cleaning,International,18,5688
Air Freshener Refills 3pk Lite+,8.99,11.48,4565,Cleaning,West Coast,23,7519
Microfiber Cloths 12pk Basic,7.48,12.82,1923,Cleaning,East Coast,18,7713
Scrub Sponges 6pk Plus,12.83,17.82,4041,Cleaning,East Coast,27,7682
Rubber Gloves Latex 3pk Max,41.76,70.16,948,Cleaning,West Coast,14,6726
Trash Bags 13gal 50pk Elite,27.91,37.63,133,Cleaning,International,18,8013
Paper Towels 12-Roll Pro,7.49,11.74,465,Cleaning,International,27,8838
Toilet Paper 24-Roll Max,11.42,15.02,3645,Cleaning,East Coast,41,6471
Hand Soap Refill 1gal Mini,12.48,20.08,389,Cleaning,Primary,18,7061
Hand Sanitizer Pump 32oz HD,16.43,20.92,2126,Cleaning,Primary,35,5807
Spin Mop System Plus,16.81,27.68,1940,Cleaning,Midwest,38,6871
Angle Broom XL,19.11,29.47,4451,Cleaning,Primary,24,5540
Dustpan Combo Pro,30.03,52.41,784,Cleaning,International,36,7796
Vacuum Bags 6pk Lite,22.2,31.95,384,Cleaning,International,20,7384
Dish Soap Lemon 32oz Advanced,11.38,19.6,288,Cleaning,International,26,6015
Dishwasher Pods 60pk Basic,37.31,47.89,3221,Cleaning,East Coast,35,5664
Laundry Detergent 100oz Elite,5.49,9.25,1020,Cleaning,Primary,36,6994
Fabric Softener Sheets 240ct Advanced,4.4,6.39,3069,Cleaning,Midwest,36,8446
Stain Remover Spray Ultra,43.02,72.64,382,Cleaning,International,34,5957
Bleach Concentrate 1gal Compact,41.98,54.24,4245,Cleaning,West Coast,35,6482
Extendable Duster 10ft Plus,15.04,20.96,2136,Cleaning,Primary,29,7687
Window Squeegee 12in Ultra,43.51,62.9,1658,Cleaning,East Coast,29,7476
Toilet Brush Set Eco,26.4,37.54,2526,Cleaning,East Coast,48,6543
Heavy-Duty Plunger Ultra,10.16,17.0,3206,Cleaning,Primary,18,6777
Drain Cleaner Gel 32oz Lite,14.71,19.47,1823,Cleaning,East Coast,36,7725
Lint Roller Mega 4pk Bulk,42.46,64.85,2676,Cleaning,East Coast,27,7758
Carpet Cleaner Shampoo Mini,31.2,52.26,371,Cleaning,Midwest,44,8010
Wood Polish Spray Smart,42.87,66.83,3388,Cleaning,East Coast,19,7619
Stainless Steel Cleaner Standard,41.02,65.86,4971,Cleaning,Midwest,46,7796
Oven Cleaner Heavy-Duty Premium,11.49,17.58,2011,Cleaning,West Coast,18,7949
Grout Cleaner Brush Set Ultra,43.89,58.96,3045,Cleaning,South,13,6493
First Aid Kit 200-Piece Eco,58.55,72.68,217,Safety,East Coast,2,1706
Fire Extinguisher ABC 5lb Lite,22.44,32.36,878,Safety,Midwest,10,1511
Safety Goggles Anti-Fog Pro,95.34,133.63,388,Safety,International,9,1797
Work Gloves Leather 12pk Compact,229.29,308.92,285,Safety,Midwest,9,1338
Hard Hat OSHA-Compliant Compact,147.95,216.48,826,Safety,International,6,1739
Safety Vest Hi-Vis 10pk Bulk,236.91,302.34,255,Safety,South,8,1379
Ear Plugs NRR32 50pk Lite+,247.81,308.47,405,Safety,Primary,10,1391
N95 Dust Masks 50pk HD,54.53,68.06,90,Safety,West Coast,4,1351
Face Shields Anti-Fog 5pk XL,8.47,11.81,18,Safety,West Coast,7,1633
Steel-Toe Work Boots Advanced,24.62,31.26,788,Safety,East Coast,8,1610
Knee Pads Gel-Insert Bulk,197.27,252.49,400,Safety,Midwest,8,1309
Back Support Belt Large V2,30.87,45.47,23,Safety,East Coast,9,1282
Anti-Fatigue Mat 3x5ft Eco,93.88,131.53,131,Safety,Midwest,6,1185
Wet Floor Sign Bilingual Mini,233.48,291.87,693,Safety,South,6,1666
Traffic Cone 28in Elite,51.27,73.18,171,Safety,West Coast,8,1119
Fire Blanket 4x6ft Bulk,221.87,271.73,839,Safety,South,2,1463
Smoke Detector 10-Year HD,57.34,81.4,241,Safety,Primary,3,1697
CO Detector Digital Pro,134.94,187.59,134,Safety,West Coast,9,1543
Emergency Kit 72-Hour V2,38.1,45.42,387,Safety,Primary,10,1457
Heavy-Duty Flashlight Basic,72.37,87.19,381,Safety,East Coast,6,1756
AA Batteries 24pk HD,222.63,295.41,481,Safety,International,6,1273
AAA Batteries 24pk Lite+,15.01,19.87,668,Safety,International,4,1663
Extension Cord 25ft 12AWG Pro,173.8,224.87,359,Safety,Midwest,4,1227
Power Strip 6-Outlet USB Ultra,114.88,155.32,419,Safety,East Coast,7,1416
Cable Protector Ramp V3,118.6,141.02,942,Safety,Primary,2,1661
Lockout Tagout Kit XL,204.38,293.24,964,Safety,Primary,10,1064
Hazmat Spill Kit 5gal XL,83.39,111.05,56,Safety,East Coast,2,1025
Eye Wash Station Wall Lite+,214.51,260.06,141,Safety,East Coast,3,1316
Flammable Storage Cabinet Bulk,117.39,169.79,209,Safety,Primary,3,1435
4-Gas Detector Meter Smart,77.38,115.19,718,Safety,East Coast,3,1787
Small Box 8x8x8 25pk Compact,48.09,69.78,1522,Packaging,Primary,83,11347
Medium Box 12x12x12 25pk V3,11.82,15.97,5766,Packaging,East Coast,64,15809
Large Box 18x18x18 15pk Advanced,70.03,88.97,538,Packaging,East Coast,96,15282
Bubble Wrap Roll 175ft Elite,65.64,101.24,4132,Packaging,International,64,11047
Packing Peanuts 14cu ft XL,87.01,116.67,3593,Packaging,East Coast,50,11215
Shipping Tape Clear 6pk Max,57.95,87.41,7353,Packaging,South,49,15728
Shipping Labels 4x6 500ct V3,80.53,116.07,2955,Packaging,West Coast,20,12353
Poly Mailers 10x13 100pk Lite+,62.52,95.74,3738,Packaging,East Coast,65,11847
Stretch Wrap 18in 1000ft Eco,38.67,47.75,5834,Packaging,Midwest,24,13846
Kraft Packing Paper 25lb Lite,81.76,116.14,7622,Packaging,East Coast,25,14189
Foam Sheets 12x12 50pk Compact,55.03,83.38,2079,Packaging,East Coast,84,16610
Strapping Tape 2in 6pk V3,34.92,43.28,8150,Packaging,Midwest,35,11277
Pallet Wrap 80ga 1500ft Mini,32.53,50.04,9170,Packaging,South,48,17315
Air Pillow Film Roll Basic,57.26,72.9,1568,Packaging,International,83,15457
Tissue Paper White 100pk HD,83.15,125.13,8851,Packaging,Midwest,53,16384
Gift Boxes Assorted 12pk Lite+,18.83,25.93,4403,Packaging,East Coast,36,11189
Satin Ribbon Roll 50yd V3,88.41,140.84,2420,Packaging,International,40,17533
Gift Bags Medium 24pk Advanced,2.5,3.11,4884,Packaging,West Coast,52,11261
Kraft Paper Roll 36in x 200ft Basic,89.14,137.56,9374,Packaging,International,39,15876
Corrugated Roll 48in x 100ft V2,16.9,26.76,6735,Packaging,East Coast,27,13088
Whole Bean Coffee 2lb Smart,54.62,69.27,1552,Food & Beverage,Midwest,26,3201
Ground Coffee Medium 5lb Eco,46.16,63.35,2987,Food & Beverage,Primary,21,4002
Earl Grey Tea 200ct Mini,30.17,37.56,2830,Food & Beverage,Primary,21,4129
Cane Sugar 10lb Eco,2.33,3.23,968,Food & Beverage,Primary,23,4248
Coffee Creamer Singles 100pk Basic,19.17,22.14,2733,Food & Beverage,Midwest,8,3900
Paper Cups 12oz 100pk V2,23.27,27.23,1204,Food & Beverage,East Coast,27,4635
PLA Lids 12oz 100pk Elite,45.89,60.38,1526,Food & Beverage,West Coast,18,3259
Wood Stirrers 1000pk Premium,43.91,51.19,1334,Food & Beverage,Primary,14,5329
Cocktail Napkins 500pk V2,51.65,71.32,1538,Food & Beverage,International,8,4753
Paper Plates 9in 100pk Premium,5.82,7.85,2787,Food & Beverage,Midwest,16,4351
Wood Cutlery Set 200pk Premium,2.9,4.28,404,Food & Beverage,South,24,4539
Spring Water 24pk 16oz V3,33.32,43.58,2064,Food & Beverage,Primary,17,3757
Granola Bars Variety 36pk Lite+,44.58,63.92,104,Food & Beverage,Midwest,14,3691
Mixed Nuts 2lb Canister V2,37.33,43.86,2700,Food & Beverage,East Coast,21,3393
Dried Fruit Mix 3lb Lite,9.93,11.67,856,Food & Beverage,International,24,3997
Multigrain Crackers 8pk HD,50.01,68.37,1925,Food & Beverage,International,23,5320
Creamy Peanut Butter 40oz Ultra,23.52,31.71,2173,Food & Beverage,Primary,21,3883
Strawberry Jam 32oz V2,24.6,35.98,977,Food & Beverage,East Coast,8,3759
Chicken Noodle Soup 6pk Ultra,36.56,50.68,145,Food & Beverage,International,20,4389
Solid Light Tuna 8pk Elite,53.08,70.98,1976,Food & Beverage,Midwest,26,5231
Jasmine Rice 25lb XL,14.57,20.01,881,Food & Beverage,International,26,5341
Penne Pasta 6pk 1lb Standard,12.76,17.37,2610,Food & Beverage,West Coast,30,4565
Extra Virgin Olive Oil 1L Standard,11.98,17.78,2782,Food & Beverage,International,29,5368
Balsamic Vinegar 500ml Bulk,11.63,13.88,217,Food & Beverage,South,11,3495
Sea Salt & Pepper Set Lite,20.65,23.92,1459,Food & Beverage,West Coast,21,4548
Spice Rack 20-Jar Standard,31.84,41.7,1193,Food & Beverage,International,21,3028
Raw Honey 32oz Plus,2.06,2.67,2328,Food & Beverage,West Coast,20,4620
Organic Granola 2lb Standard,30.87,43.74,2063,Food & Beverage,South,18,4219
Whey Protein 5lb Chocolate Ultra,33.43,49.25,394,Food & Beverage,Midwest,19,3824
Electrolyte Mix 30pk Lemon XL,24.61,36.83,1082,Food & Beverage,Primary,16,3135
Wireless Mouse HD,223.62,285.32,117,Electronics,Primary,4,601
Mechanical Keyboard Elite,666.51,1026.44,294,Electronics,East Coast,4,815
USB-C Hub Ultra,400.03,477.62,330,Electronics,West Coast,5,832
Webcam HD Max,514.53,669.95,169,Electronics,International,2,525
Bluetooth Speaker XL,536.24,770.9,96,Electronics,Primary,3,679
Portable Charger V2,478.47,638.79,350,Electronics,West Coast,2,718
HDMI Cable Eco,888.77,1325.45,319,Electronics,South,3,768
SSD 1TB Basic,757.24,1102.07,318,Electronics,West Coast,4,678
RAM 16GB Module HD,593.43,741.32,174,Electronics,International,3,649
Graphics Card RTX Eco,280.12,350.98,42,Electronics,Primary,3,813
CPU Processor Compact,514.6,716.01,130,Electronics,International,5,624
Motherboard ATX Premium,251.83,335.02,120,Electronics,Midwest,5,638
Power Supply 750W Premium,20.37,29.61,433,Electronics,East Coast,5,587
PC Case Mid-Tower Eco,47.73,61.16,220,Electronics,International,2,809
Monitor 27 4K Lite+,652.57,807.5,299,Electronics,South,5,828
Laptop Stand Aluminum Elite,773.03,972.35,132,Electronics,Primary,2,553
Noise Cancelling Headphones Elite,403.76,474.21,93,Electronics,Primary,1,745
Smart Watch Pro Lite+,297.51,449.15,270,Electronics,West Coast,3,598
Fitness Tracker Band HD,336.64,450.78,304,Electronics,East Coast,2,898
Wireless Earbuds Plus,223.77,261.18,147,Electronics,West Coast,5,721
Tablet 10 inch Compact,836.37,1011.47,317,Electronics,Primary,2,790
E-Reader Paperwhite Pro,131.58,190.12,187,Electronics,Primary,1,569
Smart Plug WiFi V3,661.79,883.22,444,Electronics,South,4,682
WiFi Router AX Smart,355.49,455.85,177,Electronics,South,4,501
Network Switch 8-Port HD,873.91,1032.57,298,Electronics,Primary,5,611
External HDD 2TB Premium,636.71,872.94,101,Electronics,West Coast,3,856
Flash Drive 128GB Compact,352.16,416.91,119,Electronics,West Coast,5,781
Memory Card 256GB Plus,797.09,1011.23,98,Electronics,East Coast,2,708
Desk Lamp LED Max,34.97,43.69,163,Electronics,East Coast,4,649
Phone Charger 65W Premium,368.89,521.02,14,Electronics,International,3,618
Screen Protector Glass Ultra,644.21,847.96,384,Electronics,South,4,900
Phone Case Silicone Pro,34.24,50.22,491,Electronics,International,3,863
Laptop Sleeve 15in Max,514.33,649.2,390,Electronics,East Coast,5,525
Monitor Arm Single Lite,583.74,898.32,229,Electronics,Midwest,3,532
Keyboard Wrist Rest Premium,173.55,202.19,111,Electronics,East Coast,3,529
Mouse Pad XXL Eco,485.22,711.6,192,Electronics,East Coast,1,583
Cable Management Kit Basic,550.5,694.8,205,Electronics,Midwest,3,592
Surge Protector 12-Outlet Bulk,658.2,955.41,393,Electronics,East Coast,2,601
UPS Battery 1500VA Max,470.68,570.15,411,Electronics,East Coast,2,504
USB Microphone Pro,125.33,164.25,60,Electronics,Primary,2,604
Ring Light 18in Eco,24.66,30.3,214,Electronics,Primary,4,725
Green Screen 5x7ft Mini,604.94,799.19,238,Electronics,Midwest,3,505
Streaming Deck MK2 HD,132.09,177.18,317,Electronics,West Coast,3,884
Capture Card 4K Eco,809.29,949.03,147,Electronics,Primary,3,607
Drone Camera Pro Lite,847.7,1033.53,123,Electronics,West Coast,5,784
Action Camera 4K Lite+,157.71,183.2,143,Electronics,East Coast,2,523
Digital Camera Mirrorless Basic,269.92,317.76,414,Electronics,Primary,5,879
Camera Lens 50mm Lite,411.53,500.1,88,Electronics,Primary,2,649
Tripod Carbon Fiber XL,57.35,84.63,374,Electronics,International,4,632
Camera Bag Backpack Basic,419.0,611.94,57,Electronics,International,4,828
SD Card Reader Lite+,292.4,366.72,59,Electronics,East Coast,5,807
Ballpoint Pens 12pk Premium,9.96,14.1,1129,Office Supplies,Midwest,11,3099
Sticky Notes 8pk Max,142.16,210.61,323,Office Supplies,Primary,14,3035
File Folders 24pk V2,28.84,44.97,1663,Office Supplies,Midwest,14,2789
Printer Paper A4 5-Ream Basic,51.43,69.58,1058,Office Supplies,Midwest,8,2506
Ink Cartridge Black XL Eco,113.27,166.6,1595,Office Supplies,Primary,6,2381
Ink Cartridge Color Combo Max,16.13,28.83,264,Office Supplies,South,20,2937
Desk Organizer Bamboo Plus,43.19,60.81,1429,Office Supplies,South,17,3521
Paper Shredder Cross-Cut Plus,120.86,209.63,1860,Office Supplies,Primary,6,2930
Laminator Machine A4 Lite+,53.15,64.93,1308,Office Supplies,East Coast,11,3225
Label Maker Portable XL,19.54,34.84,1284,Office Supplies,West Coast,12,3422
Whiteboard Magnetic 48x36 V2,108.07,177.36,1857,Office Supplies,Primary,7,3011
Dry Erase Markers 8pk V2,32.42,56.51,1956,Office Supplies,West Coast,16,3532
Whiteboard Eraser Eco,40.44,59.55,354,Office Supplies,West Coast,4,2738
Stapler Heavy-Duty Max,26.84,38.26,791,Office Supplies,West Coast,14,3403
Staples 5000pk Elite,158.35,226.36,1982,Office Supplies,International,10,2399
Tape Dispenser Desktop Pro,124.93,211.12,434,Office Supplies,West Coast,13,2602
Scissors Titanium Ultra,158.02,268.65,644,Office Supplies,Midwest,20,3062
Paper Clips 100pk Advanced,108.26,189.83,44,Office Supplies,Primary,12,2951
Binder Clips Assorted 24pk V2,2.85,4.06,1419,Office Supplies,South,16,3568
Rubber Bands 1lb XL,13.78,22.87,661,Office Supplies,Midwest,10,3396
Envelopes White 100pk Lite+,47.07,76.31,392,Office Supplies,International,16,2874
Notebooks College-Ruled 6pk V3,29.63,51.16,1537,Office Supplies,East Coast,14,2848
Daily Planner 2024 Premium,34.11,59.79,991,Office Supplies,East Coast,14,2349
Scientific Calculator XL,102.54,124.13,184,Office Supplies,South,16,2715
Ruler Metal 12in Lite,26.38,41.23,76,Office Supplies,International,15,3172
3-Hole Punch V2,28.01,38.42,166,Office Supplies,Midwest,14,3574
Letter Tray Stackable V3,8.53,13.26,666,Office Supplies,Midwest,16,2476
Magazine Rack Wire Eco,83.93,136.98,335,Office Supplies,South,17,2352
Bulletin Board Cork 36x24 Standard,119.87,212.45,107,Office Supplies,Primary,17,2772
Push Pins Colored 100pk Bulk,119.72,188.45,75,Office Supplies,East Coast,14,2198
Correction Tape 3pk V3,130.57,174.16,1122,Office Supplies,West Coast,5,2089
Glue Sticks Washable 6pk Elite,96.66,165.35,1462,Office Supplies,International,9,2131
Index Cards Ruled 200pk Lite,32.64,42.14,1965,Office Supplies,West Coast,9,2156
Graph Paper Pad 4x4 Standard,92.53,161.65,250,Office Supplies,East Coast,15,3102
Legal Pads Yellow 3pk HD,98.28,149.53,842,Office Supplies,Primary,13,2017
Presentation Folders 25pk Elite,20.64,28.81,1159,Office Supplies,West Coast,5,2797
Sheet Protectors 50pk Standard,135.26,230.25,1399,Office Supplies,Midwest,4,2087
Report Covers Prong 12pk V2,103.03,154.7,1929,Office Supplies,International,19,2905
Clipboard Letter-Size Advanced,87.0,147.83,1086,Office Supplies,International,14,3589
Pen Holder Mesh Compact,115.17,157.67,1802,Office Supplies,West Coast,16,3533
Ergonomic Office Chair Mini,848.26,1117.38,29,Furniture,Primary,2,123
Electric Standing Desk Smart,227.34,313.51,20,Furniture,East Coast,1,109
L-Shaped Corner Desk V2,58.35,76.27,7,Furniture,South,2,120
5-Tier Bookshelf Premium,761.04,1018.84,16,Furniture,South,2,162
3-Drawer Filing Cabinet Elite,1089.44,1427.17,16,Furniture,South,1,160
Conference Table 8-seat Ultra,244.42,324.62,77,Furniture,International,2,173
Guest Chair Padded Advanced,166.77,191.5,91,Furniture,International,1,114
Desk Lamp Architect Basic,62.17,72.48,57,Furniture,Primary,2,152
Chair Floor Mat 48x36 V2,999.0,1117.6,46,Furniture,South,1,120
Monitor Riser Wood Bulk,298.98,364.4,14,Furniture,International,1,141
Storage Cabinet Locking Plus,480.86,554.83,33,Furniture,International,1,170
Coat Rack Standing Pro,1311.71,1660.55,22,Furniture,East Coast,2,178
Waste Basket Metal Elite,1082.37,1210.88,59,Furniture,International,2,168
Under-Desk Drawer Unit HD,258.88,320.29,57,Furniture,East Coast,1,129
Computer Desk Compact Basic,1390.37,1615.67,66,Furniture,East Coast,2,126
Gaming Chair Racing Lite+,591.25,782.87,66,Furniture,International,2,114
Recliner Leather Basic,1281.31,1697.75,100,Furniture,Midwest,2,122
3-Seat Sofa Fabric Ultra,177.99,218.97,41,Furniture,Primary,1,100
Coffee Table Glass V3,246.65,308.74,22,Furniture,International,1,128
Side Table Round Smart,242.96,316.31,67,Furniture,East Coast,1,144
TV Stand 65in Ultra,1041.24,1372.87,10,Furniture,International,2,141
Shoe Rack 4-Tier Pro,589.27,806.53,65,Furniture,International,2,112
Wardrobe Sliding-Door Plus,611.7,788.33,49,Furniture,International,1,100
6-Drawer Dresser Basic,748.41,1015.51,36,Furniture,South,1,109
Nightstand 2-Drawer Max,672.58,829.55,54,Furniture,South,1,158
Queen Bed Frame Metal Mini,515.95,659.4,76,Furniture,International,1,169
Queen Memory Foam Mattress Standard,512.67,640.45,96,Furniture,International,1,119
Dining Table 6-seat Oak Compact,549.43,719.08,53,Furniture,South,2,121
Dining Chair Padded 2pk XL,819.53,924.64,43,Furniture,West Coast,2,126
Bar Stool Adjustable Smart,727.37,923.51,22,Furniture,East Coast,2,141
Kitchen Island Cart Smart,407.41,501.34,83,Furniture,International,1,156
Pantry Cabinet Tall Standard,1245.2,1586.14,79,Furniture,West Coast,1,156
Bathroom Vanity 36in Lite+,229.81,295.35,56,Furniture,Midwest,2,108
Mirror Cabinet LED Elite,879.57,1095.35,73,Furniture,South,1,170
Laundry Hamper Bamboo Ultra,454.05,592.04,34,Furniture,South,2,179
Room Divider 4-Panel Standard,588.68,660.84,67,Furniture,South,1,177
Accent Chair Velvet Standard,188.62,233.63,38,Furniture,International,2,166
Ottoman Storage Bulk,316.54,417.81,70,Furniture,West Coast,1,148
Console Table Entryway Elite,763.51,900.61,42,Furniture,East Coast,1,177
Storage Bench Entryway Advanced,1135.47,1547.36,43,Furniture,Primary,1,115
All-Purpose Cleaner 1gal V2,19.13,33.11,370,Cleaning,West Coast,35,6639
Glass Cleaner Spray 32oz Basic,27.88,35.7,4509,Cleaning,South,21,6108
Disinfectant Wipes 6pk Premium,17.42,22.68,1864,Cleaning,South,10,7278
Floor Cleaner Concentrate Elite,25.89,43.69,387,Cleaning,West Coast,31,6976
Bathroom Cleaner Foaming Basic,25.7,40.08,3930,Cleaning,International,26,8413
Kitchen Degreaser Mini,25.79,37.6,1987,Cleaning,Midwest,10,5611
Air Freshener Refills 3pk XL,41.35,52.66,1793,Cleaning,West Coast,12,7783
Microfiber Cloths 12pk Compact,34.67,50.33,4901,Cleaning,International,48,6457
Scrub Sponges 6pk V3,2.74,4.75,2978,Cleaning,Primary,34,6199
Rubber Gloves Latex 3pk Basic,13.23,20.28,3640,Cleaning,West Coast,44,7723
Trash Bags 13gal 50pk HD,21.3,27.18,3980,Cleaning,Primary,11,7677
Paper Towels 12-Roll Advanced,22.3,32.5,336,Cleaning,International,11,5462
Toilet Paper 24-Roll V3,20.39,34.55,1056,Cleaning,West Coast,13,5945
Hand Soap Refill 1gal Standard,15.03,26.07,1127,Cleaning,Primary,48,7438
Hand Sanitizer Pump 32oz Compact,22.81,36.1,3506,Cleaning,Midwest,45,8696
Spin Mop System XL,9.09,15.63,3145,Cleaning,East Coast,19,8225
Angle Broom Mini,15.92,22.64,4943,Cleaning,Midwest,37,8572
Dustpan Combo Max,15.56,22.76,1510,Cleaning,East Coast,21,8845
Vacuum Bags 6pk Mini,28.19,39.91,1815,Cleaning,International,50,7652
Dish Soap Lemon 32oz Standard,20.9,26.43,4137,Cleaning,Midwest,29,6967
Dishwasher Pods 60pk Standard,25.27,40.24,2717,Cleaning,East Coast,33,7446
Laundry Detergent 100oz Smart,20.79,27.76,1948,Cleaning,West Coast,44,5922
Fabric Softener Sheets 240ct Pro,23.03,29.73,1173,Cleaning,International,28,6364
Stain Remover Spray XL,11.38,15.17,4931,Cleaning,International,13,5013
Bleach Concentrate 1gal Eco,18.96,29.94,798,Cleaning,International,14,8806
Extendable Duster 10ft Lite+,12.18,19.97,1222,Cleaning,Midwest,50,8972
Window Squeegee 12in Lite+,8.75,14.32,4441,Cleaning,East Coast,44,7996
Toilet Brush Set Smart,16.9,23.84,2681,Cleaning,East Coast,45,6330
Heavy-Duty Plunger V2,27.13,38.05,2886,Cleaning,West Coast,18,7919
Drain Cleaner Gel 32oz Mini,19.46,33.84,2734,Cleaning,South,41,6508
Lint Roller Mega 4pk Lite,21.29,27.2,477,Cleaning,International,43,8488
Carpet Cleaner Shampoo Plus,17.62,27.3,2166,Cleaning,West Coast,38,6860
Wood Polish Spray Premium,22.28,36.37,1809,Cleaning,East Coast,32,8163
Stainless Steel Cleaner Standard,20.85,31.58,2473,Cleaning,Midwest,17,8413
Oven Cleaner Heavy-Duty Mini,17.33,24.26,4728,Cleaning,West Coast,39,5816
Grout Cleaner Brush Set Standard,38.44,59.64,350,Cleaning,Midwest,31,5947
First Aid Kit 200-Piece Advanced,134.98,165.73,137,Safety,Midwest,10,1222
Fire Extinguisher ABC 5lb Lite,218.84,256.92,215,Safety,South,5,1659
Safety Goggles Anti-Fog Smart,245.16,318.58,48,Safety,South,10,1485
Work Gloves Leather 12pk Basic,222.74,319.46,580,Safety,East Coast,3,1361
Hard Hat OSHA-Compliant Lite+,137.2,167.21,302,Safety,East Coast,10,1445
Safety Vest Hi-Vis 10pk Bulk,172.01,216.68,135,Safety,West Coast,9,1708
Ear Plugs NRR32 50pk HD,83.7,115.62,958,Safety,East Coast,7,1746
N95 Dust Masks 50pk Lite+,203.61,290.04,61,Safety,South,3,1524
Face Shields Anti-Fog 5pk Mini,90.99,126.47,202,Safety,Midwest,6,1285
Steel-Toe Work Boots Lite+,24.64,32.47,770,Safety,South,8,1166
Knee Pads Gel-Insert Compact,148.45,174.11,327,Safety,Midwest,5,1214
Back Support Belt Large Max,148.15,200.22,919,Safety,Midwest,8,1644
Anti-Fatigue Mat 3x5ft Premium,243.0,308.49,634,Safety,Primary,2,1706
Wet Floor Sign Bilingual Mini,14.91,20.25,358,Safety,South,9,1233
Traffic Cone 28in Pro,134.23,165.36,963,Safety,Primary,7,1167
Fire Blanket 4x6ft Lite,136.45,176.48,544,Safety,East Coast,6,1294
Smoke Detector 10-Year Standard,99.3,139.78,536,Safety,South,10,1304
CO Detector Digital Smart,181.88,246.26,458,Safety,West Coast,4,1574
Emergency Kit 72-Hour Lite+,84.16,117.7,366,Safety,South,10,1129
Heavy-Duty Flashlight Mini,211.12,246.58,156,Safety,International,3,1451
AA Batteries 24pk Elite,117.3,157.02,686,Safety,West Coast,3,1140
AAA Batteries 24pk Advanced,136.49,187.5,939,Safety,Midwest,9,1083
Extension Cord 25ft 12AWG Pro,231.78,327.44,551,Safety,West Coast,6,1268
Power Strip 6-Outlet USB Mini,198.11,282.94,221,Safety,East Coast,8,1508
Cable Protector Ramp Advanced,248.74,371.55,117,Safety,International,3,1186
Lockout Tagout Kit V3,160.63,196.53,524,Safety,Midwest,7,1770
Hazmat Spill Kit 5gal Basic,31.18,36.75,261,Safety,Primary,9,1551
Eye Wash Station Wall Premium,236.48,299.81,21,Safety,South,2,1755
Flammable Storage Cabinet Elite,158.68,191.75,117,Safety,South,9,1479
4-Gas Detector Meter Plus,94.49,113.55,892,Safety,South,8,1433
Small Box 8x8x8 25pk V3,20.67,31.33,1565,Packaging,International,100,16791
Medium Box 12x12x12 25pk Bulk,67.26,95.2,438,Packaging,International,79,17874
Large Box 18x18x18 15pk Pro,69.42,101.88,3297,Packaging,Midwest,36,15515
Bubble Wrap Roll 175ft Pro,67.41,84.17,9531,Packaging,South,50,16449
Packing Peanuts 14cu ft Lite,1.93,3.06,8826,Packaging,South,36,16986
Shipping Tape Clear 6pk Lite+,28.36,41.36,5263,Packaging,East Coast,64,10993
Shipping Labels 4x6 500ct HD,4.76,5.82,8801,Packaging,South,61,16769
Poly Mailers 10x13 100pk Mini,77.15,114.71,799,Packaging,Primary,56,12684
Stretch Wrap 18in 1000ft Max,27.64,41.07,3484,Packaging,West Coast,71,10570
Kraft Packing Paper 25lb Advanced,45.16,61.04,6687,Packaging,Midwest,37,17495
Foam Sheets 12x12 50pk Lite,20.32,27.22,9923,Packaging,East Coast,71,14655
Strapping Tape 2in 6pk V3,32.44,49.29,1088,Packaging,West Coast,20,15133
Pallet Wrap 80ga 1500ft Basic,29.64,45.93,7148,Packaging,International,31,13004
Air Pillow Film Roll Standard,41.08,53.34,5577,Packaging,Midwest,69,16720
Tissue Paper White 100pk Eco,53.05,75.72,5950,Packaging,Primary,64,16470
Gift Boxes Assorted 12pk Mini,34.8,45.19,797,Packaging,South,37,16867
Satin Ribbon Roll 50yd Eco,42.97,54.69,561,Packaging,South,40,14462
Gift Bags Medium 24pk HD,89.71,130.98,6815,Packaging,East Coast,20,12810
Kraft Paper Roll 36in x 200ft Standard,16.76,20.66,4276,Packaging,International,52,10562
Corrugated Roll 48in x 100ft HD,7.81,12.16,7666,Packaging,East Coast,61,15198
Whole Bean Coffee 2lb Bulk,30.38,43.64,1257,Food & Beverage,Primary,19,4087
Ground Coffee Medium 5lb XL,53.06,61.71,2771,Food & Beverage,Primary,23,5239
Earl Grey Tea 200ct Max,27.99,34.28,1111,Food & Beverage,Midwest,10,4993
Cane Sugar 10lb V3,24.38,36.0,2115,Food & Beverage,International,9,4078
Coffee Creamer Singles 100pk Premium,37.85,49.53,2196,Food & Beverage,East Coast,30,5371
Paper Cups 12oz 100pk Elite,18.8,23.01,118,Food & Beverage,South,24,4686
PLA Lids 12oz 100pk Plus,24.17,31.2,2877,Food & Beverage,South,30,3014
Wood Stirrers 1000pk V2,11.18,14.96,1169,Food & Beverage,Midwest,25,5085
Cocktail Napkins 500pk Premium,48.17,68.11,1466,Food & Beverage,West Coast,9,3971
Paper Plates 9in 100pk Basic,41.68,54.55,2040,Food & Beverage,West Coast,9,4857
Wood Cutlery Set 200pk V3,3.13,4.66,2294,Food & Beverage,Primary,23,3490
Spring Water 24pk 16oz Compact,46.47,66.79,2982,Food & Beverage,East Coast,30,3143
Granola Bars Variety 36pk Standard,52.2,70.82,2171,Food & Beverage,Midwest,8,5077
Mixed Nuts 2lb Canister V3,31.06,40.54,1501,Food & Beverage,International,22,3911
Dried Fruit Mix 3lb Eco,13.37,16.7,1975,Food & Beverage,West Coast,20,3057
Multigrain Crackers 8pk Mini,14.33,16.52,81,Food & Beverage,West Coast,25,3461
Creamy Peanut Butter 40oz V3,29.17,40.05,1746,Food & Beverage,South,6,3763
Strawberry Jam 32oz Max,22.98,29.23,713,Food & Beverage,Primary,7,4073
Chicken Noodle Soup 6pk V2,47.7,58.74,378,Food & Beverage,International,25,3142
Solid Light Tuna 8pk XL,25.86,30.95,1129,Food & Beverage,Primary,30,4144
Jasmine Rice 25lb Pro,5.0,6.96,2854,Food & Beverage,Primary,24,4114
Penne Pasta 6pk 1lb Elite,13.4,16.68,1013,Food & Beverage,Primary,23,3308
Extra Virgin Olive Oil 1L Smart,27.58,37.66,434,Food & Beverage,East Coast,26,3591
Balsamic Vinegar 500ml Premium,30.83,40.48,2435,Food & Beverage,Midwest,29,5285
Sea Salt & Pepper Set Max,41.45,61.93,2382,Food & Beverage,East Coast,19,3838
Spice Rack 20-Jar V2,21.78,32.61,1252,Food & Beverage,West Coast,10,3759
Raw Honey 32oz Pro,16.05,23.46,2674,Food & Beverage,East Coast,27,3876
Organic Granola 2lb HD,7.28,9.73,2577,Food & Beverage,East Coast,7,3145
Whey Protein 5lb Chocolate Standard,22.28,28.99,2846,Food & Beverage,Primary,18,3881
Electrolyte Mix 30pk Lemon Lite+,2.64,3.54,1867,Food & Beverage,Primary,28,3695
Wireless Mouse Max,702.24,816.51,176,Electronics,Midwest,2,700
Mechanical Keyboard Max,67.72,87.64,214,Electronics,Primary,5,798
USB-C Hub Pro,308.37,413.31,165,Electronics,Primary,1,530
Webcam HD Lite+,222.84,286.0,413,Electronics,Primary,5,506
Bluetooth Speaker Ultra,198.49,264.9,102,Electronics,Midwest,1,835
Portable Charger V2,148.42,177.16,281,Electronics,Primary,4,789
HDMI Cable Advanced,427.99,505.13,204,Electronics,East Coast,4,572
SSD 1TB Mini,27.33,40.43,166,Electronics,Midwest,3,880
RAM 16GB Module Mini,898.92,1073.66,90,Electronics,Midwest,5,535
Graphics Card RTX Pro,412.04,524.34,213,Electronics,East Coast,1,574
CPU Processor Standard,267.36,391.58,467,Electronics,West Coast,2,594
Motherboard ATX Max,88.09,115.3,78,Electronics,East Coast,3,592
Power Supply 750W Elite,246.54,291.64,493,Electronics,West Coast,1,798
PC Case Mid-Tower Standard,669.01,888.73,436,Electronics,Midwest,4,592
Monitor 27 4K Smart,25.23,35.82,220,Electronics,Primary,3,661
Laptop Stand Aluminum Eco,831.04,1112.04,45,Electronics,West Coast,4,808
Noise Cancelling Headphones Basic,26.58,40.89,73,Electronics,International,3,676
Smart Watch Pro XL,527.99,681.27,200,Electronics,Primary,1,567
Fitness Tracker Band Mini,519.6,620.49,494,Electronics,Primary,5,797
Wireless Earbuds V2,725.85,991.65,212,Electronics,South,3,875
Tablet 10 inch Basic,796.98,997.91,289,Electronics,International,4,763
E-Reader Paperwhite HD,118.58,158.36,35,Electronics,South,1,756
Smart Plug WiFi Premium,284.21,356.26,266,Electronics,International,2,724
WiFi Router AX Basic,878.9,1354.11,61,Electronics,Midwest,5,516
Network Switch 8-Port Standard,559.64,770.57,48,Electronics,Primary,4,653
External HDD 2TB Plus,366.28,529.2,396,Electronics,East Coast,5,893
Flash Drive 128GB Compact,549.1,791.88,70,Electronics,East Coast,2,666
Memory Card 256GB Premium,488.6,661.54,143,Electronics,South,4,520
Desk Lamp LED V2,109.96,151.7,275,Electronics,West Coast,4,663
Phone Charger 65W HD,172.81,248.11,9,Electronics,East Coast,2,533
Screen Protector Glass V3,670.41,902.82,485,Electronics,West Coast,2,507
Phone Case Silicone Bulk,6.33,7.81,116,Electronics,Primary,1,531
Laptop Sleeve 15in Pro,495.95,645.11,411,Electronics,International,3,880
Monitor Arm Single Compact,410.83,570.03,318,Electronics,South,1,501
Keyboard Wrist Rest Advanced,516.7,755.03,51,Electronics,Primary,1,629
Mouse Pad XXL Compact,719.5,834.09,493,Electronics,South,1,696
Cable Management Kit Max,739.26,891.21,258,Electronics,International,2,733
Surge Protector 12-Outlet Elite,607.56,928.37,300,Electronics,International,4,878
UPS Battery 1500VA Smart,45.03,51.94,412,Electronics,South,3,653
USB Microphone Lite,848.81,1270.36,285,Electronics,West Coast,4,745
Ring Light 18in Compact,224.22,262.4,476,Electronics,South,5,801
Green Screen 5x7ft Premium,617.45,771.58,65,Electronics,East Coast,1,870
Streaming Deck MK2 Ultra,78.82,93.67,456,Electronics,Primary,1,662
Capture Card 4K Smart,501.99,651.46,137,Electronics,East Coast,3,756
Drone Camera Pro Elite,866.75,1103.91,14,Electronics,West Coast,2,825
Action Camera 4K Pro,66.23,81.55,395,Electronics,Midwest,2,642
Digital Camera Mirrorless HD,31.82,40.69,488,Electronics,South,5,810
Camera Lens 50mm Premium,258.63,389.56,144,Electronics,Midwest,4,721
Tripod Carbon Fiber Max,645.92,767.48,286,Electronics,International,2,636
Camera Bag Backpack Pro,730.05,1045.82,281,Electronics,South,1,852
SD Card Reader Max,828.98,1169.73,267,Electronics,West Coast,4,805
Ballpoint Pens 12pk Pro,27.72,48.08,308,Office Supplies,West Coast,5,3087
Sticky Notes 8pk Advanced,159.82,239.43,1430,Office Supplies,Midwest,14,2278
File Folders 24pk Eco,142.35,201.44,414,Office Supplies,East Coast,17,2638
Printer Paper A4 5-Ream Eco,62.65,92.26,37,Office Supplies,East Coast,13,2178
Ink Cartridge Black XL Smart,17.95,29.85,1966,Office Supplies,International,8,3129
Ink Cartridge Color Combo Bulk,20.19,25.64,877,Office Supplies,East Coast,6,3286
Desk Organizer Bamboo Bulk,62.93,76.19,1383,Office Supplies,Primary,16,2234
Paper Shredder Cross-Cut Plus,84.17,109.74,133,Office Supplies,Midwest,12,2873
Laminator Machine A4 Pro,10.63,13.57,516,Office Supplies,Midwest,20,2293
Label Maker Portable Lite,6.3,10.29,1547,Office Supplies,East Coast,9,2410
Whiteboard Magnetic 48x36 Elite,132.57,232.68,894,Office Supplies,Primary,6,2718
Dry Erase Markers 8pk Max,6.26,10.91,1958,Office Supplies,Midwest,15,2023
Whiteboard Eraser HD,78.91,110.08,1977,Office Supplies,Midwest,12,2639
Stapler Heavy-Duty Plus,174.75,241.73,383,Office Supplies,Midwest,8,2900
Staples 5000pk Eco,153.53,211.86,1710,Office Supplies,South,4,2219
Tape Dispenser Desktop Lite,60.59,72.96,1042,Office Supplies,West Coast,10,3498
Scissors Titanium Lite+,152.32,206.5,736,Office Supplies,Midwest,17,2170
Paper Clips 100pk HD,96.72,125.53,670,Office Supplies,International,7,3534
Binder Clips Assorted 24pk Max,148.86,238.31,395,Office Supplies,Primary,16,2927
Rubber Bands 1lb Advanced,71.17,103.27,1677,Office Supplies,International,16,2719
Envelopes White 100pk Compact,171.53,293.93,585,Office Supplies,Midwest,6,3272
Notebooks College-Ruled 6pk HD,153.56,225.0,1773,Office Supplies,West Coast,12,3277
Daily Planner 2024 Lite+,84.61,105.62,346,Office Supplies,East Coast,5,3308
Scientific Calculator XL,3.69,5.34,1930,Office Supplies,West Coast,7,3045
Ruler Metal 12in Advanced,102.25,183.65,318,Office Supplies,West Coast,8,2481
3-Hole Punch Premium,146.29,202.55,649,Office Supplies,Midwest,17,3513
Letter Tray Stackable Basic,28.27,35.8,197,Office Supplies,Midwest,14,3304
Magazine Rack Wire Premium,109.22,180.29,355,Office Supplies,South,15,2525
Bulletin Board Cork 36x24 V2,4.08,5.87,1435,Office Supplies,International,12,2579
Push Pins Colored 100pk Lite,138.19,174.21,1474,Office Supplies,East Coast,19,3585
Correction Tape 3pk Basic,99.53,151.16,969,Office Supplies,International,11,2005
Glue Sticks Washable 6pk HD,42.8,57.15,1406,Office Supplies,South,13,3024
Index Cards Ruled 200pk V2,130.6,198.11,587,Office Supplies,Primary,17,3099
Graph Paper Pad 4x4 Compact,73.52,126.43,57,Office Supplies,Primary,15,2201
Legal Pads Yellow 3pk Plus,33.53,43.47,1818,Office Supplies,East Coast,15,2636
Presentation Folders 25pk Premium,15.72,25.71,526,Office Supplies,International,4,2242
Sheet Protectors 50pk Compact,10.12,15.86,1967,Office Supplies,Primary,20,2868
Report Covers Prong 12pk Eco,89.9,113.3,1515,Office Supplies,Primary,20,2788
Clipboard Letter-Size Plus,37.27,46.12,1451,Office Supplies,South,10,2215
Pen Holder Mesh Ultra,99.59,154.9,1257,Office Supplies,Primary,5,2164
Ergonomic Office Chair Premium,79.27,87.51,40,Furniture,East Coast,2,114
Electric Standing Desk Mini,1059.04,1322.65,14,Furniture,Midwest,2,171
L-Shaped Corner Desk Plus,1100.62,1245.34,82,Furniture,West Coast,2,119
5-Tier Bookshelf Smart,1369.66,1913.67,94,Furniture,South,2,112
3-Drawer Filing Cabinet Standard,1188.97,1534.77,69,Furniture,Primary,2,146
Conference Table 8-seat Mini,140.16,194.47,45,Furniture,South,1,143
Guest Chair Padded V2,998.92,1105.59,23,Furniture,International,2,166
Desk Lamp Architect Pro,678.83,905.43,78,Furniture,Midwest,1,129
Chair Floor Mat 48x36 Mini,1325.6,1500.23,5,Furniture,Midwest,1,178
Monitor Riser Wood Max,212.15,246.27,78,Furniture,Midwest,2,132
Storage Cabinet Locking Lite+,1092.73,1377.54,64,Furniture,Primary,2,129
Coat Rack Standing Ultra,1233.89,1564.45,15,Furniture,West Coast,1,123
Waste Basket Metal Basic,55.37,72.91,72,Furniture,Midwest,2,145
Under-Desk Drawer Unit Advanced,77.97,89.74,34,Furniture,East Coast,2,124
Computer Desk Compact V3,1231.2,1710.39,22,Furniture,South,1,150
Gaming Chair Racing Plus,1112.45,1352.0,87,Furniture,West Coast,2,170
Recliner Leather Ultra,389.33,506.1,4,Furniture,International,2,156
3-Seat Sofa Fabric XL,125.49,161.37,17,Furniture,West Coast,1,173
Coffee Table Glass Max,157.09,175.39,16,Furniture,East Coast,2,138
Side Table Round Compact,134.23,167.0,3,Furniture,West Coast,1,125
TV Stand 65in Plus,1371.64,1901.78,85,Furniture,West Coast,2,120
Shoe Rack 4-Tier V3,994.34,1301.05,81,Furniture,East Coast,1,173
Wardrobe Sliding-Door Standard,774.6,920.11,10,Furniture,Primary,1,103
6-Drawer Dresser Standard,1281.07,1693.03,78,Furniture,West Coast,1,101
Nightstand 2-Drawer Eco,98.95,111.84,11,Furniture,International,2,160
Queen Bed Frame Metal XL,1077.38,1415.99,51,Furniture,International,2,151
Queen Memory Foam Mattress Eco,350.44,476.71,80,Furniture,West Coast,2,129
Dining Table 6-seat Oak Basic,158.83,174.86,4,Furniture,Midwest,1,135
Dining Chair Padded 2pk HD,389.32,544.3,64,Furniture,West Coast,2,115
Bar Stool Adjustable Lite+,371.86,446.64,97,Furniture,South,1,117
Kitchen Island Cart Lite,1271.46,1744.8,44,Furniture,East Coast,1,117
Pantry Cabinet Tall Elite,542.94,688.9,66,Furniture,West Coast,1,143
Bathroom Vanity 36in Premium,246.25,333.97,83,Furniture,Midwest,1,176
Mirror Cabinet LED V2,344.97,419.14,21,Furniture,Midwest,2,137
Laundry Hamper Bamboo XL,1088.37,1335.27,61,Furniture,Primary,2,118
Room Divider 4-Panel XL,123.26,139.35,60,Furniture,South,1,107
Accent Chair Velvet Ultra,202.22,245.75,35,Furniture,International,2,168
Ottoman Storage Eco,691.78,910.93,29,Furniture,West Coast,1,162
Console Table Entryway Standard,1370.93,1726.03,25,Furniture,Primary,2,137
Storage Bench Entryway Standard,721.94,864.38,60,Furniture,Primary,1,149
All-Purpose Cleaner 1gal V2,26.19,37.09,3281,Cleaning,East Coast,43,6649
Glass Cleaner Spray 32oz Ultra,10.0,15.08,2509,Cleaning,Midwest,12,6837
Disinfectant Wipes 6pk HD,12.78,16.04,3140,Cleaning,Midwest,23,5589
Floor Cleaner Concentrate Lite,38.97,62.48,2821,Cleaning,South,23,7976
Bathroom Cleaner Foaming Compact,22.46,35.84,2983,Cleaning,East Coast,48,5513
Kitchen Degreaser Advanced,20.54,30.85,3942,Cleaning,Midwest,48,5213
Air Freshener Refills 3pk Pro,36.29,54.74,4337,Cleaning,International,35,7422
Microfiber Cloths 12pk Eco,9.58,15.3,3085,Cleaning,Primary,25,6063
Scrub Sponges 6pk XL,35.89,57.2,4997,Cleaning,East Coast,19,6942
Rubber Gloves Latex 3pk Elite,19.98,25.81,2731,Cleaning,Midwest,48,8496
Trash Bags 13gal 50pk HD,42.92,70.31,2624,Cleaning,International,22,7792
Paper Towels 12-Roll Bulk,19.69,25.18,3930,Cleaning,Midwest,42,7438
Toilet Paper 24-Roll Lite+,32.56,46.3,1350,Cleaning,Primary,37,8483
Hand Soap Refill 1gal Elite,32.29,40.81,4366,Cleaning,East Coast,26,5602
Hand Sanitizer Pump 32oz Lite+,11.03,16.01,1116,Cleaning,East Coast,39,7984
Spin Mop System V2,4.56,6.1,1256,Cleaning,Primary,40,5423
Angle Broom Lite,37.94,63.17,4064,Cleaning,Primary,37,7485
Dustpan Combo Lite+,6.58,8.77,2462,Cleaning,South,20,7526
Vacuum Bags 6pk XL,6.9,9.55,4575,Cleaning,South,35,7363
Dish Soap Lemon 32oz Eco,3.39,4.54,898,Cleaning,South,37,8913
Dishwasher Pods 60pk Pro,10.92,18.33,1517,Cleaning,East Coast,21,5121
Laundry Detergent 100oz HD,44.78,78.01,4552,Cleaning,West Coast,10,5391
Fabric Softener Sheets 240ct V2,31.18,43.16,684,Cleaning,South,13,6729
Stain Remover Spray Pro,39.34,58.04,208,Cleaning,Primary,23,8302
Bleach Concentrate 1gal Compact,41.73,61.46,372,Cleaning,Primary,31,7806
Extendable Duster 10ft Plus,14.52,19.59,1563,Cleaning,Midwest,36,8420
Window Squeegee 12in V2,12.91,17.94,4781,Cleaning,Primary,24,8493
Toilet Brush Set Ultra,8.88,12.34,3683,Cleaning,South,37,5989
Heavy-Duty Plunger Pro,25.22,43.6,316,Cleaning,West Coast,35,8097
Drain Cleaner Gel 32oz Premium,4.62,7.81,4555,Cleaning,International,30,5445
Lint Roller Mega 4pk Smart,11.42,17.73,1092,Cleaning,East Coast,39,7870
Carpet Cleaner Shampoo Lite+,9.75,16.39,1361,Cleaning,Midwest,46,5482
Wood Polish Spray Eco,16.97,21.62,4663,Cleaning,East Coast,37,5243
Stainless Steel Cleaner HD,32.9,48.57,2762,Cleaning,East Coast,20,6858
Oven Cleaner Heavy-Duty Basic,29.71,42.42,1732,Cleaning,West Coast,47,7003
Grout Cleaner Brush Set Smart,34.2,52.78,241,Cleaning,Primary,38,7960
First Aid Kit 200-Piece Advanced,215.21,280.25,845,Safety,International,2,1428
Fire Extinguisher ABC 5lb Lite+,248.45,351.24,876,Safety,Primary,2,1173
Safety Goggles Anti-Fog Basic,5.53,7.74,115,Safety,Primary,4,1609
Work Gloves Leather 12pk V2,48.98,57.66,390,Safety,South,6,1243
Hard Hat OSHA-Compliant Plus,72.03,96.5,945,Safety,East Coast,2,1598
Safety Vest Hi-Vis 10pk V2,224.99,286.18,207,Safety,East Coast,5,1211
Ear Plugs NRR32 50pk Pro,239.48,295.91,78,Safety,West Coast,2,1157
N95 Dust Masks 50pk Bulk,87.98,131.15,126,Safety,West Coast,5,1345
Face Shields Anti-Fog 5pk Bulk,199.67,277.35,44,Safety,South,5,1414
Steel-Toe Work Boots Advanced,203.85,292.11,301,Safety,East Coast,5,1638
Knee Pads Gel-Insert Eco,50.61,61.07,880,Safety,East Coast,5,1403
Back Support Belt Large Elite,108.41,124.95,560,Safety,South,2,1355
Anti-Fatigue Mat 3x5ft Basic,249.96,307.62,139,Safety,West Coast,6,1770
Wet Floor Sign Bilingual Lite,42.94,58.09,464,Safety,South,7,1769
Traffic Cone 28in Compact,80.33,116.97,625,Safety,Primary,4,1057
Fire Blanket 4x6ft Max,62.95,83.33,212,Safety,Midwest,3,1492
Smoke Detector 10-Year Standard,148.24,184.89,77,Safety,East Coast,2,1393
CO Detector Digital Smart,194.39,241.8,105,Safety,West Coast,5,1458
Emergency Kit 72-Hour Smart,246.54,291.96,145,Safety,Midwest,4,1405
Heavy-Duty Flashlight Lite,176.64,209.31,391,Safety,Midwest,5,1739
AA Batteries 24pk Max,236.21,342.32,290,Safety,East Coast,9,1326
AAA Batteries 24pk Advanced,158.5,204.39,402,Safety,International,3,1145
Extension Cord 25ft 12AWG Pro,222.92,289.57,469,Safety,Primary,5,1027
Power Strip 6-Outlet USB Elite,149.49,206.44,910,Safety,West Coast,10,1275
Cable Protector Ramp Max,69.81,84.95,732,Safety,West Coast,3,1064
Lockout Tagout Kit Eco,215.43,274.48,335,Safety,East Coast,3,1277
Hazmat Spill Kit 5gal Max,27.79,38.18,316,Safety,Primary,5,1682
Eye Wash Station Wall Advanced,213.28,281.48,615,Safety,East Coast,9,1653
Flammable Storage Cabinet Premium,118.14,176.13,393,Safety,East Coast,6,1134
4-Gas Detector Meter Lite,126.92,156.45,848,Safety,International,6,1643
Small Box 8x8x8 25pk Bulk,63.34,89.68,1893,Packaging,International,95,11477
Medium Box 12x12x12 25pk Pro,27.92,39.57,8171,Packaging,Midwest,25,13534
Large Box 18x18x18 15pk Compact,74.83,95.73,3523,Packaging,East Coast,50,16205
Bubble Wrap Roll 175ft Elite,53.47,76.1,5904,Packaging,South,32,12932
Packing Peanuts 14cu ft Plus,15.77,21.87,8994,Packaging,Midwest,57,17864
Shipping Tape Clear 6pk Premium,6.1,8.59,8348,Packaging,South,65,16023
Shipping Labels 4x6 500ct Advanced,18.1,27.07,2914,Packaging,Midwest,61,15730
Poly Mailers 10x13 100pk Lite+,13.01,19.72,394,Packaging,Midwest,85,12180
Stretch Wrap 18in 1000ft Lite+,12.15,17.42,2857,Packaging,East Coast,66,12499
Kraft Packing Paper 25lb Bulk,66.6,82.06,9694,Packaging,South,70,11382
Foam Sheets 12x12 50pk V2,16.36,25.32,241,Packaging,East Coast,33,14368
Strapping Tape 2in 6pk XL,65.91,96.59,6747,Packaging,West Coast,41,16200
Pallet Wrap 80ga 1500ft Ultra,16.32,22.27,9749,Packaging,East Coast,52,17215
Air Pillow Film Roll Pro,9.07,14.32,2762,Packaging,West Coast,51,17553
Tissue Paper White 100pk Lite,26.59,38.01,9832,Packaging,Primary,21,16455
Gift Boxes Assorted 12pk Smart,63.49,86.79,2889,Packaging,East Coast,76,10325
Satin Ribbon Roll 50yd HD,36.47,47.59,5714,Packaging,South,26,17887
Gift Bags Medium 24pk XL,39.3,50.07,7918,Packaging,Primary,56,15300
Kraft Paper Roll 36in x 200ft Pro,64.83,93.73,917,Packaging,East Coast,30,14709
Corrugated Roll 48in x 100ft Eco,34.0,43.53,3010,Packaging,West Coast,37,11313
Whole Bean Coffee 2lb Ultra,6.96,10.32,940,Food & Beverage,International,18,3023
Ground Coffee Medium 5lb Plus,24.25,28.07,2196,Food & Beverage,Midwest,10,4889
Earl Grey Tea 200ct Plus,18.98,23.69,484,Food & Beverage,Primary,27,4712
Cane Sugar 10lb Lite+,53.71,78.13,1631,Food & Beverage,International,15,3894
Coffee Creamer Singles 100pk Advanced,39.8,50.7,90,Food & Beverage,East Coast,24,4333
Paper Cups 12oz 100pk Ultra,11.19,13.93,399,Food & Beverage,International,20,4743
PLA Lids 12oz 100pk Max,47.44,65.74,872,Food & Beverage,Primary,12,4680
Wood Stirrers 1000pk Pro,36.07,51.49,1090,Food & Beverage,Midwest,15,3381
Cocktail Napkins 500pk Standard,9.27,11.31,436,Food & Beverage,West Coast,18,4429
Paper Plates 9in 100pk Standard,8.16,11.52,1913,Food & Beverage,Midwest,11,4900
Wood Cutlery Set 200pk Compact,29.74,39.16,1751,Food & Beverage,Midwest,30,3129
Spring Water 24pk 16oz V3,43.87,59.73,767,Food & Beverage,West Coast,25,3184
Granola Bars Variety 36pk HD,44.87,59.03,1423,Food & Beverage,South,9,5095
Mixed Nuts 2lb Canister Ultra,3.05,3.6,2055,Food & Beverage,East Coast,25,5312
Dried Fruit Mix 3lb V2,17.89,21.72,720,Food & Beverage,East Coast,15,5295
Multigrain Crackers 8pk Ultra,18.31,26.0,348,Food & Beverage,East Coast,30,5032
Creamy Peanut Butter 40oz Eco,16.24,21.11,1403,Food & Beverage,Midwest,12,5052
Strawberry Jam 32oz Elite,15.54,20.97,74,Food & Beverage,West Coast,11,4470
Chicken Noodle Soup 6pk Basic,21.6,26.54,590,Food & Beverage,South,19,5291
Solid Light Tuna 8pk Plus,16.89,22.19,840,Food & Beverage,International,22,4777
Jasmine Rice 25lb Premium,5.35,6.18,43,Food & Beverage,East Coast,25,4388
Penne Pasta 6pk 1lb Advanced,48.34,66.18,1311,Food & Beverage,East Coast,21,4097
Extra Virgin Olive Oil 1L Lite,22.71,28.33,1345,Food & Beverage,Primary,30,3065
Balsamic Vinegar 500ml Elite,43.39,57.14,348,Food & Beverage,Primary,14,4750
Sea Salt & Pepper Set Standard,27.9,38.41,1711,Food & Beverage,West Coast,29,3384
Spice Rack 20-Jar Eco,26.15,38.82,2170,Food & Beverage,East Coast,14,4129
Raw Honey 32oz Ultra,4.72,6.63,367,Food & Beverage,International,23,4848
Organic Granola 2lb XL,48.56,60.2,1726,Food & Beverage,International,20,3538
Whey Protein 5lb Chocolate Compact,42.02,54.27,305,Food & Beverage,International,17,4216
Electrolyte Mix 30pk Lemon Lite,29.53,42.4,2524,Food & Beverage,Primary,24,3137
Wireless Mouse Max,410.27,623.53,90,Electronics,Primary,5,556
Mechanical Keyboard Advanced,280.72,327.43,237,Electronics,Primary,5,697
USB-C Hub Standard,878.78,1138.32,390,Electronics,West Coast,4,517
Webcam HD Plus,208.96,261.03,141,Electronics,South,4,803
Bluetooth Speaker Eco,194.09,253.98,335,Electronics,East Coast,4,840
Portable Charger Pro,736.59,985.85,410,Electronics,East Coast,1,780
HDMI Cable V2,662.73,873.65,459,Electronics,International,4,794
SSD 1TB Premium,699.61,976.46,399,Electronics,South,5,731
RAM 16GB Module Advanced,390.66,483.33,394,Electronics,South,3,846
Graphics Card RTX Plus,351.55,509.95,298,Electronics,West Coast,4,604
CPU Processor V2,628.26,896.8,449,Electronics,Midwest,5,887
Motherboard ATX Compact,26.54,39.48,413,Electronics,International,3,511
Power Supply 750W Standard,516.05,622.15,65,Electronics,West Coast,4,530
PC Case Mid-Tower Basic,383.22,548.03,44,Electronics,International,5,705
Monitor 27 4K Ultra,31.62,41.31,100,Electronics,Primary,1,890
Laptop Stand Aluminum Compact,687.89,950.08,497,Electronics,East Coast,1,742
Noise Cancelling Headphones Elite,525.31,765.22,265,Electronics,International,5,541
Smart Watch Pro Elite,735.68,1119.85,256,Electronics,East Coast,1,787
Fitness Tracker Band HD,633.67,973.51,398,Electronics,East Coast,2,895
Wireless Earbuds Ultra,85.94,124.18,477,Electronics,Midwest,1,773
Tablet 10 inch Standard,551.62,672.23,305,Electronics,Primary,3,580
E-Reader Paperwhite V3,647.58,897.9,356,Electronics,International,2,544
Smart Plug WiFi Eco,862.09,1095.71,332,Electronics,Primary,5,854
WiFi Router AX Mini,257.64,376.16,317,Electronics,Primary,4,730
Network Switch 8-Port Compact,540.94,635.82,179,Electronics,East Coast,5,724
External HDD 2TB Pro,334.24,517.57,276,Electronics,East Coast,2,639
Flash Drive 128GB Basic,821.65,1188.93,147,Electronics,International,2,527
Memory Card 256GB Max,705.61,1007.25,425,Electronics,International,1,738
Desk Lamp LED Basic,104.92,140.44,445,Electronics,International,1,697
Phone Charger 65W Compact,858.69,1080.6,118,Electronics,International,1,675
Screen Protector Glass Advanced,524.01,760.99,467,Electronics,Midwest,1,552
Phone Case Silicone Premium,794.82,1098.73,375,Electronics,South,2,834
Laptop Sleeve 15in Lite,299.07,367.82,234,Electronics,Midwest,1,558
Monitor Arm Single Plus,843.54,1299.84,216,Electronics,Midwest,3,521
Keyboard Wrist Rest Plus,187.21,253.72,281,Electronics,International,1,765
Mouse Pad XXL Lite,411.56,539.49,275,Electronics,Midwest,2,807
Cable Management Kit Basic,160.6,240.59,156,Electronics,West Coast,3,769
Surge Protector 12-Outlet Pro,596.16,690.17,80,Electronics,International,5,759
UPS Battery 1500VA Elite,869.52,1330.86,99,Electronics,West Coast,4,823
USB Microphone Lite,72.36,98.84,221,Electronics,Primary,5,850
Ring Light 18in Smart,796.68,1038.83,61,Electronics,Midwest,2,741
Green Screen 5x7ft Compact,123.53,169.61,276,Electronics,East Coast,2,508
Streaming Deck MK2 Smart,112.44,131.86,392,Electronics,East Coast,2,715
Capture Card 4K Premium,256.15,316.94,416,Electronics,International,5,695
Drone Camera Pro V2,579.52,743.87,272,Electronics,Primary,4,503
Action Camera 4K V2,14.8,21.44,419,Electronics,East Coast,2,652
Digital Camera Mirrorless XL,197.38,274.1,304,Electronics,East Coast,1,579
Camera Lens 50mm Ultra,330.99,381.82,287,Electronics,Midwest,3,791
Tripod Carbon Fiber Compact,741.51,1127.64,35,Electronics,Midwest,2,812
Camera Bag Backpack Ultra,5.69,8.63,155,Electronics,West Coast,2,692
SD Card Reader Max,760.79,1146.17,162,Electronics,West Coast,1,680
Ballpoint Pens 12pk Eco,126.01,183.34,1046,Office Supplies,South,6,3433
Sticky Notes 8pk Ultra,142.37,237.38,590,Office Supplies,Midwest,4,2497
File Folders 24pk Premium,151.43,263.38,1139,Office Supplies,West Coast,8,2243
Printer Paper A4 5-Ream Elite,81.87,122.73,1080,Office Supplies,International,15,2566
Ink Cartridge Black XL Compact,74.59,134.22,1987,Office Supplies,Midwest,8,2472
Ink Cartridge Color Combo Plus,69.23,116.59,1257,Office Supplies,West Coast,20,2835
Desk Organizer Bamboo Elite,14.19,20.2,655,Office Supplies,East Coast,19,3365
Paper Shredder Cross-Cut Max,134.98,239.02,400,Office Supplies,East Coast,20,2792
Laminator Machine A4 V2,173.06,266.2,283,Office Supplies,Midwest,4,2786
Label Maker Portable Compact,14.01,20.63,1927,Office Supplies,East Coast,17,2362
Whiteboard Magnetic 48x36 XL,68.48,122.66,1880,Office Supplies,International,8,3204
Dry Erase Markers 8pk Smart,142.61,233.94,527,Office Supplies,South,10,2656
Whiteboard Eraser Lite+,155.86,224.42,1074,Office Supplies,Midwest,18,3454
Stapler Heavy-Duty Ultra,110.35,157.06,1619,Office Supplies,West Coast,17,2025
Staples 5000pk Mini,45.22,68.51,120,Office Supplies,South,20,2515
Tape Dispenser Desktop Eco,18.12,23.92,1101,Office Supplies,South,10,3565
Scissors Titanium Lite,28.7,36.61,40,Office Supplies,Primary,4,2009
Paper Clips 100pk Standard,54.25,86.33,1368,Office Supplies,East Coast,18,2816
Binder Clips Assorted 24pk Smart,130.66,230.79,1979,Office Supplies,International,13,3517
Rubber Bands 1lb Eco,153.67,264.69,1517,Office Supplies,West Coast,6,2445
Envelopes White 100pk Mini,3.99,6.02,1197,Office Supplies,East Coast,19,2658
Notebooks College-Ruled 6pk Basic,85.14,103.86,1275,Office Supplies,West Coast,17,3319
Daily Planner 2024 Compact,54.18,89.15,1386,Office Supplies,Primary,8,2607
Scientific Calculator Bulk,112.17,182.35,329,Office Supplies,East Coast,5,3062
Ruler Metal 12in Eco,61.29,82.08,1187,Office Supplies,Midwest,19,2873
3-Hole Punch Smart,169.69,214.04,1951,Office Supplies,South,12,3144
Letter Tray Stackable Compact,23.39,41.23,1945,Office Supplies,West Coast,5,3329
Magazine Rack Wire Compact,96.58,166.85,194,Office Supplies,West Coast,19,3349
Bulletin Board Cork 36x24 Eco,113.4,136.27,1280,Office Supplies,Primary,17,2837
Push Pins Colored 100pk Advanced,78.08,109.31,1003,Office Supplies,International,8,3551
Correction Tape 3pk Standard,153.07,184.3,527,Office Supplies,West Coast,13,3005
Glue Sticks Washable 6pk Mini,128.24,178.36,1995,Office Supplies,East Coast,6,3344
Index Cards Ruled 200pk Lite+,119.23,165.66,848,Office Supplies,Primary,7,2026
Graph Paper Pad 4x4 Lite+,88.74,116.95,367,Office Supplies,West Coast,6,3016
Legal Pads Yellow 3pk Plus,41.41,51.83,1198,Office Supplies,East Coast,9,2092
Presentation Folders 25pk Bulk,150.17,247.26,1215,Office Supplies,East Coast,6,3209
Sheet Protectors 50pk Advanced,87.69,116.28,102,Office Supplies,International,10,2610
Report Covers Prong 12pk V2,146.06,249.92,655,Office Supplies,West Coast,12,2918
Clipboard Letter-Size Basic,110.0,183.46,1030,Office Supplies,Midwest,17,2052
Pen Holder Mesh Basic,75.46,96.38,481,Office Supplies,Primary,14,2134
Ergonomic Office Chair Lite+,599.48,673.14,98,Furniture,International,1,160
Electric Standing Desk Plus,1369.23,1788.79,47,Furniture,International,1,161
L-Shaped Corner Desk Eco,1346.78,1548.71,70,Furniture,West Coast,2,110
5-Tier Bookshelf XL,558.51,777.16,6,Furniture,West Coast,1,171
3-Drawer Filing Cabinet Advanced,36.99,44.53,96,Furniture,West Coast,1,112
Conference Table 8-seat Ultra,390.68,513.94,81,Furniture,East Coast,2,146
Guest Chair Padded Smart,944.64,1300.34,8,Furniture,Primary,2,160
Desk Lamp Architect Plus,424.1,541.3,3,Furniture,West Coast,2,140
Chair Floor Mat 48x36 Mini,771.52,1076.59,99,Furniture,International,1,177
Monitor Riser Wood Basic,239.22,268.99,71,Furniture,South,1,126
Storage Cabinet Locking Compact,572.34,657.1,96,Furniture,South,1,130
Coat Rack Standing XL,1284.44,1622.5,53,Furniture,International,2,180
Waste Basket Metal Pro,936.0,1179.6,3,Furniture,West Coast,1,150
Under-Desk Drawer Unit V2,865.03,1039.23,50,Furniture,International,2,155
Computer Desk Compact Smart,317.07,368.16,32,Furniture,East Coast,2,153
Gaming Chair Racing V3,110.75,128.13,61,Furniture,Primary,2,133
Recliner Leather Advanced,1274.26,1745.74,99,Furniture,Primary,2,162
3-Seat Sofa Fabric Advanced,1017.57,1304.05,63,Furniture,East Coast,1,176
Coffee Table Glass Plus,1371.4,1802.97,78,Furniture,International,1,169
Side Table Round Standard,1216.62,1367.07,27,Furniture,Midwest,1,149
TV Stand 65in Mini,166.38,209.83,72,Furniture,Primary,2,171
Shoe Rack 4-Tier Bulk,257.51,314.11,25,Furniture,South,1,114
Wardrobe Sliding-Door Compact,79.16,110.69,89,Furniture,Primary,1,118
6-Drawer Dresser Bulk,343.34,470.89,88,Furniture,Midwest,1,160
Nightstand 2-Drawer Premium,530.98,628.44,63,Furniture,International,1,168
Queen Bed Frame Metal Max,1288.8,1763.88,12,Furniture,West Coast,2,108
Queen Memory Foam Mattress Compact,1053.15,1418.45,75,Furniture,South,2,131
Dining Table 6-seat Oak Premium,609.97,816.02,51,Furniture,Midwest,2,116
Dining Chair Padded 2pk V2,373.79,490.02,75,Furniture,West Coast,2,100
Bar Stool Adjustable Eco,1367.54,1560.86,51,Furniture,West Coast,1,168
Kitchen Island Cart Pro,212.09,264.23,73,Furniture,East Coast,2,100
Pantry Cabinet Tall Compact,740.62,825.44,8,Furniture,Primary,2,130
Bathroom Vanity 36in Compact,575.28,707.7,3,Furniture,East Coast,2,105
Mirror Cabinet LED Advanced,1245.89,1403.27,83,Furniture,Primary,2,134
Laundry Hamper Bamboo Smart,778.95,885.05,29,Furniture,Primary,1,175
Room Divider 4-Panel V2,115.13,152.23,83,Furniture,West Coast,1,118
Accent Chair Velvet Max,66.81,78.75,22,Furniture,West Coast,1,158
Ottoman Storage Elite,673.13,861.09,31,Furniture,International,1,173
Console Table Entryway V2,1357.92,1510.68,81,Furniture,East Coast,2,105
Storage Bench Entryway Ultra,511.14,687.19,65,Furniture,West Coast,2,141
All-Purpose Cleaner 1gal Premium,44.2,68.3,1172,Cleaning,West Coast,12,6306
Glass Cleaner Spray 32oz Basic,43.39,60.34,2387,Cleaning,South,31,5922
Disinfectant Wipes 6pk Lite,7.35,9.25,4646,Cleaning,South,17,7942
Floor Cleaner Concentrate Smart,18.74,29.32,4386,Cleaning,West Coast,23,6160
Bathroom Cleaner Foaming Bulk,19.12,27.78,1425,Cleaning,International,48,8253
Kitchen Degreaser XL,8.42,12.6,4105,Cleaning,International,13,6289
Air Freshener Refills 3pk HD,18.34,25.08,3395,Cleaning,Midwest,16,8321
Microfiber Cloths 12pk Max,15.31,22.38,3717,Cleaning,Midwest,10,6213
Scrub Sponges 6pk Max,34.58,58.82,3376,Cleaning,East Coast,11,5536
Rubber Gloves Latex 3pk XL,36.39,46.63,4178,Cleaning,Primary,33,5111
Trash Bags 13gal 50pk XL,43.06,68.48,605,Cleaning,International,38,5943
Paper Towels 12-Roll Lite,20.2,33.42,2638,Cleaning,West Coast,37,5221
Toilet Paper 24-Roll Advanced,20.92,26.8,1106,Cleaning,West Coast,21,6047
Hand Soap Refill 1gal Lite,11.0,17.0,2569,Cleaning,West Coast,38,7323
Hand Sanitizer Pump 32oz Plus,32.52,56.4,3043,Cleaning,International,23,5397
Spin Mop System Bulk,31.86,55.56,3880,Cleaning,West Coast,47,5222
Angle Broom Ultra,7.29,12.52,704,Cleaning,South,43,7610
Dustpan Combo Basic,19.11,33.1,2510,Cleaning,East Coast,35,7378
Vacuum Bags 6pk HD,16.19,27.4,4586,Cleaning,West Coast,25,5797
Dish Soap Lemon 32oz Smart,23.28,36.4,4633,Cleaning,South,39,6621
Dishwasher Pods 60pk Pro,18.09,26.85,1571,Cleaning,International,25,8055
Laundry Detergent 100oz Lite+,38.45,63.47,776,Cleaning,East Coast,44,6086
Fabric Softener Sheets 240ct Pro,36.65,47.65,1570,Cleaning,South,20,5104
Stain Remover Spray XL,20.6,28.24,1603,Cleaning,International,19,7827
Bleach Concentrate 1gal Smart,32.04,43.46,1141,Cleaning,Midwest,23,7316
Extendable Duster 10ft Standard,13.14,17.65,4643,Cleaning,East Coast,18,6319
Window Squeegee 12in V2,37.07,63.66,3819,Cleaning,South,34,7528
Toilet Brush Set V2,13.11,19.27,1989,Cleaning,International,49,8821
Heavy-Duty Plunger V2,11.62,17.63,2820,Cleaning,East Coast,19,5191
Drain Cleaner Gel 32oz Eco,31.5,39.72,819,Cleaning,Primary,26,7821
Lint Roller Mega 4pk Lite,20.2,27.16,1485,Cleaning,West Coast,43,6142
Carpet Cleaner Shampoo Max,11.13,15.56,628,Cleaning,South,48,7420
Wood Polish Spray Max,40.25,50.5,4008,Cleaning,West Coast,31,8358
Stainless Steel Cleaner Lite,16.11,22.3,2852,Cleaning,Midwest,18,8672
Oven Cleaner Heavy-Duty Plus,41.34,60.82,3625,Cleaning,South,46,7825
Grout Cleaner Brush Set Smart,4.99,7.61,1861,Cleaning,Primary,17,5120
First Aid Kit 200-Piece Compact,197.78,295.61,228,Safety,Midwest,4,1188
Fire Extinguisher ABC 5lb Max,228.66,302.4,488,Safety,East Coast,9,1223
Safety Goggles Anti-Fog Lite,105.3,147.85,726,Safety,Midwest,2,1407
Work Gloves Leather 12pk Standard,183.34,212.66,831,Safety,East Coast,9,1003
Hard Hat OSHA-Compliant Basic,92.29,113.82,826,Safety,South,2,1343
Safety Vest Hi-Vis 10pk Bulk,44.86,59.49,321,Safety,West Coast,4,1645
Ear Plugs NRR32 50pk Lite,182.8,212.63,494,Safety,Primary,6,1745
N95 Dust Masks 50pk Max,224.76,279.73,701,Safety,West Coast,8,1484
Face Shields Anti-Fog 5pk Advanced,44.25,57.91,151,Safety,Primary,7,1582
Steel-Toe Work Boots HD,208.11,240.33,50,Safety,Midwest,5,1723
Knee Pads Gel-Insert V3,201.8,278.85,375,Safety,Midwest,8,1268
Back Support Belt Large Lite,72.83,95.17,332,Safety,South,9,1661
Anti-Fatigue Mat 3x5ft V3,28.81,42.46,611,Safety,South,9,1766
Wet Floor Sign Bilingual Basic,177.89,257.0,622,Safety,South,3,1263
Traffic Cone 28in Advanced,108.53,147.19,645,Safety,Primary,7,1321
Fire Blanket 4x6ft Standard,150.51,215.25,222,Safety,Midwest,4,1426
Smoke Detector 10-Year Standard,56.47,67.55,237,Safety,Primary,6,1390
CO Detector Digital Max,27.91,39.12,609,Safety,Primary,10,1666
Emergency Kit 72-Hour Mini,84.4,105.58,965,Safety,West Coast,7,1233
Heavy-Duty Flashlight Pro,4.01,4.71,711,Safety,International,9,1447
AA Batteries 24pk V2,36.96,45.0,615,Safety,West Coast,10,1720
AAA Batteries 24pk Lite+,77.14,111.03,961,Safety,Midwest,4,1349
Extension Cord 25ft 12AWG Ultra,187.39,261.15,75,Safety,South,10,1792
Power Strip 6-Outlet USB Advanced,37.91,56.4,219,Safety,International,9,1538
Cable Protector Ramp Basic,163.29,191.09,683,Safety,Primary,10,1297
Lockout Tagout Kit Compact,131.97,169.52,88,Safety,International,5,1714
Hazmat Spill Kit 5gal Premium,145.16,185.74,323,Safety,South,9,1765
Eye Wash Station Wall Smart,135.51,197.09,287,Safety,International,8,1025
Flammable Storage Cabinet Bulk,130.28,181.13,648,Safety,Midwest,6,1580
4-Gas Detector Meter V3,221.25,296.38,13,Safety,East Coast,9,1157
Small Box 8x8x8 25pk Compact,72.55,88.53,8996,Packaging,East Coast,27,14701
Medium Box 12x12x12 25pk HD,8.45,11.49,221,Packaging,West Coast,32,13429
Large Box 18x18x18 15pk XL,81.18,121.2,8399,Packaging,West Coast,72,17791
Bubble Wrap Roll 175ft Bulk,45.43,71.36,6630,Packaging,West Coast,61,12685
Packing Peanuts 14cu ft Lite+,32.33,51.61,2920,Packaging,Midwest,52,13852
Shipping Tape Clear 6pk Premium,1.51,1.84,8681,Packaging,South,77,12765
Shipping Labels 4x6 500ct HD,72.94,112.5,4870,Packaging,Primary,27,12927
Poly Mailers 10x13 100pk HD,35.05,45.64,1845,Packaging,West Coast,39,11434
Stretch Wrap 18in 1000ft Standard,24.14,36.4,9745,Packaging,West Coast,98,13869
Kraft Packing Paper 25lb Pro,13.79,21.23,3404,Packaging,Midwest,45,14335
Foam Sheets 12x12 50pk Basic,89.83,108.41,3923,Packaging,Midwest,60,16722
Strapping Tape 2in 6pk Plus,65.99,91.14,4116,Packaging,Primary,72,11589
Pallet Wrap 80ga 1500ft Smart,27.55,43.38,2621,Packaging,International,47,14199
Air Pillow Film Roll HD,6.41,7.81,5552,Packaging,South,26,14428
Tissue Paper White 100pk Basic,20.88,33.27,4654,Packaging,West Coast,28,11741
Gift Boxes Assorted 12pk Elite,2.08,3.14,1184,Packaging,South,97,13896
Satin Ribbon Roll 50yd Lite+,78.25,122.67,9534,Packaging,West Coast,82,11105
Gift Bags Medium 24pk Bulk,89.11,126.72,1894,Packaging,Midwest,46,12970
Kraft Paper Roll 36in x 200ft Smart,25.06,30.2,5306,Packaging,East Coast,25,13801
Corrugated Roll 48in x 100ft XL,68.06,91.95,8163,Packaging,Primary,58,14173
Whole Bean Coffee 2lb Elite,19.06,26.19,942,Food & Beverage,International,24,4028
Ground Coffee Medium 5lb Pro,49.08,66.48,2602,Food & Beverage,Primary,30,5246
Earl Grey Tea 200ct Max,36.87,47.98,720,Food & Beverage,West Coast,28,4027
Cane Sugar 10lb Max,36.49,52.29,211,Food & Beverage,West Coast,13,3368
Coffee Creamer Singles 100pk Advanced,33.82,47.92,1390,Food & Beverage,South,22,4148
Paper Cups 12oz 100pk Pro,26.84,38.8,659,Food & Beverage,Primary,7,3931
PLA Lids 12oz 100pk Elite,41.44,57.3,1959,Food & Beverage,Midwest,15,5181
Wood Stirrers 1000pk Ultra,21.22,27.12,495,Food & Beverage,Primary,27,4264
Cocktail Napkins 500pk Advanced,49.67,69.95,2842,Food & Beverage,East Coast,22,3651
Paper Plates 9in 100pk Pro,28.55,40.37,558,Food & Beverage,International,25,4310
Wood Cutlery Set 200pk Advanced,48.31,67.33,1162,Food & Beverage,Midwest,9,5336
Spring Water 24pk 16oz V2,14.97,21.23,719,Food & Beverage,International,19,3127
Granola Bars Variety 36pk XL,40.3,51.66,2580,Food & Beverage,East Coast,30,4146
Mixed Nuts 2lb Canister Ultra,24.26,31.98,2144,Food & Beverage,Midwest,12,3404
Dried Fruit Mix 3lb V3,39.09,50.21,774,Food & Beverage,International,24,3875
Multigrain Crackers 8pk Lite,21.69,32.4,2199,Food & Beverage,Midwest,30,3369
Creamy Peanut Butter 40oz Basic,28.53,35.75,630,Food & Beverage,West Coast,18,4481
Strawberry Jam 32oz Elite,18.56,25.39,2461,Food & Beverage,East Coast,6,4721
Chicken Noodle Soup 6pk Eco,9.08,12.75,931,Food & Beverage,Primary,26,4940
Solid Light Tuna 8pk Ultra,35.11,52.0,140,Food & Beverage,East Coast,10,3701
Jasmine Rice 25lb Lite+,38.0,51.32,177,Food & Beverage,West Coast,28,4754
Penne Pasta 6pk 1lb Premium,48.26,67.57,2601,Food & Beverage,Primary,26,4835
Extra Virgin Olive Oil 1L Basic,16.87,22.15,1859,Food & Beverage,International,24,4322
Balsamic Vinegar 500ml Premium,5.74,8.19,1753,Food & Beverage,West Coast,21,4285
Sea Salt & Pepper Set V3,33.45,39.37,2260,Food & Beverage,Midwest,23,3162
Spice Rack 20-Jar V3,26.53,31.13,2418,Food & Beverage,Midwest,8,4312
Raw Honey 32oz Smart,5.08,6.88,1543,Food & Beverage,East Coast,22,4599
Organic Granola 2lb Compact,45.82,56.06,1109,Food & Beverage,Midwest,23,5096
Whey Protein 5lb Chocolate HD,12.88,14.92,667,Food & Beverage,Midwest,6,4961
Electrolyte Mix 30pk Lemon Lite,10.0,13.58,2820,Food & Beverage,Primary,9,3738
Wireless Mouse Smart,29.93,44.59,382,Electronics,South,1,780
Mechanical Keyboard Mini,143.44,197.49,409,Electronics,International,5,767
USB-C Hub Compact,763.36,1117.3,55,Electronics,East Coast,5,892
Webcam HD Pro,585.73,788.03,473,Electronics,International,4,698
Bluetooth Speaker Smart,37.8,45.26,237,Electronics,East Coast,5,567
Portable Charger Lite+,702.51,973.53,78,Electronics,South,4,783
HDMI Cable Eco,205.39,310.57,266,Electronics,West Coast,4,838
SSD 1TB Smart,812.4,1233.65,129,Electronics,Midwest,3,522
RAM 16GB Module Lite+,298.47,404.25,216,Electronics,International,5,900
Graphics Card RTX Eco,896.91,1099.97,186,Electronics,Midwest,4,506
CPU Processor Ultra,216.33,257.57,92,Electronics,West Coast,2,551
Motherboard ATX Bulk,309.54,361.26,437,Electronics,International,3,725
Power Supply 750W Plus,324.94,457.35,273,Electronics,South,4,816
PC Case Mid-Tower Eco,467.34,670.34,148,Electronics,West Coast,3,522
Monitor 27 4K XL,883.76,1206.3,58,Electronics,Primary,1,659
Laptop Stand Aluminum Standard,799.55,1223.62,338,Electronics,East Coast,1,885
Noise Cancelling Headphones Eco,880.11,1291.4,440,Electronics,Midwest,1,601
Smart Watch Pro Basic,891.48,1065.79,326,Electronics,South,4,897
Fitness Tracker Band Smart,71.81,83.66,332,Electronics,South,4,730
Wireless Earbuds Ultra,486.27,729.15,77,Electronics,West Coast,2,827
Tablet 10 inch Premium,324.66,439.9,139,Electronics,South,4,742
E-Reader Paperwhite Standard,27.14,39.48,123,Electronics,Midwest,4,871
Smart Plug WiFi Standard,733.89,863.46,116,Electronics,West Coast,2,813
WiFi Router AX Lite+,200.67,270.79,343,Electronics,West Coast,2,560
Network Switch 8-Port Elite,850.69,1102.85,366,Electronics,International,2,807
External HDD 2TB Max,597.98,743.53,265,Electronics,International,4,786
Flash Drive 128GB V3,641.05,772.26,429,Electronics,South,1,669
Memory Card 256GB XL,829.98,1174.22,333,Electronics,East Coast,2,616
Desk Lamp LED V2,273.58,355.75,382,Electronics,South,3,535
Phone Charger 65W XL,566.01,708.48,131,Electronics,Midwest,5,721
Screen Protector Glass Pro,852.33,1290.56,158,Electronics,Midwest,3,696
Phone Case Silicone Premium,352.95,508.55,181,Electronics,South,5,682
Laptop Sleeve 15in Standard,587.02,891.47,254,Electronics,South,3,879
Monitor Arm Single Mini,385.1,510.94,177,Electronics,East Coast,1,582
Keyboard Wrist Rest Lite,464.69,551.87,294,Electronics,International,5,536
Mouse Pad XXL Standard,802.66,954.81,408,Electronics,International,3,640
Cable Management Kit Lite+,351.01,528.53,366,Electronics,South,5,630
Surge Protector 12-Outlet V3,626.13,923.13,152,Electronics,East Coast,1,876
UPS Battery 1500VA Elite,730.28,1090.87,279,Electronics,International,4,647
USB Microphone Eco,874.13,1274.71,19,Electronics,International,2,717
Ring Light 18in XL,872.47,1264.77,299,Electronics,International,5,696
Green Screen 5x7ft V2,109.33,164.68,217,Electronics,Midwest,4,731
Streaming Deck MK2 Mini,541.81,704.91,217,Electronics,Primary,4,722
Capture Card 4K Pro,129.9,165.67,206,Electronics,East Coast,2,642
Drone Camera Pro Plus,125.31,186.66,70,Electronics,International,2,848
Action Camera 4K Eco,245.46,340.05,25,Electronics,International,1,606
Digital Camera Mirrorless Ultra,874.89,1199.9,461,Electronics,West Coast,4,749
Camera Lens 50mm Smart,667.63,792.82,447,Electronics,Primary,4,814
Tripod Carbon Fiber Bulk,139.0,176.78,421,Electronics,West Coast,4,561
Camera Bag Backpack Standard,29.08,35.35,130,Electronics,Midwest,3,532
SD Card Reader Standard,767.06,1160.7,227,Electronics,Midwest,3,571
Ballpoint Pens 12pk Plus,20.7,29.61,1022,Office Supplies,East Coast,8,2777
Sticky Notes 8pk Lite,102.6,171.28,750,Office Supplies,International,16,3254
File Folders 24pk Bulk,64.73,107.11,1329,Office Supplies,International,9,2995
Printer Paper A4 5-Ream Ultra,68.24,117.95,1682,Office Supplies,South,6,2611
Ink Cartridge Black XL Plus,5.71,10.03,1643,Office Supplies,East Coast,14,2005
Ink Cartridge Color Combo Bulk,62.45,102.24,446,Office Supplies,West Coast,12,3596
Desk Organizer Bamboo Premium,157.63,226.92,308,Office Supplies,South,9,3092
Paper Shredder Cross-Cut Eco,103.51,142.89,1566,Office Supplies,Primary,11,2478
Laminator Machine A4 Premium,166.6,227.51,1517,Office Supplies,International,6,2765
Label Maker Portable Lite+,53.34,90.55,324,Office Supplies,Primary,15,2190
Whiteboard Magnetic 48x36 Premium,125.71,195.23,1097,Office Supplies,South,20,2955
Dry Erase Markers 8pk Bulk,39.24,50.24,1429,Office Supplies,Primary,4,2592
Whiteboard Eraser Elite,58.68,79.0,1034,Office Supplies,Primary,17,2870
Stapler Heavy-Duty Advanced,35.78,57.93,1667,Office Supplies,Primary,15,3028
Staples 5000pk Plus,18.88,30.55,1003,Office Supplies,West Coast,11,2175
Tape Dispenser Desktop V3,105.23,146.77,1941,Office Supplies,East Coast,6,2512
Scissors Titanium HD,87.17,126.18,1312,Office Supplies,Midwest,7,2030
Paper Clips 100pk Basic,14.89,21.94,112,Office Supplies,South,16,3292
Binder Clips Assorted 24pk Bulk,76.76,98.05,1578,Office Supplies,Midwest,18,2108
Rubber Bands 1lb Basic,117.65,141.34,1788,Office Supplies,International,17,3184
Envelopes White 100pk V3,44.75,75.41,167,Office Supplies,East Coast,15,2539
Notebooks College-Ruled 6pk V3,3.19,3.89,398,Office Supplies,East Coast,10,2111
Daily Planner 2024 Advanced,78.28,109.68,1345,Office Supplies,Primary,14,3424
Scientific Calculator Bulk,164.88,211.52,610,Office Supplies,West Coast,7,2196
Ruler Metal 12in Max,5.89,8.51,95,Office Supplies,Primary,7,2645
3-Hole Punch Premium,58.24,90.46,310,Office Supplies,Midwest,4,2195
Letter Tray Stackable HD,160.82,212.84,1535,Office Supplies,East Coast,20,2288
Magazine Rack Wire Max,153.67,210.02,84,Office Supplies,South,14,2475
Bulletin Board Cork 36x24 Max,33.97,44.35,782,Office Supplies,International,16,2286
Push Pins Colored 100pk Pro,18.11,28.94,1277,Office Supplies,Primary,5,2154
Correction Tape 3pk V3,46.83,64.81,477,Office Supplies,East Coast,7,2394
Glue Sticks Washable 6pk V2,66.09,99.81,1976,Office Supplies,East Coast,7,2439
Index Cards Ruled 200pk Eco,132.2,178.8,1724,Office Supplies,West Coast,17,3391
Graph Paper Pad 4x4 Bulk,23.6,32.63,1045,Office Supplies,West Coast,16,2611
Legal Pads Yellow 3pk Smart,80.25,134.49,374,Office Supplies,South,12,3195
Presentation Folders 25pk HD,77.86,105.93,1546,Office Supplies,South,5,3494
Sheet Protectors 50pk XL,45.31,74.77,1323,Office Supplies,East Coast,19,3280
Report Covers Prong 12pk Premium,119.47,182.8,1300,Office Supplies,South,15,2363
Clipboard Letter-Size Lite+,149.64,211.55,1729,Office Supplies,International,6,2685
Pen Holder Mesh V2,179.51,321.16,847,Office Supplies,South,15,2680
Ergonomic Office Chair Lite,400.15,531.88,51,Furniture,East Coast,1,147
Electric Standing Desk Advanced,117.69,161.8,55,Furniture,West Coast,2,113
L-Shaped Corner Desk Lite+,1103.46,1336.12,33,Furniture,International,2,174
5-Tier Bookshelf XL,252.38,344.11,36,Furniture,International,2,155
3-Drawer Filing Cabinet Bulk,945.35,1135.76,73,Furniture,International,2,116
Conference Table 8-seat Elite,787.72,946.62,33,Furniture,East Coast,1,137
Guest Chair Padded Compact,709.11,906.04,40,Furniture,Midwest,1,143
Desk Lamp Architect Lite,248.83,307.88,84,Furniture,International,2,125
Chair Floor Mat 48x36 Basic,1306.12,1563.68,29,Furniture,South,2,152
Monitor Riser Wood Bulk,717.79,881.98,87,Furniture,Primary,1,152
Storage Cabinet Locking Compact,1032.45,1181.26,74,Furniture,International,2,175
Coat Rack Standing Eco,875.72,1160.87,99,Furniture,Primary,1,153
Waste Basket Metal XL,1209.51,1574.96,66,Furniture,Midwest,1,112
Under-Desk Drawer Unit Advanced,930.14,1216.99,13,Furniture,Primary,1,131
Computer Desk Compact Lite+,1135.74,1410.81,50,Furniture,International,1,160
Gaming Chair Racing V2,1092.9,1455.72,14,Furniture,South,2,168
Recliner Leather HD,1146.82,1591.42,93,Furniture,East Coast,1,171
3-Seat Sofa Fabric Compact,1034.06,1315.48,17,Furniture,West Coast,1,115
Coffee Table Glass Compact,1104.82,1411.57,40,Furniture,East Coast,2,150
Side Table Round Bulk,911.94,1232.49,97,Furniture,International,1,149
TV Stand 65in Standard,505.21,617.18,26,Furniture,East Coast,1,158
Shoe Rack 4-Tier Elite,1209.68,1544.26,40,Furniture,Midwest,1,127
Wardrobe Sliding-Door Elite,392.99,532.09,12,Furniture,International,1,123
6-Drawer Dresser HD,993.93,1207.61,39,Furniture,South,2,111
Nightstand 2-Drawer HD,651.29,847.76,54,Furniture,West Coast,1,127
Queen Bed Frame Metal Eco,854.11,947.94,51,Furniture,West Coast,1,121
Queen Memory Foam Mattress Elite,72.59,88.59,93,Furniture,South,1,172
Dining Table 6-seat Oak Premium,1033.34,1147.18,98,Furniture,East Coast,1,124
Dining Chair Padded 2pk Eco,406.52,480.33,62,Furniture,International,2,161
Bar Stool Adjustable V3,1341.3,1585.54,14,Furniture,South,2,105
Kitchen Island Cart Basic,1123.1,1324.8,95,Furniture,Midwest,1,109
Pantry Cabinet Tall Lite+,854.68,949.81,34,Furniture,Midwest,1,113
Bathroom Vanity 36in Pro,1366.31,1740.0,92,Furniture,Primary,1,103
Mirror Cabinet LED Standard,930.65,1281.33,6,Furniture,South,1,167
Laundry Hamper Bamboo HD,1199.64,1652.8,53,Furniture,South,1,109
Room Divider 4-Panel Smart,88.99,105.68,17,Furniture,South,1,133
Accent Chair Velvet Bulk,447.73,527.58,21,Furniture,West Coast,1,126
Ottoman Storage V3,136.95,153.17,63,Furniture,South,1,162
Console Table Entryway Mini,315.38,398.34,9,Furniture,Midwest,1,141
Storage Bench Entryway Mini,1202.37,1641.39,65,Furniture,East Coast,1,126
All-Purpose Cleaner 1gal Mini,27.07,38.03,182,Cleaning,Midwest,18,6242
Glass Cleaner Spray 32oz Pro,8.95,15.36,4601,Cleaning,Primary,15,6185
Disinfectant Wipes 6pk Mini,7.7,11.68,2500,Cleaning,Midwest,30,5559
Floor Cleaner Concentrate Lite,35.22,54.72,3622,Cleaning,South,40,8478
Bathroom Cleaner Foaming XL,23.11,32.29,3561,Cleaning,Primary,22,7478
Kitchen Degreaser Eco,25.83,44.74,357,Cleaning,West Coast,50,7045
Air Freshener Refills 3pk Smart,43.74,69.06,3154,Cleaning,South,17,8204
Microfiber Cloths 12pk Standard,9.28,14.58,1024,Cleaning,Primary,32,6163
Scrub Sponges 6pk Lite,32.53,42.0,2798,Cleaning,Primary,23,6357
Rubber Gloves Latex 3pk HD,27.66,40.57,1569,Cleaning,Midwest,34,5272
Trash Bags 13gal 50pk Basic,12.89,18.33,1419,Cleaning,International,30,5718
Paper Towels 12-Roll Lite+,33.8,57.35,66,Cleaning,West Coast,18,7592
Toilet Paper 24-Roll Standard,22.92,37.92,3871,Cleaning,South,47,7223
Hand Soap Refill 1gal Smart,13.86,20.97,2990,Cleaning,South,37,6599
Hand Sanitizer Pump 32oz Standard,23.79,41.42,4947,Cleaning,Primary,24,5239
Spin Mop System XL,6.56,11.45,2841,Cleaning,West Coast,37,6849
Angle Broom Compact,10.95,15.68,4185,Cleaning,East Coast,28,8631
Dustpan Combo V2,21.27,34.29,3782,Cleaning,Midwest,19,6596
Vacuum Bags 6pk Max,34.7,49.65,3056,Cleaning,Midwest,11,6060
Dish Soap Lemon 32oz Pro,22.49,35.57,729,Cleaning,International,28,8518
Dishwasher Pods 60pk Premium,6.78,9.23,3147,Cleaning,Midwest,42,7655
Laundry Detergent 100oz V2,13.21,21.71,4243,Cleaning,Primary,38,8186
Fabric Softener Sheets 240ct Pro,2.15,3.37,3423,Cleaning,South,36,7217
Stain Remover Spray Plus,30.91,53.91,871,Cleaning,South,41,5555
Bleach Concentrate 1gal Max,2.33,3.39,1624,Cleaning,Primary,42,7949
Extendable Duster 10ft Mini,17.1,28.15,1371,Cleaning,East Coast,18,5939
Window Squeegee 12in Basic,8.37,11.19,1319,Cleaning,South,28,5053
Toilet Brush Set Premium,22.25,37.45,4359,Cleaning,South,22,6466
Heavy-Duty Plunger Elite,27.61,34.95,2285,Cleaning,International,15,5159
Drain Cleaner Gel 32oz Basic,13.52,20.99,998,Cleaning,Primary,24,6527
Lint Roller Mega 4pk Mini,42.25,60.14,293,Cleaning,West Coast,30,5795
Carpet Cleaner Shampoo Ultra,41.89,55.81,4396,Cleaning,Primary,47,5537
Wood Polish Spray HD,14.44,22.67,2994,Cleaning,Primary,41,7279
Stainless Steel Cleaner Smart,34.64,52.38,289,Cleaning,South,18,8795
Oven Cleaner Heavy-Duty Pro,38.61,48.72,2508,Cleaning,West Coast,16,7547
Grout Cleaner Brush Set Bulk,12.43,16.02,2777,Cleaning,South,18,8222
First Aid Kit 200-Piece Mini,232.67,288.96,490,Safety,Midwest,10,1419
Fire Extinguisher ABC 5lb Standard,183.99,252.08,573,Safety,Primary,2,1179
Safety Goggles Anti-Fog Advanced,169.51,249.89,238,Safety,East Coast,2,1394
Work Gloves Leather 12pk XL,125.94,185.06,667,Safety,East Coast,2,1689
Hard Hat OSHA-Compliant Ultra,140.9,200.16,693,Safety,East Coast,4,1099
Safety Vest Hi-Vis 10pk Smart,182.17,255.32,266,Safety,Midwest,5,1737
Ear Plugs NRR32 50pk Smart,145.2,183.19,349,Safety,West Coast,10,1330
N95 Dust Masks 50pk Lite+,196.71,267.0,323,Safety,West Coast,2,1557
Face Shields Anti-Fog 5pk V2,145.25,204.48,864,Safety,Midwest,8,1617
Steel-Toe Work Boots Elite,160.5,223.31,377,Safety,South,4,1532
Knee Pads Gel-Insert Basic,109.0,139.74,755,Safety,West Coast,2,1397
Back Support Belt Large HD,116.55,143.56,784,Safety,Midwest,6,1380
Anti-Fatigue Mat 3x5ft Plus,23.5,29.64,464,Safety,East Coast,8,1095
Wet Floor Sign Bilingual HD,166.98,196.07,611,Safety,East Coast,10,1059
Traffic Cone 28in XL,57.33,66.34,297,Safety,International,5,1490
Fire Blanket 4x6ft Compact,155.14,187.14,637,Safety,West Coast,8,1302
Smoke Detector 10-Year Standard,116.58,168.23,890,Safety,Primary,4,1330
CO Detector Digital Basic,72.65,88.23,771,Safety,East Coast,4,1256
Emergency Kit 72-Hour V3,77.47,89.22,42,Safety,Midwest,6,1081
Heavy-Duty Flashlight Max,79.03,110.8,360,Safety,South,5,1407
AA Batteries 24pk Mini,83.92,106.44,479,Safety,Primary,6,1598
AAA Batteries 24pk Compact,46.01,60.95,838,Safety,East Coast,8,1015
Extension Cord 25ft 12AWG Premium,43.64,57.09,254,Safety,International,5,1226
Power Strip 6-Outlet USB Max,156.28,198.21,624,Safety,East Coast,6,1367
Cable Protector Ramp Eco,212.54,268.39,560,Safety,Midwest,4,1537
Lockout Tagout Kit Eco,14.38,16.64,858,Safety,Midwest,4,1619
Hazmat Spill Kit 5gal Compact,48.4,70.6,642,Safety,East Coast,3,1453
Eye Wash Station Wall Mini,122.89,182.24,624,Safety,Primary,4,1134
Flammable Storage Cabinet Standard,24.49,32.14,959,Safety,West Coast,4,1122
4-Gas Detector Meter Eco,148.81,218.0,401,Safety,Primary,5,1486
Small Box 8x8x8 25pk Compact,20.69,25.87,5915,Packaging,East Coast,24,17955
Medium Box 12x12x12 25pk Mini,75.67,108.55,8293,Packaging,South,25,12474
Large Box 18x18x18 15pk XL,1.68,2.12,6948,Packaging,South,32,15500
Bubble Wrap Roll 175ft Plus,10.46,13.55,4089,Packaging,South,47,13061
Packing Peanuts 14cu ft Eco,44.56,62.16,9991,Packaging,Primary,27,10016
Shipping Tape Clear 6pk Pro,17.36,24.87,5696,Packaging,Midwest,75,10814
Shipping Labels 4x6 500ct Max,17.39,23.24,4700,Packaging,South,83,10524
Poly Mailers 10x13 100pk XL,32.5,46.8,140,Packaging,South,77,14746
Stretch Wrap 18in 1000ft Max,21.19,27.85,5738,Packaging,International,47,11119
Kraft Packing Paper 25lb Eco,8.37,11.33,7779,Packaging,South,79,17504
Foam Sheets 12x12 50pk Lite,26.35,35.59,7326,Packaging,East Coast,56,16863
Strapping Tape 2in 6pk Ultra,2.14,3.2,4944,Packaging,International,65,11604
Pallet Wrap 80ga 1500ft Smart,63.24,78.53,1415,Packaging,Midwest,77,17979
Air Pillow Film Roll HD,87.26,129.55,5670,Packaging,East Coast,27,12822
Tissue Paper White 100pk Lite+,58.68,88.25,1196,Packaging,South,36,10217
Gift Boxes Assorted 12pk V2,50.29,76.87,5361,Packaging,Primary,81,14484
Satin Ribbon Roll 50yd HD,59.93,91.03,1080,Packaging,East Coast,39,11081
Gift Bags Medium 24pk Lite,61.09,82.86,9063,Packaging,Midwest,76,10196
Kraft Paper Roll 36in x 200ft Lite+,57.3,73.45,4131,Packaging,East Coast,37,11238
Corrugated Roll 48in x 100ft Lite+,11.96,16.05,2644,Packaging,East Coast,29,17118
Whole Bean Coffee 2lb Compact,45.39,60.41,1195,Food & Beverage,West Coast,26,5099
Ground Coffee Medium 5lb HD,13.7,18.14,370,Food & Beverage,South,15,3623
Earl Grey Tea 200ct Standard,12.21,14.21,1032,Food & Beverage,East Coast,20,4378
Cane Sugar 10lb Elite,41.87,56.42,2884,Food & Beverage,International,10,3996
Coffee Creamer Singles 100pk Lite,12.98,16.11,1441,Food & Beverage,Midwest,25,5057
Paper Cups 12oz 100pk Compact,34.47,41.17,1990,Food & Beverage,International,30,5192
PLA Lids 12oz 100pk Premium,7.47,10.31,856,Food & Beverage,Midwest,27,5035
Wood Stirrers 1000pk Bulk,32.22,47.0,1426,Food & Beverage,East Coast,12,5145
Cocktail Napkins 500pk Plus,7.0,9.96,2763,Food & Beverage,West Coast,6,4588
Paper Plates 9in 100pk V2,39.12,50.37,783,Food & Beverage,East Coast,19,4823
Wood Cutlery Set 200pk XL,5.37,6.45,779,Food & Beverage,West Coast,14,4294
Spring Water 24pk 16oz Eco,53.0,77.82,2032,Food & Beverage,West Coast,17,4606
Granola Bars Variety 36pk Compact,34.52,51.51,1095,Food & Beverage,South,22,4807
Mixed Nuts 2lb Canister Standard,33.2,40.04,1171,Food & Beverage,International,24,4179
Dried Fruit Mix 3lb XL,46.01,53.26,1696,Food & Beverage,West Coast,26,3565
Multigrain Crackers 8pk Pro,52.8,71.41,2354,Food & Beverage,Midwest,19,4339
Creamy Peanut Butter 40oz Basic,51.23,74.31,615,Food & Beverage,Midwest,27,3222
Strawberry Jam 32oz Max,41.79,60.87,2942,Food & Beverage,South,21,3734
Chicken Noodle Soup 6pk Eco,41.2,57.51,2544,Food & Beverage,East Coast,20,5393
Solid Light Tuna 8pk Premium,38.3,47.65,597,Food & Beverage,South,8,3536
Jasmine Rice 25lb Mini,17.96,26.11,2720,Food & Beverage,East Coast,17,3017
Penne Pasta 6pk 1lb Max,43.73,54.77,2051,Food & Beverage,International,20,5253
Extra Virgin Olive Oil 1L Pro,17.2,21.86,2048,Food & Beverage,Midwest,29,5323
Balsamic Vinegar 500ml Max,21.8,31.66,1223,Food & Beverage,Midwest,28,3212
Sea Salt & Pepper Set Pro,12.79,17.62,2199,Food & Beverage,West Coast,10,3383
Spice Rack 20-Jar Ultra,31.44,45.41,619,Food & Beverage,East Coast,30,3995
Raw Honey 32oz Ultra,36.19,52.78,2870,Food & Beverage,International,7,5324
Organic Granola 2lb Premium,18.78,26.31,1646,Food & Beverage,International,21,4639
Whey Protein 5lb Chocolate Ultra,2.62,3.19,2611,Food & Beverage,South,13,3575
Electrolyte Mix 30pk Lemon HD,12.62,15.01,596,Food & Beverage,Primary,10,3110
Wireless Mouse Advanced,266.5,404.35,69,Electronics,South,4,629
Mechanical Keyboard V3,188.11,272.97,221,Electronics,South,4,845
USB-C Hub Compact,25.53,37.43,90,Electronics,Midwest,5,809
Webcam HD Lite+,652.78,917.32,362,Electronics,Primary,2,695
Bluetooth Speaker Bulk,577.9,723.11,474,Electronics,South,3,722
Portable Charger Max,26.5,40.92,474,Electronics,South,4,643
HDMI Cable Plus,106.78,130.82,138,Electronics,Primary,5,689
SSD 1TB Elite,837.82,1088.9,427,Electronics,Primary,1,539
RAM 16GB Module Bulk,266.14,317.74,181,Electronics,International,5,866
Graphics Card RTX Plus,489.1,572.01,492,Electronics,South,5,875
CPU Processor Elite,576.84,831.4,23,Electronics,International,3,630
Motherboard ATX Lite,59.82,70.26,128,Electronics,Midwest,1,678
Power Supply 750W Compact,804.79,1034.94,356,Electronics,East Coast,2,669
PC Case Mid-Tower Advanced,572.7,682.21,268,Electronics,West Coast,2,744
Monitor 27 4K Ultra,291.15,393.71,105,Electronics,International,1,819
Laptop Stand Aluminum Pro,97.28,127.57,481,Electronics,West Coast,3,695
Noise Cancelling Headphones Ultra,103.44,153.74,235,Electronics,Primary,5,634
Smart Watch Pro Lite,866.05,1206.65,84,Electronics,Primary,4,836
Fitness Tracker Band Compact,808.22,1099.86,291,Electronics,International,2,747
Wireless Earbuds Mini,395.16,471.3,269,Electronics,South,4,717
Tablet 10 inch HD,105.98,145.99,245,Electronics,West Coast,4,724
E-Reader Paperwhite Elite,663.58,901.49,344,Electronics,Midwest,2,581
Smart Plug WiFi Lite,431.46,503.37,169,Electronics,South,1,670
WiFi Router AX V3,340.56,426.46,334,Electronics,South,5,534
Network Switch 8-Port XL,382.67,507.38,81,Electronics,East Coast,5,689
External HDD 2TB XL,856.91,1323.89,301,Electronics,South,5,894
Flash Drive 128GB V2,257.65,336.27,342,Electronics,Midwest,2,548
Memory Card 256GB Lite+,304.96,355.99,353,Electronics,West Coast,3,776
Desk Lamp LED HD,387.84,521.24,449,Electronics,East Coast,2,502
Phone Charger 65W Pro,140.7,190.81,109,Electronics,East Coast,2,736
Screen Protector Glass Lite+,679.79,898.68,291,Electronics,West Coast,2,630
Phone Case Silicone Lite,575.98,849.23,368,Electronics,West Coast,1,584
Laptop Sleeve 15in Max,787.94,1022.94,158,Electronics,East Coast,4,554
Monitor Arm Single Pro,724.39,968.4,102,Electronics,South,1,774
Keyboard Wrist Rest Lite+,116.93,168.24,9,Electronics,East Coast,4,891
Mouse Pad XXL Basic,779.2,1159.33,491,Electronics,Midwest,4,743
Cable Management Kit Ultra,828.27,1267.29,64,Electronics,South,1,889
Surge Protector 12-Outlet Standard,130.49,156.76,380,Electronics,South,4,834
UPS Battery 1500VA Compact,182.59,266.96,36,Electronics,Primary,1,726
USB Microphone Max,70.5,104.4,371,Electronics,East Coast,3,572
Ring Light 18in Standard,609.25,819.77,459,Electronics,International,1,678
Green Screen 5x7ft Lite+,764.65,1090.92,233,Electronics,South,4,548
Streaming Deck MK2 HD,841.53,1195.93,303,Electronics,Midwest,4,555
Capture Card 4K XL,640.25,847.56,400,Electronics,Midwest,4,706
Drone Camera Pro HD,269.92,375.97,375,Electronics,East Coast,4,768
Action Camera 4K V3,262.38,329.66,13,Electronics,West Coast,5,865
Digital Camera Mirrorless Max,149.52,221.24,149,Electronics,Midwest,2,845
Camera Lens 50mm XL,180.67,240.93,107,Electronics,Primary,2,565
Tripod Carbon Fiber Elite,72.97,91.46,324,Electronics,Primary,1,734
Camera Bag Backpack XL,625.49,838.97,129,Electronics,Primary,4,525
SD Card Reader Bulk,446.09,627.3,63,Electronics,Primary,1,668
Ballpoint Pens 12pk Mini,8.85,12.73,1717,Office Supplies,Primary,8,2858
Sticky Notes 8pk Pro,91.2,116.8,734,Office Supplies,West Coast,10,3370
File Folders 24pk Ultra,163.84,255.38,1788,Office Supplies,West Coast,10,2451
Printer Paper A4 5-Ream Standard,91.86,149.57,753,Office Supplies,South,19,2182
Ink Cartridge Black XL V2,20.3,31.31,986,Office Supplies,Midwest,6,2516
Ink Cartridge Color Combo Eco,174.68,284.12,1912,Office Supplies,Midwest,17,3297
Desk Organizer Bamboo Standard,122.5,164.64,339,Office Supplies,Primary,4,2425
Paper Shredder Cross-Cut Lite+,124.99,211.28,854,Office Supplies,East Coast,17,2747
Laminator Machine A4 Advanced,26.42,37.93,702,Office Supplies,East Coast,12,3212
Label Maker Portable Lite+,120.9,166.12,100,Office Supplies,International,5,3411
Whiteboard Magnetic 48x36 Max,4.72,6.77,121,Office Supplies,International,6,2622
Dry Erase Markers 8pk Compact,142.39,198.18,1226,Office Supplies,West Coast,4,3145
Whiteboard Eraser Premium,38.32,49.28,1816,Office Supplies,International,7,2820
Stapler Heavy-Duty V3,131.6,227.33,1445,Office Supplies,West Coast,10,2480
Staples 5000pk HD,152.26,265.81,801,Office Supplies,Primary,10,2026
Tape Dispenser Desktop Plus,11.18,13.67,127,Office Supplies,South,20,3218
Scissors Titanium Eco,12.81,18.78,253,Office Supplies,South,4,2634
Paper Clips 100pk Plus,32.05,50.84,1962,Office Supplies,International,11,2687
Binder Clips Assorted 24pk Premium,12.54,19.14,1951,Office Supplies,International,9,3279
Rubber Bands 1lb Plus,112.27,150.23,1911,Office Supplies,East Coast,12,3446
Envelopes White 100pk Ultra,75.67,94.82,1597,Office Supplies,East Coast,17,2806
Notebooks College-Ruled 6pk Basic,165.0,200.45,1635,Office Supplies,East Coast,6,2287
Daily Planner 2024 HD,94.06,132.56,1791,Office Supplies,Midwest,13,3597
Scientific Calculator Premium,138.67,236.86,1805,Office Supplies,East Coast,15,3470
Ruler Metal 12in Lite,178.84,307.23,200,Office Supplies,International,5,2714
3-Hole Punch Basic,170.49,273.57,1538,Office Supplies,South,11,2017
Letter Tray Stackable HD,90.0,118.95,937,Office Supplies,East Coast,20,2594
Magazine Rack Wire Mini,100.83,180.73,1549,Office Supplies,International,13,2286
Bulletin Board Cork 36x24 HD,109.55,162.64,855,Office Supplies,Primary,15,3326
Push Pins Colored 100pk Mini,73.59,109.76,1000,Office Supplies,Midwest,7,3042
Correction Tape 3pk Lite+,72.26,125.64,1367,Office Supplies,East Coast,20,3111
Glue Sticks Washable 6pk HD,166.9,243.58,1097,Office Supplies,Primary,15,2050
Index Cards Ruled 200pk Compact,158.36,264.36,350,Office Supplies,East Coast,18,2822
Graph Paper Pad 4x4 Elite,29.45,42.85,910,Office Supplies,International,18,3054
Legal Pads Yellow 3pk Advanced,3.0,4.86,418,Office Supplies,Midwest,18,3318
Presentation Folders 25pk Lite,170.98,306.69,685,Office Supplies,South,9,2383
Sheet Protectors 50pk Smart,122.0,198.67,1267,Office Supplies,West Coast,4,2949
Report Covers Prong 12pk Elite,105.49,177.76,1178,Office Supplies,West Coast,7,2277
Clipboard Letter-Size Bulk,112.43,167.31,331,Office Supplies,South,17,2660
Pen Holder Mesh Lite+,69.05,83.89,1737,Office Supplies,West Coast,10,3140
Ergonomic Office Chair Basic,68.63,76.1,11,Furniture,Midwest,2,115
Electric Standing Desk Mini,1252.5,1671.1,44,Furniture,South,2,170
L-Shaped Corner Desk V3,815.31,1130.04,19,Furniture,West Coast,2,150
5-Tier Bookshelf Lite,764.43,942.1,84,Furniture,South,1,139
3-Drawer Filing Cabinet HD,88.75,120.87,48,Furniture,International,1,100
Conference Table 8-seat Smart,285.66,337.34,92,Furniture,Midwest,1,166
Guest Chair Padded Basic,1175.14,1465.85,83,Furniture,International,2,106
Desk Lamp Architect Eco,912.1,1215.08,77,Furniture,Primary,1,102
Chair Floor Mat 48x36 Mini,1032.93,1182.68,83,Furniture,International,1,108
Monitor Riser Wood Advanced,569.3,733.07,65,Furniture,South,2,121
Storage Cabinet Locking Pro,583.05,753.85,46,Furniture,East Coast,1,123
Coat Rack Standing Eco,1196.59,1462.74,28,Furniture,Primary,1,171
Waste Basket Metal Compact,264.52,294.29,65,Furniture,East Coast,1,102
Under-Desk Drawer Unit Premium,1107.2,1518.42,85,Furniture,West Coast,2,117
Computer Desk Compact Elite,650.93,762.74,96,Furniture,International,2,103
Gaming Chair Racing Bulk,710.43,948.12,13,Furniture,Midwest,2,139
Recliner Leather Smart,536.61,655.95,65,Furniture,International,2,106
3-Seat Sofa Fabric Compact,775.85,968.17,28,Furniture,West Coast,2,138
Coffee Table Glass XL,333.76,400.21,10,Furniture,International,2,148
Side Table Round HD,1258.48,1752.5,86,Furniture,South,2,145
TV Stand 65in V3,944.44,1286.11,66,Furniture,South,1,137
Shoe Rack 4-Tier Eco,937.74,1292.25,85,Furniture,East Coast,2,180
Wardrobe Sliding-Door HD,1170.85,1363.75,52,Furniture,West Coast,2,166
6-Drawer Dresser Eco,245.56,333.52,60,Furniture,South,2,146
Nightstand 2-Drawer Lite+,41.25,51.66,79,Furniture,East Coast,2,131
Queen Bed Frame Metal HD,1088.03,1395.97,29,Furniture,East Coast,2,138
Queen Memory Foam Mattress HD,1395.65,1824.33,70,Furniture,Primary,1,145
Dining Table 6-seat Oak Standard,470.61,526.08,94,Furniture,East Coast,1,176
Dining Chair Padded 2pk Basic,402.38,498.57,95,Furniture,Midwest,1,106
Bar Stool Adjustable V3,417.7,574.48,99,Furniture,Primary,1,172
Kitchen Island Cart Ultra,644.93,886.39,64,Furniture,West Coast,1,175
Pantry Cabinet Tall Premium,901.69,1241.29,87,Furniture,South,1,130
Bathroom Vanity 36in Pro,121.59,138.77,73,Furniture,West Coast,2,114
Mirror Cabinet LED Plus,958.54,1252.56,83,Furniture,West Coast,1,138
Laundry Hamper Bamboo Pro,933.08,1294.95,14,Furniture,West Coast,2,126
Room Divider 4-Panel Eco,1242.64,1418.82,61,Furniture,East Coast,2,129
Accent Chair Velvet Lite+,881.9,1190.33,44,Furniture,International,1,110
Ottoman Storage Mini,187.44,219.62,47,Furniture,East Coast,1,135
Console Table Entryway Compact,523.63,715.0,35,Furniture,Midwest,1,170
Storage Bench Entryway Compact,1271.84,1706.6,46,Furniture,South,1,106
All-Purpose Cleaner 1gal XL,23.32,35.31,4588,Cleaning,West Coast,32,6427
Glass Cleaner Spray 32oz Bulk,43.05,59.4,3583,Cleaning,South,12,8269
Disinfectant Wipes 6pk Lite,27.14,38.32,692,Cleaning,West Coast,40,7726
Floor Cleaner Concentrate XL,37.64,52.93,1851,Cleaning,Primary,39,7861
Bathroom Cleaner Foaming HD,7.84,10.53,931,Cleaning,East Coast,36,6866
Kitchen Degreaser Eco,21.02,30.32,1200,Cleaning,West Coast,15,7735
Air Freshener Refills 3pk Lite+,18.11,26.47,1416,Cleaning,Primary,37,6054
Microfiber Cloths 12pk V2,34.39,43.48,2159,Cleaning,South,43,5485
Scrub Sponges 6pk Ultra,18.87,23.72,535,Cleaning,East Coast,37,7338
Rubber Gloves Latex 3pk Lite,27.95,40.97,215,Cleaning,South,25,8780
Trash Bags 13gal 50pk Smart,16.45,21.17,4097,Cleaning,West Coast,13,6272
Paper Towels 12-Roll Plus,32.63,52.55,4884,Cleaning,East Coast,44,5585
Toilet Paper 24-Roll HD,20.95,33.28,868,Cleaning,East Coast,21,8900
Hand Soap Refill 1gal Premium,35.61,59.25,4400,Cleaning,Primary,45,7173
Hand Sanitizer Pump 32oz Standard,23.59,39.52,790,Cleaning,East Coast,28,7663
Spin Mop System Plus,8.25,12.82,2034,Cleaning,West Coast,35,6219
Angle Broom Plus,38.94,51.49,1489,Cleaning,East Coast,25,5438
Dustpan Combo Premium,7.7,11.02,3089,Cleaning,Midwest,38,6550
Vacuum Bags 6pk V2,28.07,35.98,2763,Cleaning,Primary,28,7418
Dish Soap Lemon 32oz Standard,29.03,39.1,746,Cleaning,International,43,8485
Dishwasher Pods 60pk V3,29.82,40.98,3101,Cleaning,Primary,24,8749
Laundry Detergent 100oz Plus,31.48,52.82,4844,Cleaning,Primary,40,6981
Fabric Softener Sheets 240ct Mini,15.79,22.96,4838,Cleaning,International,17,8885
Stain Remover Spray Ultra,28.01,40.47,2833,Cleaning,Midwest,14,8726
Bleach Concentrate 1gal V3,38.86,58.47,3550,Cleaning,South,19,7807
Extendable Duster 10ft Lite,33.98,54.9,4057,Cleaning,South,24,8359
Window Squeegee 12in Max,8.74,13.52,2066,Cleaning,Primary,35,7323
Toilet Brush Set Bulk,21.03,33.43,3614,Cleaning,Primary,40,5466
Heavy-Duty Plunger XL,7.89,11.89,3746,Cleaning,Midwest,41,5004
Drain Cleaner Gel 32oz Standard,16.89,26.14,713,Cleaning,East Coast,33,8536
Lint Roller Mega 4pk Plus,12.93,18.22,134,Cleaning,East Coast,21,5024
Carpet Cleaner Shampoo Compact,33.92,51.23,4641,Cleaning,South,41,7273
Wood Polish Spray Plus,40.14,65.12,2586,Cleaning,Primary,50,6418
Stainless Steel Cleaner V2,27.56,41.38,3757,Cleaning,East Coast,35,5193
Oven Cleaner Heavy-Duty Plus,13.7,21.27,1735,Cleaning,International,27,6671
Grout Cleaner Brush Set Ultra,31.22,43.67,613,Cleaning,International,44,7912
First Aid Kit 200-Piece Max,62.3,80.89,527,Safety,Primary,3,1045
Fire Extinguisher ABC 5lb Eco,208.04,287.67,467,Safety,Primary,4,1073
Safety Goggles Anti-Fog Bulk,27.73,34.26,394,Safety,South,2,1102
Work Gloves Leather 12pk Standard,42.44,48.85,250,Safety,South,10,1673
Hard Hat OSHA-Compliant V2,92.33,113.81,42,Safety,East Coast,10,1757
Safety Vest Hi-Vis 10pk Lite,220.73,305.76,545,Safety,International,3,1741
Ear Plugs NRR32 50pk HD,57.9,83.63,253,Safety,International,10,1578
N95 Dust Masks 50pk Lite,163.18,227.72,261,Safety,Primary,8,1614
Face Shields Anti-Fog 5pk Ultra,188.02,255.21,323,Safety,Midwest,9,1438
Steel-Toe Work Boots V2,14.4,16.68,142,Safety,International,3,1263
Knee Pads Gel-Insert Mini,195.79,291.39,945,Safety,Primary,2,1467
Back Support Belt Large HD,62.64,84.33,902,Safety,International,2,1669
Anti-Fatigue Mat 3x5ft Basic,209.97,265.03,194,Safety,Primary,5,1469
Wet Floor Sign Bilingual Advanced,94.71,134.27,913,Safety,West Coast,3,1637
Traffic Cone 28in Standard,92.37,136.45,440,Safety,South,9,1145
Fire Blanket 4x6ft Compact,88.0,113.2,127,Safety,Midwest,4,1464
Smoke Detector 10-Year Lite+,22.33,29.11,761,Safety,International,3,1704
CO Detector Digital Advanced,126.62,178.85,876,Safety,South,8,1246
Emergency Kit 72-Hour XL,102.0,122.1,421,Safety,Midwest,8,1794
Heavy-Duty Flashlight Basic,57.03,66.09,382,Safety,Midwest,9,1212
AA Batteries 24pk Mini,51.31,74.2,547,Safety,West Coast,9,1765
AAA Batteries 24pk Plus,43.97,52.72,713,Safety,Midwest,6,1683
Extension Cord 25ft 12AWG Lite,77.58,110.6,917,Safety,Midwest,8,1180
Power Strip 6-Outlet USB HD,53.58,65.71,313,Safety,Midwest,3,1073
Cable Protector Ramp HD,195.45,271.57,188,Safety,East Coast,3,1383
Lockout Tagout Kit Standard,129.31,153.81,416,Safety,Midwest,10,1754
Hazmat Spill Kit 5gal V3,222.13,287.77,500,Safety,Midwest,2,1256
Eye Wash Station Wall Bulk,96.15,143.45,406,Safety,Primary,10,1494
Flammable Storage Cabinet V3,96.22,129.47,994,Safety,Primary,5,1003
4-Gas Detector Meter Premium,136.7,180.48,627,Safety,International,5,1411
Small Box 8x8x8 25pk Eco,62.42,76.87,5744,Packaging,East Coast,93,17991
Medium Box 12x12x12 25pk Max,70.37,104.34,9829,Packaging,International,34,15417
Large Box 18x18x18 15pk V2,43.95,53.75,5503,Packaging,West Coast,96,11827
Bubble Wrap Roll 175ft Lite,4.89,6.38,6278,Packaging,Primary,38,14743
Packing Peanuts 14cu ft Lite,49.35,62.58,8514,Packaging,Midwest,40,12300
Shipping Tape Clear 6pk Mini,47.15,56.97,8889,Packaging,International,34,13656
Shipping Labels 4x6 500ct Elite,69.77,110.12,975,Packaging,International,81,12741
Poly Mailers 10x13 100pk Ultra,47.8,71.3,8630,Packaging,South,52,16820
Stretch Wrap 18in 1000ft Lite+,80.6,115.47,7453,Packaging,Primary,99,14917
Kraft Packing Paper 25lb Bulk,15.35,23.75,1844,Packaging,Primary,82,11017
Foam Sheets 12x12 50pk Premium,49.62,67.67,5600,Packaging,South,73,12915
Strapping Tape 2in 6pk Mini,50.21,70.99,1771,Packaging,Primary,21,13544
Pallet Wrap 80ga 1500ft Lite+,19.8,30.1,5234,Packaging,East Coast,72,17057
Air Pillow Film Roll Mini,89.39,114.42,1642,Packaging,Midwest,41,14885
Tissue Paper White 100pk XL,75.12,103.62,3016,Packaging,Midwest,73,10846
Gift Boxes Assorted 12pk Smart,28.15,38.4,8095,Packaging,Primary,91,14154
Satin Ribbon Roll 50yd Lite,52.08,81.07,8710,Packaging,South,95,15310
Gift Bags Medium 24pk Elite,5.77,8.15,2831,Packaging,East Coast,26,10932
Kraft Paper Roll 36in x 200ft Pro,45.46,62.3,8189,Packaging,International,64,11544
Corrugated Roll 48in x 100ft V2,11.23,14.47,3286,Packaging,Primary,73,17544
Whole Bean Coffee 2lb Eco,6.07,8.28,2188,Food & Beverage,South,16,4096
Ground Coffee Medium 5lb Plus,41.98,48.94,2853,Food & Beverage,East Coast,25,3230
Earl Grey Tea 200ct Lite+,37.65,51.22,1241,Food & Beverage,West Coast,17,5113
Cane Sugar 10lb Advanced,13.92,19.39,990,Food & Beverage,South,27,5400
Coffee Creamer Singles 100pk Mini,10.12,14.65,922,Food & Beverage,East Coast,25,3631
Paper Cups 12oz 100pk Bulk,43.19,63.15,463,Food & Beverage,Primary,20,4115
PLA Lids 12oz 100pk Smart,39.13,47.52,2314,Food & Beverage,Midwest,8,4040
Wood Stirrers 1000pk HD,49.6,72.74,465,Food & Beverage,International,28,3746
Cocktail Napkins 500pk V3,23.51,27.34,2881,Food & Beverage,East Coast,23,4618
Paper Plates 9in 100pk Elite,33.71,42.99,430,Food & Beverage,West Coast,12,5272
Wood Cutlery Set 200pk Bulk,14.39,18.13,921,Food & Beverage,South,30,3215
Spring Water 24pk 16oz Eco,2.46,3.49,1956,Food & Beverage,South,25,4638
Granola Bars Variety 36pk Bulk,43.08,58.92,2694,Food & Beverage,International,24,4755
Mixed Nuts 2lb Canister Standard,21.21,30.24,2235,Food & Beverage,International,20,3555
Dried Fruit Mix 3lb Premium,50.48,58.62,2533,Food & Beverage,International,25,3720
Multigrain Crackers 8pk Mini,26.43,36.28,800,Food & Beverage,Midwest,16,3380
Creamy Peanut Butter 40oz Compact,28.94,33.96,874,Food & Beverage,East Coast,12,4927
Strawberry Jam 32oz HD,26.0,34.25,587,Food & Beverage,International,9,4961
Chicken Noodle Soup 6pk Eco,39.45,58.82,2923,Food & Beverage,East Coast,11,4251
Solid Light Tuna 8pk V2,36.26,51.03,1137,Food & Beverage,International,9,5151
Jasmine Rice 25lb Eco,44.97,52.68,2789,Food & Beverage,International,13,3757
Penne Pasta 6pk 1lb Eco,25.0,31.45,89,Food & Beverage,Primary,9,5229
Extra Virgin Olive Oil 1L Standard,17.38,21.01,2294,Food & Beverage,International,14,3636
Balsamic Vinegar 500ml Pro,10.34,12.9,1536,Food & Beverage,Midwest,6,4260
Sea Salt & Pepper Set HD,20.6,30.14,402,Food & Beverage,Midwest,9,5108
Spice Rack 20-Jar Lite,53.93,69.88,1152,Food & Beverage,West Coast,6,5359
Raw Honey 32oz Mini,18.37,23.39,2573,Food & Beverage,East Coast,23,3266
Organic Granola 2lb Ultra,4.06,5.11,2636,Food & Beverage,West Coast,10,4229
Whey Protein 5lb Chocolate Lite,38.27,52.36,2113,Food & Beverage,Primary,11,4579
Electrolyte Mix 30pk Lemon Lite,3.44,4.2,1600,Food & Beverage,East Coast,16,4094
Wireless Mouse Elite,536.3,654.38,329,Electronics,Midwest,2,623
Mechanical Keyboard Compact,641.46,848.72,344,Electronics,East Coast,4,807
USB-C Hub V2,515.01,640.41,280,Electronics,South,4,547
Webcam HD Premium,88.11,103.63,426,Electronics,East Coast,5,900
Bluetooth Speaker Smart,610.74,906.53,411,Electronics,East Coast,2,656
Portable Charger Premium,590.07,881.25,155,Electronics,Midwest,1,693
HDMI Cable V2,463.59,567.96,214,Electronics,West Coast,2,603
SSD 1TB Advanced,487.22,605.14,126,Electronics,Midwest,3,606
RAM 16GB Module XL,96.76,148.32,274,Electronics,South,4,723
Graphics Card RTX Premium,659.83,892.81,402,Electronics,East Coast,3,647
CPU Processor Standard,227.93,313.36,201,Electronics,South,5,568
Motherboard ATX Bulk,312.46,415.54,109,Electronics,South,3,511
Power Supply 750W XL,150.96,219.44,291,Electronics,West Coast,5,818
PC Case Mid-Tower Smart,248.42,383.61,250,Electronics,South,1,627
Monitor 27 4K HD,726.97,1011.96,496,Electronics,West Coast,4,645
Laptop Stand Aluminum V3,293.83,349.2,446,Electronics,West Coast,4,707
Noise Cancelling Headphones Plus,236.46,283.71,286,Electronics,Primary,5,603
Smart Watch Pro Plus,687.01,1009.4,179,Electronics,South,3,569
Fitness Tracker Band Advanced,854.84,1055.65,145,Electronics,International,3,878
Wireless Earbuds Smart,582.33,825.04,269,Electronics,Midwest,4,720
Tablet 10 inch Elite,487.31,673.34,238,Electronics,International,1,709
E-Reader Paperwhite Mini,414.53,618.21,333,Electronics,South,1,721
Smart Plug WiFi Plus,81.08,101.7,230,Electronics,Primary,1,541
WiFi Router AX V3,719.59,902.57,492,Electronics,West Coast,4,552
Network Switch 8-Port Compact,434.99,562.62,226,Electronics,International,3,500
External HDD 2TB Bulk,73.53,105.97,221,Electronics,Primary,1,851
Flash Drive 128GB Compact,444.8,563.57,293,Electronics,West Coast,2,604
Memory Card 256GB V3,872.84,1132.23,459,Electronics,South,4,794
Desk Lamp LED Bulk,21.69,33.41,479,Electronics,Primary,3,665
Phone Charger 65W Bulk,704.48,925.27,367,Electronics,Midwest,5,617
Screen Protector Glass Bulk,283.23,341.09,369,Electronics,South,3,591
Phone Case Silicone HD,69.53,103.08,279,Electronics,West Coast,5,585
Laptop Sleeve 15in Ultra,116.31,178.37,437,Electronics,Primary,2,669
Monitor Arm Single Eco,487.33,730.27,256,Electronics,East Coast,4,881
Keyboard Wrist Rest Compact,787.72,1000.67,409,Electronics,Midwest,1,822
Mouse Pad XXL Eco,467.99,592.01,130,Electronics,Primary,4,786
Cable Management Kit Compact,180.3,244.28,118,Electronics,Primary,1,868
Surge Protector 12-Outlet Pro,693.95,1034.03,77,Electronics,South,4,781
UPS Battery 1500VA Compact,542.97,642.67,417,Electronics,East Coast,5,832
USB Microphone Pro,684.39,962.99,262,Electronics,International,3,575
Ring Light 18in Lite+,416.4,566.17,393,Electronics,East Coast,4,524
Green Screen 5x7ft Compact,298.16,360.38,489,Electronics,Midwest,2,882
Streaming Deck MK2 V3,232.09,330.03,113,Electronics,Midwest,5,632
Capture Card 4K Advanced,703.89,915.77,383,Electronics,Primary,2,619
Drone Camera Pro Basic,69.39,106.53,105,Electronics,Midwest,2,689
Action Camera 4K HD,84.46,121.25,385,Electronics,East Coast,1,729
Digital Camera Mirrorless Mini,797.89,1013.78,448,Electronics,Midwest,3,736
Camera Lens 50mm HD,159.89,210.32,74,Electronics,Midwest,4,625
Tripod Carbon Fiber Ultra,486.67,695.28,265,Electronics,South,5,783
Camera Bag Backpack Lite+,733.28,920.99,258,Electronics,West Coast,3,813
SD Card Reader Standard,586.81,895.69,434,Electronics,West Coast,5,864
Ballpoint Pens 12pk Max,106.15,181.42,933,Office Supplies,Primary,18,2519
Sticky Notes 8pk Eco,86.24,127.59,1161,Office Supplies,Primary,19,2576
File Folders 24pk Premium,157.11,190.66,1794,Office Supplies,Midwest,19,2862
Printer Paper A4 5-Ream XL,15.41,24.01,738,Office Supplies,Primary,10,2610
Ink Cartridge Black XL Lite,57.76,85.64,445,Office Supplies,South,10,2121
Ink Cartridge Color Combo Elite,11.42,13.93,1489,Office Supplies,West Coast,5,3169
Desk Organizer Bamboo Plus,143.54,204.34,751,Office Supplies,East Coast,20,2307
Paper Shredder Cross-Cut Standard,130.3,183.21,1095,Office Supplies,International,14,3340
Laminator Machine A4 HD,66.42,93.33,389,Office Supplies,East Coast,10,3386
Label Maker Portable HD,77.94,95.02,1419,Office Supplies,West Coast,4,2075
Whiteboard Magnetic 48x36 Ultra,6.17,11.1,1529,Office Supplies,Primary,6,2143
Dry Erase Markers 8pk Eco,146.87,227.79,1563,Office Supplies,Primary,15,2863
Whiteboard Eraser Lite,108.4,179.86,1047,Office Supplies,Primary,16,2643
Stapler Heavy-Duty Lite,99.02,159.39,671,Office Supplies,International,20,2440
Staples 5000pk Ultra,141.97,193.93,893,Office Supplies,International,6,2638
Tape Dispenser Desktop Standard,85.2,123.97,210,Office Supplies,International,20,3316
Scissors Titanium HD,92.49,148.11,594,Office Supplies,South,18,3501
Paper Clips 100pk HD,72.58,115.44,1621,Office Supplies,East Coast,16,3121
Binder Clips Assorted 24pk Smart,3.83,5.45,292,Office Supplies,West Coast,15,2827
Rubber Bands 1lb Smart,105.92,128.17,1334,Office Supplies,International,6,2565
Envelopes White 100pk V2,126.55,204.38,27,Office Supplies,International,9,3176
Notebooks College-Ruled 6pk V2,89.85,156.78,1771,Office Supplies,West Coast,4,2646
Daily Planner 2024 Lite+,122.79,193.26,884,Office Supplies,Primary,9,2318
Scientific Calculator Premium,10.81,13.41,1813,Office Supplies,Midwest,6,3089
Ruler Metal 12in Compact,6.77,10.09,943,Office Supplies,South,11,2436
3-Hole Punch Elite,151.0,204.15,1521,Office Supplies,East Coast,20,2695
Letter Tray Stackable Premium,82.48,141.77,1714,Office Supplies,East Coast,8,2005
Magazine Rack Wire Bulk,109.42,149.82,54,Office Supplies,East Coast,9,3478
Bulletin Board Cork 36x24 Advanced,87.07,116.27,751,Office Supplies,International,6,3100
Push Pins Colored 100pk HD,75.04,131.73,1790,Office Supplies,West Coast,19,2981
Correction Tape 3pk Mini,37.48,66.78,1901,Office Supplies,South,15,2156
Glue Sticks Washable 6pk V3,2.55,3.6,785,Office Supplies,Midwest,10,2547
Index Cards Ruled 200pk Bulk,96.68,120.57,450,Office Supplies,South,20,3588
Graph Paper Pad 4x4 XL,115.15,186.11,1021,Office Supplies,South,14,2703
Legal Pads Yellow 3pk Smart,11.36,17.57,641,Office Supplies,South,6,2349
Presentation Folders 25pk Compact,60.12,101.28,1739,Office Supplies,Midwest,7,2771
Sheet Protectors 50pk XL,136.66,178.57,1121,Office Supplies,South,10,2198
Report Covers Prong 12pk Eco,56.68,93.94,1191,Office Supplies,International,6,3121
Clipboard Letter-Size Plus,132.09,237.19,1987,Office Supplies,Midwest,6,2528
Pen Holder Mesh V3,47.38,76.86,1692,Office Supplies,East Coast,9,2638
Ergonomic Office Chair Mini,975.67,1329.73,75,Furniture,Primary,2,130
Electric Standing Desk Elite,1038.97,1174.54,10,Furniture,Midwest,2,119
L-Shaped Corner Desk V3,437.94,611.82,39,Furniture,East Coast,2,111
5-Tier Bookshelf Eco,149.45,203.97,47,Furniture,Primary,2,125
3-Drawer Filing Cabinet Lite,472.79,525.6,9,Furniture,Primary,2,137
Conference Table 8-seat Ultra,636.9,717.39,93,Furniture,South,1,106
Guest Chair Padded HD,527.17,666.72,86,Furniture,Midwest,2,140
Desk Lamp Architect HD,1047.04,1374.11,32,Furniture,West Coast,2,141
Chair Floor Mat 48x36 Mini,1103.91,1460.03,25,Furniture,Midwest,1,118
Monitor Riser Wood Smart,1205.74,1542.61,45,Furniture,Midwest,1,107
Storage Cabinet Locking Standard,969.26,1338.04,95,Furniture,Midwest,1,102
Coat Rack Standing Mini,1287.69,1705.5,84,Furniture,Primary,2,178
Waste Basket Metal Pro,115.36,152.98,91,Furniture,International,1,120
Under-Desk Drawer Unit Premium,217.91,288.08,53,Furniture,South,1,153
Computer Desk Compact Max,242.4,272.73,65,Furniture,East Coast,2,151
Gaming Chair Racing Compact,1175.67,1493.74,50,Furniture,South,1,103
Recliner Leather V3,896.9,1120.2,92,Furniture,Primary,1,100
3-Seat Sofa Fabric XL,811.28,926.28,83,Furniture,East Coast,2,163
Coffee Table Glass Max,787.48,973.92,92,Furniture,East Coast,1,120
Side Table Round Pro,98.65,127.62,61,Furniture,West Coast,2,171
TV Stand 65in Smart,708.42,806.64,26,Furniture,East Coast,2,115
Shoe Rack 4-Tier Smart,512.27,608.87,25,Furniture,International,1,142
Wardrobe Sliding-Door Advanced,1242.46,1665.96,4,Furniture,South,1,180
6-Drawer Dresser Compact,56.75,68.9,38,Furniture,East Coast,1,122
Nightstand 2-Drawer Premium,52.46,70.03,40,Furniture,Midwest,2,133
Queen Bed Frame Metal Compact,980.39,1256.95,45,Furniture,Primary,1,174
Queen Memory Foam Mattress Premium,1223.4,1578.64,95,Furniture,Midwest,2,155
Dining Table 6-seat Oak Premium,313.78,353.98,51,Furniture,West Coast,2,180
Dining Chair Padded 2pk HD,1134.18,1322.64,73,Furniture,South,2,167
Bar Stool Adjustable Advanced,639.42,872.18,46,Furniture,South,2,178
Kitchen Island Cart Eco,136.1,165.61,8,Furniture,East Coast,2,116
Pantry Cabinet Tall Elite,66.44,74.84,14,Furniture,Midwest,1,171
Bathroom Vanity 36in Pro,1293.67,1610.1,77,Furniture,Primary,2,157
Mirror Cabinet LED Elite,875.02,1018.78,4,Furniture,Primary,1,142
Laundry Hamper Bamboo Premium,1204.58,1513.33,99,Furniture,South,2,131
Room Divider 4-Panel V2,1332.76,1693.75,41,Furniture,International,1,175
Accent Chair Velvet Mini,389.38,522.81,95,Furniture,East Coast,1,146
Ottoman Storage Standard,636.28,806.95,77,Furniture,International,2,111
Console Table Entryway HD,682.33,881.49,74,Furniture,East Coast,2,128
Storage Bench Entryway Compact,708.52,951.08,34,Furniture,South,2,180
All-Purpose Cleaner 1gal HD,37.89,53.65,1272,Cleaning,East Coast,47,8649
Glass Cleaner Spray 32oz XL,35.29,60.69,4431,Cleaning,East Coast,21,8574
Disinfectant Wipes 6pk Advanced,40.97,65.9,63,Cleaning,East Coast,17,7158
Floor Cleaner Concentrate Max,12.56,17.02,3628,Cleaning,West Coast,42,7106
Bathroom Cleaner Foaming HD,25.01,34.99,3510,Cleaning,Midwest,41,8713
Kitchen Degreaser Lite+,23.6,36.71,3320,Cleaning,South,27,6326
Air Freshener Refills 3pk Eco,22.62,31.32,2349,Cleaning,South,46,6333
Microfiber Cloths 12pk Lite+,16.39,21.14,2977,Cleaning,Primary,50,5821
Scrub Sponges 6pk Lite+,15.86,22.56,2751,Cleaning,East Coast,48,7574
Rubber Gloves Latex 3pk Advanced,32.1,47.97,4452,Cleaning,West Coast,39,8954
Trash Bags 13gal 50pk Lite,43.58,55.88,2434,Cleaning,International,43,6580
Paper Towels 12-Roll V2,20.43,28.84,1035,Cleaning,South,17,8235
Toilet Paper 24-Roll Smart,23.2,31.98,1885,Cleaning,Midwest,27,7511
Hand Soap Refill 1gal XL,35.85,46.1,2984,Cleaning,Primary,37,6272
Hand Sanitizer Pump 32oz Smart,19.34,29.29,3546,Cleaning,International,25,8831
Spin Mop System Pro,41.28,52.63,1742,Cleaning,South,32,8016
Angle Broom V2,4.62,6.03,1620,Cleaning,International,12,5351
Dustpan Combo Bulk,26.75,42.16,1321,Cleaning,West Coast,21,8776
Vacuum Bags 6pk Max,7.43,10.33,4485,Cleaning,International,23,6250
Dish Soap Lemon 32oz Smart,9.2,13.26,4582,Cleaning,International,13,7325
Dishwasher Pods 60pk Advanced,34.95,51.3,453,Cleaning,International,15,8295
Laundry Detergent 100oz Advanced,43.75,60.69,1721,Cleaning,West Coast,22,8727
Fabric Softener Sheets 240ct Basic,2.22,3.71,2783,Cleaning,International,24,6796
Stain Remover Spray Eco,18.11,30.62,3319,Cleaning,Midwest,35,8059
Bleach Concentrate 1gal Mini,41.93,59.25,2282,Cleaning,Primary,36,8607
Extendable Duster 10ft XL,12.54,16.64,3269,Cleaning,Midwest,12,7519
Window Squeegee 12in Lite+,38.8,66.57,3350,Cleaning,East Coast,50,7869
Toilet Brush Set Lite+,7.85,12.28,1739,Cleaning,International,35,8789
Heavy-Duty Plunger Standard,28.83,36.95,4959,Cleaning,South,19,7910
Drain Cleaner Gel 32oz XL,19.58,31.71,1307,Cleaning,International,42,6492
Lint Roller Mega 4pk Plus,9.34,12.07,2977,Cleaning,International,30,7959
Carpet Cleaner Shampoo V3,25.95,43.61,4122,Cleaning,West Coast,39,6393
Wood Polish Spray Basic,7.97,13.61,3214,Cleaning,West Coast,21,6707
Stainless Steel Cleaner V3,42.52,61.03,3963,Cleaning,West Coast,42,6093
Oven Cleaner Heavy-Duty Compact,2.11,3.23,233,Cleaning,West Coast,40,8400
Grout Cleaner Brush Set Lite,30.65,52.01,4715,Cleaning,South,16,7486
First Aid Kit 200-Piece Lite,115.65,148.16,80,Safety,International,4,1586
Fire Extinguisher ABC 5lb Premium,76.84,109.71,628,Safety,East Coast,4,1347
Safety Goggles Anti-Fog Mini,109.07,135.95,564,Safety,International,4,1532
Work Gloves Leather 12pk Eco,130.79,179.89,688,Safety,Midwest,9,1278
Hard Hat OSHA-Compliant Ultra,110.29,141.47,336,Safety,Primary,2,1492
Safety Vest Hi-Vis 10pk XL,83.56,117.31,279,Safety,West Coast,5,1653
Ear Plugs NRR32 50pk Eco,246.05,320.15,492,Safety,West Coast,9,1104
N95 Dust Masks 50pk HD,200.77,243.16,154,Safety,West Coast,2,1596
Face Shields Anti-Fog 5pk Smart,215.07,251.38,424,Safety,Primary,5,1305
Steel-Toe Work Boots XL,55.0,74.68,487,Safety,International,3,1052
Knee Pads Gel-Insert Plus,30.12,44.65,668,Safety,Midwest,6,1473
Back Support Belt Large Eco,192.33,262.55,279,Safety,Primary,5,1679
Anti-Fatigue Mat 3x5ft Premium,174.48,230.19,187,Safety,Midwest,7,1374
Wet Floor Sign Bilingual Advanced,86.18,106.79,238,Safety,International,7,1276
Traffic Cone 28in Lite+,79.33,102.16,346,Safety,East Coast,7,1478
Fire Blanket 4x6ft Smart,167.3,201.27,891,Safety,West Coast,4,1549
Smoke Detector 10-Year XL,89.33,103.28,803,Safety,International,7,1497
CO Detector Digital Smart,77.45,102.29,960,Safety,International,10,1100
Emergency Kit 72-Hour HD,102.41,123.34,929,Safety,West Coast,10,1791
Heavy-Duty Flashlight Mini,194.84,252.06,254,Safety,International,5,1759
AA Batteries 24pk Standard,112.68,141.44,486,Safety,Midwest,3,1257
AAA Batteries 24pk Elite,249.28,325.46,743,Safety,International,3,1260
Extension Cord 25ft 12AWG Lite+,168.35,222.42,838,Safety,Primary,5,1297
Power Strip 6-Outlet USB Basic,89.28,112.65,358,Safety,International,2,1530
Cable Protector Ramp V3,126.33,157.81,741,Safety,Primary,8,1037
Lockout Tagout Kit Ultra,9.27,12.63,407,Safety,Primary,3,1019
Hazmat Spill Kit 5gal Ultra,88.94,123.38,684,Safety,Primary,2,1776
Eye Wash Station Wall Ultra,188.18,278.33,481,Safety,Primary,6,1588
Flammable Storage Cabinet Lite+,137.12,191.32,192,Safety,West Coast,10,1320
4-Gas Detector Meter Mini,101.27,141.4,122,Safety,East Coast,7,1592
Small Box 8x8x8 25pk Basic,69.59,109.21,7050,Packaging,International,76,13291
Medium Box 12x12x12 25pk Eco,32.41,41.46,7119,Packaging,West Coast,82,11967
Large Box 18x18x18 15pk XL,63.59,91.43,845,Packaging,Midwest,82,10473
Bubble Wrap Roll 175ft Max,12.82,18.14,4525,Packaging,East Coast,30,17921
Packing Peanuts 14cu ft Eco,72.28,110.45,3276,Packaging,Primary,98,10059
Shipping Tape Clear 6pk Premium,17.87,25.76,5177,Packaging,International,41,14034
Shipping Labels 4x6 500ct Standard,87.83,113.36,6738,Packaging,Midwest,48,12569
Poly Mailers 10x13 100pk Elite,37.85,57.06,1124,Packaging,Primary,54,14261
Stretch Wrap 18in 1000ft V3,63.62,98.08,280,Packaging,Midwest,26,17488
Kraft Packing Paper 25lb Eco,72.61,109.62,7259,Packaging,East Coast,66,14593
Foam Sheets 12x12 50pk Compact,74.37,104.52,5714,Packaging,International,43,17770
Strapping Tape 2in 6pk HD,22.12,33.0,9787,Packaging,Primary,53,15796
Pallet Wrap 80ga 1500ft Max,79.89,123.48,8670,Packaging,South,69,13515
Air Pillow Film Roll Mini,8.87,11.09,2204,Packaging,East Coast,45,16527
Tissue Paper White 100pk Lite,24.48,35.82,5380,Packaging,Midwest,40,16595
Gift Boxes Assorted 12pk Lite,83.17,119.29,9054,Packaging,East Coast,92,16602
Satin Ribbon Roll 50yd Bulk,73.09,113.0,6560,Packaging,West Coast,60,13698
Gift Bags Medium 24pk Premium,34.6,46.67,3618,Packaging,International,43,13070
Kraft Paper Roll 36in x 200ft Bulk,25.93,40.71,1892,Packaging,International,86,10799
Corrugated Roll 48in x 100ft Basic,60.25,90.72,5713,Packaging,Midwest,30,11751
Whole Bean Coffee 2lb Ultra,11.94,17.77,2844,Food & Beverage,Primary,16,3591
Ground Coffee Medium 5lb V3,31.29,43.08,2241,Food & Beverage,Midwest,9,3886
Earl Grey Tea 200ct HD,29.19,41.54,2229,Food & Beverage,Midwest,30,4144
Cane Sugar 10lb Lite,15.79,21.87,709,Food & Beverage,West Coast,6,3305
Coffee Creamer Singles 100pk Advanced,14.92,18.43,1123,Food & Beverage,Primary,7,3399
Paper Cups 12oz 100pk V2,25.47,34.12,1624,Food & Beverage,Primary,6,3801
PLA Lids 12oz 100pk Advanced,27.53,39.15,1222,Food & Beverage,Primary,20,4977
Wood Stirrers 1000pk Elite,2.56,3.32,2753,Food & Beverage,Primary,21,4783
Cocktail Napkins 500pk Basic,14.57,19.13,621,Food & Beverage,Primary,29,4528
Paper Plates 9in 100pk Lite+,24.32,32.08,299,Food & Beverage,East Coast,26,4704
Wood Cutlery Set 200pk Mini,28.45,33.13,2264,Food & Beverage,Midwest,22,5114
Spring Water 24pk 16oz Basic,4.61,5.79,2082,Food & Beverage,East Coast,18,5352
Granola Bars Variety 36pk Plus,13.99,20.14,692,Food & Beverage,International,18,4218
Mixed Nuts 2lb Canister Bulk,44.18,54.78,1788,Food & Beverage,Primary,20,4222
Dried Fruit Mix 3lb Elite,34.48,44.49,1352,Food & Beverage,South,28,3944
Multigrain Crackers 8pk Pro,22.51,33.07,2361,Food & Beverage,International,7,5312
Creamy Peanut Butter 40oz Lite+,36.19,44.53,565,Food & Beverage,International,16,3468
Strawberry Jam 32oz Smart,25.88,30.24,2292,Food & Beverage,South,8,4530
Chicken Noodle Soup 6pk Elite,7.29,9.4,2261,Food & Beverage,Midwest,10,5373
Solid Light Tuna 8pk Ultra,52.59,68.99,747,Food & Beverage,East Coast,9,4360
Jasmine Rice 25lb Lite,33.71,46.29,1660,Food & Beverage,West Coast,29,3567
Penne Pasta 6pk 1lb V2,23.28,26.8,743,Food & Beverage,South,9,4734
Extra Virgin Olive Oil 1L Pro,31.17,41.41,1532,Food & Beverage,Primary,14,5106
Balsamic Vinegar 500ml Max,47.84,70.56,979,Food & Beverage,South,12,4507
Sea Salt & Pepper Set Eco,42.07,60.57,816,Food & Beverage,Primary,27,3338
Spice Rack 20-Jar HD,21.19,26.14,1366,Food & Beverage,West Coast,8,4966
Raw Honey 32oz Bulk,50.67,64.96,921,Food & Beverage,Primary,30,4413
Organic Granola 2lb Pro,48.43,68.14,1276,Food & Beverage,East Coast,7,3362
Whey Protein 5lb Chocolate Basic,14.96,17.66,1383,Food & Beverage,International,17,5102
Electrolyte Mix 30pk Lemon Elite,39.45,53.19,78,Food & Beverage,South,13,4388
Wireless Mouse Ultra,94.47,143.74,46,Electronics,Primary,4,858
Mechanical Keyboard V3,34.23,44.99,236,Electronics,West Coast,1,793
USB-C Hub Lite,120.96,183.14,362,Electronics,West Coast,4,502
Webcam HD Lite,867.04,1084.97,419,Electronics,International,2,889
Bluetooth Speaker Basic,533.58,658.19,234,Electronics,West Coast,4,786
Portable Charger Mini,681.67,907.59,431,Electronics,Midwest,4,734
HDMI Cable HD,772.65,891.45,148,Electronics,West Coast,2,658
SSD 1TB Elite,720.14,959.24,330,Electronics,International,2,540
RAM 16GB Module Lite+,685.47,800.52,120,Electronics,South,2,635
Graphics Card RTX HD,674.83,971.1,236,Electronics,Midwest,3,886
CPU Processor Premium,895.12,1151.23,404,Electronics,South,1,654
Motherboard ATX Premium,807.73,1206.36,305,Electronics,Midwest,3,858
Power Supply 750W V3,760.11,1038.74,181,Electronics,West Coast,4,510
PC Case Mid-Tower Standard,150.17,175.79,309,Electronics,South,5,684
Monitor 27 4K Standard,723.46,951.66,65,Electronics,Primary,1,555
Laptop Stand Aluminum Lite+,858.26,1184.79,205,Electronics,West Coast,3,730
Noise Cancelling Headphones Standard,607.88,784.43,179,Electronics,South,4,576
Smart Watch Pro Elite,712.27,862.33,203,Electronics,West Coast,5,607
Fitness Tracker Band Advanced,307.38,469.46,353,Electronics,East Coast,1,888
Wireless Earbuds Elite,14.32,19.37,494,Electronics,West Coast,4,770
Tablet 10 inch HD,15.21,20.13,375,Electronics,South,5,873
E-Reader Paperwhite V2,830.34,1271.7,372,Electronics,East Coast,4,534
Smart Plug WiFi Advanced,123.33,162.04,285,Electronics,South,4,517
WiFi Router AX Ultra,795.42,1198.02,229,Electronics,Midwest,5,691
Network Switch 8-Port Plus,682.4,840.75,294,Electronics,Midwest,4,573
External HDD 2TB Eco,449.82,623.32,455,Electronics,International,4,535
Flash Drive 128GB Lite,54.38,72.06,127,Electronics,East Coast,3,563
Memory Card 256GB Basic,539.38,657.48,343,Electronics,South,1,708
Desk Lamp LED V2,262.24,318.78,103,Electronics,East Coast,2,526
Phone Charger 65W V3,557.02,847.58,134,Electronics,Primary,3,694
Screen Protector Glass Compact,733.88,1105.1,432,Electronics,West Coast,4,789
Phone Case Silicone Eco,613.65,706.26,318,Electronics,East Coast,3,835
Laptop Sleeve 15in V3,310.22,423.47,205,Electronics,East Coast,3,898
Monitor Arm Single Smart,278.44,335.41,180,Electronics,International,2,746
Keyboard Wrist Rest Plus,34.54,45.01,486,Electronics,South,3,629
Mouse Pad XXL Basic,306.02,417.01,404,Electronics,Primary,3,625
Cable Management Kit Mini,865.85,1214.53,396,Electronics,West Coast,5,505
Surge Protector 12-Outlet V2,329.09,505.23,468,Electronics,Primary,2,771
UPS Battery 1500VA Bulk,226.59,300.83,394,Electronics,West Coast,3,567
USB Microphone Bulk,721.64,968.35,445,Electronics,South,4,781
Ring Light 18in Ultra,492.2,571.43,97,Electronics,International,1,617
Green Screen 5x7ft Elite,856.11,1042.33,132,Electronics,Primary,1,746
Streaming Deck MK2 Lite,561.18,806.32,171,Electronics,Midwest,5,705
Capture Card 4K V3,856.52,1250.75,343,Electronics,Midwest,2,776
Drone Camera Pro Elite,474.41,637.42,475,Electronics,East Coast,5,754
Action Camera 4K Lite,230.18,279.21,163,Electronics,Midwest,5,685
Digital Camera Mirrorless V2,520.77,622.45,473,Electronics,West Coast,5,700
Camera Lens 50mm Standard,107.8,124.33,104,Electronics,South,2,777
Tripod Carbon Fiber Advanced,10.93,12.59,170,Electronics,Primary,1,859
Camera Bag Backpack V2,476.73,607.78,355,Electronics,Primary,1,576
SD Card Reader Max,614.59,886.39,340,Electronics,International,1,542
Ballpoint Pens 12pk Lite+,65.59,93.13,576,Office Supplies,West Coast,6,2815
Sticky Notes 8pk Advanced,90.19,115.67,1791,Office Supplies,West Coast,6,2113
File Folders 24pk Compact,75.29,129.85,674,Office Supplies,Primary,4,3597
Printer Paper A4 5-Ream XL,31.63,50.88,1189,Office Supplies,West Coast,18,2517
Ink Cartridge Black XL V2,148.72,198.97,1497,Office Supplies,Midwest,16,2113
Ink Cartridge Color Combo Basic,163.63,229.9,1525,Office Supplies,Primary,10,2413
Desk Organizer Bamboo Elite,174.2,262.1,1030,Office Supplies,International,8,2487
Paper Shredder Cross-Cut Basic,39.69,60.37,1339,Office Supplies,Primary,4,2872
Laminator Machine A4 Lite,155.73,218.23,1237,Office Supplies,East Coast,8,2469
Label Maker Portable Compact,87.89,119.59,1379,Office Supplies,International,14,3024
Whiteboard Magnetic 48x36 Mini,112.15,165.55,215,Office Supplies,International,15,2090
Dry Erase Markers 8pk Mini,102.22,153.11,1754,Office Supplies,East Coast,19,3370
Whiteboard Eraser Pro,111.52,157.27,1190,Office Supplies,Primary,8,2094
Stapler Heavy-Duty Basic,28.7,46.9,742,Office Supplies,East Coast,8,2487
Staples 5000pk Max,174.55,256.58,27,Office Supplies,International,12,3178
Tape Dispenser Desktop V3,135.96,210.91,1055,Office Supplies,Primary,9,3215
Scissors Titanium Bulk,96.86,170.74,1880,Office Supplies,Primary,15,2660
Paper Clips 100pk Lite,77.85,103.28,1257,Office Supplies,West Coast,18,2170
Binder Clips Assorted 24pk Smart,30.51,36.97,1632,Office Supplies,Midwest,18,2684
Rubber Bands 1lb Standard,125.58,159.04,1641,Office Supplies,West Coast,13,2375
Envelopes White 100pk Basic,146.12,247.82,1213,Office Supplies,Midwest,17,2324
Notebooks College-Ruled 6pk Max,62.9,78.49,1915,Office Supplies,Primary,11,3419
Daily Planner 2024 V2,54.77,84.62,1641,Office Supplies,Midwest,19,3490
Scientific Calculator Eco,136.99,217.47,1470,Office Supplies,East Coast,18,2983
Ruler Metal 12in Premium,54.17,85.65,424,Office Supplies,South,14,2623
3-Hole Punch Ultra,93.88,121.94,1795,Office Supplies,Midwest,16,2741
Letter Tray Stackable Mini,61.42,88.67,1476,Office Supplies,South,13,2456
Magazine Rack Wire Plus,150.45,235.91,1190,Office Supplies,East Coast,5,3562
Bulletin Board Cork 36x24 Premium,167.13,265.46,1332,Office Supplies,West Coast,13,2256
Push Pins Colored 100pk Lite+,105.03,152.43,123,Office Supplies,Primary,4,3476
Correction Tape 3pk Elite,52.39,81.77,878,Office Supplies,East Coast,15,2989
Glue Sticks Washable 6pk Lite+,75.32,103.4,363,Office Supplies,International,16,2782
Index Cards Ruled 200pk Max,23.53,31.93,334,Office Supplies,Midwest,5,2452
Graph Paper Pad 4x4 Smart,42.34,65.93,193,Office Supplies,Primary,12,3289
Legal Pads Yellow 3pk Mini,122.5,157.9,515,Office Supplies,Primary,7,3455
Presentation Folders 25pk Ultra,34.0,44.52,656,Office Supplies,Midwest,6,2529
Sheet Protectors 50pk Bulk,76.38,136.09,46,Office Supplies,Primary,4,3298
Report Covers Prong 12pk Advanced,48.6,85.1,1652,Office Supplies,West Coast,11,2445
Clipboard Letter-Size Smart,95.42,156.7,938,Office Supplies,East Coast,13,2335
Pen Holder Mesh Elite,97.43,131.08,1645,Office Supplies,Midwest,14,3262
Ergonomic Office Chair HD,1279.33,1591.99,63,Furniture,East Coast,1,145
Electric Standing Desk Smart,62.13,71.49,57,Furniture,Midwest,1,138
L-Shaped Corner Desk Eco,584.66,644.98,94,Furniture,South,1,118
5-Tier Bookshelf Elite,56.7,63.02,83,Furniture,West Coast,1,155
3-Drawer Filing Cabinet Ultra,589.98,802.02,84,Furniture,East Coast,2,138
Conference Table 8-seat Ultra,721.92,848.13,96,Furniture,West Coast,2,140
Guest Chair Padded Plus,1010.15,1197.27,84,Furniture,Midwest,1,115
Desk Lamp Architect Smart,707.55,808.79,92,Furniture,Midwest,1,155
Chair Floor Mat 48x36 XL,1142.59,1348.59,75,Furniture,East Coast,1,179
Monitor Riser Wood Standard,1339.88,1748.78,53,Furniture,West Coast,1,135
Storage Cabinet Locking V3,1044.2,1359.09,25,Furniture,South,2,122
Coat Rack Standing Lite+,796.58,929.39,60,Furniture,South,1,131
Waste Basket Metal Mini,1252.49,1470.28,63,Furniture,West Coast,1,135
Under-Desk Drawer Unit Eco,893.68,1207.79,28,Furniture,East Coast,1,123
Computer Desk Compact HD,458.46,620.54,21,Furniture,West Coast,2,160
Gaming Chair Racing Pro,899.78,1135.18,26,Furniture,Primary,2,120
Recliner Leather Eco,349.16,388.77,11,Furniture,East Coast,2,106
3-Seat Sofa Fabric Eco,1156.35,1385.3,5,Furniture,West Coast,2,111
Coffee Table Glass XL,477.62,648.49,8,Furniture,West Coast,2,106
Side Table Round Max,242.91,314.4,89,Furniture,Midwest,2,143
TV Stand 65in Standard,132.2,168.97,22,Furniture,Primary,2,147
Shoe Rack 4-Tier Max,472.81,592.53,6,Furniture,Primary,2,166
Wardrobe Sliding-Door Elite,159.4,187.27,95,Furniture,West Coast,2,102
6-Drawer Dresser Eco,1030.39,1229.27,34,Furniture,International,1,178
Nightstand 2-Drawer Lite+,185.25,242.23,98,Furniture,Midwest,2,145
Queen Bed Frame Metal Mini,1255.5,1528.82,31,Furniture,International,1,165
Queen Memory Foam Mattress Max,1373.6,1679.74,4,Furniture,International,2,115
Dining Table 6-seat Oak HD,218.08,295.63,87,Furniture,East Coast,2,155
Dining Chair Padded 2pk Bulk,214.39,292.04,2,Furniture,Primary,2,155
Bar Stool Adjustable Bulk,91.7,105.1,42,Furniture,West Coast,2,164
Kitchen Island Cart HD,848.06,1050.05,11,Furniture,International,2,124
Pantry Cabinet Tall V3,980.58,1202.91,66,Furniture,Primary,1,175
Bathroom Vanity 36in Mini,95.24,130.95,99,Furniture,Primary,2,112
Mirror Cabinet LED V3,853.86,1063.63,67,Furniture,South,1,168
Laundry Hamper Bamboo V3,87.23,116.87,52,Furniture,East Coast,1,149
Room Divider 4-Panel Basic,748.9,915.37,67,Furniture,International,2,168
Accent Chair Velvet XL,155.93,209.76,47,Furniture,Primary,2,176
Ottoman Storage XL,891.82,1157.81,50,Furniture,South,2,151
Console Table Entryway Basic,1070.58,1299.75,24,Furniture,Midwest,1,101
Storage Bench Entryway Max,1010.34,1158.84,2,Furniture,Midwest,1,137
All-Purpose Cleaner 1gal Max,29.19,43.17,2931,Cleaning,Primary,36,6158
Glass Cleaner Spray 32oz Ultra,24.18,39.02,285,Cleaning,Primary,44,5909
Disinfectant Wipes 6pk Compact,27.96,48.26,4313,Cleaning,International,48,7392
Floor Cleaner Concentrate Elite,17.96,28.21,2889,Cleaning,South,28,7488
Bathroom Cleaner Foaming V3,19.7,33.41,2181,Cleaning,West Coast,34,6969
Kitchen Degreaser Elite,3.52,5.17,4365,Cleaning,Midwest,42,7962
Air Freshener Refills 3pk Ultra,18.02,30.35,2815,Cleaning,Primary,41,8658
Microfiber Cloths 12pk Lite,20.27,28.93,422,Cleaning,South,32,7739
Scrub Sponges 6pk XL,37.3,50.49,2537,Cleaning,Primary,25,8793
Rubber Gloves Latex 3pk Advanced,4.1,6.41,3645,Cleaning,East Coast,23,7410
Trash Bags 13gal 50pk Pro,32.95,43.41,4385,Cleaning,West Coast,32,6755
Paper Towels 12-Roll V3,12.33,18.31,3956,Cleaning,East Coast,40,8254
Toilet Paper 24-Roll Pro,31.11,40.43,4106,Cleaning,Primary,45,6970
Hand Soap Refill 1gal Elite,35.66,59.55,932,Cleaning,South,33,6159
Hand Sanitizer Pump 32oz Lite+,30.95,38.88,897,Cleaning,International,19,6075
Spin Mop System Plus,7.96,11.44,2426,Cleaning,Primary,31,6315
Angle Broom Plus,44.86,62.71,306,Cleaning,International,42,8048
Dustpan Combo Plus,30.63,47.26,4560,Cleaning,Midwest,23,7326
Vacuum Bags 6pk Compact,29.14,39.88,4227,Cleaning,West Coast,40,5553
Dish Soap Lemon 32oz Compact,6.19,8.4,1706,Cleaning,South,28,6018
Dishwasher Pods 60pk Eco,35.22,45.07,295,Cleaning,West Coast,47,5325
Laundry Detergent 100oz Eco,15.45,24.06,1901,Cleaning,International,11,7014
Fabric Softener Sheets 240ct Premium,6.57,11.47,4689,Cleaning,West Coast,36,6286
Stain Remover Spray HD,34.45,45.69,4117,Cleaning,Primary,22,6471
Bleach Concentrate 1gal Advanced,28.04,40.34,1240,Cleaning,Midwest,31,5635
Extendable Duster 10ft Bulk,29.17,37.27,1409,Cleaning,Primary,18,6023
Window Squeegee 12in Max,11.65,20.12,369,Cleaning,International,33,6565
Toilet Brush Set Ultra,21.42,35.86,886,Cleaning,Primary,21,6472
Heavy-Duty Plunger XL,24.3,39.32,2199,Cleaning,South,16,8780
Drain Cleaner Gel 32oz V2,35.2,52.92,148,Cleaning,Midwest,31,5284
Lint Roller Mega 4pk Compact,20.55,32.98,990,Cleaning,South,21,5890
Carpet Cleaner Shampoo Max,22.98,35.08,2306,Cleaning,South,41,7600
Wood Polish Spray Plus,27.1,39.05,1636,Cleaning,West Coast,36,5339
Stainless Steel Cleaner Max,22.37,34.8,4569,Cleaning,West Coast,28,6240
Oven Cleaner Heavy-Duty Max,2.64,3.51,2176,Cleaning,West Coast,45,5611
Grout Cleaner Brush Set Basic,25.4,36.74,627,Cleaning,Midwest,25,8556
First Aid Kit 200-Piece Eco,117.12,146.99,52,Safety,Primary,5,1075
Fire Extinguisher ABC 5lb Basic,10.8,13.0,705,Safety,South,8,1646
Safety Goggles Anti-Fog Mini,230.26,328.3,628,Safety,South,5,1685
Work Gloves Leather 12pk HD,4.58,5.4,280,Safety,South,9,1094
Hard Hat OSHA-Compliant Elite,208.83,249.23,114,Safety,West Coast,4,1751
Safety Vest Hi-Vis 10pk Compact,239.23,331.76,156,Safety,Midwest,6,1743
Ear Plugs NRR32 50pk HD,141.37,195.68,226,Safety,Primary,6,1064
N95 Dust Masks 50pk Eco,67.67,84.47,212,Safety,Primary,3,1528
Face Shields Anti-Fog 5pk Mini,236.14,354.16,585,Safety,Primary,3,1319
Steel-Toe Work Boots Bulk,230.64,321.53,247,Safety,International,4,1322
Knee Pads Gel-Insert Mini,112.9,153.04,12,Safety,Midwest,6,1319
Back Support Belt Large Plus,127.08,164.56,596,Safety,Midwest,6,1048
Anti-Fatigue Mat 3x5ft Ultra,27.72,38.29,525,Safety,East Coast,9,1539
Wet Floor Sign Bilingual Lite,8.38,9.94,838,Safety,Midwest,7,1781
Traffic Cone 28in Premium,80.73,96.38,792,Safety,West Coast,4,1468
Fire Blanket 4x6ft Lite+,151.11,215.59,475,Safety,East Coast,6,1027
Smoke Detector 10-Year V3,214.89,317.62,281,Safety,International,6,1633
CO Detector Digital Elite,154.52,230.13,470,Safety,East Coast,2,1618
Emergency Kit 72-Hour Eco,153.29,214.27,412,Safety,East Coast,6,1091
Heavy-Duty Flashlight Compact,240.98,283.1,863,Safety,East Coast,8,1017
AA Batteries 24pk V2,108.38,155.33,369,Safety,International,5,1066
AAA Batteries 24pk Basic,14.23,18.8,980,Safety,Primary,8,1247
Extension Cord 25ft 12AWG Plus,23.06,34.56,627,Safety,West Coast,8,1659
Power Strip 6-Outlet USB Standard,103.53,122.49,339,Safety,Primary,5,1405
Cable Protector Ramp Compact,232.96,269.64,297,Safety,South,9,1297
Lockout Tagout Kit Compact,117.58,147.58,584,Safety,International,8,1793
Hazmat Spill Kit 5gal Elite,204.63,277.65,530,Safety,Primary,6,1529
Eye Wash Station Wall Ultra,5.99,8.25,425,Safety,Primary,3,1025
Flammable Storage Cabinet Ultra,200.09,230.38,83,Safety,East Coast,9,1497
4-Gas Detector Meter Lite+,80.36,117.94,619,Safety,Primary,5,1206
Small Box 8x8x8 25pk Ultra,47.97,59.69,1310,Packaging,South,76,10873
Medium Box 12x12x12 25pk HD,75.06,119.88,4655,Packaging,East Coast,98,10193
Large Box 18x18x18 15pk Lite,24.86,32.75,5943,Packaging,South,62,16956
Bubble Wrap Roll 175ft HD,40.85,52.74,3922,Packaging,International,86,12482
Packing Peanuts 14cu ft Elite,66.01,105.22,5710,Packaging,East Coast,67,17701
Shipping Tape Clear 6pk Eco,51.51,64.06,534,Packaging,East Coast,47,15954
Shipping Labels 4x6 500ct XL,22.7,27.25,1007,Packaging,International,59,15056
Poly Mailers 10x13 100pk Elite,52.94,71.67,6722,Packaging,International,64,11756
Stretch Wrap 18in 1000ft Compact,64.87,102.68,7925,Packaging,Primary,78,11928
Kraft Packing Paper 25lb Ultra,20.26,28.91,5071,Packaging,East Coast,74,15689
Foam Sheets 12x12 50pk Premium,46.08,68.52,2594,Packaging,International,45,16494
Strapping Tape 2in 6pk Basic,74.22,114.17,6262,Packaging,International,62,17944
Pallet Wrap 80ga 1500ft Eco,75.37,95.07,7950,Packaging,Midwest,69,14533
Air Pillow Film Roll Lite,24.21,29.81,4055,Packaging,East Coast,55,14722
Tissue Paper White 100pk Mini,80.61,112.26,6498,Packaging,Primary,76,17677
Gift Boxes Assorted 12pk HD,1.52,2.05,1759,Packaging,East Coast,81,17149
Satin Ribbon Roll 50yd Bulk,42.16,52.7,2089,Packaging,West Coast,69,11116
Gift Bags Medium 24pk Pro,35.99,54.87,9230,Packaging,West Coast,98,11539
Kraft Paper Roll 36in x 200ft Premium,35.99,48.96,9808,Packaging,South,88,15684
Corrugated Roll 48in x 100ft Ultra,2.39,3.77,5468,Packaging,Primary,66,13981
Whole Bean Coffee 2lb Eco,33.76,41.63,2739,Food & Beverage,International,10,4947
Ground Coffee Medium 5lb Mini,40.39,60.38,1658,Food & Beverage,East Coast,29,5388
Earl Grey Tea 200ct XL,19.07,25.96,2686,Food & Beverage,Primary,7,4348
Cane Sugar 10lb Smart,50.97,65.56,249,Food & Beverage,International,6,3196
Coffee Creamer Singles 100pk Lite,43.54,62.21,485,Food & Beverage,Primary,27,3226
Paper Cups 12oz 100pk Bulk,24.48,31.71,2427,Food & Beverage,South,20,3788
PLA Lids 12oz 100pk Premium,43.75,65.13,2583,Food & Beverage,Primary,26,5106
Wood Stirrers 1000pk Max,52.22,75.69,34,Food & Beverage,South,7,5277
Cocktail Napkins 500pk Max,36.72,44.71,1270,Food & Beverage,South,27,4537
Paper Plates 9in 100pk Smart,4.72,6.55,2933,Food & Beverage,Midwest,23,4658
Wood Cutlery Set 200pk Max,12.42,18.34,331,Food & Beverage,International,7,4080
Spring Water 24pk 16oz Premium,30.05,39.75,1939,Food & Beverage,International,26,4003
Granola Bars Variety 36pk HD,47.37,70.04,1328,Food & Beverage,Primary,29,4716
Mixed Nuts 2lb Canister Smart,9.34,13.97,2202,Food & Beverage,East Coast,23,3557
Dried Fruit Mix 3lb Pro,23.77,33.58,2185,Food & Beverage,West Coast,29,4628
Multigrain Crackers 8pk Mini,27.48,32.21,2609,Food & Beverage,Primary,26,3914
Creamy Peanut Butter 40oz Max,12.05,14.96,506,Food & Beverage,South,28,4787
Strawberry Jam 32oz Eco,24.45,29.74,2592,Food & Beverage,Midwest,25,3270
Chicken Noodle Soup 6pk Ultra,25.03,28.92,1028,Food & Beverage,South,10,3922
Solid Light Tuna 8pk Lite,39.79,55.98,2727,Food & Beverage,East Coast,11,4406
Jasmine Rice 25lb Basic,9.91,14.47,1677,Food & Beverage,East Coast,20,3416
Penne Pasta 6pk 1lb Compact,49.07,60.56,2418,Food & Beverage,West Coast,14,5325
Extra Virgin Olive Oil 1L V2,51.62,65.02,2548,Food & Beverage,West Coast,19,4053
Balsamic Vinegar 500ml Standard,38.24,47.7,1047,Food & Beverage,International,29,4758
Sea Salt & Pepper Set Basic,25.06,29.81,505,Food & Beverage,East Coast,8,4266
Spice Rack 20-Jar Eco,4.46,5.53,2508,Food & Beverage,Primary,28,5128
Raw Honey 32oz Bulk,31.78,41.87,1397,Food & Beverage,South,16,4424
Organic Granola 2lb Plus,42.86,62.94,2891,Food & Beverage,South,11,4972
Whey Protein 5lb Chocolate Lite+,51.24,59.86,1489,Food & Beverage,International,24,3401
Electrolyte Mix 30pk Lemon Max,2.84,3.99,1628,Food & Beverage,East Coast,13,4916
Wireless Mouse Mini,374.15,562.92,499,Electronics,International,4,702
Mechanical Keyboard Pro,198.65,243.57,265,Electronics,South,3,537
USB-C Hub Pro,161.81,206.76,341,Electronics,South,5,801
Webcam HD Lite+,424.22,526.44,238,Electronics,South,5,600
Bluetooth Speaker XL,879.19,1310.95,166,Electronics,South,3,534
Portable Charger Max,233.1,310.16,354,Electronics,Primary,1,537
HDMI Cable Lite+,609.49,941.7,498,Electronics,East Coast,4,506
SSD 1TB Advanced,386.0,592.32,206,Electronics,Primary,4,720
RAM 16GB Module Mini,148.48,227.06,154,Electronics,East Coast,2,605
Graphics Card RTX Pro,717.85,981.46,190,Electronics,Primary,4,627
CPU Processor Advanced,630.99,871.53,90,Electronics,South,3,826
Motherboard ATX Max,462.59,573.27,470,Electronics,Primary,2,556
Power Supply 750W Lite+,616.24,837.27,108,Electronics,International,1,587
PC Case Mid-Tower Ultra,210.43,277.92,185,Electronics,West Coast,3,778
Monitor 27 4K Max,169.58,227.03,8,Electronics,Midwest,1,815
Laptop Stand Aluminum Pro,497.62,599.68,245,Electronics,Primary,3,844
Noise Cancelling Headphones HD,615.28,746.99,318,Electronics,East Coast,4,890
Smart Watch Pro Compact,296.99,360.19,379,Electronics,West Coast,3,680
Fitness Tracker Band Lite,617.57,715.02,494,Electronics,Primary,3,541
Wireless Earbuds Advanced,107.77,137.02,280,Electronics,East Coast,3,863
Tablet 10 inch Max,389.2,474.5,358,Electronics,East Coast,1,506
E-Reader Paperwhite HD,14.61,19.44,71,Electronics,Primary,2,664
Smart Plug WiFi Max,672.51,915.68,6,Electronics,West Coast,2,842
WiFi Router AX Max,790.05,1110.73,106,Electronics,East Coast,4,669
Network Switch 8-Port Elite,107.68,142.56,298,Electronics,Primary,2,786
External HDD 2TB Smart,105.11,138.35,207,Electronics,Midwest,2,563
Flash Drive 128GB HD,552.93,820.8,246,Electronics,East Coast,3,504
Memory Card 256GB V3,773.02,967.59,147,Electronics,Primary,3,532
Desk Lamp LED Compact,94.13,122.97,302,Electronics,Primary,4,502
Phone Charger 65W Basic,262.22,384.29,174,Electronics,Primary,5,514
Screen Protector Glass Bulk,657.34,780.92,213,Electronics,South,3,573
Phone Case Silicone HD,747.97,911.01,6,Electronics,West Coast,5,566
Laptop Sleeve 15in Mini,111.52,128.52,423,Electronics,South,1,834
Monitor Arm Single HD,555.67,856.45,217,Electronics,International,1,874
Keyboard Wrist Rest V3,114.34,169.75,367,Electronics,East Coast,3,690
Mouse Pad XXL Eco,628.2,755.89,411,Electronics,West Coast,5,524
Cable Management Kit Advanced,754.52,925.98,238,Electronics,West Coast,4,825
Surge Protector 12-Outlet Eco,318.11,400.31,34,Electronics,Midwest,3,754
UPS Battery 1500VA V2,844.89,1223.79,351,Electronics,West Coast,2,805
USB Microphone Plus,695.57,824.09,473,Electronics,East Coast,3,897
Ring Light 18in Bulk,290.81,414.21,432,Electronics,Midwest,2,737
Green Screen 5x7ft Basic,499.19,609.44,25,Electronics,Midwest,2,542
Streaming Deck MK2 Premium,480.71,556.41,126,Electronics,West Coast,1,630
Capture Card 4K Basic,802.35,1085.58,366,Electronics,Primary,5,741
Drone Camera Pro Basic,391.43,575.29,439,Electronics,East Coast,3,567
Action Camera 4K Smart,892.53,1105.02,495,Electronics,West Coast,3,854
Digital Camera Mirrorless XL,538.65,658.46,171,Electronics,Midwest,3,788
Camera Lens 50mm Ultra,292.45,394.33,315,Electronics,International,1,554
Tripod Carbon Fiber V3,707.8,1094.1,413,Electronics,Primary,5,614
Camera Bag Backpack Standard,683.94,914.49,78,Electronics,West Coast,4,628
SD Card Reader Mini,83.55,109.08,286,Electronics,South,5,682
Ballpoint Pens 12pk Elite,84.19,148.95,1654,Office Supplies,International,7,2713
Sticky Notes 8pk V2,33.49,55.79,432,Office Supplies,South,16,3452
File Folders 24pk Smart,140.06,173.18,1894,Office Supplies,West Coast,20,2400
Printer Paper A4 5-Ream Ultra,78.44,129.35,286,Office Supplies,South,20,3301
Ink Cartridge Black XL Advanced,106.02,173.12,34,Office Supplies,Midwest,19,2575
Ink Cartridge Color Combo Mini,133.54,220.16,1516,Office Supplies,South,19,3182
Desk Organizer Bamboo Max,84.51,133.53,1922,Office Supplies,Midwest,14,3425
Paper Shredder Cross-Cut Plus,164.31,281.59,471,Office Supplies,International,10,3066
Laminator Machine A4 Lite+,134.92,233.3,1405,Office Supplies,South,15,2298
Label Maker Portable XL,132.36,235.33,1168,Office Supplies,South,20,2812
Whiteboard Magnetic 48x36 Mini,98.75,163.94,1609,Office Supplies,Midwest,11,3178
Dry Erase Markers 8pk Compact,125.71,154.71,1882,Office Supplies,Primary,4,3321
Whiteboard Eraser Lite+,43.46,67.47,1280,Office Supplies,West Coast,13,2566
Stapler Heavy-Duty Ultra,123.43,195.7,537,Office Supplies,Primary,13,2567
Staples 5000pk Plus,81.89,126.84,1716,Office Supplies,Midwest,9,3523
Tape Dispenser Desktop Max,70.02,116.42,723,Office Supplies,East Coast,13,3339
Scissors Titanium Standard,138.58,235.34,1183,Office Supplies,Midwest,7,3411
Paper Clips 100pk Pro,168.67,276.65,530,Office Supplies,International,14,3187
Binder Clips Assorted 24pk Advanced,38.46,60.26,694,Office Supplies,South,5,2946
Rubber Bands 1lb Elite,173.94,246.7,1771,Office Supplies,South,14,2922
Envelopes White 100pk Eco,166.03,248.73,873,Office Supplies,Midwest,6,2774
Notebooks College-Ruled 6pk Advanced,56.39,95.54,647,Office Supplies,International,5,3001
Daily Planner 2024 V3,11.17,16.37,1392,Office Supplies,Midwest,7,3406
Scientific Calculator Ultra,172.36,216.54,1906,Office Supplies,International,10,2647
Ruler Metal 12in Pro,115.9,139.26,1060,Office Supplies,South,10,2794
3-Hole Punch V2,27.6,36.39,1477,Office Supplies,West Coast,20,2658
Letter Tray Stackable Pro,43.3,56.87,1211,Office Supplies,South,14,2266
Magazine Rack Wire Bulk,123.1,150.91,403,Office Supplies,East Coast,11,2178
Bulletin Board Cork 36x24 Compact,57.4,74.34,507,Office Supplies,International,14,3422
Push Pins Colored 100pk Bulk,145.79,199.86,942,Office Supplies,South,8,2537
Correction Tape 3pk Plus,34.72,61.84,523,Office Supplies,Midwest,12,2987
Glue Sticks Washable 6pk Lite,53.27,89.24,695,Office Supplies,East Coast,5,3198
Index Cards Ruled 200pk XL,57.2,80.47,944,Office Supplies,Primary,5,2304
Graph Paper Pad 4x4 Plus,74.58,110.54,170,Office Supplies,West Coast,10,2856
Legal Pads Yellow 3pk Premium,168.73,282.75,1174,Office Supplies,Midwest,12,2962
Presentation Folders 25pk Mini,138.11,174.66,1174,Office Supplies,South,11,3357
Sheet Protectors 50pk Lite,172.22,221.9,1406,Office Supplies,West Coast,4,2857
Report Covers Prong 12pk Pro,79.33,114.48,1875,Office Supplies,East Coast,8,2345
Clipboard Letter-Size Basic,117.19,186.77,1314,Office Supplies,Midwest,4,2746
Pen Holder Mesh Standard,51.71,79.35,742,Office Supplies,Primary,11,3374
Ergonomic Office Chair Premium,541.39,648.13,45,Furniture,East Coast,2,106
Electric Standing Desk HD,324.72,389.61,2,Furniture,Midwest,2,163
L-Shaped Corner Desk Basic,861.8,1121.76,29,Furniture,Midwest,1,117
5-Tier Bookshelf HD,1205.93,1395.87,94,Furniture,International,1,133
3-Drawer Filing Cabinet HD,83.27,104.58,90,Furniture,South,1,151
Conference Table 8-seat Compact,1018.99,1421.4,20,Furniture,Primary,2,172
Guest Chair Padded V2,1327.58,1533.53,9,Furniture,West Coast,2,147
Desk Lamp Architect Pro,581.56,719.61,79,Furniture,International,1,155
Chair Floor Mat 48x36 Ultra,67.43,88.76,45,Furniture,Primary,1,122
Monitor Riser Wood Plus,317.84,430.52,34,Furniture,Primary,2,178
Storage Cabinet Locking Ultra,630.72,783.79,22,Furniture,East Coast,1,148
Coat Rack Standing Lite,787.43,911.92,32,Furniture,International,1,175
Waste Basket Metal Lite,1045.96,1199.99,50,Furniture,Primary,1,114
Under-Desk Drawer Unit Bulk,341.21,424.5,22,Furniture,Primary,1,153
Computer Desk Compact Plus,1260.38,1434.03,20,Furniture,Midwest,1,159
Gaming Chair Racing Premium,283.2,377.74,42,Furniture,South,2,179
Recliner Leather Bulk,705.21,890.29,58,Furniture,East Coast,1,170
3-Seat Sofa Fabric Plus,581.31,665.73,90,Furniture,East Coast,1,110
Coffee Table Glass HD,1367.29,1731.02,39,Furniture,International,2,153
Side Table Round HD,534.15,680.44,19,Furniture,Midwest,2,162
TV Stand 65in Pro,1187.94,1455.33,90,Furniture,West Coast,1,154
Shoe Rack 4-Tier Ultra,247.44,318.77,45,Furniture,Midwest,1,146
Wardrobe Sliding-Door V3,653.41,810.05,34,Furniture,South,2,163
6-Drawer Dresser Basic,391.09,482.0,91,Furniture,West Coast,2,153
Nightstand 2-Drawer Lite+,673.96,898.14,8,Furniture,East Coast,2,111
Queen Bed Frame Metal Smart,736.54,944.24,21,Furniture,Midwest,2,119
Queen Memory Foam Mattress Advanced,118.67,151.85,67,Furniture,International,1,151
Dining Table 6-seat Oak Lite,1000.66,1327.64,34,Furniture,Primary,1,156
Dining Chair Padded 2pk Pro,501.28,681.59,11,Furniture,West Coast,2,104
Bar Stool Adjustable Compact,1029.59,1255.42,67,Furniture,Primary,1,125
Kitchen Island Cart Compact,550.97,771.27,75,Furniture,East Coast,2,108
Pantry Cabinet Tall Ultra,830.29,960.87,17,Furniture,East Coast,1,133
Bathroom Vanity 36in Basic,969.63,1135.89,49,Furniture,Midwest,2,110
Mirror Cabinet LED Pro,150.67,193.04,80,Furniture,Primary,2,171
Laundry Hamper Bamboo Advanced,635.59,876.66,17,Furniture,International,2,100
Room Divider 4-Panel Advanced,1098.94,1434.72,64,Furniture,East Coast,1,146
Accent Chair Velvet Plus,689.57,892.76,94,Furniture,West Coast,1,160
Ottoman Storage Plus,424.0,495.01,72,Furniture,South,2,156
Console Table Entryway Compact,653.36,748.42,39,Furniture,International,2,110
Storage Bench Entryway Plus,482.07,540.02,6,Furniture,International,1,106
All-Purpose Cleaner 1gal Lite+,4.19,5.46,4598,Cleaning,International,33,5115
Glass Cleaner Spray 32oz V2,2.51,3.2,2900,Cleaning,Midwest,28,7315
Disinfectant Wipes 6pk V2,31.5,54.03,1931,Cleaning,Primary,49,5719
Floor Cleaner Concentrate Lite,2.51,3.98,3905,Cleaning,South,33,8704
Bathroom Cleaner Foaming Smart,22.35,35.18,2784,Cleaning,South,50,5942
Kitchen Degreaser HD,15.82,26.63,3747,Cleaning,East Coast,29,6042
Air Freshener Refills 3pk XL,8.51,13.46,2162,Cleaning,West Coast,20,5230
Microfiber Cloths 12pk Lite,19.39,25.33,1780,Cleaning,Primary,38,6194
Scrub Sponges 6pk XL,6.0,10.19,1587,Cleaning,South,25,6878
Rubber Gloves Latex 3pk Eco,39.34,64.7,3289,Cleaning,International,46,8159
Trash Bags 13gal 50pk Smart,21.23,32.2,3136,Cleaning,South,10,8430
Paper Towels 12-Roll Bulk,16.77,27.39,3800,Cleaning,International,29,7452
Toilet Paper 24-Roll Plus,36.4,54.98,3252,Cleaning,Primary,43,7085
Hand Soap Refill 1gal Premium,13.73,21.37,4273,Cleaning,West Coast,13,5866
Hand Sanitizer Pump 32oz Advanced,19.23,26.76,419,Cleaning,West Coast,32,6819
Spin Mop System Premium,16.22,24.86,4781,Cleaning,East Coast,45,6788
Angle Broom V2,13.11,21.4,2649,Cleaning,Midwest,19,8989
Dustpan Combo Elite,6.7,11.39,791,Cleaning,International,13,8731
Vacuum Bags 6pk Advanced,17.99,28.72,630,Cleaning,Midwest,44,6025
Dish Soap Lemon 32oz HD,40.57,63.08,2683,Cleaning,East Coast,48,5910
Dishwasher Pods 60pk Lite,12.44,20.69,3425,Cleaning,International,17,7048
Laundry Detergent 100oz V3,4.25,6.71,1676,Cleaning,South,27,7839
Fabric Softener Sheets 240ct Pro,39.74,50.47,1329,Cleaning,Midwest,19,7689
Stain Remover Spray Premium,8.66,13.49,4107,Cleaning,West Coast,18,5035
Bleach Concentrate 1gal Bulk,14.75,24.53,4755,Cleaning,Midwest,43,8562
Extendable Duster 10ft Basic,39.17,63.03,1204,Cleaning,West Coast,14,8497
Window Squeegee 12in Lite+,43.78,60.32,4472,Cleaning,West Coast,27,6830
Toilet Brush Set Compact,2.21,2.96,2080,Cleaning,Primary,39,8925
Heavy-Duty Plunger Lite+,33.01,56.43,3936,Cleaning,West Coast,21,5330
Drain Cleaner Gel 32oz HD,5.38,7.22,2802,Cleaning,West Coast,44,5194
Lint Roller Mega 4pk XL,36.43,56.86,1532,Cleaning,Midwest,37,6826
Carpet Cleaner Shampoo Smart,41.54,62.69,3777,Cleaning,South,47,7219
Wood Polish Spray Ultra,42.45,60.08,2333,Cleaning,West Coast,31,7100
Stainless Steel Cleaner Ultra,34.62,60.0,1980,Cleaning,Primary,27,5017
Oven Cleaner Heavy-Duty Smart,41.83,55.14,4811,Cleaning,Primary,23,6703
Grout Cleaner Brush Set Bulk,43.39,63.67,3766,Cleaning,Primary,31,7717
First Aid Kit 200-Piece Elite,54.57,69.95,265,Safety,Primary,10,1617
Fire Extinguisher ABC 5lb Mini,40.84,50.95,550,Safety,Midwest,6,1301
Safety Goggles Anti-Fog Smart,62.87,88.12,695,Safety,Primary,7,1416
Work Gloves Leather 12pk Lite,245.35,317.32,832,Safety,International,8,1139
Hard Hat OSHA-Compliant Max,176.2,217.43,927,Safety,Primary,2,1476
Safety Vest Hi-Vis 10pk HD,85.82,106.27,40,Safety,Primary,7,1237
Ear Plugs NRR32 50pk Compact,11.68,16.32,470,Safety,East Coast,6,1247
N95 Dust Masks 50pk Plus,55.66,72.58,701,Safety,International,4,1666
Face Shields Anti-Fog 5pk Lite+,19.65,25.44,674,Safety,West Coast,4,1291
Steel-Toe Work Boots Ultra,218.43,278.12,202,Safety,East Coast,3,1107
Knee Pads Gel-Insert Lite,54.8,76.42,513,Safety,South,10,1190
Back Support Belt Large Lite+,136.28,194.78,937,Safety,Primary,8,1426
Anti-Fatigue Mat 3x5ft Bulk,175.15,219.74,647,Safety,South,10,1339
Wet Floor Sign Bilingual Compact,96.05,122.35,343,Safety,South,6,1081
Traffic Cone 28in Pro,43.82,63.5,706,Safety,West Coast,10,1180
Fire Blanket 4x6ft Max,21.78,26.35,688,Safety,South,10,1721
Smoke Detector 10-Year Compact,109.9,127.98,957,Safety,West Coast,7,1628
CO Detector Digital Compact,148.56,208.01,548,Safety,South,6,1179
Emergency Kit 72-Hour Advanced,222.97,333.95,870,Safety,Midwest,10,1293
Heavy-Duty Flashlight Plus,84.1,98.02,91,Safety,East Coast,5,1690
AA Batteries 24pk Smart,136.48,198.37,481,Safety,East Coast,3,1751
AAA Batteries 24pk V3,187.21,275.44,222,Safety,South,8,1390
Extension Cord 25ft 12AWG HD,245.1,292.74,463,Safety,Midwest,9,1558
Power Strip 6-Outlet USB Max,108.59,145.46,689,Safety,Midwest,7,1190
Cable Protector Ramp Max,133.71,188.34,39,Safety,Primary,5,1153
Lockout Tagout Kit Advanced,248.5,327.79,584,Safety,Midwest,5,1275
Hazmat Spill Kit 5gal Lite,239.28,275.78,196,Safety,East Coast,10,1233
Eye Wash Station Wall Premium,160.52,204.09,900,Safety,East Coast,7,1491
Flammable Storage Cabinet Bulk,223.0,269.99,986,Safety,Midwest,4,1463
4-Gas Detector Meter Plus,16.82,21.29,357,Safety,International,10,1365
Small Box 8x8x8 25pk Elite,42.81,52.41,2161,Packaging,International,79,11807
Medium Box 12x12x12 25pk Max,16.15,21.6,7442,Packaging,International,22,12557
Large Box 18x18x18 15pk V2,71.19,86.62,2596,Packaging,West Coast,62,12803
Bubble Wrap Roll 175ft Standard,81.83,115.26,3752,Packaging,Midwest,94,16518
Packing Peanuts 14cu ft Ultra,58.78,77.43,1803,Packaging,South,73,13904
Shipping Tape Clear 6pk Basic,76.99,94.52,9664,Packaging,West Coast,73,15223
Shipping Labels 4x6 500ct Compact,78.38,108.49,8744,Packaging,West Coast,70,16892
Poly Mailers 10x13 100pk Compact,55.18,72.77,4663,Packaging,West Coast,85,15498
Stretch Wrap 18in 1000ft HD,45.45,58.69,3170,Packaging,Primary,42,15108
Kraft Packing Paper 25lb V2,26.22,37.78,5871,Packaging,International,88,13811
Foam Sheets 12x12 50pk Ultra,3.58,5.24,7034,Packaging,International,40,11959
Strapping Tape 2in 6pk Smart,24.3,32.2,9812,Packaging,East Coast,55,17855
Pallet Wrap 80ga 1500ft HD,25.44,35.5,493,Packaging,West Coast,91,14871
Air Pillow Film Roll V3,6.26,7.83,873,Packaging,East Coast,48,17040
Tissue Paper White 100pk Elite,46.54,68.76,4053,Packaging,Primary,84,14086
Gift Boxes Assorted 12pk Compact,13.8,17.8,5930,Packaging,South,74,14503
Satin Ribbon Roll 50yd Plus,29.52,45.9,1340,Packaging,International,24,14430
Gift Bags Medium 24pk Pro,85.25,114.78,3679,Packaging,West Coast,46,13744
Kraft Paper Roll 36in x 200ft V3,30.02,41.53,2218,Packaging,East Coast,77,14022
Corrugated Roll 48in x 100ft Advanced,69.26,85.08,5322,Packaging,South,68,12996
Whole Bean Coffee 2lb HD,36.98,47.29,2884,Food & Beverage,West Coast,24,4211
Ground Coffee Medium 5lb Lite+,20.05,25.47,2364,Food & Beverage,Primary,17,4506
Earl Grey Tea 200ct Bulk,19.18,26.41,2849,Food & Beverage,East Coast,26,4584
Cane Sugar 10lb Elite,39.63,46.73,499,Food & Beverage,West Coast,15,5105
Coffee Creamer Singles 100pk Standard,49.57,66.71,2586,Food & Beverage,International,17,3657
Paper Cups 12oz 100pk Bulk,8.94,12.95,1533,Food & Beverage,Midwest,10,3252
PLA Lids 12oz 100pk Advanced,36.2,47.97,334,Food & Beverage,Primary,18,4283
Wood Stirrers 1000pk Lite,34.34,48.02,409,Food & Beverage,Midwest,15,4532
Cocktail Napkins 500pk Standard,39.66,50.05,275,Food & Beverage,International,12,3165
Paper Plates 9in 100pk Max,27.1,34.82,2581,Food & Beverage,East Coast,14,4897
Wood Cutlery Set 200pk Pro,29.18,41.47,609,Food & Beverage,East Coast,15,3232
Spring Water 24pk 16oz XL,38.21,47.18,2993,Food & Beverage,International,8,3690
Granola Bars Variety 36pk Standard,48.54,60.68,2906,Food & Beverage,East Coast,11,5386
Mixed Nuts 2lb Canister HD,14.38,19.78,120,Food & Beverage,Primary,24,4026
Dried Fruit Mix 3lb V2,44.25,52.26,2289,Food & Beverage,International,7,4481
Multigrain Crackers 8pk V2,20.74,28.0,2417,Food & Beverage,International,24,3250
Creamy Peanut Butter 40oz Pro,16.96,24.36,2519,Food & Beverage,East Coast,14,3362
Strawberry Jam 32oz Eco,49.92,63.08,1695,Food & Beverage,South,6,3353
Chicken Noodle Soup 6pk Smart,6.61,9.84,496,Food & Beverage,International,12,4239
Solid Light Tuna 8pk Eco,15.89,21.07,1532,Food & Beverage,East Coast,21,3281
Jasmine Rice 25lb V3,33.84,47.04,1801,Food & Beverage,Midwest,28,3720
Penne Pasta 6pk 1lb HD,30.98,36.57,2051,Food & Beverage,East Coast,13,4189
Extra Virgin Olive Oil 1L Mini,42.7,51.36,707,Food & Beverage,International,25,3353
Balsamic Vinegar 500ml V3,28.63,42.88,191,Food & Beverage,South,8,4187
Sea Salt & Pepper Set Standard,31.71,38.27,2183,Food & Beverage,South,25,3207
Spice Rack 20-Jar Basic,36.17,50.6,2399,Food & Beverage,West Coast,18,4688
Raw Honey 32oz XL,10.36,12.34,2374,Food & Beverage,South,9,5358
Organic Granola 2lb Plus,29.2,34.3,918,Food & Beverage,Midwest,12,4314
Whey Protein 5lb Chocolate Basic,40.53,56.49,415,Food & Beverage,East Coast,20,3620
Electrolyte Mix 30pk Lemon HD,48.69,66.66,2033,Food & Beverage,International,7,4230
Wireless Mouse Lite,820.6,971.62,444,Electronics,South,2,853
Mechanical Keyboard Elite,87.56,104.73,264,Electronics,Primary,4,648
USB-C Hub Bulk,732.76,851.52,127,Electronics,East Coast,2,900
Webcam HD Pro,688.28,1063.01,144,Electronics,West Coast,3,803
Bluetooth Speaker HD,29.9,40.28,136,Electronics,Midwest,5,743
Portable Charger XL,56.94,81.78,237,Electronics,International,3,884
HDMI Cable Max,325.5,486.25,240,Electronics,Primary,2,615
SSD 1TB Compact,681.53,840.73,206,Electronics,International,1,600
RAM 16GB Module Lite+,863.91,1167.6,44,Electronics,International,1,833
Graphics Card RTX Plus,287.33,432.58,391,Electronics,East Coast,4,515
CPU Processor Elite,552.79,825.8,110,Electronics,Midwest,1,717
Motherboard ATX Ultra,25.33,32.63,316,Electronics,South,3,706
Power Supply 750W Compact,360.51,501.77,445,Electronics,East Coast,2,892
PC Case Mid-Tower V3,622.57,730.71,257,Electronics,International,1,880
Monitor 27 4K Bulk,473.01,545.65,18,Electronics,Primary,5,753
Laptop Stand Aluminum Premium,592.09,813.4,106,Electronics,East Coast,2,593
Noise Cancelling Headphones Standard,197.87,229.97,390,Electronics,South,4,672
Smart Watch Pro Lite+,267.37,401.77,282,Electronics,East Coast,5,782
Fitness Tracker Band Smart,788.37,960.58,244,Electronics,International,3,807
Wireless Earbuds Pro,757.45,1020.4,77,Electronics,South,5,666
Tablet 10 inch Max,618.88,847.97,177,Electronics,West Coast,3,682
E-Reader Paperwhite Mini,194.36,283.32,462,Electronics,Primary,5,715
Smart Plug WiFi V3,827.81,1123.96,89,Electronics,Midwest,2,719
WiFi Router AX Basic,506.91,624.75,368,Electronics,Midwest,4,600
Network Switch 8-Port Elite,757.86,929.9,492,Electronics,Primary,2,772
External HDD 2TB Plus,236.0,293.62,135,Electronics,South,4,686
Flash Drive 128GB Standard,374.9,565.89,145,Electronics,International,5,720
Memory Card 256GB Lite+,849.64,1067.4,206,Electronics,Primary,2,751
Desk Lamp LED Max,39.54,49.08,239,Electronics,East Coast,3,676
Phone Charger 65W Elite,400.83,525.03,67,Electronics,South,3,683
Screen Protector Glass Standard,9.36,11.15,388,Electronics,Primary,3,629
Phone Case Silicone XL,398.27,544.68,366,Electronics,East Coast,3,864
Laptop Sleeve 15in Compact,803.01,946.81,280,Electronics,Primary,4,560
Monitor Arm Single Standard,351.11,408.14,106,Electronics,Primary,4,538
Keyboard Wrist Rest Advanced,548.78,718.83,388,Electronics,West Coast,1,900
Mouse Pad XXL Bulk,309.11,433.45,199,Electronics,East Coast,3,632
Cable Management Kit Compact,453.19,565.91,264,Electronics,East Coast,3,898
Surge Protector 12-Outlet Lite+,409.61,633.03,418,Electronics,West Coast,1,601
UPS Battery 1500VA Premium,570.54,727.95,178,Electronics,International,5,681
USB Microphone HD,710.2,824.87,123,Electronics,Primary,1,544
Ring Light 18in Smart,859.98,1210.35,75,Electronics,East Coast,2,754
Green Screen 5x7ft Eco,871.96,1134.04,305,Electronics,International,4,636
Streaming Deck MK2 Max,622.97,878.79,377,Electronics,East Coast,4,880
Capture Card 4K Compact,719.07,893.59,193,Electronics,West Coast,1,797
Drone Camera Pro Ultra,24.22,35.51,104,Electronics,International,3,515
Action Camera 4K Smart,518.36,680.38,475,Electronics,South,3,516
Digital Camera Mirrorless Mini,67.32,88.51,359,Electronics,Primary,3,885
Camera Lens 50mm Eco,251.21,341.92,133,Electronics,East Coast,5,639
Tripod Carbon Fiber Lite+,732.59,852.42,358,Electronics,Midwest,4,588
Camera Bag Backpack Elite,300.99,425.69,176,Electronics,East Coast,1,656
SD Card Reader Smart,859.42,1076.02,318,Electronics,South,4,719
Ballpoint Pens 12pk Bulk,53.57,91.13,1539,Office Supplies,International,19,3424
Sticky Notes 8pk XL,152.21,194.56,722,Office Supplies,Primary,9,3025
File Folders 24pk Pro,21.09,37.54,1540,Office Supplies,Midwest,6,3327
Printer Paper A4 5-Ream V3,49.49,73.08,1376,Office Supplies,West Coast,13,3427
Ink Cartridge Black XL Elite,33.96,47.13,260,Office Supplies,East Coast,17,3457
Ink Cartridge Color Combo Basic,41.8,54.23,590,Office Supplies,Midwest,20,3241
Desk Organizer Bamboo Lite,123.95,199.57,114,Office Supplies,Midwest,5,2185
Paper Shredder Cross-Cut Pro,84.26,149.95,231,Office Supplies,International,8,3398
Laminator Machine A4 Smart,51.81,82.57,938,Office Supplies,International,16,2153
Label Maker Portable Eco,8.33,11.35,1613,Office Supplies,West Coast,13,3145
Whiteboard Magnetic 48x36 Lite,126.09,215.86,375,Office Supplies,International,11,2641
Dry Erase Markers 8pk XL,139.52,233.32,1836,Office Supplies,East Coast,10,3310
Whiteboard Eraser Lite+,31.25,47.53,986,Office Supplies,International,15,2830
Stapler Heavy-Duty Lite+,103.71,158.97,1370,Office Supplies,East Coast,10,2098
Staples 5000pk HD,159.46,227.55,1325,Office Supplies,Midwest,18,3456
Tape Dispenser Desktop Mini,149.2,209.62,1167,Office Supplies,International,8,3492
Scissors Titanium Lite,150.61,258.93,1986,Office Supplies,International,18,2076
Paper Clips 100pk Advanced,142.48,194.71,1929,Office Supplies,International,4,2998
Binder Clips Assorted 24pk Elite,22.63,40.58,264,Office Supplies,Midwest,6,2615
Rubber Bands 1lb Premium,46.57,75.79,187,Office Supplies,South,7,3193
Envelopes White 100pk Eco,11.8,18.24,763,Office Supplies,International,13,2353
Notebooks College-Ruled 6pk Standard,157.3,234.96,1985,Office Supplies,International,20,3119
Daily Planner 2024 Bulk,174.64,228.92,1037,Office Supplies,South,19,2598
Scientific Calculator Lite+,83.07,102.5,1167,Office Supplies,East Coast,7,3295
Ruler Metal 12in Bulk,44.36,62.13,214,Office Supplies,International,9,2177
3-Hole Punch Basic,149.27,228.44,354,Office Supplies,Midwest,9,2831
Letter Tray Stackable Elite,174.91,216.23,857,Office Supplies,International,16,2843
Magazine Rack Wire Pro,27.56,40.19,1884,Office Supplies,East Coast,10,3124
Bulletin Board Cork 36x24 Elite,116.74,165.37,149,Office Supplies,Midwest,17,2629
Push Pins Colored 100pk Advanced,24.91,31.51,1488,Office Supplies,East Coast,4,2028
Correction Tape 3pk Lite+,2.72,4.5,1235,Office Supplies,Primary,4,2915
Glue Sticks Washable 6pk Eco,88.25,147.03,1100,Office Supplies,International,20,3539
Index Cards Ruled 200pk HD,165.51,268.63,910,Office Supplies,Primary,11,2336
Graph Paper Pad 4x4 Lite+,144.3,241.95,1466,Office Supplies,South,5,3168
Legal Pads Yellow 3pk Eco,49.86,67.95,336,Office Supplies,International,17,3007
Presentation Folders 25pk Standard,97.81,168.15,1932,Office Supplies,Midwest,9,3260
Sheet Protectors 50pk XL,11.61,17.24,606,Office Supplies,Midwest,12,2696
Report Covers Prong 12pk Bulk,80.05,116.57,829,Office Supplies,West Coast,15,3386
Clipboard Letter-Size Lite,139.44,209.98,1048,Office Supplies,South,7,2914
Pen Holder Mesh Premium,90.22,139.52,27,Office Supplies,West Coast,5,2396
Ergonomic Office Chair Bulk,1078.83,1431.0,9,Furniture,East Coast,1,155
Electric Standing Desk Compact,869.64,1211.42,9,Furniture,International,1,116
L-Shaped Corner Desk Compact,940.41,1289.5,46,Furniture,Midwest,1,147
5-Tier Bookshelf Eco,364.68,468.08,93,Furniture,West Coast,1,159
3-Drawer Filing Cabinet Plus,1034.78,1208.76,13,Furniture,West Coast,2,165
Conference Table 8-seat Max,918.56,1085.31,53,Furniture,Primary,2,147
Guest Chair Padded Max,502.65,637.06,63,Furniture,International,1,107
Desk Lamp Architect XL,1182.37,1612.66,53,Furniture,East Coast,2,176
Chair Floor Mat 48x36 V3,220.64,271.46,29,Furniture,East Coast,2,116
Monitor Riser Wood Basic,1323.12,1732.16,22,Furniture,East Coast,1,159
Storage Cabinet Locking Eco,713.8,823.02,45,Furniture,Primary,1,113
Coat Rack Standing Eco,1140.53,1500.07,100,Furniture,South,1,100
Waste Basket Metal Elite,461.14,597.87,34,Furniture,International,1,126
Under-Desk Drawer Unit Ultra,50.21,58.21,31,Furniture,International,1,115
Computer Desk Compact Basic,1246.08,1563.07,70,Furniture,Midwest,2,146
Gaming Chair Racing Lite,209.56,271.11,72,Furniture,Midwest,1,134
Recliner Leather Eco,635.45,811.94,92,Furniture,Midwest,2,114
3-Seat Sofa Fabric HD,814.92,990.69,4,Furniture,West Coast,2,137
Coffee Table Glass XL,454.28,598.91,90,Furniture,West Coast,1,112
Side Table Round Lite+,943.66,1190.72,30,Furniture,International,2,179
TV Stand 65in V2,628.88,697.45,28,Furniture,Midwest,1,180
Shoe Rack 4-Tier V3,919.1,1284.21,79,Furniture,South,2,166
Wardrobe Sliding-Door XL,876.85,1033.74,18,Furniture,Primary,1,173
6-Drawer Dresser Eco,858.41,1102.27,79,Furniture,East Coast,2,166
Nightstand 2-Drawer V3,144.61,175.22,32,Furniture,South,1,112
Queen Bed Frame Metal Advanced,545.69,695.48,88,Furniture,West Coast,2,144
Queen Memory Foam Mattress Lite,964.48,1271.42,18,Furniture,Midwest,2,101
Dining Table 6-seat Oak HD,627.96,862.47,85,Furniture,Midwest,2,104
Dining Chair Padded 2pk Ultra,339.61,403.9,55,Furniture,West Coast,2,111
Bar Stool Adjustable Elite,822.61,1036.13,33,Furniture,South,1,171
Kitchen Island Cart XL,1023.48,1153.16,95,Furniture,South,1,129
Pantry Cabinet Tall Bulk,287.8,329.24,62,Furniture,East Coast,2,121
Bathroom Vanity 36in Mini,478.97,608.19,53,Furniture,West Coast,1,156
Mirror Cabinet LED V3,816.82,1140.07,31,Furniture,West Coast,2,178
Laundry Hamper Bamboo Smart,429.53,498.39,74,Furniture,International,2,141
Room Divider 4-Panel Standard,601.14,739.79,86,Furniture,Primary,2,125
Accent Chair Velvet Lite+,114.45,142.74,6,Furniture,International,1,119
Ottoman Storage Lite,56.43,64.55,61,Furniture,International,1,148
Console Table Entryway Compact,337.28,446.18,23,Furniture,International,2,149
Storage Bench Entryway Ultra,314.67,412.64,25,Furniture,West Coast,1,126
All-Purpose Cleaner 1gal Advanced,21.44,32.85,4952,Cleaning,International,14,6745
Glass Cleaner Spray 32oz Compact,2.22,2.88,1064,Cleaning,Primary,12,7470
Disinfectant Wipes 6pk Standard,25.59,37.5,237,Cleaning,International,38,5851
Floor Cleaner Concentrate Max,19.77,27.72,3714,Cleaning,South,45,8631
Bathroom Cleaner Foaming V3,30.57,46.07,3024,Cleaning,West Coast,50,8847
Kitchen Degreaser Lite,22.83,33.45,527,Cleaning,Primary,49,7747
Air Freshener Refills 3pk Smart,10.51,13.65,3448,Cleaning,International,28,8749
Microfiber Cloths 12pk XL,29.46,45.06,168,Cleaning,Midwest,28,6433
Scrub Sponges 6pk Eco,32.78,47.83,4757,Cleaning,Midwest,29,6044
Rubber Gloves Latex 3pk V3,31.61,54.82,4470,Cleaning,South,38,8146
Trash Bags 13gal 50pk Plus,34.0,55.87,2717,Cleaning,South,18,7052
Paper Towels 12-Roll Pro,30.34,43.83,2874,Cleaning,East Coast,15,7265
Toilet Paper 24-Roll Ultra,25.32,42.97,3731,Cleaning,South,38,5370
Hand Soap Refill 1gal Advanced,41.66,63.32,1986,Cleaning,East Coast,38,6120
Hand Sanitizer Pump 32oz Premium,17.25,26.79,3353,Cleaning,South,42,6306
Spin Mop System V3,23.64,34.22,2699,Cleaning,East Coast,13,5613
Angle Broom Plus,23.99,36.83,4897,Cleaning,Midwest,34,6148
Dustpan Combo Smart,42.95,57.24,1871,Cleaning,East Coast,29,8172
Vacuum Bags 6pk XL,12.8,18.6,2753,Cleaning,East Coast,21,5459
Dish Soap Lemon 32oz Mini,31.5,45.5,1976,Cleaning,Primary,42,6850
Dishwasher Pods 60pk Pro,24.41,31.06,2754,Cleaning,South,29,6718
Laundry Detergent 100oz Standard,18.42,23.03,2504,Cleaning,Primary,47,8286
Fabric Softener Sheets 240ct V3,22.51,31.06,2312,Cleaning,International,39,6762
Stain Remover Spray Elite,7.27,11.78,721,Cleaning,East Coast,37,5332
Bleach Concentrate 1gal V2,6.98,9.9,1997,Cleaning,International,46,8342
Extendable Duster 10ft Compact,32.05,55.75,4565,Cleaning,South,36,7908
Window Squeegee 12in Lite,29.45,50.11,413,Cleaning,West Coast,12,8226
Toilet Brush Set Mini,15.5,24.04,1810,Cleaning,East Coast,23,6527
Heavy-Duty Plunger Basic,19.89,31.97,3335,Cleaning,East Coast,10,5411
Drain Cleaner Gel 32oz Advanced,15.49,25.17,262,Cleaning,West Coast,20,7400
Lint Roller Mega 4pk Lite+,10.3,15.55,917,Cleaning,East Coast,11,5280
Carpet Cleaner Shampoo Standard,36.86,61.85,825,Cleaning,West Coast,44,5379
Wood Polish Spray Basic,4.36,7.08,792,Cleaning,South,48,6209
Stainless Steel Cleaner Elite,35.14,45.96,3336,Cleaning,International,50,8212
Oven Cleaner Heavy-Duty XL,3.56,5.08,1039,Cleaning,International,46,5388
Grout Cleaner Brush Set Elite,11.57,19.84,3423,Cleaning,Primary,44,6794
First Aid Kit 200-Piece Advanced,109.98,151.89,88,Safety,South,9,1007
Fire Extinguisher ABC 5lb Pro,161.58,220.33,161,Safety,East Coast,5,1724
Safety Goggles Anti-Fog Basic,227.07,336.97,877,Safety,Midwest,7,1017
Work Gloves Leather 12pk Mini,151.24,178.36,995,Safety,East Coast,5,1212
Hard Hat OSHA-Compliant Lite,191.31,238.72,371,Safety,Primary,4,1138
Safety Vest Hi-Vis 10pk Elite,218.27,316.68,837,Safety,International,6,1042
Ear Plugs NRR32 50pk Plus,236.09,339.83,499,Safety,Midwest,3,1482
N95 Dust Masks 50pk XL,131.97,167.87,168,Safety,South,9,1261
Face Shields Anti-Fog 5pk Pro,99.0,117.53,717,Safety,International,4,1424
Steel-Toe Work Boots Max,181.04,249.36,948,Safety,South,2,1397
Knee Pads Gel-Insert XL,235.97,306.82,512,Safety,Primary,3,1172
Back Support Belt Large Mini,139.93,163.27,668,Safety,Primary,3,1555
Anti-Fatigue Mat 3x5ft Mini,167.8,200.71,694,Safety,South,5,1695
Wet Floor Sign Bilingual Smart,231.76,282.4,196,Safety,South,7,1365
Traffic Cone 28in Advanced,192.94,261.1,947,Safety,Midwest,4,1060
Fire Blanket 4x6ft Max,57.63,82.22,845,Safety,Midwest,7,1614
Smoke Detector 10-Year Basic,165.55,219.64,629,Safety,South,3,1020
CO Detector Digital Compact,159.42,215.18,424,Safety,West Coast,10,1049
Emergency Kit 72-Hour XL,10.62,12.82,76,Safety,Primary,4,1772
Heavy-Duty Flashlight V3,198.77,228.99,135,Safety,Primary,8,1280
AA Batteries 24pk Basic,192.86,238.88,775,Safety,South,8,1043
AAA Batteries 24pk Lite,173.87,230.35,114,Safety,South,6,1039
Extension Cord 25ft 12AWG Eco,70.47,94.95,279,Safety,West Coast,6,1579
Power Strip 6-Outlet USB Pro,205.6,237.27,706,Safety,Primary,7,1513
Cable Protector Ramp HD,207.44,288.82,477,Safety,Midwest,6,1348
Lockout Tagout Kit HD,149.75,183.77,643,Safety,South,10,1356
Hazmat Spill Kit 5gal Plus,123.32,147.93,290,Safety,East Coast,3,1312
Eye Wash Station Wall Smart,165.51,207.16,377,Safety,Midwest,9,1666
Flammable Storage Cabinet HD,47.25,68.36,700,Safety,Midwest,10,1294
4-Gas Detector Meter Compact,188.93,257.26,909,Safety,Primary,7,1199
Small Box 8x8x8 25pk Mini,35.78,55.2,4780,Packaging,South,83,11138
Medium Box 12x12x12 25pk Compact,11.99,19.13,6249,Packaging,South,86,12622
Large Box 18x18x18 15pk Pro,12.99,19.65,6447,Packaging,Midwest,36,14986
Bubble Wrap Roll 175ft Compact,8.55,12.85,6439,Packaging,International,37,16297
Packing Peanuts 14cu ft Basic,36.51,43.93,3207,Packaging,South,59,14888
Shipping Tape Clear 6pk Max,25.04,39.48,9084,Packaging,International,96,17516
Shipping Labels 4x6 500ct HD,44.0,53.61,6585,Packaging,East Coast,67,13100
Poly Mailers 10x13 100pk Lite+,67.4,103.03,4939,Packaging,Primary,25,11295
Stretch Wrap 18in 1000ft XL,74.15,103.73,2264,Packaging,International,46,10710
Kraft Packing Paper 25lb Max,29.68,38.86,3427,Packaging,West Coast,63,11240
Foam Sheets 12x12 50pk Compact,74.97,89.98,5359,Packaging,South,86,16862
Strapping Tape 2in 6pk Standard,54.42,84.43,7515,Packaging,West Coast,43,10884
Pallet Wrap 80ga 1500ft Plus,31.21,39.33,5997,Packaging,East Coast,49,12707
Air Pillow Film Roll Lite,17.77,22.17,4559,Packaging,Midwest,67,17524
Tissue Paper White 100pk Pro,30.32,48.04,3867,Packaging,East Coast,56,15438
Gift Boxes Assorted 12pk Eco,14.3,21.31,2124,Packaging,Primary,20,14952
Satin Ribbon Roll 50yd Max,83.0,118.81,4329,Packaging,Primary,48,15943
Gift Bags Medium 24pk Premium,81.88,119.24,1330,Packaging,Primary,55,17062
Kraft Paper Roll 36in x 200ft Basic,83.44,116.33,3744,Packaging,East Coast,53,15690
Corrugated Roll 48in x 100ft Ultra,78.96,109.97,9012,Packaging,West Coast,39,15645
Whole Bean Coffee 2lb Plus,42.09,49.83,500,Food & Beverage,East Coast,19,5174
Ground Coffee Medium 5lb Eco,6.91,9.14,2347,Food & Beverage,Primary,27,5117
Earl Grey Tea 200ct Advanced,7.78,8.99,204,Food & Beverage,Midwest,27,5321
Cane Sugar 10lb Max,47.66,57.52,1702,Food & Beverage,South,17,4897
Coffee Creamer Singles 100pk Smart,42.01,54.71,919,Food & Beverage,West Coast,27,4361
Paper Cups 12oz 100pk Advanced,27.09,40.37,1450,Food & Beverage,East Coast,10,4708
PLA Lids 12oz 100pk Standard,28.62,42.43,618,Food & Beverage,International,12,5023
Wood Stirrers 1000pk Max,18.67,23.4,790,Food & Beverage,East Coast,10,4318
Cocktail Napkins 500pk Bulk,8.19,12.0,2186,Food & Beverage,East Coast,27,5281
Paper Plates 9in 100pk Basic,3.34,3.89,1052,Food & Beverage,West Coast,14,4377
Wood Cutlery Set 200pk Eco,31.36,41.85,2122,Food & Beverage,Primary,21,3650
Spring Water 24pk 16oz Premium,25.39,33.4,1585,Food & Beverage,South,18,3181
Granola Bars Variety 36pk Max,30.64,45.64,1255,Food & Beverage,Midwest,16,5050
Mixed Nuts 2lb Canister Lite,40.32,48.19,2593,Food & Beverage,East Coast,21,4283
Dried Fruit Mix 3lb Lite,38.25,54.99,2965,Food & Beverage,West Coast,18,5275
Multigrain Crackers 8pk Smart,12.05,15.42,2935,Food & Beverage,East Coast,10,4622
Creamy Peanut Butter 40oz Mini,36.8,42.76,1240,Food & Beverage,West Coast,28,3336
Strawberry Jam 32oz Premium,13.65,18.73,528,Food & Beverage,Primary,6,4587
Chicken Noodle Soup 6pk Premium,50.86,64.82,2450,Food & Beverage,West Coast,25,4564
Solid Light Tuna 8pk XL,39.51,49.75,868,Food & Beverage,South,12,3283
Jasmine Rice 25lb Smart,47.06,55.71,531,Food & Beverage,East Coast,27,4484
Penne Pasta 6pk 1lb Eco,45.39,66.29,2408,Food & Beverage,South,20,3674
Extra Virgin Olive Oil 1L HD,46.63,61.25,407,Food & Beverage,International,6,3187
Balsamic Vinegar 500ml V3,43.97,55.22,1236,Food & Beverage,West Coast,15,5032
Sea Salt & Pepper Set Basic,39.15,56.17,2966,Food & Beverage,International,19,3281
Spice Rack 20-Jar Advanced,29.75,35.17,1980,Food & Beverage,Primary,22,4652
Raw Honey 32oz Max,8.13,10.98,658,Food & Beverage,East Coast,21,4045
Organic Granola 2lb Ultra,25.17,37.04,2139,Food & Beverage,West Coast,10,5011
Whey Protein 5lb Chocolate Elite,47.98,71.17,892,Food & Beverage,East Coast,12,3481
Electrolyte Mix 30pk Lemon V2,11.87,17.27,1346,Food & Beverage,Primary,14,5280
Wireless Mouse Ultra,17.33,23.05,356,Electronics,International,1,659
Mechanical Keyboard Advanced,200.42,262.26,242,Electronics,Midwest,3,735
USB-C Hub Lite+,233.98,312.04,118,Electronics,Midwest,4,697
Webcam HD XL,364.98,420.27,500,Electronics,International,4,693
Bluetooth Speaker Max,150.04,232.11,441,Electronics,East Coast,2,561
Portable Charger Basic,118.72,164.12,480,Electronics,Midwest,2,757
HDMI Cable Basic,152.7,209.54,138,Electronics,Midwest,4,568
SSD 1TB Premium,638.94,789.86,110,Electronics,West Coast,2,505
RAM 16GB Module XL,581.24,900.53,225,Electronics,International,5,585
Graphics Card RTX Plus,810.62,1062.2,499,Electronics,West Coast,4,516
CPU Processor Basic,320.32,398.04,98,Electronics,International,2,629
Motherboard ATX Premium,189.0,243.06,420,Electronics,South,3,796
Power Supply 750W Lite,105.66,143.52,163,Electronics,Primary,4,679
PC Case Mid-Tower Max,870.35,1064.03,19,Electronics,East Coast,4,883
Monitor 27 4K Ultra,503.81,597.19,392,Electronics,South,1,657
Laptop Stand Aluminum Eco,711.41,889.95,491,Electronics,Primary,5,548
Noise Cancelling Headphones HD,655.32,905.49,478,Electronics,South,3,877
Smart Watch Pro XL,517.58,648.63,42,Electronics,Midwest,5,626
Fitness Tracker Band Elite,680.46,1033.32,111,Electronics,International,4,599
Wireless Earbuds Compact,306.13,412.85,255,Electronics,Midwest,4,736
Tablet 10 inch Advanced,445.67,599.54,295,Electronics,South,2,684
E-Reader Paperwhite HD,69.35,102.87,163,Electronics,West Coast,1,748
Smart Plug WiFi Smart,70.31,90.59,401,Electronics,South,5,512
WiFi Router AX Basic,720.51,880.22,407,Electronics,East Coast,4,566
Network Switch 8-Port V3,548.99,634.19,420,Electronics,Primary,4,707
External HDD 2TB XL,779.97,907.31,43,Electronics,South,1,614
Flash Drive 128GB Mini,304.21,413.81,5,Electronics,East Coast,3,644
Memory Card 256GB V3,374.36,468.12,321,Electronics,Primary,2,888
Desk Lamp LED Premium,893.58,1243.4,49,Electronics,South,1,871
Phone Charger 65W Compact,92.04,140.22,402,Electronics,International,3,735
Screen Protector Glass Smart,21.6,32.09,414,Electronics,Primary,5,792
Phone Case Silicone Bulk,883.21,1185.69,276,Electronics,Midwest,1,695
Laptop Sleeve 15in Smart,845.05,1100.56,346,Electronics,Midwest,2,698
Monitor Arm Single V2,880.14,1217.77,206,Electronics,East Coast,1,523
Keyboard Wrist Rest V3,414.97,548.98,119,Electronics,West Coast,2,529
Mouse Pad XXL Advanced,719.6,990.92,229,Electronics,West Coast,2,636
Cable Management Kit Smart,885.84,1055.41,437,Electronics,International,3,685
Surge Protector 12-Outlet Ultra,558.17,676.94,453,Electronics,Primary,4,739
UPS Battery 1500VA Mini,108.49,139.33,352,Electronics,Midwest,5,549
USB Microphone Lite+,189.01,278.48,378,Electronics,South,4,502
Ring Light 18in HD,459.64,603.29,287,Electronics,International,5,828
Green Screen 5x7ft Basic,380.99,447.71,480,Electronics,International,5,675
Streaming Deck MK2 Smart,429.48,655.69,261,Electronics,South,4,745
Capture Card 4K Standard,747.2,1142.89,473,Electronics,West Coast,2,710
Drone Camera Pro Premium,795.92,931.56,200,Electronics,Midwest,2,576
Action Camera 4K Compact,756.49,1069.03,458,Electronics,Midwest,3,804
Digital Camera Mirrorless Premium,663.14,900.08,340,Electronics,South,4,697
Camera Lens 50mm Premium,738.24,1035.9,231,Electronics,West Coast,1,678
Tripod Carbon Fiber Eco,251.19,333.41,134,Electronics,Primary,3,831
Camera Bag Backpack Max,231.6,338.1,128,Electronics,East Coast,4,753
SD Card Reader Smart,584.47,802.86,144,Electronics,Midwest,5,812
Ballpoint Pens 12pk Bulk,158.25,250.83,549,Office Supplies,East Coast,14,2055
Sticky Notes 8pk Ultra,145.05,204.47,1154,Office Supplies,Midwest,5,3582
File Folders 24pk Advanced,2.31,3.09,462,Office Supplies,South,10,3493
Printer Paper A4 5-Ream XL,166.56,257.87,402,Office Supplies,Midwest,7,2507
Ink Cartridge Black XL Smart,68.98,123.17,1094,Office Supplies,West Coast,5,3426
Ink Cartridge Color Combo Pro,85.97,126.82,133,Office Supplies,West Coast,12,2178
Desk Organizer Bamboo Pro,130.19,186.41,381,Office Supplies,West Coast,12,2060
Paper Shredder Cross-Cut Mini,9.21,15.13,309,Office Supplies,South,17,2739
Laminator Machine A4 Eco,156.61,230.4,1210,Office Supplies,East Coast,17,2421
Label Maker Portable Standard,166.49,246.47,1346,Office Supplies,International,17,2545
Whiteboard Magnetic 48x36 Compact,155.61,256.34,527,Office Supplies,Midwest,10,2279
Dry Erase Markers 8pk V3,148.18,228.53,991,Office Supplies,West Coast,12,2228
Whiteboard Eraser Smart,27.25,33.58,1975,Office Supplies,Primary,13,2142
Stapler Heavy-Duty Lite,4.79,7.55,913,Office Supplies,South,5,2989
Staples 5000pk Mini,123.09,191.75,255,Office Supplies,South,16,2612
Tape Dispenser Desktop Premium,106.95,157.95,1178,Office Supplies,South,19,2414
Scissors Titanium V3,179.26,307.94,64,Office Supplies,West Coast,17,2178
Paper Clips 100pk Premium,39.48,54.99,1785,Office Supplies,International,15,2552
Binder Clips Assorted 24pk Lite+,95.53,126.69,719,Office Supplies,International,4,2704
Rubber Bands 1lb V2,74.37,97.53,977,Office Supplies,Midwest,4,3487
Envelopes White 100pk Advanced,85.2,124.36,983,Office Supplies,Primary,5,2984
Notebooks College-Ruled 6pk Basic,122.76,156.13,347,Office Supplies,International,9,2489
Daily Planner 2024 Compact,166.12,285.33,1187,Office Supplies,East Coast,7,2260
Scientific Calculator Lite+,83.65,118.64,1340,Office Supplies,International,20,2609
Ruler Metal 12in Mini,126.28,224.73,1882,Office Supplies,Midwest,11,3020
3-Hole Punch Advanced,80.82,113.2,1440,Office Supplies,Primary,20,3594
Letter Tray Stackable Lite+,104.6,173.12,1306,Office Supplies,West Coast,16,3313
Magazine Rack Wire Mini,159.67,270.03,567,Office Supplies,Primary,5,3015
Bulletin Board Cork 36x24 Ultra,95.46,158.16,1414,Office Supplies,South,13,2903
Push Pins Colored 100pk Premium,92.7,122.16,41,Office Supplies,South,11,2520
Correction Tape 3pk XL,83.78,122.29,1793,Office Supplies,West Coast,14,3351
Glue Sticks Washable 6pk Pro,156.37,269.99,1290,Office Supplies,East Coast,8,2981
Index Cards Ruled 200pk Advanced,11.34,13.68,261,Office Supplies,South,18,3134
Graph Paper Pad 4x4 Eco,142.74,238.59,1665,Office Supplies,International,12,2503
Legal Pads Yellow 3pk Lite,77.62,127.8,686,Office Supplies,West Coast,20,2546
Presentation Folders 25pk Premium,160.09,245.02,1369,Office Supplies,South,14,3520
Sheet Protectors 50pk V3,5.29,9.51,1301,Office Supplies,International,5,2944
Report Covers Prong 12pk XL,78.99,134.82,1709,Office Supplies,Midwest,14,2316
Clipboard Letter-Size Smart,112.87,139.11,1542,Office Supplies,East Coast,15,2325
Pen Holder Mesh Plus,161.91,253.26,1244,Office Supplies,East Coast,16,2780
Ergonomic Office Chair Eco,64.12,82.08,23,Furniture,Midwest,1,145
Electric Standing Desk XL,396.37,436.39,33,Furniture,South,1,156
L-Shaped Corner Desk Elite,195.17,235.37,9,Furniture,East Coast,1,159
5-Tier Bookshelf V2,70.16,80.25,82,Furniture,Primary,2,127
3-Drawer Filing Cabinet Basic,1367.78,1638.47,4,Furniture,East Coast,2,116
Conference Table 8-seat Lite,941.77,1186.17,91,Furniture,South,1,149
Guest Chair Padded Max,1137.58,1270.27,69,Furniture,South,1,104
Desk Lamp Architect Eco,1277.21,1426.36,46,Furniture,West Coast,2,167
Chair Floor Mat 48x36 Ultra,331.91,416.5,58,Furniture,Midwest,2,176
Monitor Riser Wood V3,836.14,1051.56,97,Furniture,International,1,134
Storage Cabinet Locking Bulk,905.99,1085.58,69,Furniture,Primary,1,147
Coat Rack Standing Basic,249.05,284.81,88,Furniture,East Coast,1,165
Waste Basket Metal HD,1306.9,1771.61,77,Furniture,South,2,112
Under-Desk Drawer Unit Bulk,287.07,346.98,84,Furniture,South,2,153
Computer Desk Compact Advanced,937.79,1053.87,45,Furniture,Primary,1,131
Gaming Chair Racing Advanced,204.17,250.51,95,Furniture,West Coast,2,138
Recliner Leather Advanced,654.0,739.67,45,Furniture,South,1,137
3-Seat Sofa Fabric Basic,419.55,554.58,93,Furniture,South,2,103
Coffee Table Glass Elite,220.95,259.97,54,Furniture,East Coast,2,105
Side Table Round Bulk,71.53,98.7,54,Furniture,West Coast,2,144
TV Stand 65in Smart,987.45,1315.36,28,Furniture,South,2,142
Shoe Rack 4-Tier Advanced,141.2,157.95,98,Furniture,Midwest,1,119
Wardrobe Sliding-Door Ultra,1094.19,1302.09,100,Furniture,Midwest,2,180
6-Drawer Dresser Lite+,405.61,516.07,25,Furniture,International,2,136
Nightstand 2-Drawer Mini,207.25,259.95,20,Furniture,East Coast,2,175
Queen Bed Frame Metal Lite+,848.72,1090.36,4,Furniture,International,2,107
Queen Memory Foam Mattress Standard,1228.24,1680.0,78,Furniture,West Coast,2,170
Dining Table 6-seat Oak Elite,974.1,1193.09,35,Furniture,Midwest,1,155
Dining Chair Padded 2pk Max,304.56,386.51,55,Furniture,East Coast,2,115
Bar Stool Adjustable Bulk,531.88,620.33,5,Furniture,Midwest,1,157
Kitchen Island Cart Ultra,394.69,521.1,4,Furniture,Primary,2,138
Pantry Cabinet Tall Max,1278.88,1784.96,64,Furniture,Midwest,1,161
Bathroom Vanity 36in XL,304.38,340.55,38,Furniture,International,2,114
Mirror Cabinet LED V3,412.16,514.76,83,Furniture,West Coast,1,107
Laundry Hamper Bamboo Standard,1345.92,1616.34,32,Furniture,West Coast,2,145
Room Divider 4-Panel Smart,1350.08,1844.64,48,Furniture,Primary,2,123
Accent Chair Velvet HD,1389.22,1926.7,86,Furniture,West Coast,1,126
Ottoman Storage Lite+,989.62,1344.09,55,Furniture,Primary,2,165
Console Table Entryway Basic,1154.81,1482.58,99,Furniture,International,1,138
Storage Bench Entryway Elite,160.11,200.27,99,Furniture,East Coast,1,137
All-Purpose Cleaner 1gal Lite,22.37,32.11,2750,Cleaning,West Coast,40,7290
Glass Cleaner Spray 32oz V2,6.02,9.69,3792,Cleaning,East Coast,47,5948
Disinfectant Wipes 6pk Compact,25.91,43.88,2037,Cleaning,International,14,7737
Floor Cleaner Concentrate HD,3.55,5.46,4290,Cleaning,West Coast,42,7237
Bathroom Cleaner Foaming Pro,44.12,55.89,3095,Cleaning,South,45,5806
Kitchen Degreaser Lite,5.99,8.59,1726,Cleaning,East Coast,21,5179
Air Freshener Refills 3pk Compact,14.26,18.06,1605,Cleaning,East Coast,25,7898
Microfiber Cloths 12pk Elite,20.64,30.96,398,Cleaning,Primary,21,8725
Scrub Sponges 6pk Eco,25.36,39.77,4299,Cleaning,International,20,8865
Rubber Gloves Latex 3pk Lite,26.06,40.59,4377,Cleaning,Midwest,29,6160
Trash Bags 13gal 50pk Advanced,6.27,10.21,3759,Cleaning,East Coast,37,6655
Paper Towels 12-Roll Premium,39.87,65.87,114,Cleaning,West Coast,44,5952
Toilet Paper 24-Roll Advanced,32.07,43.06,1576,Cleaning,West Coast,35,6781
Hand Soap Refill 1gal Lite+,13.96,22.53,3433,Cleaning,Primary,29,6125
Hand Sanitizer Pump 32oz Premium,21.91,33.51,1413,Cleaning,Midwest,41,7454
Spin Mop System HD,12.3,19.03,2730,Cleaning,International,43,5380
Angle Broom Basic,22.4,37.24,2526,Cleaning,South,27,7496
Dustpan Combo V2,15.38,23.27,773,Cleaning,West Coast,29,8818
Vacuum Bags 6pk Compact,37.06,50.35,4711,Cleaning,West Coast,49,7880
Dish Soap Lemon 32oz Eco,5.95,8.41,3631,Cleaning,International,35,6273
Dishwasher Pods 60pk Max,10.43,14.49,1300,Cleaning,South,50,6551
Laundry Detergent 100oz Pro,38.42,66.06,3122,Cleaning,South,27,8136
Fabric Softener Sheets 240ct Compact,18.79,29.76,4304,Cleaning,Primary,14,8926
Stain Remover Spray Basic,9.83,12.97,1245,Cleaning,International,25,7723
Bleach Concentrate 1gal Max,13.45,20.58,1175,Cleaning,Primary,21,8699
Extendable Duster 10ft Eco,22.11,30.18,4621,Cleaning,Midwest,27,5218
Window Squeegee 12in Lite,10.76,15.68,2514,Cleaning,West Coast,43,8947
Toilet Brush Set Lite+,23.56,30.06,2224,Cleaning,South,31,6342
Heavy-Duty Plunger Compact,31.52,53.79,2716,Cleaning,Midwest,38,7713
Drain Cleaner Gel 32oz XL,37.5,55.51,3206,Cleaning,Primary,45,7772
Lint Roller Mega 4pk Plus,40.13,56.93,1129,Cleaning,International,35,7609
Carpet Cleaner Shampoo Lite+,30.02,41.44,2142,Cleaning,East Coast,48,6081
Wood Polish Spray HD,41.37,55.14,348,Cleaning,Primary,33,6683
Stainless Steel Cleaner Premium,43.37,61.91,2108,Cleaning,Primary,26,5727
Oven Cleaner Heavy-Duty Plus,14.55,18.83,4228,Cleaning,West Coast,37,6814
Grout Cleaner Brush Set Ultra,32.76,55.13,1174,Cleaning,West Coast,13,6022
First Aid Kit 200-Piece Lite,159.0,188.01,550,Safety,International,7,1686
Fire Extinguisher ABC 5lb Pro,201.7,260.82,652,Safety,East Coast,3,1241
Safety Goggles Anti-Fog Bulk,220.14,295.33,60,Safety,International,10,1089
Work Gloves Leather 12pk Premium,247.26,363.31,862,Safety,South,4,1726
Hard Hat OSHA-Compliant Advanced,217.4,286.21,443,Safety,East Coast,8,1727
Safety Vest Hi-Vis 10pk V2,213.99,296.39,718,Safety,West Coast,2,1798
Ear Plugs NRR32 50pk Max,54.18,72.7,11,Safety,International,8,1041
N95 Dust Masks 50pk Advanced,155.05,182.51,853,Safety,Primary,9,1044
Face Shields Anti-Fog 5pk XL,40.32,54.88,551,Safety,Midwest,6,1357
Steel-Toe Work Boots Standard,146.35,207.57,380,Safety,East Coast,2,1341
Knee Pads Gel-Insert Lite+,7.68,9.32,641,Safety,Primary,8,1097
Back Support Belt Large Standard,56.25,82.48,525,Safety,West Coast,5,1045
Anti-Fatigue Mat 3x5ft Pro,158.0,208.2,928,Safety,East Coast,7,1126
Wet Floor Sign Bilingual Plus,108.74,125.46,779,Safety,Primary,4,1143
Traffic Cone 28in Compact,138.79,181.75,357,Safety,Primary,5,1470
Fire Blanket 4x6ft Standard,249.59,307.92,864,Safety,West Coast,4,1044
Smoke Detector 10-Year Eco,23.42,27.97,298,Safety,East Coast,5,1089
CO Detector Digital HD,107.97,137.44,886,Safety,East Coast,2,1179
Emergency Kit 72-Hour V3,102.22,149.91,374,Safety,Primary,7,1522
Heavy-Duty Flashlight HD,191.42,236.92,343,Safety,East Coast,7,1346
AA Batteries 24pk HD,115.85,138.86,65,Safety,International,5,1414
AAA Batteries 24pk Lite+,187.61,225.21,751,Safety,Primary,7,1115
Extension Cord 25ft 12AWG Pro,222.65,283.81,776,Safety,Midwest,8,1563
Power Strip 6-Outlet USB Plus,108.29,124.64,483,Safety,Primary,3,1791
Cable Protector Ramp V2,23.56,31.4,879,Safety,International,8,1464
Lockout Tagout Kit Smart,53.04,64.34,256,Safety,South,7,1192
Hazmat Spill Kit 5gal Eco,190.78,280.76,27,Safety,South,7,1279
Eye Wash Station Wall Standard,184.32,257.18,93,Safety,Midwest,8,1338
Flammable Storage Cabinet Plus,224.41,303.76,202,Safety,International,4,1110
4-Gas Detector Meter Advanced,59.12,71.05,190,Safety,West Coast,8,1699
Small Box 8x8x8 25pk HD,67.74,102.53,5521,Packaging,Primary,34,14698
Medium Box 12x12x12 25pk Max,65.15,86.12,1161,Packaging,West Coast,61,15817
Large Box 18x18x18 15pk Basic,45.89,69.37,1714,Packaging,East Coast,26,14970
Bubble Wrap Roll 175ft V3,26.31,39.72,4160,Packaging,East Coast,48,13413
Packing Peanuts 14cu ft Eco,1.58,2.2,6134,Packaging,Midwest,58,11585
Shipping Tape Clear 6pk Plus,1.26,1.93,4717,Packaging,West Coast,35,13322
Shipping Labels 4x6 500ct Eco,41.12,56.73,2503,Packaging,Midwest,32,16441
Poly Mailers 10x13 100pk Pro,74.73,112.0,7322,Packaging,East Coast,27,10911
Stretch Wrap 18in 1000ft Bulk,63.63,98.6,2879,Packaging,International,90,17360
Kraft Packing Paper 25lb Eco,77.77,121.96,9363,Packaging,Midwest,80,10758
Foam Sheets 12x12 50pk Basic,34.3,48.42,7538,Packaging,Midwest,68,14957
Strapping Tape 2in 6pk XL,4.28,6.17,8186,Packaging,International,50,17928
Pallet Wrap 80ga 1500ft Elite,22.27,33.53,1233,Packaging,West Coast,27,15616
Air Pillow Film Roll XL,80.43,115.49,6300,Packaging,South,97,16300
Tissue Paper White 100pk V3,23.01,33.6,8097,Packaging,Midwest,95,11735
Gift Boxes Assorted 12pk Standard,58.28,70.59,9965,Packaging,West Coast,52,15920
Satin Ribbon Roll 50yd Plus,35.33,52.35,4949,Packaging,East Coast,65,16783
Gift Bags Medium 24pk Bulk,51.81,81.47,6139,Packaging,International,79,10175
Kraft Paper Roll 36in x 200ft Lite+,76.87,122.7,6140,Packaging,West Coast,20,14723
Corrugated Roll 48in x 100ft Compact,17.01,20.5,8914,Packaging,East Coast,61,13484
Whole Bean Coffee 2lb V2,25.86,35.0,685,Food & Beverage,East Coast,19,3106
Ground Coffee Medium 5lb Compact,43.74,62.84,295,Food & Beverage,Midwest,9,5298
Earl Grey Tea 200ct Advanced,47.62,55.1,511,Food & Beverage,Midwest,6,3902
Cane Sugar 10lb Pro,33.14,38.9,1170,Food & Beverage,South,24,3014
Coffee Creamer Singles 100pk Lite,36.65,42.78,834,Food & Beverage,International,10,5046
Paper Cups 12oz 100pk Compact,37.34,49.83,1441,Food & Beverage,Midwest,27,5145
PLA Lids 12oz 100pk Ultra,45.63,66.07,233,Food & Beverage,International,8,4136
Wood Stirrers 1000pk Elite,26.6,37.09,2104,Food & Beverage,Primary,10,3411
Cocktail Napkins 500pk Elite,19.8,27.26,2487,Food & Beverage,Midwest,18,4253
Paper Plates 9in 100pk Pro,53.1,69.42,2633,Food & Beverage,Midwest,16,4482
Wood Cutlery Set 200pk Elite,38.35,57.4,715,Food & Beverage,West Coast,10,3151
Spring Water 24pk 16oz Mini,53.46,68.37,1013,Food & Beverage,International,29,5330
Granola Bars Variety 36pk Ultra,44.25,62.2,2775,Food & Beverage,West Coast,25,3715
Mixed Nuts 2lb Canister Plus,4.58,5.84,1768,Food & Beverage,International,20,4088
Dried Fruit Mix 3lb Advanced,24.05,31.64,1517,Food & Beverage,South,23,3494
Multigrain Crackers 8pk Max,40.73,53.83,2064,Food & Beverage,Midwest,14,5087
Creamy Peanut Butter 40oz Standard,28.45,38.76,1561,Food & Beverage,International,25,4364
Strawberry Jam 32oz Basic,18.27,24.44,1557,Food & Beverage,South,18,5370
Chicken Noodle Soup 6pk Lite+,41.84,50.71,622,Food & Beverage,Primary,30,3147
Solid Light Tuna 8pk Smart,12.61,17.58,1071,Food & Beverage,Primary,19,5367
Jasmine Rice 25lb Max,22.22,29.37,2394,Food & Beverage,Midwest,8,5328
Penne Pasta 6pk 1lb Elite,32.49,39.76,1008,Food & Beverage,East Coast,27,3153
Extra Virgin Olive Oil 1L Lite,15.0,20.16,2310,Food & Beverage,West Coast,12,3162
Balsamic Vinegar 500ml Compact,30.11,40.06,2994,Food & Beverage,East Coast,21,4531
Sea Salt & Pepper Set Eco,19.46,24.64,1764,Food & Beverage,Primary,28,3703
Spice Rack 20-Jar Max,33.71,42.03,2278,Food & Beverage,Midwest,21,4038
Raw Honey 32oz Advanced,8.57,10.41,675,Food & Beverage,West Coast,18,3806
Organic Granola 2lb XL,8.48,10.44,706,Food & Beverage,South,10,3562
Whey Protein 5lb Chocolate Eco,6.38,8.78,2121,Food & Beverage,Primary,19,4374
Electrolyte Mix 30pk Lemon Eco,32.09,40.01,2984,Food & Beverage,International,20,4529
Wireless Mouse Plus,288.06,442.51,359,Electronics,Midwest,4,871
Mechanical Keyboard Elite,75.6,96.03,42,Electronics,West Coast,2,842
USB-C Hub V3,275.12,351.52,184,Electronics,International,2,757
Webcam HD Lite,66.5,85.26,185,Electronics,East Coast,1,800
Bluetooth Speaker Ultra,146.34,204.52,268,Electronics,East Coast,1,875
Portable Charger Compact,534.41,797.26,235,Electronics,East Coast,3,713
HDMI Cable Smart,234.64,288.56,56,Electronics,Midwest,4,774
SSD 1TB Ultra,878.95,1294.37,279,Electronics,Primary,3,666
RAM 16GB Module Compact,517.5,651.49,401,Electronics,West Coast,5,829
Graphics Card RTX Premium,722.67,848.54,372,Electronics,West Coast,1,508
CPU Processor Max,773.01,1129.99,308,Electronics,South,4,633
Motherboard ATX V3,317.18,471.52,81,Electronics,Primary,1,500
Power Supply 750W Advanced,720.73,974.41,454,Electronics,South,5,712
PC Case Mid-Tower Smart,579.14,715.62,84,Electronics,West Coast,5,625
Monitor 27 4K Ultra,874.16,1117.51,275,Electronics,International,3,757
Laptop Stand Aluminum Lite,95.17,121.82,260,Electronics,West Coast,1,596
Noise Cancelling Headphones Ultra,335.64,393.13,52,Electronics,International,4,646
Smart Watch Pro V2,348.99,443.48,486,Electronics,West Coast,3,665
Fitness Tracker Band HD,890.28,1024.98,96,Electronics,West Coast,1,618
Wireless Earbuds Premium,714.78,1000.12,361,Electronics,International,2,573
Tablet 10 inch Eco,514.81,592.85,433,Electronics,Midwest,1,884
E-Reader Paperwhite Eco,601.44,746.77,202,Electronics,South,4,531
Smart Plug WiFi Bulk,750.71,941.15,355,Electronics,International,1,869
WiFi Router AX Plus,378.32,555.54,132,Electronics,Primary,5,769
Network Switch 8-Port Plus,400.14,619.45,188,Electronics,East Coast,1,700
External HDD 2TB Bulk,124.45,156.05,395,Electronics,East Coast,1,878
Flash Drive 128GB Pro,821.8,999.46,329,Electronics,West Coast,1,749
Memory Card 256GB Compact,65.3,88.54,468,Electronics,Midwest,5,672
Desk Lamp LED Premium,599.69,710.25,379,Electronics,Primary,3,638
Phone Charger 65W V3,200.41,246.27,205,Electronics,Primary,3,874
Screen Protector Glass Max,468.51,722.54,310,Electronics,Midwest,1,668
Phone Case Silicone Bulk,498.97,661.48,318,Electronics,West Coast,1,841
Laptop Sleeve 15in Lite+,496.18,682.91,365,Electronics,International,3,590
Monitor Arm Single Standard,535.42,652.18,421,Electronics,International,5,559
Keyboard Wrist Rest Mini,587.12,712.77,303,Electronics,South,5,638
Mouse Pad XXL Mini,264.72,334.53,389,Electronics,South,1,610
Cable Management Kit XL,625.56,818.68,300,Electronics,South,5,597
Surge Protector 12-Outlet Mini,259.64,316.08,169,Electronics,Primary,2,502
UPS Battery 1500VA V2,739.61,859.58,235,Electronics,East Coast,3,521
USB Microphone Plus,559.26,756.36,159,Electronics,South,3,723
Ring Light 18in Advanced,464.57,630.99,211,Electronics,West Coast,3,819
Green Screen 5x7ft Basic,71.32,97.49,242,Electronics,Primary,2,807
Streaming Deck MK2 Eco,597.56,796.44,347,Electronics,Primary,3,810
Capture Card 4K HD,284.39,358.12,332,Electronics,West Coast,5,563
Drone Camera Pro V3,717.33,1031.33,291,Electronics,Primary,1,548
Action Camera 4K V3,60.16,76.76,75,Electronics,West Coast,2,552
Digital Camera Mirrorless Compact,746.8,1018.22,92,Electronics,East Coast,2,648
Camera Lens 50mm Basic,229.38,329.41,11,Electronics,International,2,575
Tripod Carbon Fiber Premium,358.11,546.86,249,Electronics,East Coast,1,822
Camera Bag Backpack V2,13.97,16.84,131,Electronics,East Coast,3,581
SD Card Reader Basic,384.4,565.04,421,Electronics,Midwest,4,742
Ballpoint Pens 12pk Pro,56.66,72.57,1901,Office Supplies,International,10,3334
Sticky Notes 8pk Elite,135.48,202.69,1466,Office Supplies,Midwest,17,3450
File Folders 24pk Lite+,55.13,98.29,1455,Office Supplies,East Coast,19,2996
Printer Paper A4 5-Ream Lite,8.11,12.9,385,Office Supplies,Primary,13,3409
Ink Cartridge Black XL Pro,44.16,58.79,93,Office Supplies,Primary,15,2149
Ink Cartridge Color Combo Smart,128.93,192.86,1898,Office Supplies,Midwest,8,2580
Desk Organizer Bamboo Max,62.7,82.12,729,Office Supplies,Midwest,13,2132
Paper Shredder Cross-Cut Basic,107.08,141.82,384,Office Supplies,International,19,2889
Laminator Machine A4 Eco,104.99,146.09,399,Office Supplies,International,11,3137
Label Maker Portable Mini,145.08,188.83,1920,Office Supplies,East Coast,20,3180
Whiteboard Magnetic 48x36 Compact,117.01,208.53,1303,Office Supplies,Midwest,9,3591
Dry Erase Markers 8pk Basic,117.51,177.39,999,Office Supplies,East Coast,5,2561
Whiteboard Eraser Eco,64.06,112.01,1603,Office Supplies,South,11,2161
Stapler Heavy-Duty Smart,108.77,168.3,164,Office Supplies,Midwest,6,3485
Staples 5000pk Elite,107.18,171.99,1352,Office Supplies,East Coast,10,2652
Tape Dispenser Desktop Standard,127.57,208.19,728,Office Supplies,International,4,2961
Scissors Titanium Pro,89.72,127.85,1501,Office Supplies,West Coast,13,3159
Paper Clips 100pk Elite,110.09,184.45,838,Office Supplies,Midwest,10,2709
Binder Clips Assorted 24pk Compact,91.32,148.18,869,Office Supplies,Primary,8,3574
Rubber Bands 1lb Eco,98.88,119.34,686,Office Supplies,South,15,2149
Envelopes White 100pk Premium,99.89,164.21,589,Office Supplies,West Coast,9,2333
Notebooks College-Ruled 6pk Elite,60.57,76.35,1693,Office Supplies,Primary,10,3449
Daily Planner 2024 Bulk,110.61,156.03,217,Office Supplies,International,17,2426
Scientific Calculator XL,20.64,34.03,1912,Office Supplies,South,7,2053
Ruler Metal 12in HD,90.12,126.67,1397,Office Supplies,East Coast,11,2878
3-Hole Punch Compact,136.38,223.73,40,Office Supplies,Primary,14,3503
Letter Tray Stackable Premium,12.61,16.93,1828,Office Supplies,East Coast,8,2288
Magazine Rack Wire Premium,25.04,43.06,1017,Office Supplies,Primary,20,2954
Bulletin Board Cork 36x24 V3,159.15,269.86,373,Office Supplies,South,10,3297
Push Pins Colored 100pk Mini,26.05,32.51,149,Office Supplies,International,20,3274
Correction Tape 3pk Elite,135.27,191.0,1782,Office Supplies,Midwest,13,3381
Glue Sticks Washable 6pk Bulk,158.04,280.13,265,Office Supplies,Midwest,6,2330
Index Cards Ruled 200pk Bulk,170.69,248.16,1571,Office Supplies,Primary,19,2445
Graph Paper Pad 4x4 Lite,55.74,95.02,441,Office Supplies,Primary,11,2215
Legal Pads Yellow 3pk Basic,91.19,118.29,513,Office Supplies,International,5,2884
Presentation Folders 25pk Bulk,140.88,218.21,551,Office Supplies,East Coast,4,2054
Sheet Protectors 50pk Basic,18.1,30.42,518,Office Supplies,South,17,2609
Report Covers Prong 12pk XL,129.03,207.29,1899,Office Supplies,Primary,5,2264
Clipboard Letter-Size Advanced,28.4,35.37,537,Office Supplies,Primary,4,3114
Pen Holder Mesh Ultra,9.15,13.82,885,Office Supplies,International,6,2869
Ergonomic Office Chair Basic,677.34,835.62,82,Furniture,Primary,1,123
Electric Standing Desk Standard,810.15,1030.66,3,Furniture,Primary,1,116
L-Shaped Corner Desk Premium,291.22,347.55,65,Furniture,International,2,127
5-Tier Bookshelf V3,453.76,516.79,7,Furniture,Primary,2,146
3-Drawer Filing Cabinet Plus,1133.54,1346.95,52,Furniture,Primary,1,108
Conference Table 8-seat Standard,185.87,211.26,45,Furniture,International,2,142
Guest Chair Padded Ultra,814.72,928.74,94,Furniture,International,2,118
Desk Lamp Architect Max,961.86,1230.26,47,Furniture,East Coast,2,159
Chair Floor Mat 48x36 Lite,702.65,940.48,11,Furniture,Midwest,2,170
Monitor Riser Wood Lite+,613.1,809.7,49,Furniture,South,1,127
Storage Cabinet Locking Lite+,669.34,751.63,29,Furniture,South,1,168
Coat Rack Standing Eco,874.1,1130.18,22,Furniture,South,1,135
Waste Basket Metal Lite+,341.89,404.28,16,Furniture,West Coast,2,140
Under-Desk Drawer Unit Advanced,594.5,744.87,12,Furniture,West Coast,2,128
Computer Desk Compact Mini,770.12,1054.79,5,Furniture,International,2,174
Gaming Chair Racing Compact,1098.14,1447.76,7,Furniture,International,1,180
Recliner Leather Mini,509.8,634.87,42,Furniture,East Coast,2,179
3-Seat Sofa Fabric Elite,179.75,250.81,83,Furniture,International,2,130
Coffee Table Glass Compact,1018.2,1130.09,37,Furniture,East Coast,2,176
Side Table Round Eco,831.52,1026.44,88,Furniture,Primary,2,132
TV Stand 65in HD,346.09,413.3,55,Furniture,East Coast,2,101
Shoe Rack 4-Tier Plus,1043.57,1449.58,11,Furniture,Midwest,2,125
Wardrobe Sliding-Door Basic,931.44,1076.53,89,Furniture,International,2,145
6-Drawer Dresser XL,1016.42,1348.51,88,Furniture,West Coast,2,134
Nightstand 2-Drawer Plus,649.49,897.41,68,Furniture,Midwest,2,158
Queen Bed Frame Metal Advanced,1228.73,1549.94,77,Furniture,Primary,1,117
Queen Memory Foam Mattress Plus,1045.46,1292.88,19,Furniture,Primary,1,135
Dining Table 6-seat Oak Smart,458.64,609.05,10,Furniture,West Coast,1,122
Dining Chair Padded 2pk Compact,179.21,220.98,87,Furniture,International,2,168
Bar Stool Adjustable Pro,1253.27,1483.68,4,Furniture,Midwest,2,170
Kitchen Island Cart HD,694.94,873.22,34,Furniture,Midwest,2,119
Pantry Cabinet Tall Max,1085.49,1291.93,65,Furniture,South,1,133
Bathroom Vanity 36in Basic,600.69,675.57,4,Furniture,Midwest,1,164
Mirror Cabinet LED Ultra,1097.77,1283.6,22,Furniture,Primary,2,159
Laundry Hamper Bamboo Standard,935.37,1091.8,98,Furniture,East Coast,1,159
Room Divider 4-Panel Max,455.36,552.29,56,Furniture,South,2,132
Accent Chair Velvet Plus,1065.25,1376.01,9,Furniture,South,2,129
Ottoman Storage Mini,1130.82,1393.95,78,Furniture,Midwest,1,133
Console Table Entryway Elite,254.55,315.68,38,Furniture,International,1,113
Storage Bench Entryway V3,115.79,145.14,100,Furniture,East Coast,2,131
All-Purpose Cleaner 1gal Eco,5.6,7.74,2976,Cleaning,West Coast,34,8340
Glass Cleaner Spray 32oz Mini,23.93,31.4,3848,Cleaning,Primary,33,7435
Disinfectant Wipes 6pk Lite+,4.45,6.11,2032,Cleaning,East Coast,39,6109
Floor Cleaner Concentrate Max,17.23,24.82,3892,Cleaning,International,28,5116
Bathroom Cleaner Foaming Bulk,11.03,14.55,798,Cleaning,Primary,19,5841
Kitchen Degreaser Lite,37.33,51.47,594,Cleaning,Primary,17,7424
Air Freshener Refills 3pk Max,3.19,4.01,889,Cleaning,Midwest,25,8018
Microfiber Cloths 12pk Elite,10.77,17.68,3003,Cleaning,Primary,18,5723
Scrub Sponges 6pk Standard,13.39,21.07,3522,Cleaning,East Coast,38,7678
Rubber Gloves Latex 3pk XL,37.1,56.77,1164,Cleaning,Midwest,30,8174
Trash Bags 13gal 50pk Mini,7.32,10.65,2611,Cleaning,International,49,7338
Paper Towels 12-Roll Smart,15.38,24.87,3434,Cleaning,West Coast,15,7187
Toilet Paper 24-Roll Bulk,15.53,22.82,2644,Cleaning,East Coast,44,8978
Hand Soap Refill 1gal Compact,24.79,39.91,3070,Cleaning,Primary,13,7186
Hand Sanitizer Pump 32oz Premium,38.62,59.49,2597,Cleaning,East Coast,12,5749
Spin Mop System Max,10.38,15.86,4909,Cleaning,West Coast,24,8381
Angle Broom Advanced,4.41,5.97,2780,Cleaning,South,20,7080
Dustpan Combo Pro,16.45,28.18,4111,Cleaning,Midwest,30,5186
Vacuum Bags 6pk Advanced,5.79,9.22,3745,Cleaning,West Coast,23,6477
Dish Soap Lemon 32oz Standard,41.22,58.91,2347,Cleaning,Midwest,40,7016
Dishwasher Pods 60pk Lite+,12.88,21.11,2290,Cleaning,West Coast,46,6599
Laundry Detergent 100oz Elite,12.55,17.61,2362,Cleaning,Midwest,13,5199
Fabric Softener Sheets 240ct Pro,18.62,28.23,4236,Cleaning,West Coast,18,6598
Stain Remover Spray Basic,20.68,35.78,3797,Cleaning,West Coast,33,8302
Bleach Concentrate 1gal V3,23.36,36.13,4657,Cleaning,International,32,8699
Extendable Duster 10ft Standard,30.09,43.33,4824,Cleaning,Primary,16,5572
Window Squeegee 12in Pro,40.1,55.22,3882,Cleaning,West Coast,20,8521
Toilet Brush Set Premium,36.82,52.55,1672,Cleaning,Primary,48,6782
Heavy-Duty Plunger Lite,34.49,44.15,1873,Cleaning,International,19,8450
Drain Cleaner Gel 32oz Premium,22.16,32.58,1224,Cleaning,East Coast,35,8900
Lint Roller Mega 4pk XL,30.74,52.15,903,Cleaning,East Coast,40,6215
Carpet Cleaner Shampoo Mini,31.48,51.53,1832,Cleaning,Primary,18,6522
Wood Polish Spray Eco,34.23,59.54,4838,Cleaning,International,29,6009
Stainless Steel Cleaner Smart,23.87,36.18,2240,Cleaning,South,19,6883
Oven Cleaner Heavy-Duty Elite,17.37,27.67,2038,Cleaning,Midwest,37,5371
Grout Cleaner Brush Set Elite,41.14,63.15,2200,Cleaning,West Coast,31,8794
First Aid Kit 200-Piece Smart,175.57,256.96,738,Safety,International,7,1467
Fire Extinguisher ABC 5lb Advanced,219.33,265.53,752,Safety,Primary,5,1743
Safety Goggles Anti-Fog Lite+,178.28,222.99,755,Safety,International,4,1449
Work Gloves Leather 12pk Mini,133.68,159.94,158,Safety,East Coast,6,1024
Hard Hat OSHA-Compliant V3,151.13,184.84,893,Safety,Midwest,4,1487
Safety Vest Hi-Vis 10pk Mini,117.03,172.19,287,Safety,International,2,1784
Ear Plugs NRR32 50pk Premium,244.69,305.22,955,Safety,International,8,1344
N95 Dust Masks 50pk XL,27.53,33.23,396,Safety,Primary,5,1516
Face Shields Anti-Fog 5pk Mini,241.31,307.09,970,Safety,East Coast,4,1724
Steel-Toe Work Boots Basic,180.46,217.76,498,Safety,International,6,1695
Knee Pads Gel-Insert Bulk,148.15,179.17,979,Safety,East Coast,10,1735
Back Support Belt Large Ultra,195.62,286.58,512,Safety,East Coast,9,1279
Anti-Fatigue Mat 3x5ft V3,157.36,198.5,281,Safety,East Coast,5,1770
Wet Floor Sign Bilingual Ultra,50.8,72.42,742,Safety,East Coast,9,1532
Traffic Cone 28in Smart,106.3,150.01,201,Safety,Primary,3,1352
Fire Blanket 4x6ft Plus,5.94,7.62,511,Safety,East Coast,9,1774
Smoke Detector 10-Year Lite,66.59,97.42,651,Safety,South,6,1713
CO Detector Digital Compact,239.23,322.78,816,Safety,East Coast,8,1351
Emergency Kit 72-Hour Lite+,19.87,29.13,497,Safety,Primary,5,1114
Heavy-Duty Flashlight XL,47.83,64.38,582,Safety,South,5,1067
AA Batteries 24pk Ultra,57.83,79.97,591,Safety,Midwest,7,1052
AAA Batteries 24pk Smart,54.77,67.45,470,Safety,East Coast,5,1107
Extension Cord 25ft 12AWG Smart,120.65,146.89,979,Safety,International,6,1087
Power Strip 6-Outlet USB Standard,130.75,152.73,795,Safety,International,4,1700
Cable Protector Ramp Ultra,168.45,252.54,631,Safety,East Coast,2,1538
Lockout Tagout Kit HD,137.4,158.9,632,Safety,East Coast,2,1483
Hazmat Spill Kit 5gal V2,9.8,13.52,499,Safety,Primary,3,1160
Eye Wash Station Wall Advanced,147.33,208.24,295,Safety,East Coast,7,1184
Flammable Storage Cabinet Smart,249.0,347.33,593,Safety,Primary,8,1790
4-Gas Detector Meter Max,60.94,71.69,345,Safety,Midwest,10,1738
Small Box 8x8x8 25pk XL,11.23,15.1,584,Packaging,East Coast,45,11370
Medium Box 12x12x12 25pk Pro,73.9,104.96,8921,Packaging,Midwest,27,16507
Large Box 18x18x18 15pk Pro,79.85,104.86,1198,Packaging,Primary,79,12754
Bubble Wrap Roll 175ft V2,85.97,128.41,2094,Packaging,Primary,48,17641
Packing Peanuts 14cu ft Plus,40.49,58.71,7033,Packaging,West Coast,83,15321
Shipping Tape Clear 6pk Advanced,63.36,88.31,5681,Packaging,Primary,89,12769
Shipping Labels 4x6 500ct Elite,31.15,46.76,5075,Packaging,West Coast,62,10353
Poly Mailers 10x13 100pk Smart,74.77,102.82,4164,Packaging,South,70,13377
Stretch Wrap 18in 1000ft Standard,61.27,76.66,3016,Packaging,West Coast,84,13516
Kraft Packing Paper 25lb Mini,49.08,61.35,2300,Packaging,East Coast,25,12526
Foam Sheets 12x12 50pk Basic,25.06,36.71,853,Packaging,Midwest,53,17427
Strapping Tape 2in 6pk Max,10.44,16.19,4372,Packaging,West Coast,44,17610
Pallet Wrap 80ga 1500ft Smart,78.41,121.01,4794,Packaging,International,33,13487
Air Pillow Film Roll Compact,40.97,65.04,7335,Packaging,International,91,17326
Tissue Paper White 100pk Basic,60.81,89.88,9334,Packaging,International,85,16027
Gift Boxes Assorted 12pk XL,48.43,66.77,1334,Packaging,Midwest,31,10447
Satin Ribbon Roll 50yd HD,41.74,52.61,7125,Packaging,Primary,57,17779
Gift Bags Medium 24pk Advanced,40.84,52.87,9587,Packaging,South,77,14407
Kraft Paper Roll 36in x 200ft Bulk,20.28,28.17,1287,Packaging,South,40,12283
Corrugated Roll 48in x 100ft V3,79.21,98.52,4457,Packaging,International,65,15536
Whole Bean Coffee 2lb Smart,29.64,35.61,1089,Food & Beverage,South,13,4796
Ground Coffee Medium 5lb Pro,16.33,18.8,190,Food & Beverage,Midwest,21,3822
Earl Grey Tea 200ct XL,5.62,7.46,1861,Food & Beverage,South,17,4613
Cane Sugar 10lb V2,54.24,79.46,2444,Food & Beverage,East Coast,10,3205
Coffee Creamer Singles 100pk V2,26.89,32.88,1432,Food & Beverage,Primary,30,5032
Paper Cups 12oz 100pk Max,21.3,31.14,786,Food & Beverage,East Coast,8,3632
PLA Lids 12oz 100pk Pro,3.42,4.87,1905,Food & Beverage,South,27,5072
Wood Stirrers 1000pk XL,43.75,52.08,988,Food & Beverage,East Coast,10,4249
Cocktail Napkins 500pk Bulk,43.11,55.32,58,Food & Beverage,International,24,5210
Paper Plates 9in 100pk Pro,48.4,61.31,2041,Food & Beverage,Midwest,23,3871
Wood Cutlery Set 200pk Smart,4.45,6.6,156,Food & Beverage,Primary,12,4100
Spring Water 24pk 16oz Eco,45.56,58.86,2709,Food & Beverage,South,12,3512
Granola Bars Variety 36pk Advanced,19.13,26.9,2225,Food & Beverage,International,14,4817
Mixed Nuts 2lb Canister Ultra,45.27,52.5,2071,Food & Beverage,Primary,7,4745
Dried Fruit Mix 3lb Pro,28.43,42.03,436,Food & Beverage,East Coast,14,3981
Multigrain Crackers 8pk Ultra,3.66,4.27,1167,Food & Beverage,International,29,3324
Creamy Peanut Butter 40oz Lite+,54.57,79.79,1192,Food & Beverage,South,12,4587
Strawberry Jam 32oz Ultra,6.37,8.95,1592,Food & Beverage,International,13,5063
Chicken Noodle Soup 6pk Ultra,25.14,36.61,1495,Food & Beverage,West Coast,21,5006
Solid Light Tuna 8pk Pro,41.17,51.02,1564,Food & Beverage,Midwest,22,4790
Jasmine Rice 25lb Mini,29.75,37.24,2238,Food & Beverage,West Coast,29,5045
Penne Pasta 6pk 1lb Lite,16.52,21.83,1510,Food & Beverage,West Coast,13,3260
Extra Virgin Olive Oil 1L Mini,40.47,55.1,2080,Food & Beverage,Midwest,21,3709
Balsamic Vinegar 500ml V3,39.57,55.01,734,Food & Beverage,East Coast,8,3659
Sea Salt & Pepper Set V3,39.83,53.84,2427,Food & Beverage,Primary,22,3652
Spice Rack 20-Jar Bulk,31.85,36.89,1918,Food & Beverage,East Coast,28,3503
Raw Honey 32oz Max,37.08,42.73,2972,Food & Beverage,West Coast,14,5094
Organic Granola 2lb XL,24.26,35.74,2008,Food & Beverage,International,8,4488
Whey Protein 5lb Chocolate Premium,7.85,11.64,2692,Food & Beverage,Midwest,28,4555
Electrolyte Mix 30pk Lemon Pro,17.73,22.98,2442,Food & Beverage,Primary,13,5362
Wireless Mouse Mini,364.67,538.81,163,Electronics,International,3,725
Mechanical Keyboard Compact,444.94,651.73,346,Electronics,Midwest,4,884
USB-C Hub XL,735.7,1057.81,202,Electronics,Midwest,4,628
Webcam HD Compact,46.95,60.62,9,Electronics,International,5,843
Bluetooth Speaker Bulk,765.63,923.25,228,Electronics,West Coast,3,668
Portable Charger V2,68.2,88.35,152,Electronics,South,5,819
HDMI Cable Advanced,448.12,539.42,290,Electronics,East Coast,5,749
SSD 1TB Ultra,327.73,473.95,77,Electronics,Midwest,2,502
RAM 16GB Module Lite,619.81,850.13,359,Electronics,South,1,712
Graphics Card RTX V2,537.45,733.34,406,Electronics,South,2,830
CPU Processor HD,707.68,891.85,36,Electronics,East Coast,4,745
Motherboard ATX Standard,376.32,577.29,108,Electronics,East Coast,5,519
Power Supply 750W V2,721.09,854.56,131,Electronics,Primary,1,599
PC Case Mid-Tower Basic,628.19,973.65,425,Electronics,Primary,2,623
Monitor 27 4K Lite,102.1,121.99,449,Electronics,International,5,634
Laptop Stand Aluminum Pro,363.43,454.52,277,Electronics,South,3,675
Noise Cancelling Headphones Lite+,291.21,350.43,153,Electronics,South,3,578
Smart Watch Pro Compact,98.39,116.09,103,Electronics,Midwest,4,811
Fitness Tracker Band Premium,315.07,451.5,272,Electronics,Primary,2,662
Wireless Earbuds Ultra,862.09,1294.75,107,Electronics,International,5,733
Tablet 10 inch Lite,592.77,759.5,208,Electronics,Midwest,4,816
E-Reader Paperwhite Eco,593.06,730.25,435,Electronics,South,5,864
Smart Plug WiFi XL,640.98,928.02,228,Electronics,Midwest,3,534
WiFi Router AX Basic,831.46,1064.94,354,Electronics,International,4,523
Network Switch 8-Port Mini,542.01,785.91,61,Electronics,West Coast,4,566
External HDD 2TB HD,841.17,1070.48,245,Electronics,East Coast,4,860
Flash Drive 128GB Elite,180.35,265.24,355,Electronics,East Coast,5,645
Memory Card 256GB HD,475.06,615.09,64,Electronics,Midwest,4,802
Desk Lamp LED V3,393.53,541.43,434,Electronics,Primary,5,524
Phone Charger 65W Pro,122.35,189.06,423,Electronics,South,4,539
Screen Protector Glass Plus,613.31,949.85,165,Electronics,East Coast,2,504
Phone Case Silicone Basic,859.82,1145.0,56,Electronics,West Coast,2,563
Laptop Sleeve 15in Lite,517.06,725.73,465,Electronics,Midwest,3,874
Monitor Arm Single V2,744.5,1099.03,375,Electronics,International,3,713
Keyboard Wrist Rest V2,139.7,165.9,177,Electronics,East Coast,4,708
Mouse Pad XXL Eco,543.45,839.18,185,Electronics,East Coast,1,767
Cable Management Kit Standard,173.81,209.02,70,Electronics,International,3,623
Surge Protector 12-Outlet Basic,86.75,109.36,125,Electronics,Midwest,1,829
UPS Battery 1500VA Bulk,285.47,425.94,392,Electronics,Primary,5,645
USB Microphone Premium,805.1,945.6,457,Electronics,West Coast,3,770
Ring Light 18in V3,678.96,874.91,254,Electronics,Primary,3,688
Green Screen 5x7ft Smart,195.06,291.98,487,Electronics,Primary,2,763
Streaming Deck MK2 Elite,577.49,867.85,316,Electronics,East Coast,4,512
Capture Card 4K Premium,246.5,313.28,408,Electronics,Primary,2,544
Drone Camera Pro Smart,15.76,21.18,347,Electronics,East Coast,5,589
Action Camera 4K Bulk,633.83,790.14,480,Electronics,Midwest,2,887
Digital Camera Mirrorless Lite+,568.49,703.93,228,Electronics,West Coast,3,675
Camera Lens 50mm Ultra,361.06,478.41,232,Electronics,East Coast,3,743
Tripod Carbon Fiber Bulk,291.84,400.69,59,Electronics,Primary,3,739
Camera Bag Backpack V2,818.68,1074.53,59,Electronics,East Coast,3,849
SD Card Reader Elite,199.35,290.8,386,Electronics,West Coast,2,810
Ballpoint Pens 12pk V2,83.82,103.15,304,Office Supplies,Primary,6,2708
Sticky Notes 8pk Mini,38.18,51.65,1769,Office Supplies,East Coast,11,3303
File Folders 24pk Elite,10.05,13.01,1287,Office Supplies,East Coast,14,3032
Printer Paper A4 5-Ream Standard,146.41,217.26,460,Office Supplies,South,6,2269
Ink Cartridge Black XL Smart,155.75,207.56,1902,Office Supplies,South,7,3410
Ink Cartridge Color Combo Mini,27.5,40.29,1247,Office Supplies,International,11,3161
Desk Organizer Bamboo XL,57.4,91.88,199,Office Supplies,Primary,13,2370
Paper Shredder Cross-Cut Lite,76.43,122.59,383,Office Supplies,Midwest,5,3446
Laminator Machine A4 Bulk,108.05,132.63,1488,Office Supplies,East Coast,12,2514
Label Maker Portable Compact,45.96,61.1,566,Office Supplies,East Coast,13,2514
Whiteboard Magnetic 48x36 V2,135.03,207.68,1646,Office Supplies,Primary,17,3204
Dry Erase Markers 8pk Premium,27.38,44.19,1910,Office Supplies,Primary,4,3293
Whiteboard Eraser Ultra,113.64,147.63,1841,Office Supplies,International,18,2815
Stapler Heavy-Duty Advanced,43.78,56.67,1061,Office Supplies,South,5,3284
Staples 5000pk Ultra,165.99,231.02,1007,Office Supplies,South,7,2115
Tape Dispenser Desktop V3,34.72,57.3,466,Office Supplies,Primary,5,2029
Scissors Titanium Elite,8.77,10.84,886,Office Supplies,East Coast,10,3298
Paper Clips 100pk Bulk,93.09,159.77,1341,Office Supplies,West Coast,19,2913
Binder Clips Assorted 24pk Standard,73.05,111.83,266,Office Supplies,South,19,2339
Rubber Bands 1lb Standard,173.54,276.37,514,Office Supplies,Midwest,13,2561
Envelopes White 100pk V3,40.42,65.77,1699,Office Supplies,International,16,2724
Notebooks College-Ruled 6pk HD,154.17,233.88,1941,Office Supplies,West Coast,6,2684
Daily Planner 2024 HD,132.54,185.52,973,Office Supplies,East Coast,14,3013
Scientific Calculator Bulk,175.14,289.64,1694,Office Supplies,Primary,20,2750
Ruler Metal 12in Lite+,71.86,115.32,755,Office Supplies,Midwest,15,3187
3-Hole Punch Bulk,142.24,171.76,1628,Office Supplies,East Coast,11,3444
Letter Tray Stackable Ultra,134.17,173.36,1186,Office Supplies,West Coast,16,3508
Magazine Rack Wire Advanced,46.88,60.18,37,Office Supplies,East Coast,9,2376
Bulletin Board Cork 36x24 Bulk,17.57,23.88,743,Office Supplies,International,19,3203
Push Pins Colored 100pk XL,151.21,199.41,1333,Office Supplies,Midwest,8,2470
Correction Tape 3pk Compact,74.97,102.24,603,Office Supplies,West Coast,8,2879
Glue Sticks Washable 6pk V3,11.28,17.72,986,Office Supplies,Primary,5,3116
Index Cards Ruled 200pk Eco,142.42,184.17,1229,Office Supplies,Primary,8,2249
Graph Paper Pad 4x4 Smart,140.47,199.05,1570,Office Supplies,International,8,2637
Legal Pads Yellow 3pk V3,109.49,142.31,1326,Office Supplies,Primary,15,2067
Presentation Folders 25pk Standard,102.63,178.44,1160,Office Supplies,Midwest,12,2052
Sheet Protectors 50pk HD,122.16,195.53,1678,Office Supplies,South,14,2405
Report Covers Prong 12pk Plus,165.89,245.63,1932,Office Supplies,International,10,3350
Clipboard Letter-Size Standard,135.52,195.38,1427,Office Supplies,Midwest,4,2103
Pen Holder Mesh Advanced,28.89,39.93,902,Office Supplies,South,16,2772
Ergonomic Office Chair Standard,973.89,1136.13,89,Furniture,International,1,172
Electric Standing Desk Standard,322.14,393.83,22,Furniture,South,2,102
L-Shaped Corner Desk Bulk,492.81,568.82,83,Furniture,South,2,121
5-Tier Bookshelf Lite+,1117.11,1355.17,74,Furniture,East Coast,1,126
3-Drawer Filing Cabinet Bulk,646.42,869.04,64,Furniture,West Coast,1,180
Conference Table 8-seat HD,1293.27,1740.76,79,Furniture,Primary,1,160
Guest Chair Padded Premium,673.17,779.35,88,Furniture,International,1,132
Desk Lamp Architect Premium,1229.7,1713.52,55,Furniture,Primary,2,113
Chair Floor Mat 48x36 XL,171.68,238.11,78,Furniture,South,2,111
Monitor Riser Wood Plus,1373.14,1868.88,52,Furniture,South,1,164
Storage Cabinet Locking Compact,1069.33,1415.65,91,Furniture,East Coast,2,178
Coat Rack Standing Premium,1361.59,1744.5,34,Furniture,International,1,131
Waste Basket Metal Smart,526.71,661.57,56,Furniture,Primary,2,153
Under-Desk Drawer Unit Eco,945.76,1117.81,73,Furniture,Primary,1,130
Computer Desk Compact Basic,372.94,413.33,52,Furniture,Midwest,1,134
Gaming Chair Racing HD,834.37,1119.18,84,Furniture,Midwest,1,163
Recliner Leather Smart,1358.29,1595.05,80,Furniture,International,1,111
3-Seat Sofa Fabric V2,253.32,339.43,11,Furniture,Primary,2,127
Coffee Table Glass Advanced,1078.38,1244.57,2,Furniture,South,1,130
Side Table Round Mini,531.6,619.25,26,Furniture,International,1,150
TV Stand 65in V3,961.68,1141.83,2,Furniture,East Coast,1,110
Shoe Rack 4-Tier Lite+,97.11,113.94,72,Furniture,East Coast,2,161
Wardrobe Sliding-Door Plus,1173.06,1354.74,46,Furniture,Primary,1,131
6-Drawer Dresser Ultra,698.33,835.24,75,Furniture,International,1,100
Nightstand 2-Drawer Pro,977.21,1267.29,83,Furniture,Midwest,1,159
Queen Bed Frame Metal Bulk,1185.55,1618.36,98,Furniture,West Coast,1,137
Queen Memory Foam Mattress Advanced,360.5,503.75,67,Furniture,West Coast,2,114
Dining Table 6-seat Oak Lite,461.72,607.45,40,Furniture,Primary,2,179
Dining Chair Padded 2pk Mini,669.99,862.88,93,Furniture,East Coast,2,101
Bar Stool Adjustable Lite+,226.96,315.52,6,Furniture,Primary,2,106
Kitchen Island Cart Smart,359.07,501.76,94,Furniture,International,1,169
Pantry Cabinet Tall V3,421.34,553.65,84,Furniture,East Coast,1,122
Bathroom Vanity 36in V2,189.59,246.43,3,Furniture,South,1,147
Mirror Cabinet LED V3,277.9,363.87,71,Furniture,International,1,117
Laundry Hamper Bamboo XL,290.12,358.37,22,Furniture,International,2,118
Room Divider 4-Panel Plus,1241.74,1398.79,16,Furniture,Midwest,1,155
Accent Chair Velvet Elite,507.73,602.7,69,Furniture,Midwest,1,121
Ottoman Storage Lite+,962.7,1088.29,98,Furniture,Midwest,1,151
Console Table Entryway Advanced,186.26,249.77,61,Furniture,South,2,117
Storage Bench Entryway Pro,280.04,316.1,26,Furniture,East Coast,2,132
All-Purpose Cleaner 1gal HD,21.02,34.47,1447,Cleaning,South,20,5167
Glass Cleaner Spray 32oz Elite,14.85,22.15,2818,Cleaning,Primary,23,7624
Disinfectant Wipes 6pk Standard,42.65,53.57,1666,Cleaning,South,14,7491
Floor Cleaner Concentrate Premium,35.51,45.46,2857,Cleaning,West Coast,11,6832
Bathroom Cleaner Foaming Bulk,2.11,2.91,2670,Cleaning,West Coast,20,7243
Kitchen Degreaser HD,41.95,61.8,1956,Cleaning,West Coast,41,7065
Air Freshener Refills 3pk HD,21.44,32.08,106,Cleaning,International,45,7683
Microfiber Cloths 12pk Eco,44.84,70.63,3267,Cleaning,West Coast,27,7702
Scrub Sponges 6pk Plus,16.61,25.0,2687,Cleaning,Primary,30,7940
Rubber Gloves Latex 3pk Lite,23.39,31.15,1418,Cleaning,South,39,7626
Trash Bags 13gal 50pk Ultra,12.42,20.03,4543,Cleaning,Primary,21,7313
Paper Towels 12-Roll Mini,38.41,58.52,1985,Cleaning,West Coast,18,5044
Toilet Paper 24-Roll Mini,5.87,7.8,1633,Cleaning,Midwest,26,5113
Hand Soap Refill 1gal V3,38.54,58.47,647,Cleaning,Primary,49,7443
Hand Sanitizer Pump 32oz XL,3.27,4.58,3336,Cleaning,Primary,30,5263
Spin Mop System Lite+,29.44,49.05,3938,Cleaning,Primary,14,7945
Angle Broom Ultra,4.11,5.94,4479,Cleaning,Midwest,32,8846
Dustpan Combo Elite,20.73,31.2,3372,Cleaning,International,22,7583
Vacuum Bags 6pk Lite,9.03,15.6,2135,Cleaning,International,13,6834
Dish Soap Lemon 32oz Smart,3.09,4.84,4498,Cleaning,East Coast,15,8850
Dishwasher Pods 60pk Basic,44.25,66.84,4781,Cleaning,Primary,13,8743
Laundry Detergent 100oz Mini,44.86,77.36,2297,Cleaning,Midwest,31,7861
Fabric Softener Sheets 240ct Lite+,36.22,52.56,3646,Cleaning,Primary,36,8695
Stain Remover Spray Elite,39.0,51.27,4674,Cleaning,Primary,35,8022
Bleach Concentrate 1gal Mini,22.81,34.99,824,Cleaning,West Coast,38,6729
Extendable Duster 10ft Bulk,5.23,8.89,3873,Cleaning,East Coast,12,5528
Window Squeegee 12in V3,25.87,35.59,2917,Cleaning,Midwest,24,6250
Toilet Brush Set Advanced,39.58,58.19,1163,Cleaning,East Coast,30,8530
Heavy-Duty Plunger Max,4.55,7.77,4867,Cleaning,West Coast,21,7179
Drain Cleaner Gel 32oz Advanced,26.25,39.04,1981,Cleaning,South,33,7903
Lint Roller Mega 4pk Lite+,9.51,14.07,1454,Cleaning,East Coast,49,7489
Carpet Cleaner Shampoo V3,29.03,41.21,3921,Cleaning,East Coast,50,5065
Wood Polish Spray Premium,3.29,5.45,2038,Cleaning,Midwest,46,7060
Stainless Steel Cleaner HD,10.4,16.15,4379,Cleaning,Midwest,29,8136
Oven Cleaner Heavy-Duty Standard,24.95,34.51,3776,Cleaning,South,25,7398
Grout Cleaner Brush Set Eco,15.72,25.61,2891,Cleaning,East Coast,18,7908
First Aid Kit 200-Piece Smart,22.13,31.13,436,Safety,East Coast,9,1414
Fire Extinguisher ABC 5lb Max,119.91,151.89,897,Safety,West Coast,5,1240
Safety Goggles Anti-Fog Pro,234.95,322.06,67,Safety,Midwest,3,1420
Work Gloves Leather 12pk V3,63.72,90.66,129,Safety,East Coast,6,1707
Hard Hat OSHA-Compliant Lite,95.48,132.85,271,Safety,Midwest,7,1181
Safety Vest Hi-Vis 10pk V3,102.08,145.96,550,Safety,East Coast,10,1429
Ear Plugs NRR32 50pk V3,51.15,67.05,300,Safety,West Coast,6,1272
N95 Dust Masks 50pk XL,200.41,238.69,939,Safety,West Coast,6,1208
Face Shields Anti-Fog 5pk Standard,233.7,275.63,117,Safety,West Coast,9,1347
Steel-Toe Work Boots Elite,68.45,102.47,350,Safety,West Coast,9,1656
Knee Pads Gel-Insert V2,192.03,226.28,577,Safety,West Coast,10,1735
Back Support Belt Large V2,214.5,304.35,397,Safety,Primary,5,1517
Anti-Fatigue Mat 3x5ft XL,21.42,29.31,135,Safety,Midwest,8,1279
Wet Floor Sign Bilingual Smart,45.89,56.82,406,Safety,South,6,1182
Traffic Cone 28in Smart,219.98,329.25,187,Safety,International,6,1451
Fire Blanket 4x6ft V3,82.83,114.15,646,Safety,West Coast,10,1507
Smoke Detector 10-Year Elite,203.56,259.75,884,Safety,Midwest,2,1062
CO Detector Digital Bulk,202.95,251.94,976,Safety,East Coast,3,1541
Emergency Kit 72-Hour Premium,121.59,164.04,949,Safety,West Coast,5,1049
Heavy-Duty Flashlight Ultra,203.75,274.08,276,Safety,East Coast,7,1757
AA Batteries 24pk Lite,9.35,12.4,153,Safety,West Coast,6,1414
AAA Batteries 24pk Eco,186.47,249.36,706,Safety,West Coast,8,1172
Extension Cord 25ft 12AWG V3,186.96,279.64,660,Safety,International,3,1275
Power Strip 6-Outlet USB HD,6.27,8.13,771,Safety,International,8,1116
Cable Protector Ramp Pro,96.27,139.85,651,Safety,International,8,1248
Lockout Tagout Kit Ultra,228.54,311.39,912,Safety,South,4,1065
Hazmat Spill Kit 5gal Lite+,150.64,210.15,47,Safety,Primary,8,1346
Eye Wash Station Wall HD,22.15,31.46,458,Safety,South,3,1358
Flammable Storage Cabinet Pro,28.29,41.45,336,Safety,International,2,1142
4-Gas Detector Meter V3,23.1,26.92,941,Safety,Primary,6,1779
Small Box 8x8x8 25pk V2,82.02,114.19,9240,Packaging,Midwest,99,14432
Medium Box 12x12x12 25pk Advanced,86.61,126.07,1948,Packaging,South,42,10492
Large Box 18x18x18 15pk Compact,80.08,104.56,9078,Packaging,West Coast,57,11155
Bubble Wrap Roll 175ft Plus,76.69,111.0,6337,Packaging,International,99,14952
Packing Peanuts 14cu ft Ultra,45.97,59.97,631,Packaging,Primary,27,15302
Shipping Tape Clear 6pk Standard,8.55,13.13,2335,Packaging,Primary,52,13213
Shipping Labels 4x6 500ct Lite+,20.83,29.06,4141,Packaging,Midwest,88,17514
Poly Mailers 10x13 100pk Lite,64.94,87.12,6132,Packaging,International,41,14250
Stretch Wrap 18in 1000ft Bulk,66.85,99.17,9924,Packaging,West Coast,54,13743
Kraft Packing Paper 25lb Lite+,63.08,81.08,8124,Packaging,East Coast,97,14127
Foam Sheets 12x12 50pk Elite,21.44,28.64,8274,Packaging,Midwest,81,14708
Strapping Tape 2in 6pk Smart,58.08,89.41,3523,Packaging,Midwest,69,13633
Pallet Wrap 80ga 1500ft Pro,42.75,63.61,1733,Packaging,South,25,13022
Air Pillow Film Roll V3,54.87,81.86,8873,Packaging,Primary,33,12592
Tissue Paper White 100pk Premium,73.74,95.27,1012,Packaging,Midwest,50,12793
Gift Boxes Assorted 12pk Pro,78.84,111.35,9136,Packaging,South,100,13357
Satin Ribbon Roll 50yd Compact,38.87,46.88,6967,Packaging,West Coast,47,12926
Gift Bags Medium 24pk Ultra,81.74,110.93,8065,Packaging,Primary,61,16924
Kraft Paper Roll 36in x 200ft V2,8.75,10.81,4867,Packaging,East Coast,36,13190
Corrugated Roll 48in x 100ft Max,34.79,53.42,4781,Packaging,Primary,33,14312
Whole Bean Coffee 2lb Max,47.29,60.1,1231,Food & Beverage,West Coast,7,5055
Ground Coffee Medium 5lb Smart,35.56,44.9,1559,Food & Beverage,East Coast,13,4377
Earl Grey Tea 200ct Premium,35.97,47.29,1886,Food & Beverage,Primary,30,4355
Cane Sugar 10lb Ultra,40.31,52.24,2822,Food & Beverage,Midwest,17,4321
Coffee Creamer Singles 100pk Eco,27.75,40.26,2324,Food & Beverage,International,29,4444
Paper Cups 12oz 100pk Max,19.5,23.59,1385,Food & Beverage,West Coast,29,5256
PLA Lids 12oz 100pk HD,26.27,35.66,2652,Food & Beverage,International,7,3337
Wood Stirrers 1000pk Lite+,44.69,63.48,676,Food & Beverage,South,21,3717
Cocktail Napkins 500pk Premium,31.82,45.07,1783,Food & Beverage,East Coast,16,3663
Paper Plates 9in 100pk Smart,23.06,28.58,2425,Food & Beverage,East Coast,24,3216
Wood Cutlery Set 200pk Plus,45.46,62.86,1420,Food & Beverage,Midwest,14,3155
Spring Water 24pk 16oz Pro,5.12,6.36,397,Food & Beverage,International,16,5336
Granola Bars Variety 36pk Lite,51.89,64.81,1729,Food & Beverage,Midwest,24,4310
Mixed Nuts 2lb Canister Bulk,13.73,19.13,1425,Food & Beverage,International,8,3826
Dried Fruit Mix 3lb Smart,48.15,61.69,1044,Food & Beverage,South,16,3659
Multigrain Crackers 8pk Standard,24.11,30.36,2991,Food & Beverage,Primary,19,3686
Creamy Peanut Butter 40oz Premium,5.16,6.57,121,Food & Beverage,East Coast,18,4007
Strawberry Jam 32oz Premium,48.91,57.55,2189,Food & Beverage,South,25,5040
Chicken Noodle Soup 6pk Lite+,12.01,14.42,765,Food & Beverage,West Coast,26,4566
Solid Light Tuna 8pk Smart,49.33,59.99,925,Food & Beverage,Primary,28,5079
Jasmine Rice 25lb Standard,7.43,11.03,300,Food & Beverage,Midwest,21,3348
Penne Pasta 6pk 1lb Plus,54.6,66.66,2804,Food & Beverage,South,13,3250
Extra Virgin Olive Oil 1L XL,17.47,20.62,2692,Food & Beverage,Midwest,15,4023
Balsamic Vinegar 500ml HD,4.87,5.91,95,Food & Beverage,Primary,26,3815
Sea Salt & Pepper Set Eco,26.97,36.24,227,Food & Beverage,International,29,3648
Spice Rack 20-Jar Lite,3.67,4.53,1731,Food & Beverage,Midwest,21,4692
Raw Honey 32oz Ultra,43.51,56.96,1734,Food & Beverage,Midwest,16,4868
Organic Granola 2lb Standard,20.93,26.26,2559,Food & Beverage,West Coast,7,3852
Whey Protein 5lb Chocolate Advanced,7.87,9.96,2880,Food & Beverage,West Coast,14,3827
Electrolyte Mix 30pk Lemon Mini,7.72,9.01,1593,Food & Beverage,South,25,3836
Wireless Mouse Bulk,337.46,419.81,30,Electronics,International,5,816
Mechanical Keyboard Max,176.97,221.18,339,Electronics,West Coast,1,605
USB-C Hub Lite,283.64,400.48,166,Electronics,Primary,3,882
Webcam HD Ultra,25.44,33.09,13,Electronics,Midwest,4,570
Bluetooth Speaker Pro,350.03,441.94,59,Electronics,Primary,3,823
Portable Charger Standard,278.61,376.91,228,Electronics,Midwest,2,554
HDMI Cable Standard,508.43,634.46,135,Electronics,International,2,732
SSD 1TB Elite,410.98,481.59,303,Electronics,Midwest,3,527
RAM 16GB Module Elite,297.84,399.46,91,Electronics,International,3,585
Graphics Card RTX Plus,146.13,211.33,401,Electronics,South,3,759
CPU Processor V3,411.29,599.4,87,Electronics,East Coast,3,779
Motherboard ATX Basic,241.7,373.32,291,Electronics,South,5,543
Power Supply 750W Elite,858.58,1090.45,313,Electronics,Midwest,3,542
PC Case Mid-Tower Bulk,564.32,664.14,366,Electronics,West Coast,5,641
Monitor 27 4K Compact,592.85,751.31,157,Electronics,West Coast,4,628
Laptop Stand Aluminum Max,218.24,301.97,20,Electronics,West Coast,3,537
Noise Cancelling Headphones V2,276.33,335.05,453,Electronics,Midwest,5,692
Smart Watch Pro Basic,332.1,415.87,460,Electronics,South,1,535
Fitness Tracker Band Elite,425.58,572.5,356,Electronics,Primary,3,891
Wireless Earbuds Mini,804.49,1022.11,236,Electronics,South,1,883
Tablet 10 inch Eco,384.05,463.66,333,Electronics,International,3,522
E-Reader Paperwhite Max,817.29,1167.97,34,Electronics,Primary,3,841
Smart Plug WiFi Ultra,437.78,627.97,429,Electronics,West Coast,4,623
WiFi Router AX HD,43.39,54.21,216,Electronics,International,1,613
Network Switch 8-Port Standard,16.26,21.87,321,Electronics,International,2,850
External HDD 2TB Lite,349.88,439.9,251,Electronics,Midwest,3,590
Flash Drive 128GB XL,263.28,321.64,262,Electronics,South,2,564
Memory Card 256GB Compact,443.45,669.45,178,Electronics,International,1,681
Desk Lamp LED Plus,383.5,576.71,271,Electronics,West Coast,5,535
Phone Charger 65W XL,669.73,799.61,171,Electronics,International,3,712
Screen Protector Glass HD,77.45,102.12,291,Electronics,Primary,5,654
Phone Case Silicone Elite,219.36,334.24,127,Electronics,Midwest,4,628
Laptop Sleeve 15in Pro,310.76,467.09,165,Electronics,Midwest,1,856
Monitor Arm Single Mini,777.94,916.96,111,Electronics,Midwest,5,671
Keyboard Wrist Rest V3,172.69,216.61,195,Electronics,East Coast,1,761
Mouse Pad XXL XL,358.46,470.17,308,Electronics,East Coast,2,541
Cable Management Kit HD,813.67,1082.52,383,Electronics,International,3,785
Surge Protector 12-Outlet Compact,523.86,718.41,274,Electronics,South,4,792
UPS Battery 1500VA Smart,891.41,1288.81,48,Electronics,East Coast,5,717
USB Microphone Plus,316.02,425.95,31,Electronics,East Coast,3,862
Ring Light 18in Compact,515.78,764.55,98,Electronics,West Coast,2,890
Green Screen 5x7ft Elite,659.94,870.32,73,Electronics,Primary,2,502
Streaming Deck MK2 Max,437.0,573.41,474,Electronics,Midwest,1,556
Capture Card 4K Compact,187.4,223.6,315,Electronics,South,1,792
Drone Camera Pro HD,223.13,345.51,338,Electronics,West Coast,1,768
Action Camera 4K XL,207.47,270.82,220,Electronics,East Coast,2,588
Digital Camera Mirrorless Pro,374.84,483.29,245,Electronics,International,2,828
Camera Lens 50mm XL,443.85,576.78,322,Electronics,South,3,585
Tripod Carbon Fiber Advanced,281.9,331.5,414,Electronics,International,3,504
Camera Bag Backpack Plus,199.29,288.53,245,Electronics,East Coast,2,509
SD Card Reader Max,281.14,382.21,368,Electronics,International,4,655
Ballpoint Pens 12pk Compact,38.06,63.8,280,Office Supplies,Midwest,11,2699
Sticky Notes 8pk Lite,21.75,32.82,1561,Office Supplies,East Coast,8,2026
File Folders 24pk Basic,1.59,2.71,1775,Office Supplies,International,14,3035
Printer Paper A4 5-Ream HD,174.02,277.87,1171,Office Supplies,International,14,2409
Ink Cartridge Black XL Lite,128.12,160.96,1924,Office Supplies,Primary,9,3029
Ink Cartridge Color Combo Ultra,87.71,136.98,1677,Office Supplies,Midwest,10,3305
Desk Organizer Bamboo HD,69.9,93.46,1353,Office Supplies,East Coast,13,2983
Paper Shredder Cross-Cut Advanced,14.18,19.11,868,Office Supplies,South,14,3190
Laminator Machine A4 Premium,61.2,80.51,1420,Office Supplies,Primary,19,3251
Label Maker Portable V2,120.54,188.13,83,Office Supplies,West Coast,11,3004
Whiteboard Magnetic 48x36 V3,62.76,101.24,1384,Office Supplies,East Coast,7,3351
Dry Erase Markers 8pk Max,128.18,210.7,278,Office Supplies,West Coast,18,3410
Whiteboard Eraser HD,81.84,103.03,1313,Office Supplies,International,14,2097
Stapler Heavy-Duty Eco,10.76,15.51,951,Office Supplies,Primary,5,2934
Staples 5000pk Max,126.48,210.43,695,Office Supplies,South,8,2581
Tape Dispenser Desktop Standard,143.39,224.0,1045,Office Supplies,International,15,2327
Scissors Titanium Smart,172.16,231.17,1049,Office Supplies,International,9,2008
Paper Clips 100pk Lite,59.71,81.56,976,Office Supplies,Midwest,18,3017
Binder Clips Assorted 24pk Premium,103.81,139.9,1506,Office Supplies,West Coast,6,2836
Rubber Bands 1lb Ultra,75.09,105.71,1060,Office Supplies,International,9,2274
Envelopes White 100pk Compact,20.43,31.47,691,Office Supplies,South,12,3450
Notebooks College-Ruled 6pk Pro,160.2,284.23,1172,Office Supplies,West Coast,13,3150
Daily Planner 2024 Elite,140.39,184.45,1765,Office Supplies,West Coast,12,3516
Scientific Calculator Ultra,86.97,146.57,858,Office Supplies,International,16,2157
Ruler Metal 12in Eco,165.42,251.71,914,Office Supplies,West Coast,14,3280
3-Hole Punch Pro,140.07,248.48,1895,Office Supplies,South,5,3448
Letter Tray Stackable Lite,125.84,195.88,1495,Office Supplies,Midwest,16,3525
Magazine Rack Wire Advanced,34.56,61.09,1175,Office Supplies,South,15,3549
Bulletin Board Cork 36x24 V3,69.67,84.24,259,Office Supplies,East Coast,13,2178
Push Pins Colored 100pk Ultra,6.49,9.28,1170,Office Supplies,East Coast,14,3374
Correction Tape 3pk HD,7.15,10.86,1115,Office Supplies,East Coast,5,2897
Glue Sticks Washable 6pk Pro,120.74,146.99,1777,Office Supplies,International,11,3298
Index Cards Ruled 200pk V3,99.55,152.26,1952,Office Supplies,Primary,6,2323
Graph Paper Pad 4x4 Elite,111.59,160.42,996,Office Supplies,Midwest,17,2450
Legal Pads Yellow 3pk V2,170.02,224.36,928,Office Supplies,West Coast,11,2604
Presentation Folders 25pk Advanced,41.06,71.34,760,Office Supplies,Primary,17,2989
Sheet Protectors 50pk Ultra,115.67,179.01,1446,Office Supplies,Midwest,4,2711
Report Covers Prong 12pk Bulk,88.78,121.82,1785,Office Supplies,Midwest,10,3206
Clipboard Letter-Size Lite+,86.62,120.45,820,Office Supplies,South,18,2412
Pen Holder Mesh Eco,14.59,19.71,1242,Office Supplies,International,4,3209
Ergonomic Office Chair Bulk,404.3,496.36,72,Furniture,International,2,130
Electric Standing Desk Plus,1065.65,1337.65,66,Furniture,Primary,2,168
L-Shaped Corner Desk Plus,1195.02,1433.01,14,Furniture,East Coast,1,175
5-Tier Bookshelf HD,1180.4,1447.02,42,Furniture,South,2,163
3-Drawer Filing Cabinet Plus,971.96,1233.48,68,Furniture,Primary,1,139
Conference Table 8-seat Lite,1099.13,1336.36,42,Furniture,Primary,2,101
Guest Chair Padded Pro,131.01,166.9,9,Furniture,East Coast,1,157
Desk Lamp Architect Advanced,726.33,868.74,52,Furniture,International,2,129
Chair Floor Mat 48x36 Standard,1029.35,1219.69,53,Furniture,International,1,173
Monitor Riser Wood Plus,791.85,936.67,28,Furniture,South,1,173
Storage Cabinet Locking Bulk,1326.72,1609.83,10,Furniture,Primary,1,118
Coat Rack Standing V3,1344.11,1619.71,18,Furniture,West Coast,2,122
Waste Basket Metal Lite,176.37,245.14,76,Furniture,West Coast,1,125
Under-Desk Drawer Unit Smart,444.82,589.12,75,Furniture,International,2,121
Computer Desk Compact Elite,420.87,567.21,42,Furniture,South,2,179
Gaming Chair Racing Elite,84.62,110.43,99,Furniture,South,1,131
Recliner Leather Basic,1003.75,1308.7,61,Furniture,Primary,2,155
3-Seat Sofa Fabric Compact,1169.85,1582.18,69,Furniture,East Coast,2,109
Coffee Table Glass Standard,57.79,67.25,80,Furniture,East Coast,2,170
Side Table Round Basic,664.45,788.74,91,Furniture,South,1,102
TV Stand 65in Mini,731.88,894.53,22,Furniture,International,1,179
Shoe Rack 4-Tier Ultra,998.2,1152.03,98,Furniture,South,2,131
Wardrobe Sliding-Door V2,1232.73,1530.53,46,Furniture,Primary,2,171
6-Drawer Dresser Basic,479.59,559.56,15,Furniture,South,1,160
Nightstand 2-Drawer HD,112.1,138.03,59,Furniture,Midwest,2,157
Queen Bed Frame Metal Lite,844.33,1178.91,87,Furniture,East Coast,1,104
Queen Memory Foam Mattress Plus,1293.35,1628.59,58,Furniture,West Coast,2,156
Dining Table 6-seat Oak Plus,523.02,673.27,25,Furniture,East Coast,1,101
Dining Chair Padded 2pk HD,52.69,64.88,69,Furniture,South,2,114
Bar Stool Adjustable V2,398.48,509.71,86,Furniture,West Coast,1,148
Kitchen Island Cart Bulk,1059.64,1313.53,26,Furniture,South,2,136
Pantry Cabinet Tall HD,685.59,807.37,48,Furniture,West Coast,1,139
Bathroom Vanity 36in Eco,652.81,868.01,47,Furniture,West Coast,2,138
Mirror Cabinet LED Advanced,760.97,1061.5,43,Furniture,International,1,153
Laundry Hamper Bamboo Smart,817.75,911.43,16,Furniture,Primary,2,113
Room Divider 4-Panel Mini,464.53,571.29,33,Furniture,West Coast,1,169
Accent Chair Velvet Lite,471.48,579.14,96,Furniture,Primary,2,163
Ottoman Storage XL,117.29,143.58,70,Furniture,South,1,177
Console Table Entryway V3,722.97,840.71,10,Furniture,Midwest,1,133
Storage Bench Entryway Bulk,993.98,1146.3,64,Furniture,Midwest,2,165
All-Purpose Cleaner 1gal Plus,12.69,19.83,2868,Cleaning,International,34,5830
Glass Cleaner Spray 32oz Eco,38.73,63.47,4785,Cleaning,West Coast,19,6000
Disinfectant Wipes 6pk Smart,43.78,62.6,2334,Cleaning,Primary,30,6851
Floor Cleaner Concentrate Bulk,5.32,8.95,2812,Cleaning,South,40,8494
Bathroom Cleaner Foaming Max,19.3,29.29,111,Cleaning,East Coast,50,5829
Kitchen Degreaser Premium,44.8,72.55,1240,Cleaning,Midwest,39,5363
Air Freshener Refills 3pk Mini,30.6,49.69,3242,Cleaning,International,20,7929
Microfiber Cloths 12pk Advanced,41.1,59.14,3840,Cleaning,Midwest,26,6971
Scrub Sponges 6pk V2,42.97,75.15,3895,Cleaning,International,11,5856
Rubber Gloves Latex 3pk Basic,16.82,29.38,3896,Cleaning,Midwest,45,8102
Trash Bags 13gal 50pk V2,19.77,25.66,1600,Cleaning,South,17,8262
Paper Towels 12-Roll Max,9.69,14.88,2348,Cleaning,International,15,8161
Toilet Paper 24-Roll V2,42.13,67.44,1192,Cleaning,International,42,8087
Hand Soap Refill 1gal Pro,39.28,64.11,3259,Cleaning,East Coast,21,6427
Hand Sanitizer Pump 32oz Elite,12.78,20.65,4160,Cleaning,West Coast,33,6124
Spin Mop System XL,13.96,23.34,1395,Cleaning,South,30,7206
Angle Broom Eco,5.68,9.27,469,Cleaning,Midwest,24,6421
Dustpan Combo Eco,3.2,5.45,1348,Cleaning,Midwest,42,5617
Vacuum Bags 6pk Lite+,10.2,16.16,124,Cleaning,South,29,6829
Dish Soap Lemon 32oz Basic,42.9,61.35,871,Cleaning,South,37,8392
Dishwasher Pods 60pk Elite,32.69,51.56,806,Cleaning,International,22,5605
Laundry Detergent 100oz XL,4.57,6.67,4472,Cleaning,South,36,8715
Fabric Softener Sheets 240ct Bulk,18.6,32.18,1772,Cleaning,Midwest,29,6795
Stain Remover Spray Plus,31.46,47.57,4459,Cleaning,Primary,21,5863
Bleach Concentrate 1gal Elite,9.31,13.32,3649,Cleaning,South,21,7132
Extendable Duster 10ft Standard,18.99,32.6,1798,Cleaning,Primary,35,5857
Window Squeegee 12in Compact,10.7,13.46,4589,Cleaning,Primary,28,6586
Toilet Brush Set Mini,22.17,35.96,1297,Cleaning,Primary,42,8151
Heavy-Duty Plunger Eco,42.62,68.21,3369,Cleaning,Primary,29,7493
Drain Cleaner Gel 32oz Advanced,37.49,52.19,4142,Cleaning,Primary,28,7338
Lint Roller Mega 4pk Lite,20.62,36.07,2131,Cleaning,International,24,8516
Carpet Cleaner Shampoo Plus,11.84,15.36,852,Cleaning,East Coast,34,6687
Wood Polish Spray Compact,20.56,35.82,1227,Cleaning,West Coast,43,6122
Stainless Steel Cleaner Bulk,15.16,21.15,71,Cleaning,West Coast,44,7603
Oven Cleaner Heavy-Duty Ultra,28.46,48.76,3149,Cleaning,South,19,5666
Grout Cleaner Brush Set XL,5.27,8.79,65,Cleaning,South,42,6278
First Aid Kit 200-Piece HD,22.71,29.16,802,Safety,Primary,8,1765
Fire Extinguisher ABC 5lb Plus,48.12,61.9,16,Safety,South,6,1428
Safety Goggles Anti-Fog Pro,160.37,209.25,637,Safety,South,7,1204
Work Gloves Leather 12pk Smart,29.17,41.95,398,Safety,West Coast,4,1319
Hard Hat OSHA-Compliant Lite,241.21,312.55,651,Safety,South,9,1558
Safety Vest Hi-Vis 10pk Standard,81.9,107.68,962,Safety,Primary,5,1151
Ear Plugs NRR32 50pk HD,89.24,129.95,943,Safety,East Coast,6,1156
N95 Dust Masks 50pk Advanced,144.34,183.5,770,Safety,Midwest,6,1014
Face Shields Anti-Fog 5pk Lite,200.66,275.86,25,Safety,East Coast,9,1774
Steel-Toe Work Boots Smart,130.41,151.07,259,Safety,International,2,1354
Knee Pads Gel-Insert Pro,210.61,274.17,106,Safety,West Coast,6,1553
Back Support Belt Large Eco,232.73,321.16,804,Safety,Primary,3,1511
Anti-Fatigue Mat 3x5ft Premium,115.41,163.43,375,Safety,Primary,6,1753
Wet Floor Sign Bilingual V2,142.04,203.1,575,Safety,South,4,1299
Traffic Cone 28in V2,41.68,59.9,194,Safety,South,10,1687
Fire Blanket 4x6ft Lite,91.06,125.55,58,Safety,International,10,1600
Smoke Detector 10-Year XL,37.26,53.87,903,Safety,Primary,8,1560
CO Detector Digital Mini,243.13,293.04,631,Safety,West Coast,8,1170
Emergency Kit 72-Hour Plus,213.21,301.85,498,Safety,East Coast,5,1729
Heavy-Duty Flashlight Premium,188.21,255.98,247,Safety,Primary,6,1244
AA Batteries 24pk Eco,205.13,285.29,182,Safety,International,7,1046
AAA Batteries 24pk V2,123.13,167.47,843,Safety,South,4,1245
Extension Cord 25ft 12AWG Eco,127.94,159.75,58,Safety,International,5,1493
Power Strip 6-Outlet USB Compact,90.63,110.9,608,Safety,International,6,1158
Cable Protector Ramp Basic,190.11,267.69,29,Safety,Primary,5,1230
Lockout Tagout Kit Advanced,104.49,129.48,108,Safety,Midwest,6,1569
Hazmat Spill Kit 5gal Eco,207.88,282.05,57,Safety,Primary,10,1326
Eye Wash Station Wall Bulk,243.73,344.61,288,Safety,International,10,1507
Flammable Storage Cabinet Mini,85.64,99.32,332,Safety,East Coast,3,1570
4-Gas Detector Meter V3,118.26,143.05,70,Safety,West Coast,2,1494
Small Box 8x8x8 25pk Standard,23.89,34.14,3892,Packaging,International,92,10878
Medium Box 12x12x12 25pk Lite,42.98,59.9,4219,Packaging,East Coast,21,10242
Large Box 18x18x18 15pk Premium,32.73,46.19,8359,Packaging,South,55,17498
Bubble Wrap Roll 175ft Compact,30.33,47.72,3509,Packaging,West Coast,81,12406
Packing Peanuts 14cu ft Smart,34.67,46.83,180,Packaging,East Coast,76,11106
Shipping Tape Clear 6pk Compact,34.68,42.42,4887,Packaging,Primary,80,12157
Shipping Labels 4x6 500ct Max,1.59,1.98,125,Packaging,South,44,13574
Poly Mailers 10x13 100pk Smart,19.75,28.75,5925,Packaging,South,36,16475
Stretch Wrap 18in 1000ft Elite,56.64,68.08,3638,Packaging,West Coast,94,12023
Kraft Packing Paper 25lb Mini,36.79,46.16,5483,Packaging,Midwest,81,17981
Foam Sheets 12x12 50pk XL,12.78,20.03,6960,Packaging,South,91,12372
Strapping Tape 2in 6pk Plus,20.32,30.4,7101,Packaging,Midwest,45,13279
Pallet Wrap 80ga 1500ft Advanced,7.19,9.53,4386,Packaging,East Coast,90,10549
Air Pillow Film Roll Bulk,22.73,30.78,4484,Packaging,South,40,14995
Tissue Paper White 100pk Eco,68.27,87.94,3527,Packaging,West Coast,99,16249
Gift Boxes Assorted 12pk Eco,54.35,68.17,6606,Packaging,International,25,14275
Satin Ribbon Roll 50yd Basic,88.37,112.7,9931,Packaging,Midwest,91,16854
Gift Bags Medium 24pk Eco,26.83,41.48,1623,Packaging,South,30,12080
Kraft Paper Roll 36in x 200ft Smart,44.51,66.23,7559,Packaging,International,62,12230
Corrugated Roll 48in x 100ft Lite+,18.95,29.33,7465,Packaging,West Coast,79,10302
Whole Bean Coffee 2lb Elite,52.5,61.11,1738,Food & Beverage,Primary,20,5187
Ground Coffee Medium 5lb Smart,18.43,26.5,1624,Food & Beverage,Midwest,16,5355
Earl Grey Tea 200ct Ultra,14.35,18.44,158,Food & Beverage,International,27,3821
Cane Sugar 10lb Premium,3.13,4.11,1674,Food & Beverage,Primary,23,5377
Coffee Creamer Singles 100pk Plus,29.5,41.63,1231,Food & Beverage,West Coast,9,5035
Paper Cups 12oz 100pk HD,35.12,43.8,908,Food & Beverage,International,7,4940
PLA Lids 12oz 100pk V2,44.67,65.41,2089,Food & Beverage,Midwest,27,5073
Wood Stirrers 1000pk Ultra,44.5,61.73,1768,Food & Beverage,Midwest,24,3413
Cocktail Napkins 500pk Bulk,28.83,34.98,1710,Food & Beverage,Primary,13,4262
Paper Plates 9in 100pk Mini,3.7,4.95,1389,Food & Beverage,International,20,5277
Wood Cutlery Set 200pk HD,25.81,37.93,625,Food & Beverage,Midwest,18,4342
Spring Water 24pk 16oz V2,31.11,36.5,618,Food & Beverage,East Coast,30,3481
Granola Bars Variety 36pk Lite+,42.18,57.72,2217,Food & Beverage,International,22,4503
Mixed Nuts 2lb Canister V2,15.69,23.29,2415,Food & Beverage,Primary,8,4656
Dried Fruit Mix 3lb Advanced,17.49,24.52,1454,Food & Beverage,West Coast,27,5294
Multigrain Crackers 8pk XL,12.24,17.13,282,Food & Beverage,East Coast,28,4139
Creamy Peanut Butter 40oz Ultra,49.66,60.64,2199,Food & Beverage,South,16,4509
Strawberry Jam 32oz Compact,53.46,61.89,534,Food & Beverage,West Coast,19,4046
Chicken Noodle Soup 6pk Basic,39.63,57.33,1139,Food & Beverage,Primary,29,4251
Solid Light Tuna 8pk Pro,5.13,7.22,178,Food & Beverage,Midwest,20,4513
Jasmine Rice 25lb Plus,9.9,14.07,533,Food & Beverage,West Coast,7,4731
Penne Pasta 6pk 1lb Plus,25.56,38.27,2021,Food & Beverage,Midwest,11,5393
Extra Virgin Olive Oil 1L Advanced,41.25,49.99,2331,Food & Beverage,International,22,4352
Balsamic Vinegar 500ml Standard,10.16,14.97,1125,Food & Beverage,South,14,4988
Sea Salt & Pepper Set Smart,9.91,14.39,500,Food & Beverage,International,26,4967
Spice Rack 20-Jar V3,45.06,58.25,1347,Food & Beverage,International,14,4824
Raw Honey 32oz XL,28.96,41.78,2324,Food & Beverage,International,28,3996
Organic Granola 2lb Lite+,50.22,73.75,2900,Food & Beverage,South,16,3768
Whey Protein 5lb Chocolate Max,20.79,29.1,255,Food & Beverage,Midwest,19,5029
Electrolyte Mix 30pk Lemon Mini,31.59,38.48,1673,Food & Beverage,Midwest,6,3437
Wireless Mouse Standard,835.91,1195.57,136,Electronics,West Coast,1,580
Mechanical Keyboard Compact,858.91,1007.97,155,Electronics,Primary,1,602
USB-C Hub HD,615.46,916.23,243,Electronics,Midwest,3,575
Webcam HD Pro,396.85,613.63,456,Electronics,International,4,794
Bluetooth Speaker Ultra,96.81,127.98,384,Electronics,Midwest,3,504
Portable Charger Standard,164.71,235.29,85,Electronics,South,5,868
HDMI Cable Pro,620.36,765.69,285,Electronics,International,1,749
SSD 1TB HD,418.36,503.79,447,Electronics,Primary,2,724
RAM 16GB Module Max,665.73,848.68,491,Electronics,International,1,702
Graphics Card RTX Eco,519.23,663.28,163,Electronics,Midwest,4,639
CPU Processor Max,305.24,357.64,149,Electronics,South,4,739
Motherboard ATX V2,883.07,1031.36,109,Electronics,Primary,4,817
Power Supply 750W Compact,625.87,746.66,368,Electronics,International,3,516
PC Case Mid-Tower V2,356.62,419.34,136,Electronics,South,1,859
Monitor 27 4K Lite+,207.66,310.67,84,Electronics,Midwest,1,864
Laptop Stand Aluminum Compact,397.95,522.26,170,Electronics,Primary,3,835
Noise Cancelling Headphones Bulk,214.71,301.45,147,Electronics,International,2,821
Smart Watch Pro Mini,623.99,820.39,294,Electronics,West Coast,3,613
Fitness Tracker Band Eco,632.64,966.69,261,Electronics,Midwest,4,537
Wireless Earbuds Basic,600.65,778.61,460,Electronics,South,1,622
Tablet 10 inch Plus,858.45,1142.8,100,Electronics,Midwest,1,614
E-Reader Paperwhite Ultra,772.25,1121.99,472,Electronics,West Coast,5,697
Smart Plug WiFi XL,302.36,392.74,214,Electronics,Primary,1,661
WiFi Router AX Pro,399.22,617.66,183,Electronics,Primary,3,754
Network Switch 8-Port XL,867.8,1052.27,489,Electronics,South,3,518
External HDD 2TB Compact,480.78,723.96,141,Electronics,East Coast,3,547
Flash Drive 128GB V3,312.59,443.71,303,Electronics,Midwest,5,801
Memory Card 256GB V2,839.84,1072.63,208,Electronics,Midwest,5,577
Desk Lamp LED Eco,285.71,331.42,201,Electronics,International,2,671
Phone Charger 65W XL,61.3,72.64,414,Electronics,Midwest,5,886
Screen Protector Glass XL,72.62,100.51,248,Electronics,South,5,628
Phone Case Silicone Bulk,200.0,296.81,93,Electronics,West Coast,4,601
Laptop Sleeve 15in Premium,727.48,933.86,335,Electronics,Primary,1,842
Monitor Arm Single Smart,894.26,1179.75,86,Electronics,West Coast,1,601
Keyboard Wrist Rest HD,688.15,900.57,354,Electronics,West Coast,4,539
Mouse Pad XXL Max,844.97,1243.64,225,Electronics,East Coast,3,627
Cable Management Kit Max,119.12,169.16,138,Electronics,International,4,520
Surge Protector 12-Outlet Advanced,89.83,138.86,59,Electronics,International,3,770
UPS Battery 1500VA Mini,155.2,223.21,42,Electronics,South,5,785
USB Microphone Premium,43.99,65.37,312,Electronics,Midwest,3,626
Ring Light 18in Standard,500.65,728.81,447,Electronics,Midwest,1,569
Green Screen 5x7ft Advanced,103.42,150.13,312,Electronics,International,2,504
Streaming Deck MK2 Pro,471.47,545.61,268,Electronics,South,5,803
Capture Card 4K Pro,300.08,423.64,265,Electronics,Primary,1,779
Drone Camera Pro Premium,19.39,23.98,369,Electronics,Primary,1,674
Action Camera 4K Basic,755.77,903.09,374,Electronics,Midwest,1,673
Digital Camera Mirrorless Eco,310.44,436.67,373,Electronics,South,4,802
Camera Lens 50mm Plus,573.11,879.48,403,Electronics,Primary,2,535
Tripod Carbon Fiber HD,632.98,871.84,219,Electronics,International,1,570
Camera Bag Backpack Lite,148.88,228.14,153,Electronics,Midwest,4,729
SD Card Reader Premium,134.05,160.31,366,Electronics,South,3,789
Ballpoint Pens 12pk V3,71.98,93.23,956,Office Supplies,South,12,3273
Sticky Notes 8pk Basic,141.23,191.8,1866,Office Supplies,Primary,14,3226
File Folders 24pk V2,70.59,121.22,324,Office Supplies,East Coast,4,2501
Printer Paper A4 5-Ream Lite,130.59,177.06,906,Office Supplies,International,15,2854
Ink Cartridge Black XL XL,89.68,156.12,265,Office Supplies,West Coast,17,2800
Ink Cartridge Color Combo Lite+,153.26,268.42,1313,Office Supplies,Primary,7,2432
Desk Organizer Bamboo Standard,176.42,277.72,1759,Office Supplies,East Coast,5,2620
Paper Shredder Cross-Cut Advanced,103.0,170.18,615,Office Supplies,West Coast,7,2814
Laminator Machine A4 XL,8.06,11.54,1813,Office Supplies,East Coast,14,2389
Label Maker Portable Max,152.62,185.25,322,Office Supplies,South,12,3489
Whiteboard Magnetic 48x36 Lite+,70.01,87.96,401,Office Supplies,East Coast,17,2202
Dry Erase Markers 8pk Elite,66.17,112.75,1615,Office Supplies,West Coast,15,3003
Whiteboard Eraser Bulk,98.39,125.07,1547,Office Supplies,West Coast,4,3408
Stapler Heavy-Duty Advanced,36.81,49.59,1831,Office Supplies,East Coast,5,3061
Staples 5000pk XL,49.56,83.72,591,Office Supplies,International,8,3383
Tape Dispenser Desktop Lite+,93.18,131.54,1137,Office Supplies,South,20,2255
Scissors Titanium V2,3.72,5.83,783,Office Supplies,East Coast,16,3255
Paper Clips 100pk V2,67.31,117.74,869,Office Supplies,Midwest,8,2938
Binder Clips Assorted 24pk V2,25.86,37.46,503,Office Supplies,Midwest,6,2356
Rubber Bands 1lb Bulk,42.29,57.2,1110,Office Supplies,International,10,3255
Envelopes White 100pk Smart,126.97,228.5,1996,Office Supplies,Midwest,14,3300
Notebooks College-Ruled 6pk Basic,147.99,246.77,87,Office Supplies,South,9,2274
Daily Planner 2024 Pro,16.74,24.65,185,Office Supplies,East Coast,4,2861
Scientific Calculator Elite,54.02,92.94,56,Office Supplies,Midwest,8,3533
Ruler Metal 12in Elite,52.24,76.94,1611,Office Supplies,East Coast,15,3365
3-Hole Punch Premium,18.09,31.26,1335,Office Supplies,East Coast,13,3426
Letter Tray Stackable Smart,14.11,23.22,401,Office Supplies,International,11,3507
Magazine Rack Wire Mini,149.03,217.39,1377,Office Supplies,South,17,2959
Bulletin Board Cork 36x24 Plus,160.03,232.56,1016,Office Supplies,Midwest,12,2963
Push Pins Colored 100pk Max,135.46,220.46,219,Office Supplies,Primary,6,3355
Correction Tape 3pk Standard,1.28,1.71,532,Office Supplies,Midwest,11,3518
Glue Sticks Washable 6pk Basic,32.04,38.79,193,Office Supplies,International,18,2960
Index Cards Ruled 200pk Lite+,141.67,234.0,1339,Office Supplies,International,11,2385
Graph Paper Pad 4x4 Standard,26.5,36.96,1231,Office Supplies,East Coast,11,3261
Legal Pads Yellow 3pk Max,48.2,68.25,1585,Office Supplies,Midwest,19,2976
Presentation Folders 25pk V2,82.62,111.65,933,Office Supplies,East Coast,14,2098
Sheet Protectors 50pk Mini,118.85,179.78,1816,Office Supplies,Primary,15,2382
Report Covers Prong 12pk Mini,168.49,230.69,652,Office Supplies,East Coast,17,2071
Clipboard Letter-Size Compact,34.94,46.76,1713,Office Supplies,South,16,3457
Pen Holder Mesh Lite+,98.02,147.35,629,Office Supplies,International,9,2032
Ergonomic Office Chair Standard,665.8,912.19,82,Furniture,International,1,147
Electric Standing Desk Advanced,1115.53,1331.19,98,Furniture,Midwest,2,107
L-Shaped Corner Desk Elite,992.63,1306.98,33,Furniture,West Coast,1,167
5-Tier Bookshelf Eco,213.55,275.84,21,Furniture,Midwest,2,139
3-Drawer Filing Cabinet Lite,1198.22,1574.23,92,Furniture,West Coast,2,175
Conference Table 8-seat HD,1053.47,1299.49,59,Furniture,South,1,166
Guest Chair Padded Advanced,1109.8,1292.45,55,Furniture,South,1,128
Desk Lamp Architect Bulk,879.12,1043.67,83,Furniture,East Coast,2,174
Chair Floor Mat 48x36 Lite,191.66,243.04,97,Furniture,East Coast,2,122
Monitor Riser Wood Bulk,1347.08,1502.66,81,Furniture,East Coast,2,158
Storage Cabinet Locking Lite+,700.32,859.12,53,Furniture,South,1,164
Coat Rack Standing Compact,1240.76,1496.26,100,Furniture,South,2,159
Waste Basket Metal Lite,1001.42,1267.98,82,Furniture,Primary,1,117
Under-Desk Drawer Unit Plus,785.94,1016.57,4,Furniture,International,1,112
Computer Desk Compact Premium,277.84,373.72,87,Furniture,Primary,2,176
Gaming Chair Racing Compact,283.71,319.38,64,Furniture,West Coast,2,175
Recliner Leather Mini,380.83,485.48,98,Furniture,International,1,172
3-Seat Sofa Fabric Compact,642.84,829.1,87,Furniture,Primary,1,165
Coffee Table Glass Pro,1008.48,1300.28,47,Furniture,West Coast,2,123
Side Table Round V2,934.48,1163.55,88,Furniture,Midwest,2,175
TV Stand 65in HD,512.16,664.67,81,Furniture,East Coast,2,166
Shoe Rack 4-Tier Plus,1331.55,1602.65,60,Furniture,Midwest,1,175
Wardrobe Sliding-Door Max,1049.12,1174.16,85,Furniture,East Coast,1,132
6-Drawer Dresser Eco,482.1,666.92,61,Furniture,International,2,157
Nightstand 2-Drawer Lite+,714.37,831.39,94,Furniture,West Coast,1,149
Queen Bed Frame Metal Basic,1200.99,1437.35,28,Furniture,West Coast,1,101
Queen Memory Foam Mattress Elite,632.33,713.04,2,Furniture,Primary,2,161
Dining Table 6-seat Oak V2,1219.07,1351.89,54,Furniture,South,1,173
Dining Chair Padded 2pk Plus,692.07,816.13,52,Furniture,South,2,152
Bar Stool Adjustable Lite+,1171.4,1384.46,21,Furniture,Primary,1,158
Kitchen Island Cart V2,430.62,503.43,51,Furniture,International,2,164
Pantry Cabinet Tall Eco,1103.3,1457.02,29,Furniture,East Coast,1,144
Bathroom Vanity 36in Compact,1304.77,1767.01,75,Furniture,West Coast,2,118
Mirror Cabinet LED Bulk,761.21,1003.5,50,Furniture,West Coast,2,126
Laundry Hamper Bamboo Pro,682.76,865.79,13,Furniture,East Coast,1,163
Room Divider 4-Panel Advanced,974.9,1263.21,40,Furniture,West Coast,2,149
Accent Chair Velvet HD,1057.61,1469.59,11,Furniture,Primary,1,148
Ottoman Storage Premium,866.82,1119.67,79,Furniture,International,1,151
Console Table Entryway Eco,181.49,230.84,24,Furniture,Midwest,2,142
Storage Bench Entryway Standard,383.98,489.2,99,Furniture,West Coast,1,174
All-Purpose Cleaner 1gal Lite,29.07,48.5,3271,Cleaning,Primary,35,5891
Glass Cleaner Spray 32oz Plus,30.03,40.55,1238,Cleaning,Primary,17,8246
Disinfectant Wipes 6pk XL,31.19,45.05,512,Cleaning,Midwest,38,7090
Floor Cleaner Concentrate Plus,39.46,65.88,4157,Cleaning,East Coast,16,5370
Bathroom Cleaner Foaming XL,34.9,59.19,1650,Cleaning,International,40,8066
Kitchen Degreaser Eco,27.99,40.09,1361,Cleaning,International,40,8776
Air Freshener Refills 3pk V2,34.91,54.04,4807,Cleaning,Midwest,44,6607
Microfiber Cloths 12pk Ultra,22.16,28.38,3003,Cleaning,South,29,7116
Scrub Sponges 6pk Elite,32.71,41.49,780,Cleaning,South,21,7840
Rubber Gloves Latex 3pk Smart,18.52,30.24,837,Cleaning,International,30,6197
Trash Bags 13gal 50pk Basic,9.87,16.39,3967,Cleaning,International,10,5203
Paper Towels 12-Roll Max,26.68,36.24,909,Cleaning,Midwest,23,5527
Toilet Paper 24-Roll Advanced,26.59,39.5,2194,Cleaning,East Coast,36,5080
Hand Soap Refill 1gal Lite,12.74,20.75,4438,Cleaning,West Coast,28,5310
Hand Sanitizer Pump 32oz Lite+,22.73,36.29,602,Cleaning,East Coast,43,6089
Spin Mop System XL,4.71,7.28,3438,Cleaning,Midwest,15,6937
Angle Broom XL,16.45,25.5,1320,Cleaning,West Coast,24,7837
Dustpan Combo XL,39.97,63.77,2697,Cleaning,International,45,7008
Vacuum Bags 6pk Pro,39.39,66.93,1647,Cleaning,International,10,8210
Dish Soap Lemon 32oz Max,35.01,53.34,1502,Cleaning,East Coast,48,8802
Dishwasher Pods 60pk Eco,17.34,22.92,3644,Cleaning,Midwest,43,7508
Laundry Detergent 100oz Mini,18.11,30.73,2923,Cleaning,Midwest,48,7657
Fabric Softener Sheets 240ct Standard,22.83,30.33,4361,Cleaning,International,29,8483
Stain Remover Spray Lite+,13.44,18.66,2998,Cleaning,Midwest,30,5138
Bleach Concentrate 1gal Max,40.57,55.69,130,Cleaning,West Coast,17,7255
Extendable Duster 10ft Plus,24.63,31.39,4472,Cleaning,Midwest,40,6294
Window Squeegee 12in Standard,37.21,64.04,259,Cleaning,Primary,31,7223
Toilet Brush Set Pro,15.76,19.78,62,Cleaning,International,45,8704
Heavy-Duty Plunger Basic,40.26,66.91,4035,Cleaning,West Coast,48,7014
Drain Cleaner Gel 32oz Premium,23.48,30.28,1787,Cleaning,International,38,7176
Lint Roller Mega 4pk Basic,43.06,61.94,3196,Cleaning,Midwest,50,6211
Carpet Cleaner Shampoo Bulk,12.42,16.89,2510,Cleaning,West Coast,38,6813
Wood Polish Spray Elite,19.56,26.69,3978,Cleaning,East Coast,46,8662
Stainless Steel Cleaner Max,36.11,61.95,3575,Cleaning,Primary,20,7056
Oven Cleaner Heavy-Duty Smart,41.77,59.42,1535,Cleaning,West Coast,23,6986
Grout Cleaner Brush Set V3,25.62,40.21,2056,Cleaning,Primary,28,6282
First Aid Kit 200-Piece Bulk,241.02,286.9,306,Safety,International,2,1327
Fire Extinguisher ABC 5lb Pro,65.37,78.16,436,Safety,Midwest,2,1639
Safety Goggles Anti-Fog Elite,108.49,147.36,286,Safety,Midwest,7,1601
Work Gloves Leather 12pk Ultra,61.35,91.39,396,Safety,South,2,1585
Hard Hat OSHA-Compliant Bulk,146.41,199.45,105,Safety,West Coast,9,1769
Safety Vest Hi-Vis 10pk Lite+,244.31,300.78,456,Safety,South,7,1209
Ear Plugs NRR32 50pk Ultra,162.45,216.79,546,Safety,South,9,1306
N95 Dust Masks 50pk Smart,171.71,218.28,680,Safety,Primary,7,1463
Face Shields Anti-Fog 5pk Eco,30.97,42.46,558,Safety,West Coast,6,1268
Steel-Toe Work Boots Smart,233.38,273.66,455,Safety,West Coast,5,1578
Knee Pads Gel-Insert V2,86.72,107.35,498,Safety,East Coast,9,1284
Back Support Belt Large Ultra,161.13,189.77,237,Safety,South,10,1280
Anti-Fatigue Mat 3x5ft Ultra,112.76,144.81,844,Safety,Primary,3,1635
Wet Floor Sign Bilingual Basic,189.72,273.46,490,Safety,Midwest,7,1382
Traffic Cone 28in Elite,218.01,291.75,236,Safety,East Coast,4,1748
Fire Blanket 4x6ft Smart,13.0,18.49,950,Safety,South,2,1331
Smoke Detector 10-Year Pro,81.96,104.31,126,Safety,Midwest,9,1235
CO Detector Digital Bulk,138.98,173.66,340,Safety,East Coast,3,1585
Emergency Kit 72-Hour Premium,77.82,94.53,428,Safety,International,4,1673
Heavy-Duty Flashlight Lite+,28.48,34.09,634,Safety,Primary,5,1252
AA Batteries 24pk HD,86.05,105.05,908,Safety,West Coast,5,1730
AAA Batteries 24pk Smart,236.39,297.81,938,Safety,South,10,1020
Extension Cord 25ft 12AWG Compact,249.39,300.45,200,Safety,Midwest,3,1608
Power Strip 6-Outlet USB Pro,132.76,178.7,792,Safety,Midwest,7,1648
Cable Protector Ramp Advanced,163.96,220.23,806,Safety,Midwest,9,1194
Lockout Tagout Kit HD,64.15,86.97,490,Safety,South,9,1224
Hazmat Spill Kit 5gal Advanced,182.01,264.58,875,Safety,Primary,8,1421
Eye Wash Station Wall Elite,126.38,170.52,520,Safety,West Coast,10,1333
Flammable Storage Cabinet Pro,198.37,280.48,712,Safety,West Coast,6,1284
4-Gas Detector Meter Plus,112.59,135.01,419,Safety,International,4,1624
Small Box 8x8x8 25pk Pro,62.08,74.92,7332,Packaging,International,98,11894
Medium Box 12x12x12 25pk V2,62.39,78.55,5927,Packaging,South,38,13675
Large Box 18x18x18 15pk V2,31.76,43.01,357,Packaging,West Coast,62,15088
Bubble Wrap Roll 175ft Lite,66.67,91.35,2083,Packaging,Midwest,28,13758
Packing Peanuts 14cu ft Bulk,19.09,27.12,7346,Packaging,International,41,12277
Shipping Tape Clear 6pk Bulk,50.27,74.73,9771,Packaging,International,90,13771
Shipping Labels 4x6 500ct Plus,88.42,129.84,5083,Packaging,West Coast,20,14053
Poly Mailers 10x13 100pk Bulk,69.07,101.97,136,Packaging,International,66,11603
Stretch Wrap 18in 1000ft Compact,31.15,45.19,2425,Packaging,East Coast,75,14272
Kraft Packing Paper 25lb Smart,85.15,103.31,7529,Packaging,Primary,23,12860
Foam Sheets 12x12 50pk V3,76.83,104.76,6906,Packaging,Primary,77,11488
Strapping Tape 2in 6pk Max,48.59,64.48,9070,Packaging,Midwest,51,14528
Pallet Wrap 80ga 1500ft Pro,74.69,95.1,8631,Packaging,Midwest,62,11838
Air Pillow Film Roll Elite,79.09,112.52,2649,Packaging,International,34,12365
Tissue Paper White 100pk Elite,16.19,19.98,7851,Packaging,East Coast,33,13927
Gift Boxes Assorted 12pk Pro,78.5,107.58,3249,Packaging,South,92,10289
Satin Ribbon Roll 50yd XL,48.23,58.52,9263,Packaging,South,53,15598
Gift Bags Medium 24pk V3,88.02,120.59,8552,Packaging,Midwest,35,13468
Kraft Paper Roll 36in x 200ft V2,18.71,25.41,5604,Packaging,Midwest,72,10376
Corrugated Roll 48in x 100ft Lite+,43.79,69.99,5832,Packaging,Midwest,92,12914
Whole Bean Coffee 2lb Eco,40.96,57.9,1369,Food & Beverage,Primary,15,3411
Ground Coffee Medium 5lb Bulk,52.0,73.58,2770,Food & Beverage,International,20,4971
Earl Grey Tea 200ct Max,20.75,23.95,190,Food & Beverage,International,11,4344
Cane Sugar 10lb Basic,36.5,51.4,2275,Food & Beverage,International,8,3105
Coffee Creamer Singles 100pk Basic,50.33,72.08,2195,Food & Beverage,East Coast,20,3619
Paper Cups 12oz 100pk Bulk,27.67,34.65,1503,Food & Beverage,Primary,21,3610
PLA Lids 12oz 100pk Advanced,3.13,3.92,497,Food & Beverage,Primary,6,4172
Wood Stirrers 1000pk XL,5.14,6.75,1270,Food & Beverage,Primary,24,4002
Cocktail Napkins 500pk Compact,22.09,29.45,516,Food & Beverage,Primary,19,3469
Paper Plates 9in 100pk Bulk,35.67,48.88,1818,Food & Beverage,International,8,3946
Wood Cutlery Set 200pk Standard,2.88,3.59,2747,Food & Beverage,Primary,26,4459
Spring Water 24pk 16oz Plus,4.2,6.05,1405,Food & Beverage,Primary,23,4232
Granola Bars Variety 36pk Basic,33.12,39.6,1986,Food & Beverage,South,6,4663
Mixed Nuts 2lb Canister Smart,38.13,56.22,1604,Food & Beverage,South,15,4260
Dried Fruit Mix 3lb Eco,19.6,26.99,2880,Food & Beverage,Primary,26,5073
Multigrain Crackers 8pk Eco,43.79,56.39,2333,Food & Beverage,West Coast,12,4652
Creamy Peanut Butter 40oz Lite+,9.43,11.39,1516,Food & Beverage,International,16,5088
Strawberry Jam 32oz Mini,27.68,36.91,934,Food & Beverage,Primary,13,4431
Chicken Noodle Soup 6pk Standard,48.17,66.66,1097,Food & Beverage,Midwest,14,4666
Solid Light Tuna 8pk Eco,37.57,43.67,196,Food & Beverage,West Coast,29,3142
Jasmine Rice 25lb XL,13.22,19.4,2938,Food & Beverage,West Coast,23,3074
Penne Pasta 6pk 1lb Basic,47.99,64.32,1738,Food & Beverage,West Coast,21,3678
Extra Virgin Olive Oil 1L Mini,17.98,25.0,1572,Food & Beverage,Primary,9,4792
Balsamic Vinegar 500ml Elite,32.72,48.45,893,Food & Beverage,Primary,8,5039
Sea Salt & Pepper Set Elite,28.56,34.0,1660,Food & Beverage,South,19,5184
Spice Rack 20-Jar Mini,13.81,15.97,2596,Food & Beverage,Midwest,23,4204
Raw Honey 32oz Smart,7.75,9.4,422,Food & Beverage,Primary,17,3223
Organic Granola 2lb Compact,15.38,19.09,1704,Food & Beverage,West Coast,18,3628
Whey Protein 5lb Chocolate Ultra,14.28,17.2,1460,Food & Beverage,Primary,13,4727
Electrolyte Mix 30pk Lemon Max,25.39,34.47,1883,Food & Beverage,East Coast,18,3705
Wireless Mouse Elite,322.42,435.03,386,Electronics,Midwest,5,658
Mechanical Keyboard Premium,330.65,453.7,328,Electronics,South,5,831
USB-C Hub Smart,706.36,846.14,467,Electronics,East Coast,2,833
Webcam HD Lite,683.81,998.09,53,Electronics,West Coast,4,518
Bluetooth Speaker V2,347.48,530.77,47,Electronics,West Coast,3,894
Portable Charger Ultra,83.37,109.79,23,Electronics,Primary,3,634
HDMI Cable XL,170.89,214.38,500,Electronics,International,3,849
SSD 1TB Advanced,667.17,805.52,467,Electronics,South,4,878
RAM 16GB Module Standard,656.92,852.45,49,Electronics,East Coast,5,558
Graphics Card RTX Ultra,504.15,631.05,264,Electronics,East Coast,4,719
CPU Processor Pro,544.63,802.91,418,Electronics,East Coast,2,727
Motherboard ATX Smart,356.0,455.72,89,Electronics,Midwest,3,588
Power Supply 750W HD,7.18,10.56,149,Electronics,Midwest,1,659
PC Case Mid-Tower Premium,761.15,1147.37,6,Electronics,International,2,722
Monitor 27 4K Mini,175.35,215.07,84,Electronics,West Coast,3,680
Laptop Stand Aluminum Compact,82.25,101.08,423,Electronics,East Coast,4,868
Noise Cancelling Headphones Lite,191.0,239.2,67,Electronics,Primary,3,676
Smart Watch Pro Pro,520.2,671.39,481,Electronics,West Coast,2,821
Fitness Tracker Band Max,780.31,1003.25,193,Electronics,South,4,777
Wireless Earbuds Plus,461.95,581.85,453,Electronics,International,5,588
Tablet 10 inch Pro,397.55,532.05,82,Electronics,East Coast,4,596
E-Reader Paperwhite Standard,34.19,48.4,341,Electronics,Midwest,5,608
Smart Plug WiFi Advanced,842.99,1216.71,132,Electronics,Midwest,2,708
WiFi Router AX V2,408.92,510.14,454,Electronics,Midwest,4,564
Network Switch 8-Port Ultra,824.72,1090.13,154,Electronics,West Coast,4,814
External HDD 2TB Advanced,715.18,1068.46,302,Electronics,Midwest,3,890
Flash Drive 128GB Basic,872.73,1227.12,239,Electronics,International,3,798
Memory Card 256GB Max,878.19,1111.62,315,Electronics,Primary,5,599
Desk Lamp LED V3,378.29,487.48,458,Electronics,International,4,580
Phone Charger 65W Compact,370.94,465.25,422,Electronics,International,5,502
Screen Protector Glass Bulk,210.77,297.11,464,Electronics,South,4,830
Phone Case Silicone V3,688.11,800.07,43,Electronics,International,4,563
Laptop Sleeve 15in V3,787.49,1057.97,310,Electronics,East Coast,1,674
Monitor Arm Single Standard,41.9,51.66,353,Electronics,East Coast,5,613
Keyboard Wrist Rest V3,96.12,122.8,345,Electronics,Primary,1,762
Mouse Pad XXL Mini,361.22,455.79,423,Electronics,East Coast,1,580
Cable Management Kit HD,125.98,147.82,66,Electronics,South,5,613
Surge Protector 12-Outlet Advanced,753.71,1089.14,319,Electronics,Primary,3,599
UPS Battery 1500VA Mini,321.48,469.35,347,Electronics,Midwest,2,788
USB Microphone Basic,818.63,1059.14,130,Electronics,West Coast,3,544
Ring Light 18in Elite,724.1,838.94,198,Electronics,South,4,506
Green Screen 5x7ft HD,762.2,948.38,199,Electronics,West Coast,3,530
Streaming Deck MK2 Compact,38.9,46.93,472,Electronics,West Coast,2,573
Capture Card 4K Lite+,499.21,694.93,79,Electronics,International,3,553
Drone Camera Pro Basic,893.85,1080.28,495,Electronics,Primary,4,828
Action Camera 4K Eco,306.93,470.27,69,Electronics,South,1,530
Digital Camera Mirrorless Standard,34.68,44.36,250,Electronics,Midwest,5,797
Camera Lens 50mm Pro,358.24,513.59,457,Electronics,Primary,5,532
Tripod Carbon Fiber Elite,898.95,1205.53,186,Electronics,South,2,716
Camera Bag Backpack Compact,379.47,493.18,278,Electronics,South,2,714
SD Card Reader Lite,687.71,944.13,419,Electronics,West Coast,2,558
Ballpoint Pens 12pk Plus,80.21,107.13,421,Office Supplies,International,5,3076
Sticky Notes 8pk Ultra,15.81,21.63,424,Office Supplies,South,4,2399
File Folders 24pk Pro,108.9,193.02,73,Office Supplies,International,5,2698
Printer Paper A4 5-Ream Compact,32.7,54.86,1007,Office Supplies,East Coast,4,3295
Ink Cartridge Black XL Standard,89.15,134.46,688,Office Supplies,South,18,3277
Ink Cartridge Color Combo Basic,151.92,238.46,149,Office Supplies,Midwest,11,2344
Desk Organizer Bamboo Eco,96.4,167.14,1943,Office Supplies,South,9,2312
Paper Shredder Cross-Cut V3,31.95,49.36,1393,Office Supplies,West Coast,9,3578
Laminator Machine A4 Premium,7.65,10.54,1393,Office Supplies,International,11,3127
Label Maker Portable Standard,88.59,153.26,617,Office Supplies,Primary,11,3312
Whiteboard Magnetic 48x36 Advanced,97.12,162.43,759,Office Supplies,South,12,2930
Dry Erase Markers 8pk Plus,11.28,19.05,1722,Office Supplies,West Coast,9,3508
Whiteboard Eraser HD,39.79,57.56,1246,Office Supplies,Midwest,20,2495
Stapler Heavy-Duty XL,65.35,103.46,768,Office Supplies,West Coast,4,2573
Staples 5000pk Basic,44.68,66.83,99,Office Supplies,Midwest,4,3518
Tape Dispenser Desktop Ultra,174.51,274.02,131,Office Supplies,Midwest,10,2236
Scissors Titanium Max,18.0,31.09,1645,Office Supplies,West Coast,11,3568
Paper Clips 100pk Elite,127.48,153.16,415,Office Supplies,Primary,10,2484
Binder Clips Assorted 24pk XL,121.53,188.18,561,Office Supplies,Primary,4,2236
Rubber Bands 1lb Lite,56.92,69.36,1835,Office Supplies,West Coast,10,2427
Envelopes White 100pk V2,2.28,4.02,360,Office Supplies,Primary,9,2784
Notebooks College-Ruled 6pk Elite,38.07,68.29,1542,Office Supplies,Midwest,12,2267
Daily Planner 2024 Compact,150.98,201.71,259,Office Supplies,West Coast,16,2193
Scientific Calculator Plus,162.84,288.56,409,Office Supplies,Primary,7,2015
Ruler Metal 12in Lite+,16.34,24.01,1253,Office Supplies,Midwest,13,2648
3-Hole Punch Premium,9.27,15.36,1256,Office Supplies,South,15,2059
Letter Tray Stackable Lite,108.04,175.66,31,Office Supplies,Midwest,14,2845
Magazine Rack Wire Eco,115.15,149.05,874,Office Supplies,South,11,2747
Bulletin Board Cork 36x24 XL,16.58,27.85,508,Office Supplies,West Coast,15,2372
Push Pins Colored 100pk Mini,43.93,77.63,327,Office Supplies,Midwest,9,3079
Correction Tape 3pk Lite+,178.97,220.6,868,Office Supplies,Midwest,14,3520
Glue Sticks Washable 6pk Pro,31.17,48.27,2000,Office Supplies,Midwest,10,2750
Index Cards Ruled 200pk Ultra,80.44,100.44,636,Office Supplies,Midwest,5,2752
Graph Paper Pad 4x4 Lite,90.21,118.62,283,Office Supplies,South,19,3397
Legal Pads Yellow 3pk Smart,152.62,228.31,1642,Office Supplies,Midwest,15,2334
Presentation Folders 25pk Mini,57.55,85.1,1889,Office Supplies,International,20,3278
Sheet Protectors 50pk Advanced,107.46,175.0,841,Office Supplies,Midwest,11,2202
Report Covers Prong 12pk Mini,57.79,102.53,211,Office Supplies,East Coast,6,2528
Clipboard Letter-Size Premium,21.77,29.95,1670,Office Supplies,West Coast,20,2638
Pen Holder Mesh Standard,173.94,254.61,172,Office Supplies,Primary,10,2908
Ergonomic Office Chair Lite+,1257.63,1717.21,35,Furniture,Primary,1,173
Electric Standing Desk HD,584.12,698.81,42,Furniture,West Coast,1,169
L-Shaped Corner Desk Lite+,1045.48,1151.57,34,Furniture,International,1,115
5-Tier Bookshelf Lite,1308.74,1597.97,13,Furniture,Midwest,2,103
3-Drawer Filing Cabinet Mini,316.59,431.53,16,Furniture,Midwest,1,116
Conference Table 8-seat V3,761.53,1033.49,87,Furniture,East Coast,1,158
Guest Chair Padded Pro,1314.72,1826.73,62,Furniture,Midwest,2,145
Desk Lamp Architect Premium,51.67,57.82,10,Furniture,East Coast,2,137
Chair Floor Mat 48x36 Compact,1021.62,1341.27,58,Furniture,Primary,1,137
Monitor Riser Wood Mini,609.86,722.1,36,Furniture,International,1,138
Storage Cabinet Locking Lite,1176.43,1383.53,62,Furniture,International,2,137
Coat Rack Standing Compact,1321.69,1511.15,98,Furniture,East Coast,1,116
Waste Basket Metal Plus,914.36,1251.18,39,Furniture,Primary,1,109
Under-Desk Drawer Unit HD,1291.57,1522.13,9,Furniture,South,1,166
Computer Desk Compact XL,168.49,220.81,80,Furniture,West Coast,1,130
Gaming Chair Racing HD,568.59,650.5,98,Furniture,Midwest,2,136
Recliner Leather Premium,478.29,635.35,31,Furniture,West Coast,1,155
3-Seat Sofa Fabric Elite,1116.78,1231.66,6,Furniture,Primary,2,136
Coffee Table Glass Mini,978.26,1138.65,85,Furniture,International,1,128
Side Table Round Standard,909.65,1203.33,32,Furniture,Midwest,1,101
TV Stand 65in Basic,852.12,1112.17,83,Furniture,Midwest,2,168
Shoe Rack 4-Tier Elite,1175.61,1557.48,59,Furniture,Primary,2,106
Wardrobe Sliding-Door Basic,1127.99,1419.09,3,Furniture,International,2,113
6-Drawer Dresser Bulk,900.41,1251.64,83,Furniture,West Coast,2,162
Nightstand 2-Drawer Lite+,363.21,428.67,30,Furniture,Midwest,2,177
Queen Bed Frame Metal Eco,624.71,800.19,6,Furniture,South,1,154
Queen Memory Foam Mattress XL,248.26,343.93,32,Furniture,West Coast,1,161
Dining Table 6-seat Oak Plus,381.86,420.52,74,Furniture,Primary,1,160
Dining Chair Padded 2pk Lite,1279.79,1452.14,43,Furniture,South,2,171
Bar Stool Adjustable Ultra,401.73,444.05,81,Furniture,South,2,121
Kitchen Island Cart Pro,482.11,644.27,47,Furniture,West Coast,1,176
Pantry Cabinet Tall Lite+,1293.12,1481.85,10,Furniture,International,2,157
Bathroom Vanity 36in Max,568.13,711.07,52,Furniture,South,1,177
Mirror Cabinet LED V2,428.15,525.69,83,Furniture,South,1,111
Laundry Hamper Bamboo XL,1211.41,1345.36,90,Furniture,International,2,122
Room Divider 4-Panel Lite+,734.97,1005.13,80,Furniture,South,1,165
Accent Chair Velvet Plus,572.47,766.95,13,Furniture,International,1,119
Ottoman Storage Mini,663.38,845.66,79,Furniture,East Coast,1,170
Console Table Entryway V2,321.2,445.4,25,Furniture,Midwest,2,149
Storage Bench Entryway Lite+,222.01,244.36,90,Furniture,West Coast,1,166
All-Purpose Cleaner 1gal HD,7.3,9.76,3822,Cleaning,West Coast,17,8923
Glass Cleaner Spray 32oz Lite,10.15,16.7,4119,Cleaning,East Coast,41,5772
Disinfectant Wipes 6pk V3,15.57,23.29,4064,Cleaning,Primary,26,5736
Floor Cleaner Concentrate Standard,33.06,41.52,2119,Cleaning,Midwest,21,5142
Bathroom Cleaner Foaming Smart,12.25,18.26,966,Cleaning,South,33,7660
Kitchen Degreaser Ultra,4.82,7.73,2405,Cleaning,Primary,19,6402
Air Freshener Refills 3pk Bulk,44.84,59.1,2753,Cleaning,International,24,8900
Microfiber Cloths 12pk Pro,39.13,60.16,2990,Cleaning,Midwest,45,7013
Scrub Sponges 6pk Smart,36.43,58.4,1882,Cleaning,International,35,6209
Rubber Gloves Latex 3pk V2,23.01,34.06,2902,Cleaning,East Coast,39,5610
Trash Bags 13gal 50pk Advanced,33.03,42.93,635,Cleaning,East Coast,18,7387
Paper Towels 12-Roll Lite,12.29,16.0,653,Cleaning,East Coast,25,7685
Toilet Paper 24-Roll Plus,6.6,9.82,1587,Cleaning,International,33,8872
Hand Soap Refill 1gal Plus,9.66,13.33,4774,Cleaning,South,27,8910
Hand Sanitizer Pump 32oz Standard,32.59,55.03,1446,Cleaning,International,23,5571
Spin Mop System Max,9.8,16.44,323,Cleaning,East Coast,45,6982
Angle Broom Advanced,34.36,58.18,3937,Cleaning,International,13,8854
Dustpan Combo Elite,15.09,23.27,908,Cleaning,Primary,25,6966
Vacuum Bags 6pk Advanced,43.92,67.24,3651,Cleaning,Midwest,43,5840
Dish Soap Lemon 32oz Smart,9.29,12.66,964,Cleaning,International,37,8341
Dishwasher Pods 60pk Basic,9.99,14.36,493,Cleaning,South,43,5026
Laundry Detergent 100oz Smart,10.99,14.11,924,Cleaning,Primary,49,5949
Fabric Softener Sheets 240ct Ultra,38.23,53.55,4953,Cleaning,East Coast,44,7290
Stain Remover Spray Basic,2.13,3.14,2329,Cleaning,International,38,8636
Bleach Concentrate 1gal Eco,25.38,32.94,1761,Cleaning,International,38,5250
Extendable Duster 10ft Premium,26.72,38.69,2558,Cleaning,West Coast,33,6282
Window Squeegee 12in Pro,20.9,31.23,174,Cleaning,East Coast,10,6314
Toilet Brush Set XL,15.84,27.27,4299,Cleaning,East Coast,18,8498
Heavy-Duty Plunger Premium,25.73,33.46,1068,Cleaning,International,42,5112
Drain Cleaner Gel 32oz Basic,36.88,56.51,1953,Cleaning,Primary,43,6318
Lint Roller Mega 4pk Max,33.35,50.61,4081,Cleaning,South,40,7423
Carpet Cleaner Shampoo V2,43.35,65.36,2950,Cleaning,Primary,24,6902
Wood Polish Spray XL,20.33,28.41,2680,Cleaning,International,25,5886
Stainless Steel Cleaner Plus,21.19,26.66,3416,Cleaning,Midwest,36,7789
Oven Cleaner Heavy-Duty Plus,29.72,46.99,3339,Cleaning,East Coast,23,8135
Grout Cleaner Brush Set Lite,6.29,10.34,615,Cleaning,Primary,37,7854
First Aid Kit 200-Piece Mini,247.33,335.53,355,Safety,South,5,1026
Fire Extinguisher ABC 5lb Eco,124.05,174.2,871,Safety,International,5,1261
Safety Goggles Anti-Fog Plus,59.9,79.22,89,Safety,East Coast,9,1008
Work Gloves Leather 12pk Lite+,144.34,198.94,38,Safety,South,8,1099
Hard Hat OSHA-Compliant Elite,36.87,43.06,24,Safety,South,6,1379
Safety Vest Hi-Vis 10pk Max,14.14,16.97,108,Safety,West Coast,8,1186
Ear Plugs NRR32 50pk Ultra,243.52,305.5,315,Safety,West Coast,8,1572
N95 Dust Masks 50pk Lite+,63.23,80.69,818,Safety,Midwest,7,1062
Face Shields Anti-Fog 5pk Bulk,209.12,282.61,630,Safety,International,2,1343
Steel-Toe Work Boots Eco,97.99,144.08,461,Safety,Primary,3,1132
Knee Pads Gel-Insert Ultra,246.69,361.96,775,Safety,West Coast,2,1636
Back Support Belt Large Lite+,138.54,191.39,629,Safety,West Coast,2,1239
Anti-Fatigue Mat 3x5ft Bulk,5.76,8.6,111,Safety,International,8,1552
Wet Floor Sign Bilingual Premium,71.59,93.24,984,Safety,International,9,1761
Traffic Cone 28in Basic,195.61,281.39,467,Safety,East Coast,6,1301
Fire Blanket 4x6ft Plus,242.52,300.99,958,Safety,West Coast,7,1086
Smoke Detector 10-Year Bulk,106.7,152.49,297,Safety,East Coast,2,1577
CO Detector Digital Plus,31.91,41.09,520,Safety,International,7,1615
Emergency Kit 72-Hour Smart,170.85,198.6,34,Safety,West Coast,3,1229
Heavy-Duty Flashlight Lite,77.9,90.49,765,Safety,Midwest,10,1053
AA Batteries 24pk Lite+,7.72,9.07,270,Safety,West Coast,6,1443
AAA Batteries 24pk Standard,131.23,151.17,60,Safety,West Coast,2,1041
Extension Cord 25ft 12AWG Plus,8.56,11.98,270,Safety,South,7,1257
Power Strip 6-Outlet USB Ultra,98.11,140.02,312,Safety,West Coast,10,1451
Cable Protector Ramp V2,92.24,106.69,926,Safety,South,10,1594
Lockout Tagout Kit Max,215.34,277.51,147,Safety,Midwest,7,1454
Hazmat Spill Kit 5gal Plus,23.54,28.66,50,Safety,West Coast,9,1616
Eye Wash Station Wall Lite,25.03,33.23,184,Safety,West Coast,3,1393
Flammable Storage Cabinet V2,171.27,219.31,580,Safety,South,3,1376
4-Gas Detector Meter Bulk,151.61,190.71,121,Safety,Midwest,7,1022
Small Box 8x8x8 25pk Lite,70.05,91.25,7191,Packaging,Midwest,55,13940
Medium Box 12x12x12 25pk Compact,79.15,120.9,1763,Packaging,International,100,10326
Large Box 18x18x18 15pk Eco,70.14,88.55,4155,Packaging,Midwest,35,14783
Bubble Wrap Roll 175ft Compact,42.99,54.38,5134,Packaging,Midwest,68,10816
Packing Peanuts 14cu ft Advanced,23.6,31.08,6321,Packaging,West Coast,95,13435
Shipping Tape Clear 6pk XL,68.74,100.19,3049,Packaging,West Coast,52,15596
Shipping Labels 4x6 500ct Lite,84.79,120.14,3134,Packaging,Primary,85,17329
Poly Mailers 10x13 100pk Lite,77.2,117.19,7373,Packaging,West Coast,100,11040
Stretch Wrap 18in 1000ft Premium,69.3,109.04,9859,Packaging,South,40,16399
Kraft Packing Paper 25lb Ultra,67.59,89.88,9515,Packaging,West Coast,31,15878
Foam Sheets 12x12 50pk Standard,87.46,136.77,9524,Packaging,Primary,59,10163
Strapping Tape 2in 6pk Elite,59.79,80.94,9019,Packaging,Midwest,52,17348
Pallet Wrap 80ga 1500ft Eco,79.5,120.7,2634,Packaging,International,57,14590
Air Pillow Film Roll Advanced,45.0,54.33,7908,Packaging,Midwest,51,13919
Tissue Paper White 100pk Lite+,38.21,49.74,9474,Packaging,East Coast,80,17579
Gift Boxes Assorted 12pk Ultra,48.27,64.13,4592,Packaging,Primary,38,12872
Satin Ribbon Roll 50yd Elite,9.87,13.97,2108,Packaging,South,74,11038
Gift Bags Medium 24pk Elite,40.73,56.07,7599,Packaging,International,75,13482
Kraft Paper Roll 36in x 200ft Compact,68.07,100.53,1437,Packaging,South,95,10987
Corrugated Roll 48in x 100ft V3,80.58,101.97,4247,Packaging,South,36,12805
Whole Bean Coffee 2lb Smart,13.16,17.2,2403,Food & Beverage,South,21,3063
Ground Coffee Medium 5lb XL,24.28,35.21,1334,Food & Beverage,Primary,24,3478
Earl Grey Tea 200ct XL,46.82,60.99,900,Food & Beverage,Midwest,29,4702
Cane Sugar 10lb Plus,37.06,53.72,1854,Food & Beverage,Primary,21,4971
Coffee Creamer Singles 100pk Premium,3.8,5.44,1947,Food & Beverage,West Coast,7,3552
Paper Cups 12oz 100pk Pro,38.95,49.7,1185,Food & Beverage,Primary,14,4155
PLA Lids 12oz 100pk Smart,38.67,56.35,1343,Food & Beverage,East Coast,20,4326
Wood Stirrers 1000pk XL,22.64,31.03,2039,Food & Beverage,International,14,4094
Cocktail Napkins 500pk Basic,16.26,20.61,1409,Food & Beverage,Midwest,28,4939
Paper Plates 9in 100pk HD,13.16,18.95,2855,Food & Beverage,Primary,14,3752
Wood Cutlery Set 200pk Bulk,3.4,4.58,1428,Food & Beverage,International,12,3040
Spring Water 24pk 16oz Ultra,10.51,15.5,1955,Food & Beverage,International,10,5162
Granola Bars Variety 36pk Max,27.16,36.67,2783,Food & Beverage,Midwest,22,5278
Mixed Nuts 2lb Canister Plus,52.18,70.15,1146,Food & Beverage,Midwest,11,4746
Dried Fruit Mix 3lb Pro,14.44,21.28,2529,Food & Beverage,International,23,3127
Multigrain Crackers 8pk V2,43.23,56.3,1284,Food & Beverage,East Coast,14,5215
Creamy Peanut Butter 40oz Smart,53.01,75.88,1199,Food & Beverage,Primary,12,4476
Strawberry Jam 32oz Plus,52.91,72.02,1660,Food & Beverage,West Coast,9,4770
Chicken Noodle Soup 6pk Eco,27.34,39.77,1942,Food & Beverage,West Coast,27,5152
Solid Light Tuna 8pk Max,16.74,19.87,1209,Food & Beverage,South,24,3264
Jasmine Rice 25lb Mini,22.65,33.54,1784,Food & Beverage,Primary,24,4366
Penne Pasta 6pk 1lb Lite+,44.55,56.58,750,Food & Beverage,Primary,17,3147
Extra Virgin Olive Oil 1L Compact,34.14,43.43,2541,Food & Beverage,Primary,21,5171
Balsamic Vinegar 500ml Lite+,35.12,42.13,249,Food & Beverage,Primary,21,3188
Sea Salt & Pepper Set Advanced,5.36,6.57,1291,Food & Beverage,Primary,29,5373
Spice Rack 20-Jar Max,13.05,18.53,1257,Food & Beverage,Midwest,13,3728
Raw Honey 32oz Elite,47.6,57.67,1171,Food & Beverage,Primary,25,4152
Organic Granola 2lb Basic,2.2,3.07,2785,Food & Beverage,South,24,4443
Whey Protein 5lb Chocolate Smart,8.24,11.34,744,Food & Beverage,Midwest,24,4230
Electrolyte Mix 30pk Lemon Premium,4.09,4.8,468,Food & Beverage,South,23,3637
Wireless Mouse Ultra,894.18,1352.24,139,Electronics,South,4,682
Mechanical Keyboard XL,90.82,107.43,79,Electronics,East Coast,1,596
USB-C Hub Elite,733.17,1062.9,35,Electronics,Midwest,3,808
Webcam HD HD,613.58,864.24,134,Electronics,South,2,611
Bluetooth Speaker Standard,745.25,1023.27,111,Electronics,International,4,682
Portable Charger Standard,798.52,1087.55,158,Electronics,Midwest,4,624
HDMI Cable Lite+,220.98,309.62,327,Electronics,International,3,527
SSD 1TB Eco,13.71,21.15,96,Electronics,East Coast,4,743
RAM 16GB Module Lite,895.92,1236.53,421,Electronics,East Coast,1,705
Graphics Card RTX XL,46.69,69.41,185,Electronics,Midwest,2,580
CPU Processor Ultra,557.56,673.69,446,Electronics,International,3,845
Motherboard ATX Advanced,225.24,301.0,207,Electronics,Midwest,5,867
Power Supply 750W Lite+,532.32,663.4,266,Electronics,West Coast,5,791
PC Case Mid-Tower Smart,75.94,92.54,274,Electronics,East Coast,4,726
Monitor 27 4K Advanced,441.4,553.01,408,Electronics,South,5,696
Laptop Stand Aluminum Lite,51.55,59.65,199,Electronics,Midwest,2,805
Noise Cancelling Headphones Smart,861.69,1122.23,98,Electronics,International,3,551
Smart Watch Pro Bulk,440.04,519.13,268,Electronics,Primary,1,572
Fitness Tracker Band Standard,23.07,27.25,463,Electronics,Primary,1,735
Wireless Earbuds Elite,66.81,92.74,416,Electronics,International,3,627
Tablet 10 inch Eco,413.47,638.96,97,Electronics,Midwest,4,686
E-Reader Paperwhite Advanced,831.23,1052.7,207,Electronics,West Coast,2,683
Smart Plug WiFi Pro,75.66,93.35,112,Electronics,Primary,1,838
WiFi Router AX Pro,794.62,1142.43,266,Electronics,Midwest,3,689
Network Switch 8-Port Ultra,759.79,1163.81,51,Electronics,Primary,2,744
External HDD 2TB Plus,652.89,937.77,345,Electronics,South,4,640
Flash Drive 128GB V3,87.59,134.05,189,Electronics,Midwest,4,514
Memory Card 256GB Eco,11.1,16.96,366,Electronics,Midwest,4,609
Desk Lamp LED V3,216.26,300.22,420,Electronics,Primary,1,542
Phone Charger 65W Mini,596.17,910.73,294,Electronics,East Coast,2,711
Screen Protector Glass Lite,745.24,1149.01,320,Electronics,International,2,581
Phone Case Silicone Premium,18.92,21.76,44,Electronics,Midwest,2,768
Laptop Sleeve 15in Bulk,246.58,351.87,223,Electronics,East Coast,4,527
Monitor Arm Single Bulk,770.38,1186.65,143,Electronics,South,2,674
Keyboard Wrist Rest Plus,751.91,1113.93,47,Electronics,International,1,785
Mouse Pad XXL Pro,894.54,1040.37,160,Electronics,Primary,3,526
Cable Management Kit Bulk,672.99,1022.33,367,Electronics,West Coast,1,792
Surge Protector 12-Outlet Smart,870.47,1312.41,476,Electronics,East Coast,4,529
UPS Battery 1500VA Lite+,368.58,538.93,414,Electronics,Midwest,3,887
USB Microphone Lite+,548.22,721.93,438,Electronics,South,3,631
Ring Light 18in Bulk,341.54,436.05,184,Electronics,East Coast,1,639
Green Screen 5x7ft V2,282.11,422.03,392,Electronics,South,1,698
Streaming Deck MK2 Premium,598.32,853.74,217,Electronics,International,1,899
Capture Card 4K Lite+,307.07,384.8,59,Electronics,Midwest,5,581
Drone Camera Pro Lite+,102.89,123.09,292,Electronics,Midwest,5,549
Action Camera 4K Plus,335.34,460.27,489,Electronics,Midwest,1,790
Digital Camera Mirrorless Bulk,321.94,433.35,290,Electronics,Midwest,2,705
Camera Lens 50mm Basic,346.37,530.98,459,Electronics,West Coast,1,634
Tripod Carbon Fiber Standard,86.81,110.21,147,Electronics,West Coast,2,819
Camera Bag Backpack Max,675.1,909.68,327,Electronics,South,1,771
SD Card Reader Plus,631.48,940.41,38,Electronics,East Coast,3,563
Ballpoint Pens 12pk Ultra,120.77,192.6,1598,Office Supplies,South,9,2841
Sticky Notes 8pk Premium,158.12,279.62,929,Office Supplies,East Coast,5,2600
File Folders 24pk Premium,12.24,20.02,1382,Office Supplies,West Coast,20,2238
Printer Paper A4 5-Ream Max,157.46,276.52,931,Office Supplies,South,16,3350
Ink Cartridge Black XL Lite,79.61,96.04,898,Office Supplies,East Coast,6,2542
Ink Cartridge Color Combo HD,65.43,97.06,1395,Office Supplies,International,11,3220
Desk Organizer Bamboo Ultra,71.07,116.72,1419,Office Supplies,West Coast,5,2640
Paper Shredder Cross-Cut Mini,155.93,260.41,680,Office Supplies,Midwest,5,2059
Laminator Machine A4 HD,3.49,5.63,1803,Office Supplies,Primary,18,2712
Label Maker Portable Basic,158.62,190.86,939,Office Supplies,West Coast,19,3133
Whiteboard Magnetic 48x36 V2,91.74,163.7,762,Office Supplies,Primary,18,2894
Dry Erase Markers 8pk Advanced,112.9,197.87,1007,Office Supplies,Midwest,5,2887
Whiteboard Eraser Lite+,24.49,30.74,1507,Office Supplies,South,9,2362
Stapler Heavy-Duty Eco,54.59,93.81,550,Office Supplies,International,10,2021
Staples 5000pk Elite,143.4,181.61,344,Office Supplies,International,18,2361
Tape Dispenser Desktop XL,112.37,170.9,421,Office Supplies,West Coast,17,2949
Scissors Titanium Plus,161.26,259.1,229,Office Supplies,Primary,9,3406
Paper Clips 100pk XL,107.15,180.55,1675,Office Supplies,Midwest,13,3409
Binder Clips Assorted 24pk Compact,106.77,182.41,1782,Office Supplies,East Coast,4,2185
Rubber Bands 1lb V2,62.26,89.84,284,Office Supplies,East Coast,5,3089
Envelopes White 100pk HD,18.19,21.99,1165,Office Supplies,West Coast,5,2304
Notebooks College-Ruled 6pk Lite+,148.46,181.58,163,Office Supplies,East Coast,16,3329
Daily Planner 2024 Plus,132.61,190.82,513,Office Supplies,East Coast,18,2127
Scientific Calculator XL,166.95,262.35,1832,Office Supplies,Primary,7,2651
Ruler Metal 12in Compact,79.42,113.35,177,Office Supplies,Midwest,17,3444
3-Hole Punch Max,176.88,255.33,1669,Office Supplies,Midwest,15,3109
Letter Tray Stackable V3,70.05,125.54,291,Office Supplies,Midwest,15,2498
Magazine Rack Wire Advanced,88.38,155.17,1677,Office Supplies,East Coast,5,3267
Bulletin Board Cork 36x24 V2,59.39,81.1,114,Office Supplies,South,4,2793
Push Pins Colored 100pk Premium,4.28,6.26,1659,Office Supplies,International,18,2418
Correction Tape 3pk Basic,90.15,113.42,1740,Office Supplies,West Coast,10,3302
Glue Sticks Washable 6pk Mini,136.09,243.51,1330,Office Supplies,Midwest,4,2895
Index Cards Ruled 200pk Bulk,97.64,147.35,1986,Office Supplies,South,11,3457
Graph Paper Pad 4x4 Eco,171.88,284.27,586,Office Supplies,East Coast,17,2126
Legal Pads Yellow 3pk Bulk,150.74,245.52,22,Office Supplies,Midwest,19,2078
Presentation Folders 25pk Premium,102.18,174.67,521,Office Supplies,South,19,2763
Sheet Protectors 50pk Pro,51.95,76.91,1270,Office Supplies,West Coast,5,3301
Report Covers Prong 12pk Basic,148.04,182.77,982,Office Supplies,Midwest,4,2259
Clipboard Letter-Size Advanced,104.27,135.12,952,Office Supplies,West Coast,17,2538
Pen Holder Mesh Mini,179.6,215.99,1953,Office Supplies,International,5,2656
Ergonomic Office Chair Plus,1259.55,1430.19,81,Furniture,West Coast,2,162
Electric Standing Desk Standard,693.2,950.29,67,Furniture,West Coast,1,169
L-Shaped Corner Desk V2,696.64,771.4,22,Furniture,West Coast,1,164
5-Tier Bookshelf Pro,641.62,772.09,30,Furniture,West Coast,1,101
3-Drawer Filing Cabinet Max,1348.21,1628.93,42,Furniture,Primary,2,107
Conference Table 8-seat V3,484.73,569.98,12,Furniture,South,1,156
Guest Chair Padded Advanced,681.99,905.84,46,Furniture,Primary,1,146
Desk Lamp Architect V3,1377.32,1772.21,90,Furniture,International,1,167
Chair Floor Mat 48x36 Premium,154.84,171.46,97,Furniture,Primary,1,137
Monitor Riser Wood Max,65.12,85.56,2,Furniture,International,2,133
Storage Cabinet Locking Plus,1369.34,1808.2,49,Furniture,Midwest,1,142
Coat Rack Standing Elite,859.06,1160.9,29,Furniture,Midwest,1,160
Waste Basket Metal Smart,233.47,311.05,73,Furniture,East Coast,2,157
Under-Desk Drawer Unit Advanced,670.36,860.42,7,Furniture,East Coast,1,147
Computer Desk Compact V3,857.73,1040.12,8,Furniture,East Coast,2,152
Gaming Chair Racing HD,1142.29,1406.94,21,Furniture,East Coast,2,115
Recliner Leather Lite+,315.08,426.49,80,Furniture,International,1,117
3-Seat Sofa Fabric Bulk,765.55,1029.08,74,Furniture,Midwest,1,155
Coffee Table Glass Elite,426.98,493.98,40,Furniture,West Coast,1,154
Side Table Round V3,149.71,178.43,96,Furniture,West Coast,2,176
TV Stand 65in XL,1334.92,1689.44,17,Furniture,South,2,104
Shoe Rack 4-Tier Elite,471.27,533.79,39,Furniture,International,2,129
Wardrobe Sliding-Door Mini,764.06,981.98,76,Furniture,East Coast,2,152
6-Drawer Dresser Eco,1366.87,1815.06,18,Furniture,West Coast,1,101
Nightstand 2-Drawer Max,1141.26,1327.35,30,Furniture,International,1,113
Queen Bed Frame Metal Elite,562.69,748.69,43,Furniture,International,1,178
Queen Memory Foam Mattress Max,711.57,837.91,5,Furniture,South,2,131
Dining Table 6-seat Oak HD,1302.92,1600.8,40,Furniture,Midwest,2,105
Dining Chair Padded 2pk Max,565.57,747.38,61,Furniture,International,2,161
Bar Stool Adjustable Advanced,862.16,1194.7,27,Furniture,Primary,2,164
Kitchen Island Cart XL,315.04,440.64,26,Furniture,South,1,171
Pantry Cabinet Tall Max,309.7,422.7,7,Furniture,Primary,2,103
Bathroom Vanity 36in Smart,1123.1,1431.1,23,Furniture,Midwest,2,159
Mirror Cabinet LED Plus,896.18,1111.28,14,Furniture,Primary,2,117
Laundry Hamper Bamboo Pro,804.1,1043.78,85,Furniture,Midwest,2,124
Room Divider 4-Panel Ultra,754.9,1053.51,24,Furniture,South,1,154
Accent Chair Velvet Elite,563.54,622.22,53,Furniture,Midwest,1,120
Ottoman Storage Elite,99.09,130.61,22,Furniture,South,2,121
Console Table Entryway Premium,550.2,688.34,4,Furniture,Primary,2,169
Storage Bench Entryway Ultra,849.61,974.53,38,Furniture,South,1,178
All-Purpose Cleaner 1gal Ultra,44.72,65.8,1827,Cleaning,South,17,5169
Glass Cleaner Spray 32oz Plus,24.84,34.33,85,Cleaning,West Coast,49,7236
Disinfectant Wipes 6pk Premium,13.07,19.81,3785,Cleaning,Primary,45,7349
Floor Cleaner Concentrate Premium,40.59,61.57,1626,Cleaning,West Coast,26,6705
Bathroom Cleaner Foaming Basic,18.22,29.08,1159,Cleaning,East Coast,34,5245
Kitchen Degreaser Mini,11.31,17.93,4181,Cleaning,International,11,6729
Air Freshener Refills 3pk HD,34.15,49.77,509,Cleaning,International,30,8776
Microfiber Cloths 12pk Smart,40.02,59.56,2537,Cleaning,Primary,24,7622
Scrub Sponges 6pk Advanced,23.44,35.81,1783,Cleaning,East Coast,38,7146
Rubber Gloves Latex 3pk Bulk,32.36,54.06,3644,Cleaning,Midwest,16,5519
Trash Bags 13gal 50pk Advanced,24.68,31.14,707,Cleaning,West Coast,31,8221
Paper Towels 12-Roll Lite+,25.24,39.58,1974,Cleaning,Midwest,50,8006
Toilet Paper 24-Roll V3,32.72,45.54,1418,Cleaning,Midwest,17,8443
Hand Soap Refill 1gal Bulk,18.67,24.62,3986,Cleaning,West Coast,48,7466
Hand Sanitizer Pump 32oz Premium,12.59,20.99,4119,Cleaning,Midwest,44,5651
Spin Mop System Eco,33.06,41.97,3962,Cleaning,East Coast,36,6780
Angle Broom Plus,24.7,41.06,3658,Cleaning,International,43,6123
Dustpan Combo Compact,12.88,16.19,991,Cleaning,Midwest,31,6811
Vacuum Bags 6pk Standard,19.47,28.1,1007,Cleaning,International,48,7516
Dish Soap Lemon 32oz Lite+,23.97,33.76,3551,Cleaning,East Coast,31,7585
Dishwasher Pods 60pk Bulk,40.83,64.59,2513,Cleaning,West Coast,19,6077
Laundry Detergent 100oz Basic,35.89,52.07,1479,Cleaning,South,49,5731
Fabric Softener Sheets 240ct Smart,4.36,6.46,1158,Cleaning,South,36,6934
Stain Remover Spray Premium,3.88,6.14,860,Cleaning,West Coast,30,8168
Bleach Concentrate 1gal Mini,11.79,15.7,1961,Cleaning,International,45,6667
Extendable Duster 10ft Basic,24.6,42.91,1155,Cleaning,South,22,8417
Window Squeegee 12in Smart,24.56,32.39,2983,Cleaning,International,26,6733
Toilet Brush Set Advanced,33.8,45.41,3427,Cleaning,Primary,37,5355
Heavy-Duty Plunger Eco,17.5,25.14,2251,Cleaning,South,45,5212
Drain Cleaner Gel 32oz Standard,10.63,16.75,698,Cleaning,South,29,8409
Lint Roller Mega 4pk V2,19.65,29.29,3045,Cleaning,Midwest,10,7652
Carpet Cleaner Shampoo Plus,4.25,5.48,3555,Cleaning,West Coast,36,8529
Wood Polish Spray Compact,29.38,37.26,3604,Cleaning,South,14,6166
Stainless Steel Cleaner Plus,26.36,44.25,102,Cleaning,Primary,13,7446
Oven Cleaner Heavy-Duty HD,18.87,31.46,4906,Cleaning,West Coast,30,6265
Grout Cleaner Brush Set Standard,42.23,58.04,497,Cleaning,South,16,6943
First Aid Kit 200-Piece Premium,213.99,255.85,762,Safety,West Coast,9,1744
Fire Extinguisher ABC 5lb V2,201.69,232.24,672,Safety,International,7,1185
Safety Goggles Anti-Fog Max,86.95,120.53,594,Safety,International,10,1468
Work Gloves Leather 12pk V3,16.96,24.1,213,Safety,Midwest,4,1111
Hard Hat OSHA-Compliant Compact,95.26,135.36,419,Safety,International,3,1046
Safety Vest Hi-Vis 10pk Ultra,17.6,23.52,693,Safety,Primary,8,1769
Ear Plugs NRR32 50pk Mini,204.0,241.25,695,Safety,International,6,1000
N95 Dust Masks 50pk Max,91.33,135.41,426,Safety,East Coast,6,1180
Face Shields Anti-Fog 5pk Ultra,248.51,364.78,273,Safety,South,5,1317
Steel-Toe Work Boots Standard,191.41,247.85,153,Safety,International,8,1689
Knee Pads Gel-Insert XL,18.04,22.77,207,Safety,Midwest,6,1511
Back Support Belt Large Premium,22.64,33.93,25,Safety,West Coast,4,1520
Anti-Fatigue Mat 3x5ft Elite,219.67,267.4,868,Safety,International,10,1550
Wet Floor Sign Bilingual Lite+,87.81,119.41,931,Safety,West Coast,10,1505
Traffic Cone 28in Elite,233.2,283.47,276,Safety,West Coast,3,1689
Fire Blanket 4x6ft Bulk,43.42,61.93,552,Safety,East Coast,4,1781
Smoke Detector 10-Year Plus,202.04,239.34,955,Safety,East Coast,6,1746
CO Detector Digital Pro,227.84,281.64,999,Safety,Midwest,4,1617
Emergency Kit 72-Hour Ultra,177.11,221.96,803,Safety,East Coast,6,1232
Heavy-Duty Flashlight Max,149.51,188.11,705,Safety,Midwest,9,1537
AA Batteries 24pk Lite+,174.23,244.97,909,Safety,Midwest,2,1302
AAA Batteries 24pk Ultra,34.98,48.02,792,Safety,West Coast,8,1736
Extension Cord 25ft 12AWG Smart,121.76,173.57,818,Safety,International,10,1216
Power Strip 6-Outlet USB Standard,28.39,40.55,429,Safety,International,9,1642
Cable Protector Ramp Lite,8.38,11.39,462,Safety,West Coast,10,1298
Lockout Tagout Kit V2,154.56,186.67,593,Safety,Midwest,5,1067
Hazmat Spill Kit 5gal Premium,35.39,42.29,139,Safety,South,8,1364
Eye Wash Station Wall XL,240.22,315.76,803,Safety,East Coast,2,1784
Flammable Storage Cabinet Standard,130.38,153.2,360,Safety,South,7,1480
4-Gas Detector Meter Elite,143.27,182.9,878,Safety,West Coast,10,1761
Small Box 8x8x8 25pk Eco,24.54,39.15,6307,Packaging,Primary,64,17874
Medium Box 12x12x12 25pk Max,89.46,115.33,3451,Packaging,Primary,53,12254
Large Box 18x18x18 15pk Ultra,62.57,87.95,429,Packaging,International,73,16990
Bubble Wrap Roll 175ft V3,7.33,10.95,9781,Packaging,International,62,14999
Packing Peanuts 14cu ft Standard,22.24,34.99,8945,Packaging,West Coast,54,17019
Shipping Tape Clear 6pk Smart,2.83,3.93,2123,Packaging,East Coast,39,14284
Shipping Labels 4x6 500ct Lite,57.71,87.58,3089,Packaging,International,70,12527
Poly Mailers 10x13 100pk Max,9.42,13.79,1389,Packaging,West Coast,60,12097
Stretch Wrap 18in 1000ft Lite+,87.75,123.03,3662,Packaging,Midwest,79,15207
Kraft Packing Paper 25lb Plus,44.4,59.85,563,Packaging,South,76,10205
Foam Sheets 12x12 50pk XL,85.28,126.95,6689,Packaging,International,36,13152
Strapping Tape 2in 6pk V3,17.51,23.85,4283,Packaging,Midwest,45,11064
Pallet Wrap 80ga 1500ft Bulk,41.32,49.64,8226,Packaging,Primary,97,14303
Air Pillow Film Roll Premium,66.75,81.17,8511,Packaging,International,99,16481
Tissue Paper White 100pk Eco,40.24,63.17,8271,Packaging,West Coast,83,15435
Gift Boxes Assorted 12pk V2,63.33,92.51,9748,Packaging,East Coast,99,13560
Satin Ribbon Roll 50yd Compact,51.35,63.86,8606,Packaging,West Coast,58,12965
Gift Bags Medium 24pk Premium,10.58,15.57,9704,Packaging,East Coast,89,15518
Kraft Paper Roll 36in x 200ft Advanced,82.39,113.78,9417,Packaging,East Coast,39,14319
Corrugated Roll 48in x 100ft Compact,72.96,109.22,392,Packaging,West Coast,32,13435
Whole Bean Coffee 2lb Mini,18.73,26.28,1314,Food & Beverage,West Coast,11,4972
Ground Coffee Medium 5lb Ultra,47.17,63.22,2053,Food & Beverage,International,9,4479
Earl Grey Tea 200ct Bulk,40.93,49.84,868,Food & Beverage,South,8,4826
Cane Sugar 10lb Eco,5.78,7.99,2656,Food & Beverage,West Coast,15,5027
Coffee Creamer Singles 100pk Compact,48.63,66.41,1762,Food & Beverage,Midwest,29,3388
Paper Cups 12oz 100pk Compact,21.12,24.66,491,Food & Beverage,Primary,6,3083
PLA Lids 12oz 100pk V2,28.43,36.92,2745,Food & Beverage,West Coast,25,5306
Wood Stirrers 1000pk Advanced,37.53,53.08,1930,Food & Beverage,West Coast,7,3020
Cocktail Napkins 500pk Mini,35.73,52.87,961,Food & Beverage,International,22,3218
Paper Plates 9in 100pk HD,12.24,16.71,41,Food & Beverage,Midwest,16,3883
Wood Cutlery Set 200pk Compact,54.27,66.37,2308,Food & Beverage,International,20,5357
Spring Water 24pk 16oz V2,39.57,58.32,2069,Food & Beverage,East Coast,15,4576
Granola Bars Variety 36pk V2,22.95,30.53,2532,Food & Beverage,East Coast,21,4299
Mixed Nuts 2lb Canister Lite,6.07,8.85,699,Food & Beverage,East Coast,27,4065
Dried Fruit Mix 3lb Basic,28.08,40.74,137,Food & Beverage,Midwest,20,4331
Multigrain Crackers 8pk Smart,12.22,14.47,2696,Food & Beverage,International,15,4028
Creamy Peanut Butter 40oz Smart,16.19,23.06,501,Food & Beverage,Midwest,24,5312
Strawberry Jam 32oz Premium,18.73,25.99,2699,Food & Beverage,International,18,3720
Chicken Noodle Soup 6pk Premium,37.46,50.33,55,Food & Beverage,Midwest,24,3577
Solid Light Tuna 8pk Ultra,51.89,61.03,1483,Food & Beverage,International,20,3936
Jasmine Rice 25lb HD,29.98,34.54,1851,Food & Beverage,International,7,4312
Penne Pasta 6pk 1lb Mini,49.47,59.59,393,Food & Beverage,Primary,26,3485
Extra Virgin Olive Oil 1L V3,6.75,9.02,1885,Food & Beverage,Midwest,10,3077
Balsamic Vinegar 500ml XL,32.69,40.73,1558,Food & Beverage,Primary,19,4759
Sea Salt & Pepper Set Smart,23.63,30.5,1910,Food & Beverage,Primary,27,4541
Spice Rack 20-Jar Lite,40.16,46.95,1137,Food & Beverage,Primary,13,4114
Raw Honey 32oz Lite,2.05,2.49,2708,Food & Beverage,Midwest,17,4401
Organic Granola 2lb Compact,38.8,50.89,1747,Food & Beverage,West Coast,26,4617
Whey Protein 5lb Chocolate Ultra,48.77,68.46,2438,Food & Beverage,Midwest,26,4952
Electrolyte Mix 30pk Lemon Standard,6.43,7.53,41,Food & Beverage,West Coast,19,5128
Wireless Mouse Smart,23.81,34.55,376,Electronics,East Coast,2,623
Mechanical Keyboard Plus,552.7,701.26,451,Electronics,International,4,889
USB-C Hub V2,109.96,157.37,330,Electronics,Primary,1,714
Webcam HD Compact,855.94,1098.83,440,Electronics,Primary,4,612
Bluetooth Speaker Bulk,187.44,281.17,156,Electronics,South,2,778
Portable Charger Pro,856.09,1227.41,40,Electronics,South,4,576
HDMI Cable V3,60.86,84.0,337,Electronics,West Coast,4,557
SSD 1TB Plus,433.71,647.72,30,Electronics,Primary,4,703
RAM 16GB Module Compact,545.49,675.37,438,Electronics,West Coast,4,529
Graphics Card RTX Elite,57.45,68.79,240,Electronics,International,5,827
CPU Processor Lite+,401.54,530.96,108,Electronics,South,1,804
Motherboard ATX Standard,374.11,435.06,481,Electronics,International,5,698
Power Supply 750W Plus,496.81,625.21,220,Electronics,East Coast,1,576
PC Case Mid-Tower Smart,777.22,1052.75,14,Electronics,Midwest,5,842
Monitor 27 4K Basic,467.78,671.2,236,Electronics,South,5,776
Laptop Stand Aluminum Advanced,142.05,207.55,238,Electronics,Midwest,3,818
Noise Cancelling Headphones Advanced,668.03,911.97,225,Electronics,West Coast,2,728
Smart Watch Pro Advanced,172.72,246.71,11,Electronics,International,1,791
Fitness Tracker Band Ultra,63.0,80.63,254,Electronics,West Coast,3,802
Wireless Earbuds Pro,108.52,167.96,441,Electronics,Midwest,2,696
Tablet 10 inch Max,655.51,776.87,432,Electronics,Midwest,3,695
E-Reader Paperwhite Advanced,870.52,1097.56,279,Electronics,East Coast,2,773
Smart Plug WiFi Standard,678.34,890.18,485,Electronics,Primary,5,828
WiFi Router AX Eco,407.2,536.71,171,Electronics,West Coast,1,790
Network Switch 8-Port V2,599.2,876.66,343,Electronics,South,1,691
External HDD 2TB HD,576.62,771.33,280,Electronics,Primary,1,614
Flash Drive 128GB Smart,61.15,72.92,377,Electronics,East Coast,1,863
Memory Card 256GB Compact,727.4,1070.25,18,Electronics,South,3,725
Desk Lamp LED Plus,276.96,399.78,149,Electronics,Primary,5,634
Phone Charger 65W XL,615.71,842.62,173,Electronics,East Coast,1,809
Screen Protector Glass Smart,233.19,282.69,291,Electronics,International,5,547
Phone Case Silicone Lite,561.91,800.31,227,Electronics,Primary,5,805
Laptop Sleeve 15in Pro,563.15,837.72,223,Electronics,Midwest,1,827
Monitor Arm Single Advanced,69.99,107.4,154,Electronics,Midwest,3,541
Keyboard Wrist Rest HD,784.62,1024.32,57,Electronics,Midwest,4,888
Mouse Pad XXL Max,752.56,949.22,6,Electronics,Primary,4,740
Cable Management Kit Basic,872.32,1122.6,270,Electronics,East Coast,3,783
Surge Protector 12-Outlet Premium,899.04,1038.09,324,Electronics,International,4,748
UPS Battery 1500VA Elite,877.6,1122.38,252,Electronics,Primary,2,645
USB Microphone Plus,211.27,259.63,192,Electronics,South,1,882
Ring Light 18in HD,87.67,113.01,290,Electronics,East Coast,5,722
Green Screen 5x7ft Max,619.2,863.36,329,Electronics,West Coast,4,714
Streaming Deck MK2 Mini,550.97,763.6,436,Electronics,East Coast,3,759
Capture Card 4K V2,895.89,1057.25,298,Electronics,Primary,1,542
Drone Camera Pro Max,775.49,1143.01,123,Electronics,South,2,634
Action Camera 4K Max,885.06,1174.68,389,Electronics,Midwest,4,857
Digital Camera Mirrorless Plus,480.7,663.8,440,Electronics,South,2,716
Camera Lens 50mm V2,215.14,304.1,189,Electronics,East Coast,3,635
Tripod Carbon Fiber Premium,234.18,343.11,51,Electronics,International,2,767
Camera Bag Backpack Pro,109.88,140.13,444,Electronics,Midwest,3,744
SD Card Reader Smart,252.44,300.37,499,Electronics,East Coast,3,552
Ballpoint Pens 12pk Smart,98.67,171.27,774,Office Supplies,East Coast,11,2321
Sticky Notes 8pk Lite+,65.73,98.76,461,Office Supplies,Primary,19,2496
File Folders 24pk Ultra,58.21,75.68,674,Office Supplies,International,8,3395
Printer Paper A4 5-Ream Eco,27.35,36.67,1450,Office Supplies,International,8,2196
Ink Cartridge Black XL V3,102.84,172.63,1008,Office Supplies,Midwest,17,2667
Ink Cartridge Color Combo V2,99.76,149.09,1835,Office Supplies,Primary,11,2765
Desk Organizer Bamboo Pro,76.24,103.34,1434,Office Supplies,West Coast,14,3579
Paper Shredder Cross-Cut Advanced,8.93,15.5,1621,Office Supplies,South,20,2349
Laminator Machine A4 Standard,8.46,14.51,1128,Office Supplies,Midwest,9,3063
Label Maker Portable V2,66.39,93.5,922,Office Supplies,East Coast,9,3180
Whiteboard Magnetic 48x36 Ultra,5.17,7.53,1561,Office Supplies,International,9,3290
Dry Erase Markers 8pk XL,156.54,277.24,1502,Office Supplies,Primary,10,2779
Whiteboard Eraser Advanced,11.83,16.69,292,Office Supplies,East Coast,8,2856
Stapler Heavy-Duty V3,168.74,269.75,857,Office Supplies,Primary,18,2764
Staples 5000pk Lite,16.1,21.23,297,Office Supplies,Primary,18,3530
Tape Dispenser Desktop V3,150.56,249.96,1718,Office Supplies,Midwest,13,2908
Scissors Titanium Bulk,136.52,233.55,1135,Office Supplies,International,20,3426
Paper Clips 100pk HD,38.87,58.01,504,Office Supplies,South,18,3208
Binder Clips Assorted 24pk Basic,85.58,129.65,1784,Office Supplies,South,14,2508
Rubber Bands 1lb V2,97.59,151.26,1532,Office Supplies,International,6,2360
Envelopes White 100pk Max,118.19,196.9,1369,Office Supplies,Midwest,16,2676
Notebooks College-Ruled 6pk XL,152.26,252.09,1016,Office Supplies,West Coast,16,2552
Daily Planner 2024 Bulk,21.37,33.67,1918,Office Supplies,East Coast,16,2316
Scientific Calculator Max,3.15,5.6,1365,Office Supplies,Midwest,10,2574
Ruler Metal 12in Premium,122.11,205.14,289,Office Supplies,East Coast,16,2249
3-Hole Punch Advanced,11.18,13.92,1408,Office Supplies,International,16,2090
Letter Tray Stackable HD,103.08,173.02,434,Office Supplies,Primary,12,2696
Magazine Rack Wire Plus,171.26,273.13,1103,Office Supplies,International,10,3062
Bulletin Board Cork 36x24 Max,111.33,138.31,318,Office Supplies,Midwest,20,3496
Push Pins Colored 100pk Pro,55.8,73.17,1058,Office Supplies,Midwest,15,3435
Correction Tape 3pk Mini,135.29,182.27,1353,Office Supplies,Primary,10,3298
Glue Sticks Washable 6pk XL,68.41,95.76,1972,Office Supplies,West Coast,17,2360
Index Cards Ruled 200pk Plus,123.9,177.18,634,Office Supplies,East Coast,6,2287
Graph Paper Pad 4x4 Bulk,31.09,47.17,1278,Office Supplies,South,4,3387
Legal Pads Yellow 3pk Advanced,136.99,207.05,805,Office Supplies,Primary,4,3075
Presentation Folders 25pk Lite,159.31,191.52,223,Office Supplies,International,13,3220
Sheet Protectors 50pk V2,164.62,217.73,839,Office Supplies,Midwest,4,2500
Report Covers Prong 12pk Advanced,6.25,9.94,1163,Office Supplies,West Coast,20,2586
Clipboard Letter-Size Premium,38.49,65.42,295,Office Supplies,East Coast,7,2406
Pen Holder Mesh HD,154.74,251.97,1032,Office Supplies,East Coast,19,2853
Ergonomic Office Chair Basic,1101.53,1285.59,11,Furniture,Primary,1,164
Electric Standing Desk Standard,352.96,482.7,91,Furniture,South,1,105
L-Shaped Corner Desk Lite+,813.04,1013.42,100,Furniture,International,2,165
5-Tier Bookshelf Premium,276.03,349.62,73,Furniture,South,1,108
3-Drawer Filing Cabinet Lite+,416.21,478.57,13,Furniture,Primary,1,113
Conference Table 8-seat V2,1351.58,1631.41,90,Furniture,Midwest,2,139
Guest Chair Padded Pro,331.48,377.67,29,Furniture,Primary,1,117
Desk Lamp Architect Lite+,755.48,932.51,98,Furniture,East Coast,1,139
Chair Floor Mat 48x36 Eco,1220.72,1523.68,42,Furniture,South,1,110
Monitor Riser Wood Bulk,869.06,999.44,55,Furniture,West Coast,1,103
Storage Cabinet Locking Mini,555.14,632.35,60,Furniture,Primary,1,150
Coat Rack Standing Basic,1247.38,1410.63,75,Furniture,Primary,2,128
Waste Basket Metal Plus,60.39,82.71,10,Furniture,International,2,177
Under-Desk Drawer Unit V2,1069.31,1196.91,52,Furniture,East Coast,1,119
Computer Desk Compact Basic,925.45,1038.86,86,Furniture,East Coast,2,104
Gaming Chair Racing Pro,1196.03,1549.82,73,Furniture,West Coast,1,176
Recliner Leather Pro,137.03,188.38,37,Furniture,Midwest,2,178
3-Seat Sofa Fabric Lite,1216.14,1423.94,53,Furniture,Midwest,1,159
Coffee Table Glass Max,1255.97,1440.62,82,Furniture,Primary,2,146
Side Table Round Elite,1339.84,1476.72,96,Furniture,East Coast,1,144
TV Stand 65in Eco,1346.21,1627.2,16,Furniture,Midwest,2,123
Shoe Rack 4-Tier Max,479.25,536.99,41,Furniture,Primary,2,148
Wardrobe Sliding-Door Lite+,368.41,502.34,48,Furniture,Primary,1,143
6-Drawer Dresser V3,337.13,383.54,77,Furniture,East Coast,2,156
Nightstand 2-Drawer Plus,1215.66,1677.94,21,Furniture,Midwest,2,100
Queen Bed Frame Metal Standard,162.44,219.74,45,Furniture,West Coast,2,153
Queen Memory Foam Mattress Eco,357.82,398.96,51,Furniture,West Coast,1,166
Dining Table 6-seat Oak Lite+,414.4,483.35,14,Furniture,Primary,2,164
Dining Chair Padded 2pk Pro,72.76,92.1,15,Furniture,International,2,118
Bar Stool Adjustable Compact,701.31,780.66,93,Furniture,South,2,155
Kitchen Island Cart Eco,920.05,1086.02,48,Furniture,East Coast,1,102
Pantry Cabinet Tall Elite,384.0,495.34,49,Furniture,International,2,165
Bathroom Vanity 36in Standard,565.32,747.84,84,Furniture,Primary,1,107
Mirror Cabinet LED Advanced,179.08,231.67,78,Furniture,East Coast,1,117
Laundry Hamper Bamboo V2,37.99,46.07,46,Furniture,South,1,176
Room Divider 4-Panel Basic,1306.25,1439.6,97,Furniture,Primary,1,176
Accent Chair Velvet Lite+,1080.09,1198.58,45,Furniture,East Coast,1,174
Ottoman Storage Compact,1147.14,1420.67,83,Furniture,West Coast,2,102
Console Table Entryway Compact,163.51,199.06,22,Furniture,International,1,165
Storage Bench Entryway Standard,1388.54,1832.89,88,Furniture,Midwest,2,144
All-Purpose Cleaner 1gal Basic,39.83,67.12,4621,Cleaning,East Coast,50,7044
Glass Cleaner Spray 32oz Pro,8.11,10.15,4602,Cleaning,Primary,41,5329
Disinfectant Wipes 6pk Eco,18.49,29.34,1913,Cleaning,Midwest,28,6998
Floor Cleaner Concentrate Standard,5.8,8.1,1218,Cleaning,International,40,5471
Bathroom Cleaner Foaming Elite,42.23,72.59,2811,Cleaning,West Coast,23,5263
Kitchen Degreaser XL,26.96,38.49,4636,Cleaning,East Coast,13,5203
Air Freshener Refills 3pk Smart,40.6,70.65,4823,Cleaning,Midwest,32,6249
Microfiber Cloths 12pk V3,43.88,64.17,2133,Cleaning,Midwest,18,8323
Scrub Sponges 6pk Max,27.52,37.2,810,Cleaning,South,12,8907
Rubber Gloves Latex 3pk Pro,26.32,45.28,2188,Cleaning,International,30,5232
Trash Bags 13gal 50pk Advanced,7.01,11.25,2484,Cleaning,East Coast,38,5168
Paper Towels 12-Roll V3,19.99,29.38,970,Cleaning,Midwest,41,5242
Toilet Paper 24-Roll Pro,9.2,13.17,2799,Cleaning,East Coast,30,8719
Hand Soap Refill 1gal Lite,10.09,16.36,3737,Cleaning,East Coast,36,5763
Hand Sanitizer Pump 32oz Basic,3.21,4.94,2500,Cleaning,West Coast,14,7014
Spin Mop System Premium,31.2,40.5,2076,Cleaning,Primary,38,7515
Angle Broom XL,35.17,48.68,1399,Cleaning,Midwest,45,5465
Dustpan Combo V3,28.38,38.47,3376,Cleaning,Primary,49,7582
Vacuum Bags 6pk Pro,34.72,60.06,4499,Cleaning,South,20,8282
Dish Soap Lemon 32oz HD,30.02,52.17,3605,Cleaning,Primary,16,5559
Dishwasher Pods 60pk Compact,14.25,19.79,3398,Cleaning,West Coast,40,6540
Laundry Detergent 100oz Ultra,25.87,36.94,1439,Cleaning,Primary,31,8682
Fabric Softener Sheets 240ct Basic,13.24,18.89,686,Cleaning,South,29,6015
Stain Remover Spray Elite,26.29,37.54,177,Cleaning,East Coast,47,7371
Bleach Concentrate 1gal Advanced,20.57,25.8,4317,Cleaning,West Coast,32,7574
Extendable Duster 10ft Mini,12.79,19.37,1304,Cleaning,West Coast,30,7799
Window Squeegee 12in Max,2.48,3.33,4486,Cleaning,South,36,6381
Toilet Brush Set Mini,25.08,43.45,4660,Cleaning,West Coast,43,5144
Heavy-Duty Plunger V2,24.79,33.53,399,Cleaning,Primary,31,5797
Drain Cleaner Gel 32oz HD,23.03,39.03,4484,Cleaning,Primary,24,8325
Lint Roller Mega 4pk Eco,26.17,39.61,202,Cleaning,Midwest,16,8021
Carpet Cleaner Shampoo Lite+,21.95,31.85,1215,Cleaning,International,14,7382
Wood Polish Spray Mini,33.58,47.49,4060,Cleaning,Midwest,16,7370
Stainless Steel Cleaner Plus,27.88,48.49,2452,Cleaning,International,29,6426
Oven Cleaner Heavy-Duty Premium,3.05,4.48,1003,Cleaning,South,29,6012
Grout Cleaner Brush Set Ultra,36.33,53.97,4574,Cleaning,Primary,29,6006
First Aid Kit 200-Piece Bulk,187.04,239.49,517,Safety,West Coast,8,1622
Fire Extinguisher ABC 5lb Smart,228.93,313.34,586,Safety,International,8,1184
Safety Goggles Anti-Fog HD,58.97,82.59,233,Safety,East Coast,4,1270
Work Gloves Leather 12pk Lite+,189.74,230.86,892,Safety,International,3,1584
Hard Hat OSHA-Compliant Plus,83.64,108.06,338,Safety,Primary,3,1271
Safety Vest Hi-Vis 10pk Eco,79.12,91.57,469,Safety,International,8,1530
Ear Plugs NRR32 50pk Eco,40.13,54.26,529,Safety,International,9,1393
N95 Dust Masks 50pk Basic,24.2,33.19,451,Safety,International,2,1362
Face Shields Anti-Fog 5pk Lite,147.0,193.27,17,Safety,West Coast,4,1697
Steel-Toe Work Boots V2,216.83,281.82,256,Safety,International,9,1256
Knee Pads Gel-Insert V3,117.24,156.74,78,Safety,South,5,1077
Back Support Belt Large Premium,50.62,59.54,362,Safety,Primary,9,1732
Anti-Fatigue Mat 3x5ft HD,188.15,225.78,137,Safety,International,3,1111
Wet Floor Sign Bilingual Standard,116.93,172.33,184,Safety,East Coast,2,1455
Traffic Cone 28in Premium,116.93,154.17,820,Safety,West Coast,5,1750
Fire Blanket 4x6ft Standard,32.9,47.33,341,Safety,West Coast,7,1427
Smoke Detector 10-Year Ultra,225.97,338.15,75,Safety,Midwest,3,1797
CO Detector Digital Advanced,134.85,183.04,424,Safety,Midwest,8,1236
Emergency Kit 72-Hour Pro,6.41,9.32,545,Safety,South,6,1228
Heavy-Duty Flashlight V3,14.2,17.81,693,Safety,South,7,1485
AA Batteries 24pk Mini,102.94,150.88,20,Safety,Primary,10,1542
AAA Batteries 24pk Premium,224.57,298.2,645,Safety,International,2,1769
Extension Cord 25ft 12AWG Max,72.48,107.4,835,Safety,South,4,1569
Power Strip 6-Outlet USB V2,109.76,144.18,278,Safety,South,8,1034
Cable Protector Ramp Ultra,56.73,81.29,864,Safety,West Coast,5,1080
Lockout Tagout Kit Elite,51.2,60.56,97,Safety,East Coast,5,1462
Hazmat Spill Kit 5gal Max,148.6,181.37,772,Safety,West Coast,2,1312
Eye Wash Station Wall Pro,163.53,188.25,929,Safety,East Coast,10,1756
Flammable Storage Cabinet Premium,143.22,197.51,421,Safety,Midwest,6,1501
4-Gas Detector Meter Premium,146.42,205.56,212,Safety,Midwest,10,1707
Small Box 8x8x8 25pk Basic,73.08,93.64,3931,Packaging,East Coast,80,15316
Medium Box 12x12x12 25pk V2,57.57,87.73,9248,Packaging,Primary,33,14573
Large Box 18x18x18 15pk XL,31.74,40.72,9596,Packaging,International,43,12990
Bubble Wrap Roll 175ft Advanced,48.61,59.0,2965,Packaging,Midwest,31,11639
Packing Peanuts 14cu ft Lite+,6.65,8.12,4007,Packaging,West Coast,51,14125
Shipping Tape Clear 6pk Lite,82.33,114.39,8637,Packaging,Primary,78,13306
Shipping Labels 4x6 500ct Max,46.47,61.52,335,Packaging,Midwest,80,11309
Poly Mailers 10x13 100pk Premium,48.24,59.26,5646,Packaging,South,23,12033
Stretch Wrap 18in 1000ft Lite,38.15,53.98,2944,Packaging,International,87,14183
Kraft Packing Paper 25lb Eco,40.54,58.92,9958,Packaging,International,89,12694
Foam Sheets 12x12 50pk Elite,20.87,31.36,1048,Packaging,East Coast,91,17313
Strapping Tape 2in 6pk V2,71.06,103.64,8568,Packaging,Midwest,32,12243
Pallet Wrap 80ga 1500ft Elite,32.01,46.01,4115,Packaging,South,73,14833
Air Pillow Film Roll Max,22.62,35.89,2956,Packaging,East Coast,25,13593
Tissue Paper White 100pk Standard,73.47,100.34,1500,Packaging,International,63,13537
Gift Boxes Assorted 12pk V2,21.58,26.34,6470,Packaging,Primary,83,14526
Satin Ribbon Roll 50yd Lite,61.45,80.61,8148,Packaging,West Coast,24,10693
Gift Bags Medium 24pk Lite,76.54,109.03,114,Packaging,Midwest,52,12415
Kraft Paper Roll 36in x 200ft Mini,89.28,138.81,2696,Packaging,East Coast,24,14602
Corrugated Roll 48in x 100ft HD,12.41,17.61,5139,Packaging,Midwest,84,12701
Whole Bean Coffee 2lb V2,13.35,17.45,2678,Food & Beverage,International,23,4743
Ground Coffee Medium 5lb Lite,27.42,33.66,562,Food & Beverage,Midwest,20,4880
Earl Grey Tea 200ct Pro,39.29,58.58,801,Food & Beverage,International,25,4359
Cane Sugar 10lb Lite,39.41,50.94,2360,Food & Beverage,Midwest,24,3201
Coffee Creamer Singles 100pk XL,42.95,53.78,2889,Food & Beverage,West Coast,19,5247
Paper Cups 12oz 100pk Eco,52.78,68.37,2931,Food & Beverage,Midwest,13,4010
PLA Lids 12oz 100pk XL,24.07,28.4,2107,Food & Beverage,East Coast,14,4448
Wood Stirrers 1000pk Bulk,27.54,36.31,2061,Food & Beverage,South,22,4483
Cocktail Napkins 500pk Max,38.46,47.95,1419,Food & Beverage,Midwest,22,3957
Paper Plates 9in 100pk Lite,30.39,42.19,2131,Food & Beverage,Midwest,28,3785
Wood Cutlery Set 200pk Standard,18.54,27.01,710,Food & Beverage,Primary,12,4545
Spring Water 24pk 16oz Standard,8.92,11.09,47,Food & Beverage,Midwest,11,4439
Granola Bars Variety 36pk Lite+,35.94,43.29,1993,Food & Beverage,South,22,3708
Mixed Nuts 2lb Canister Bulk,43.84,59.43,2268,Food & Beverage,Primary,8,4630
Dried Fruit Mix 3lb Pro,53.01,69.09,1713,Food & Beverage,South,12,3662
Multigrain Crackers 8pk Standard,2.14,3.09,2110,Food & Beverage,West Coast,29,3126
Creamy Peanut Butter 40oz V3,28.01,33.09,672,Food & Beverage,Primary,19,5248
Strawberry Jam 32oz Advanced,40.75,51.41,522,Food & Beverage,Midwest,6,5146
Chicken Noodle Soup 6pk Mini,34.58,46.95,42,Food & Beverage,East Coast,21,5057
Solid Light Tuna 8pk Smart,43.91,60.92,992,Food & Beverage,Primary,10,4245
Jasmine Rice 25lb V2,37.84,54.04,2438,Food & Beverage,West Coast,15,3743
Penne Pasta 6pk 1lb Plus,5.5,8.14,1559,Food & Beverage,West Coast,20,4492
Extra Virgin Olive Oil 1L Bulk,27.16,36.19,899,Food & Beverage,South,26,3608
Balsamic Vinegar 500ml Lite,53.54,74.42,2759,Food & Beverage,West Coast,21,3013
Sea Salt & Pepper Set Compact,5.14,7.51,1318,Food & Beverage,South,21,3860
Spice Rack 20-Jar Standard,8.14,10.99,57,Food & Beverage,International,30,3117
Raw Honey 32oz HD,51.19,73.7,1701,Food & Beverage,International,27,3273
Organic Granola 2lb Bulk,12.26,14.44,1580,Food & Beverage,International,18,3085
Whey Protein 5lb Chocolate V2,17.54,24.43,1572,Food & Beverage,International,25,4896
Electrolyte Mix 30pk Lemon Elite,6.84,8.07,902,Food & Beverage,South,13,4585
Wireless Mouse Ultra,298.69,383.21,410,Electronics,Midwest,3,634
Mechanical Keyboard Pro,349.13,428.11,401,Electronics,Primary,2,713
USB-C Hub XL,178.95,268.14,284,Electronics,West Coast,2,822
Webcam HD Smart,635.46,972.91,306,Electronics,International,4,693
Bluetooth Speaker Plus,494.33,722.99,484,Electronics,Midwest,1,763
Portable Charger Bulk,468.19,545.2,60,Electronics,Primary,3,827
HDMI Cable V3,380.04,470.95,161,Electronics,West Coast,5,727
SSD 1TB Bulk,99.24,145.96,204,Electronics,East Coast,1,788
RAM 16GB Module Ultra,553.16,827.74,85,Electronics,Primary,5,606
Graphics Card RTX Smart,583.68,739.22,115,Electronics,East Coast,1,851
CPU Processor Lite,713.02,898.31,440,Electronics,Midwest,3,669
Motherboard ATX Smart,551.69,641.19,25,Electronics,West Coast,4,594
Power Supply 750W Compact,351.69,524.29,391,Electronics,East Coast,5,748
PC Case Mid-Tower Eco,56.37,79.27,486,Electronics,Midwest,4,678
Monitor 27 4K Advanced,877.81,1164.7,42,Electronics,Primary,3,555
Laptop Stand Aluminum Standard,93.64,122.63,238,Electronics,Midwest,4,694
Noise Cancelling Headphones Smart,328.34,453.77,359,Electronics,East Coast,2,880
Smart Watch Pro Max,247.82,344.62,250,Electronics,Primary,2,739
Fitness Tracker Band Elite,382.4,487.73,404,Electronics,Primary,4,798
Wireless Earbuds Max,31.95,44.47,176,Electronics,Primary,3,843
Tablet 10 inch V2,486.59,681.14,357,Electronics,East Coast,3,652
E-Reader Paperwhite Basic,833.56,1134.75,198,Electronics,Midwest,5,728
Smart Plug WiFi Elite,254.55,305.06,350,Electronics,Midwest,4,698
WiFi Router AX Premium,691.05,938.7,435,Electronics,South,5,809
Network Switch 8-Port Compact,544.26,627.67,397,Electronics,Midwest,4,765
External HDD 2TB Eco,510.54,603.2,493,Electronics,South,3,562
Flash Drive 128GB Eco,294.58,343.26,376,Electronics,South,5,646
Memory Card 256GB Plus,619.86,908.7,138,Electronics,East Coast,4,642
Desk Lamp LED Ultra,52.7,63.51,158,Electronics,International,3,675
Phone Charger 65W Max,434.98,571.91,36,Electronics,West Coast,5,671
Screen Protector Glass Ultra,745.36,905.79,248,Electronics,Midwest,3,528
Phone Case Silicone Bulk,882.23,1322.32,130,Electronics,West Coast,5,563
Laptop Sleeve 15in Compact,719.07,895.74,284,Electronics,Primary,2,786
Monitor Arm Single Eco,286.16,388.97,311,Electronics,Primary,5,852
Keyboard Wrist Rest Pro,506.05,712.87,278,Electronics,Midwest,4,745
Mouse Pad XXL Pro,802.13,1073.15,20,Electronics,South,1,597
Cable Management Kit Smart,197.87,291.08,326,Electronics,Midwest,2,665
Surge Protector 12-Outlet Ultra,754.58,1148.57,249,Electronics,International,3,895
UPS Battery 1500VA Compact,733.95,871.05,250,Electronics,South,4,534
USB Microphone Compact,167.26,219.54,230,Electronics,Primary,5,710
Ring Light 18in Compact,812.32,1192.66,396,Electronics,East Coast,5,700
Green Screen 5x7ft Basic,111.85,129.09,106,Electronics,Midwest,2,881
Streaming Deck MK2 Max,276.23,408.19,269,Electronics,Primary,4,655
Capture Card 4K Smart,231.31,302.69,419,Electronics,Midwest,3,790
Drone Camera Pro Ultra,32.13,40.97,206,Electronics,East Coast,3,637
Action Camera 4K Premium,869.4,1225.8,152,Electronics,Primary,1,567
Digital Camera Mirrorless Ultra,345.36,403.85,281,Electronics,International,1,539
Camera Lens 50mm V2,778.31,1086.75,464,Electronics,East Coast,3,759
Tripod Carbon Fiber Basic,13.19,15.29,350,Electronics,Primary,5,583
Camera Bag Backpack XL,225.26,293.77,18,Electronics,West Coast,3,824
SD Card Reader Compact,474.55,663.23,311,Electronics,Primary,1,519
Ballpoint Pens 12pk Smart,31.32,41.69,203,Office Supplies,West Coast,14,2272
Sticky Notes 8pk Pro,170.98,296.72,271,Office Supplies,Midwest,14,3305
File Folders 24pk Bulk,93.01,126.51,1661,Office Supplies,Midwest,8,2946
Printer Paper A4 5-Ream Advanced,75.69,129.23,1354,Office Supplies,Midwest,9,2983
Ink Cartridge Black XL Elite,133.95,176.6,514,Office Supplies,West Coast,11,2489
Ink Cartridge Color Combo HD,169.02,265.25,1872,Office Supplies,Primary,8,2040
Desk Organizer Bamboo Basic,48.93,82.1,936,Office Supplies,Primary,16,2774
Paper Shredder Cross-Cut HD,156.52,255.19,1954,Office Supplies,International,9,3178
Laminator Machine A4 XL,10.5,15.21,153,Office Supplies,Primary,4,2437
Label Maker Portable Basic,55.94,88.49,1940,Office Supplies,International,19,2503
Whiteboard Magnetic 48x36 V2,115.28,163.83,307,Office Supplies,International,10,2523
Dry Erase Markers 8pk HD,67.13,116.53,761,Office Supplies,International,13,2879
Whiteboard Eraser Lite,23.82,38.0,146,Office Supplies,South,11,3558
Stapler Heavy-Duty Premium,133.0,192.43,1403,Office Supplies,West Coast,9,2892
Staples 5000pk Standard,121.8,151.72,1252,Office Supplies,East Coast,20,3264
Tape Dispenser Desktop Advanced,161.77,205.24,634,Office Supplies,East Coast,10,2683
Scissors Titanium Bulk,157.89,250.16,1710,Office Supplies,International,9,2702
Paper Clips 100pk HD,23.44,41.99,1388,Office Supplies,International,17,3531
Binder Clips Assorted 24pk Pro,89.87,161.21,193,Office Supplies,West Coast,11,3037
Rubber Bands 1lb Ultra,143.32,244.8,521,Office Supplies,Primary,12,3586
Envelopes White 100pk Ultra,121.41,190.74,1050,Office Supplies,West Coast,14,2037
Notebooks College-Ruled 6pk Basic,159.36,204.48,553,Office Supplies,West Coast,5,3552
Daily Planner 2024 Bulk,138.62,201.08,739,Office Supplies,Primary,6,2268
Scientific Calculator Compact,111.41,177.94,1340,Office Supplies,Primary,17,2222
Ruler Metal 12in Smart,170.48,278.43,1599,Office Supplies,International,18,2447
3-Hole Punch Ultra,28.84,38.73,22,Office Supplies,West Coast,11,2243
Letter Tray Stackable Basic,49.84,69.06,1998,Office Supplies,East Coast,12,2555
Magazine Rack Wire Basic,3.94,5.49,1397,Office Supplies,South,4,2125
Bulletin Board Cork 36x24 V2,140.55,230.33,451,Office Supplies,West Coast,7,3177
Push Pins Colored 100pk Plus,172.09,264.35,517,Office Supplies,International,4,2700
Correction Tape 3pk V3,105.15,179.75,511,Office Supplies,International,12,3298
Glue Sticks Washable 6pk V3,170.26,280.52,345,Office Supplies,Primary,16,2291
Index Cards Ruled 200pk Bulk,122.96,204.28,773,Office Supplies,Midwest,15,3484
Graph Paper Pad 4x4 Max,159.97,220.91,1039,Office Supplies,West Coast,15,2787
Legal Pads Yellow 3pk Ultra,98.8,131.58,1679,Office Supplies,East Coast,11,3217
Presentation Folders 25pk Smart,104.9,144.09,166,Office Supplies,International,4,3184
Sheet Protectors 50pk XL,15.22,23.19,1061,Office Supplies,Midwest,15,3560
Report Covers Prong 12pk Basic,79.74,139.76,1628,Office Supplies,International,20,2030
Clipboard Letter-Size Elite,61.88,80.94,1799,Office Supplies,South,20,2496
Pen Holder Mesh Ultra,93.8,113.24,1768,Office Supplies,South,6,3148
Ergonomic Office Chair Basic,624.9,755.14,84,Furniture,International,2,151
Electric Standing Desk Pro,1171.47,1553.49,45,Furniture,International,2,120
L-Shaped Corner Desk Bulk,961.72,1166.72,61,Furniture,East Coast,1,126
5-Tier Bookshelf Ultra,170.69,215.12,83,Furniture,South,2,145
3-Drawer Filing Cabinet Ultra,1157.76,1292.1,76,Furniture,Primary,1,116
Conference Table 8-seat Lite+,501.01,698.64,18,Furniture,Midwest,1,132
Guest Chair Padded Elite,1278.8,1746.84,38,Furniture,Primary,1,174
Desk Lamp Architect Compact,1162.33,1599.22,34,Furniture,East Coast,2,163
Chair Floor Mat 48x36 Smart,263.97,302.17,82,Furniture,Primary,2,134
Monitor Riser Wood Lite+,356.49,402.97,63,Furniture,International,1,169
Storage Cabinet Locking Smart,1057.38,1163.25,10,Furniture,East Coast,1,107
Coat Rack Standing Compact,701.53,809.52,89,Furniture,South,1,150
Waste Basket Metal Premium,1301.46,1780.35,12,Furniture,International,2,153
Under-Desk Drawer Unit HD,409.81,458.94,5,Furniture,East Coast,2,173
Computer Desk Compact XL,284.73,342.39,48,Furniture,South,1,103
Gaming Chair Racing Eco,180.23,235.27,99,Furniture,International,1,101
Recliner Leather Pro,137.7,167.43,83,Furniture,Primary,1,122
3-Seat Sofa Fabric Bulk,251.13,319.09,7,Furniture,West Coast,1,163
Coffee Table Glass Lite,1137.02,1381.43,50,Furniture,Primary,2,126
Side Table Round Basic,550.68,738.38,20,Furniture,Midwest,1,112
TV Stand 65in Lite+,226.5,258.03,40,Furniture,West Coast,2,132
Shoe Rack 4-Tier Lite+,192.9,234.23,52,Furniture,Midwest,1,155
Wardrobe Sliding-Door Eco,705.82,872.35,70,Furniture,West Coast,1,109
6-Drawer Dresser Mini,776.72,863.56,60,Furniture,Primary,1,177
Nightstand 2-Drawer Advanced,936.86,1162.9,70,Furniture,International,1,113
Queen Bed Frame Metal Mini,657.58,868.3,100,Furniture,Midwest,2,134
Queen Memory Foam Mattress HD,1045.37,1319.05,49,Furniture,Midwest,2,146
Dining Table 6-seat Oak Elite,64.06,74.8,95,Furniture,International,1,151
Dining Chair Padded 2pk Ultra,1223.48,1463.36,77,Furniture,South,2,162
Bar Stool Adjustable Lite,1172.67,1297.23,76,Furniture,South,1,161
Kitchen Island Cart Standard,772.01,1046.79,42,Furniture,Primary,1,127
Pantry Cabinet Tall Basic,41.09,49.09,29,Furniture,East Coast,1,133
Bathroom Vanity 36in Pro,395.0,531.41,24,Furniture,Primary,1,159
Mirror Cabinet LED Pro,67.02,81.62,100,Furniture,West Coast,2,144
Laundry Hamper Bamboo Premium,644.71,748.31,92,Furniture,International,2,137
Room Divider 4-Panel Lite,1329.67,1546.73,19,Furniture,Primary,2,110
Accent Chair Velvet Lite+,1200.4,1371.24,83,Furniture,East Coast,1,106
Ottoman Storage XL,727.0,819.27,24,Furniture,International,2,128
Console Table Entryway Eco,1216.51,1536.73,8,Furniture,International,2,170
Storage Bench Entryway Pro,765.64,1001.01,93,Furniture,Primary,2,110
All-Purpose Cleaner 1gal V2,35.19,52.82,2528,Cleaning,East Coast,29,7875
Glass Cleaner Spray 32oz Plus,19.11,26.93,3854,Cleaning,Primary,40,5519
Disinfectant Wipes 6pk Mini,7.74,10.09,3365,Cleaning,Primary,43,5432
Floor Cleaner Concentrate Elite,24.82,32.2,3768,Cleaning,Midwest,36,8687
Bathroom Cleaner Foaming Eco,41.25,54.22,2784,Cleaning,Midwest,19,8817
Kitchen Degreaser Lite+,10.68,16.84,988,Cleaning,Midwest,14,5051
Air Freshener Refills 3pk Pro,42.25,64.1,4358,Cleaning,Midwest,37,6122
Microfiber Cloths 12pk Standard,6.34,9.42,1976,Cleaning,South,32,8583
Scrub Sponges 6pk Standard,20.39,31.29,1618,Cleaning,West Coast,50,6911
Rubber Gloves Latex 3pk V2,16.74,23.58,3689,Cleaning,South,34,7205
Trash Bags 13gal 50pk Elite,29.52,44.15,4001,Cleaning,South,24,7787
Paper Towels 12-Roll XL,5.8,9.07,3210,Cleaning,International,12,5919
Toilet Paper 24-Roll V2,43.89,69.14,3985,Cleaning,West Coast,11,5408
Hand Soap Refill 1gal Pro,39.92,56.94,556,Cleaning,International,38,8260
Hand Sanitizer Pump 32oz Lite,17.1,29.89,849,Cleaning,Midwest,49,7498
Spin Mop System Eco,8.06,10.31,2564,Cleaning,Midwest,41,8730
Angle Broom Max,16.48,25.47,666,Cleaning,International,15,6480
Dustpan Combo Smart,44.0,62.58,1933,Cleaning,South,24,8294
Vacuum Bags 6pk Standard,5.94,7.8,4798,Cleaning,East Coast,11,6779
Dish Soap Lemon 32oz Basic,33.61,50.56,2678,Cleaning,Primary,36,6628
Dishwasher Pods 60pk V3,3.15,5.4,4433,Cleaning,Primary,13,6439
Laundry Detergent 100oz Advanced,11.27,19.33,2295,Cleaning,Midwest,46,5838
Fabric Softener Sheets 240ct Eco,15.83,23.96,4328,Cleaning,South,41,6814
Stain Remover Spray Eco,14.23,18.82,2184,Cleaning,Midwest,16,7882
Bleach Concentrate 1gal Ultra,18.67,24.22,4447,Cleaning,West Coast,41,8052
Extendable Duster 10ft Eco,2.89,4.2,4144,Cleaning,South,29,5534
Window Squeegee 12in V3,8.02,12.14,2522,Cleaning,Primary,43,6978
Toilet Brush Set Smart,32.93,51.67,4831,Cleaning,Midwest,31,5426
Heavy-Duty Plunger V2,26.09,40.3,4608,Cleaning,West Coast,29,6427
Drain Cleaner Gel 32oz Advanced,35.95,51.73,3638,Cleaning,East Coast,40,8710
Lint Roller Mega 4pk Eco,6.39,10.94,2815,Cleaning,East Coast,43,5393
Carpet Cleaner Shampoo Basic,41.2,59.6,3346,Cleaning,Primary,24,6089
Wood Polish Spray Premium,36.29,56.66,2116,Cleaning,Midwest,26,8768
Stainless Steel Cleaner HD,16.67,22.36,1107,Cleaning,South,29,6642
Oven Cleaner Heavy-Duty Compact,24.19,34.24,990,Cleaning,East Coast,36,7427
Grout Cleaner Brush Set Lite,22.5,28.94,904,Cleaning,International,25,6521
First Aid Kit 200-Piece Max,158.36,198.58,276,Safety,International,9,1029
Fire Extinguisher ABC 5lb Bulk,4.75,5.5,834,Safety,International,9,1266
Safety Goggles Anti-Fog Bulk,178.18,264.46,506,Safety,West Coast,8,1429
Work Gloves Leather 12pk Basic,116.53,146.17,241,Safety,East Coast,10,1682
Hard Hat OSHA-Compliant Mini,47.16,61.43,517,Safety,East Coast,10,1791
Safety Vest Hi-Vis 10pk V3,89.49,111.88,190,Safety,West Coast,4,1262
Ear Plugs NRR32 50pk Max,73.87,109.6,785,Safety,Primary,10,1549
N95 Dust Masks 50pk Compact,218.54,302.06,911,Safety,West Coast,7,1254
Face Shields Anti-Fog 5pk Mini,123.34,172.07,371,Safety,Primary,6,1417
Steel-Toe Work Boots Premium,27.38,37.67,602,Safety,International,3,1033
Knee Pads Gel-Insert Mini,75.35,107.11,895,Safety,International,5,1581
Back Support Belt Large Lite,158.45,228.15,528,Safety,South,5,1320
Anti-Fatigue Mat 3x5ft Premium,72.59,108.46,737,Safety,Primary,2,1690
Wet Floor Sign Bilingual Max,116.3,136.74,917,Safety,International,9,1501
Traffic Cone 28in Mini,228.89,294.08,523,Safety,South,7,1199
Fire Blanket 4x6ft Pro,208.77,247.11,471,Safety,Midwest,6,1277
Smoke Detector 10-Year Elite,227.78,282.07,944,Safety,International,10,1002
CO Detector Digital V3,10.11,14.46,909,Safety,International,10,1609
Emergency Kit 72-Hour V2,44.14,60.57,892,Safety,Primary,8,1267
Heavy-Duty Flashlight Smart,155.58,200.1,579,Safety,East Coast,6,1033
AA Batteries 24pk Elite,63.54,82.43,339,Safety,International,4,1425
AAA Batteries 24pk Bulk,140.11,208.51,547,Safety,East Coast,2,1172
Extension Cord 25ft 12AWG Basic,220.01,277.67,192,Safety,Primary,8,1044
Power Strip 6-Outlet USB Basic,5.01,6.78,36,Safety,South,3,1538
Cable Protector Ramp Advanced,6.34,8.84,10,Safety,East Coast,2,1340
Lockout Tagout Kit Ultra,135.91,182.28,416,Safety,Midwest,10,1753
Hazmat Spill Kit 5gal V2,197.14,271.95,652,Safety,East Coast,4,1052
Eye Wash Station Wall Pro,115.21,134.97,889,Safety,Midwest,10,1064
Flammable Storage Cabinet Elite,185.27,273.98,219,Safety,International,9,1387
4-Gas Detector Meter Compact,44.33,56.66,80,Safety,Primary,7,1713
Small Box 8x8x8 25pk Elite,89.3,109.29,142,Packaging,International,36,13721
Medium Box 12x12x12 25pk Max,56.15,71.12,9837,Packaging,East Coast,59,16954
Large Box 18x18x18 15pk Basic,37.39,49.84,3994,Packaging,East Coast,59,14782
Bubble Wrap Roll 175ft Compact,18.82,26.97,8957,Packaging,International,82,15282
Packing Peanuts 14cu ft Premium,55.8,74.8,1549,Packaging,East Coast,26,14992
Shipping Tape Clear 6pk Eco,84.67,113.78,8692,Packaging,Midwest,84,12854
Shipping Labels 4x6 500ct Max,80.41,117.38,4401,Packaging,East Coast,71,15364
Poly Mailers 10x13 100pk Advanced,73.63,91.23,7221,Packaging,South,30,15428
Stretch Wrap 18in 1000ft Pro,32.16,50.94,9194,Packaging,East Coast,82,12995
Kraft Packing Paper 25lb Pro,63.14,79.55,6807,Packaging,International,31,12227
Foam Sheets 12x12 50pk Elite,54.53,81.97,4976,Packaging,Midwest,28,13511
Strapping Tape 2in 6pk Elite,30.17,44.15,790,Packaging,South,43,13802
Pallet Wrap 80ga 1500ft Advanced,55.75,83.19,1670,Packaging,West Coast,55,12689
Air Pillow Film Roll Basic,8.2,10.07,2082,Packaging,East Coast,80,15130
Tissue Paper White 100pk Advanced,25.88,39.16,5029,Packaging,Midwest,88,16051
Gift Boxes Assorted 12pk Premium,53.23,64.79,822,Packaging,East Coast,93,17116
Satin Ribbon Roll 50yd HD,17.36,27.16,8566,Packaging,International,70,12839
Gift Bags Medium 24pk Basic,75.79,120.66,8181,Packaging,Primary,43,10175
Kraft Paper Roll 36in x 200ft Basic,57.76,69.83,7584,Packaging,South,22,10658
Corrugated Roll 48in x 100ft Lite+,26.38,33.88,5372,Packaging,International,77,12633
Whole Bean Coffee 2lb Max,36.85,50.33,1382,Food & Beverage,International,17,4530
Ground Coffee Medium 5lb HD,28.51,39.79,2271,Food & Beverage,South,14,4738
Earl Grey Tea 200ct Pro,2.08,2.64,2705,Food & Beverage,East Coast,23,3455
Cane Sugar 10lb V3,22.15,26.65,2912,Food & Beverage,South,11,4201
Coffee Creamer Singles 100pk Standard,43.59,60.48,49,Food & Beverage,Primary,10,4412
Paper Cups 12oz 100pk Elite,38.71,49.84,2695,Food & Beverage,West Coast,20,3569
PLA Lids 12oz 100pk Premium,43.4,50.68,1502,Food & Beverage,East Coast,21,4984
Wood Stirrers 1000pk Standard,30.23,39.89,1906,Food & Beverage,Primary,18,3994
Cocktail Napkins 500pk Basic,13.27,17.3,2771,Food & Beverage,South,23,3121
Paper Plates 9in 100pk Mini,47.51,65.85,181,Food & Beverage,East Coast,28,4710
Wood Cutlery Set 200pk Premium,35.97,45.24,2794,Food & Beverage,Primary,8,5068
Spring Water 24pk 16oz Premium,49.14,58.83,2806,Food & Beverage,East Coast,10,3642
Granola Bars Variety 36pk Pro,18.75,27.26,1982,Food & Beverage,East Coast,17,4870
Mixed Nuts 2lb Canister V3,54.16,77.94,2304,Food & Beverage,South,30,3766
Dried Fruit Mix 3lb Lite+,22.04,32.73,1504,Food & Beverage,West Coast,29,4463
Multigrain Crackers 8pk Max,19.59,25.36,1356,Food & Beverage,West Coast,18,5214
Creamy Peanut Butter 40oz Pro,40.41,52.5,1604,Food & Beverage,Midwest,14,5051
Strawberry Jam 32oz Advanced,10.89,14.05,2119,Food & Beverage,East Coast,21,3456
Chicken Noodle Soup 6pk Plus,4.72,5.72,1473,Food & Beverage,International,14,4659
Solid Light Tuna 8pk Premium,20.05,24.81,1200,Food & Beverage,West Coast,20,5087
Jasmine Rice 25lb Max,33.0,45.29,2113,Food & Beverage,Midwest,15,4178
Penne Pasta 6pk 1lb Pro,17.19,20.48,2893,Food & Beverage,Primary,15,4523
Extra Virgin Olive Oil 1L Bulk,37.32,47.96,832,Food & Beverage,Midwest,21,3165
Balsamic Vinegar 500ml Smart,50.2,69.13,298,Food & Beverage,South,22,3427
Sea Salt & Pepper Set Compact,36.36,44.33,2671,Food & Beverage,International,20,4490
Spice Rack 20-Jar Smart,20.46,27.57,699,Food & Beverage,South,11,5354
Raw Honey 32oz Mini,37.25,46.05,2682,Food & Beverage,Primary,10,4182
Organic Granola 2lb Smart,37.39,49.02,1922,Food & Beverage,Primary,29,3356
Whey Protein 5lb Chocolate Advanced,2.31,2.74,2870,Food & Beverage,International,18,4808
Electrolyte Mix 30pk Lemon Ultra,17.61,25.29,1582,Food & Beverage,South,7,4081
Wireless Mouse Smart,875.02,1309.4,271,Electronics,East Coast,3,809
Mechanical Keyboard Ultra,93.93,117.72,355,Electronics,West Coast,4,793
USB-C Hub Lite+,231.34,321.98,330,Electronics,Midwest,3,897
Webcam HD Compact,629.03,853.41,303,Electronics,South,2,866
Bluetooth Speaker HD,77.94,109.33,51,Electronics,Midwest,5,840
Portable Charger Ultra,347.87,534.69,166,Electronics,Primary,5,845
HDMI Cable Basic,267.16,315.92,321,Electronics,West Coast,4,824
SSD 1TB V2,654.44,989.56,233,Electronics,Primary,5,876
RAM 16GB Module Pro,774.29,950.43,38,Electronics,Primary,2,714
Graphics Card RTX XL,290.11,431.79,158,Electronics,International,1,571
CPU Processor Basic,678.49,862.22,177,Electronics,South,5,688
Motherboard ATX Ultra,384.0,490.91,294,Electronics,East Coast,1,827
Power Supply 750W HD,466.69,579.1,258,Electronics,Midwest,5,623
PC Case Mid-Tower V3,102.73,139.52,358,Electronics,South,2,678
Monitor 27 4K Standard,102.66,148.31,396,Electronics,South,3,667
Laptop Stand Aluminum V2,185.63,273.69,359,Electronics,International,5,528
Noise Cancelling Headphones V2,263.63,336.84,260,Electronics,Midwest,1,552
Smart Watch Pro V2,730.81,976.43,399,Electronics,Primary,2,670
Fitness Tracker Band Standard,539.25,731.08,215,Electronics,Midwest,2,568
Wireless Earbuds Plus,142.7,169.79,136,Electronics,South,1,566
Tablet 10 inch Lite,44.8,58.34,404,Electronics,East Coast,4,698
E-Reader Paperwhite Standard,250.05,308.32,353,Electronics,East Coast,4,501
Smart Plug WiFi Compact,873.59,1077.33,375,Electronics,West Coast,3,703
WiFi Router AX Lite,640.76,900.48,308,Electronics,Midwest,5,839
Network Switch 8-Port Plus,731.32,937.78,53,Electronics,International,3,869
External HDD 2TB Lite,245.74,345.49,377,Electronics,Primary,2,679
Flash Drive 128GB Lite+,121.98,149.94,200,Electronics,Primary,5,687
Memory Card 256GB Premium,658.55,966.56,164,Electronics,East Coast,5,686
Desk Lamp LED Compact,50.91,76.54,77,Electronics,West Coast,2,670
Phone Charger 65W Lite+,142.62,173.62,23,Electronics,West Coast,3,870
Screen Protector Glass Eco,45.69,59.96,44,Electronics,South,1,615
Phone Case Silicone Pro,8.82,11.43,276,Electronics,Midwest,5,569
Laptop Sleeve 15in XL,761.85,926.45,142,Electronics,Midwest,1,759
Monitor Arm Single Plus,678.05,893.35,411,Electronics,West Coast,2,612
Keyboard Wrist Rest XL,855.27,1121.03,265,Electronics,South,3,802
Mouse Pad XXL Lite,475.61,576.22,138,Electronics,South,2,813
Cable Management Kit Ultra,270.89,397.15,301,Electronics,Primary,5,521
Surge Protector 12-Outlet XL,646.33,869.53,496,Electronics,South,2,603
UPS Battery 1500VA Pro,417.46,642.65,69,Electronics,Midwest,4,822
USB Microphone Pro,522.31,661.02,160,Electronics,West Coast,3,733
Ring Light 18in Pro,96.82,142.61,12,Electronics,International,3,711
Green Screen 5x7ft Compact,315.57,403.71,309,Electronics,International,5,824
Streaming Deck MK2 Plus,582.75,745.47,482,Electronics,Midwest,4,802
Capture Card 4K Max,151.61,184.61,98,Electronics,East Coast,1,629
Drone Camera Pro Pro,59.83,74.53,37,Electronics,Primary,5,553
Action Camera 4K HD,768.06,1027.46,438,Electronics,East Coast,1,878
Digital Camera Mirrorless Compact,684.13,879.76,45,Electronics,International,1,654
Camera Lens 50mm Max,750.86,1156.6,83,Electronics,Primary,5,703
Tripod Carbon Fiber Max,735.08,908.94,288,Electronics,Primary,4,847
Camera Bag Backpack Premium,6.77,9.87,330,Electronics,West Coast,3,668
SD Card Reader Max,135.35,195.62,84,Electronics,East Coast,2,647
Ballpoint Pens 12pk Pro,27.61,44.58,1605,Office Supplies,Primary,5,2030
Sticky Notes 8pk Mini,35.13,51.59,1941,Office Supplies,International,9,3115
File Folders 24pk V2,48.39,64.91,145,Office Supplies,Primary,19,3161
Printer Paper A4 5-Ream Eco,61.08,101.11,1257,Office Supplies,Primary,14,2779
Ink Cartridge Black XL Lite+,179.54,235.25,594,Office Supplies,Midwest,20,2562
Ink Cartridge Color Combo Lite+,144.17,197.73,1862,Office Supplies,South,18,2938
Desk Organizer Bamboo XL,39.58,49.14,583,Office Supplies,East Coast,4,3130
Paper Shredder Cross-Cut Pro,115.91,141.86,130,Office Supplies,East Coast,16,2503
Laminator Machine A4 Compact,10.8,16.1,404,Office Supplies,West Coast,7,3477
Label Maker Portable HD,85.11,139.11,883,Office Supplies,International,6,3003
Whiteboard Magnetic 48x36 V3,77.85,120.87,616,Office Supplies,International,14,3225
Dry Erase Markers 8pk Basic,103.42,168.02,1791,Office Supplies,South,18,2400
Whiteboard Eraser V2,124.73,164.21,1049,Office Supplies,West Coast,8,2131
Stapler Heavy-Duty HD,30.75,39.85,401,Office Supplies,East Coast,9,3085
Staples 5000pk V3,94.45,157.9,423,Office Supplies,East Coast,20,2666
Tape Dispenser Desktop V2,39.93,62.32,77,Office Supplies,Midwest,16,2296
Scissors Titanium Pro,139.08,238.81,616,Office Supplies,International,5,3472
Paper Clips 100pk Mini,179.76,247.99,371,Office Supplies,East Coast,13,2693
Binder Clips Assorted 24pk V2,106.66,137.9,1680,Office Supplies,Midwest,15,2794
Rubber Bands 1lb Pro,94.51,160.15,1181,Office Supplies,International,11,3178
Envelopes White 100pk Eco,163.0,263.8,733,Office Supplies,Midwest,5,2572
Notebooks College-Ruled 6pk V2,125.25,196.41,407,Office Supplies,Midwest,10,3316
Daily Planner 2024 Premium,21.22,37.22,1779,Office Supplies,International,14,3132
Scientific Calculator Eco,38.09,57.64,1061,Office Supplies,Primary,15,3278
Ruler Metal 12in Smart,4.87,6.55,86,Office Supplies,South,12,2696
3-Hole Punch Lite+,65.69,92.45,1061,Office Supplies,Midwest,9,2707
Letter Tray Stackable Max,41.27,67.87,1414,Office Supplies,Primary,10,2028
Magazine Rack Wire Lite+,1.8,2.62,1839,Office Supplies,Midwest,6,3141
Bulletin Board Cork 36x24 Smart,146.6,220.16,630,Office Supplies,Midwest,16,3395
Push Pins Colored 100pk Standard,84.48,133.31,736,Office Supplies,South,9,3521
Correction Tape 3pk Mini,49.13,66.31,771,Office Supplies,Primary,16,2743
Glue Sticks Washable 6pk Basic,115.21,164.59,299,Office Supplies,International,8,2938
Index Cards Ruled 200pk Pro,134.58,188.38,286,Office Supplies,International,15,3300
Graph Paper Pad 4x4 Premium,160.72,202.83,246,Office Supplies,West Coast,5,3536
Legal Pads Yellow 3pk XL,133.26,174.14,641,Office Supplies,Midwest,6,2292
Presentation Folders 25pk HD,80.78,140.38,1059,Office Supplies,South,4,3325
Sheet Protectors 50pk Premium,170.99,281.0,1184,Office Supplies,Midwest,16,2618
Report Covers Prong 12pk Plus,45.46,66.13,566,Office Supplies,West Coast,9,2591
Clipboard Letter-Size V3,176.14,227.84,900,Office Supplies,International,14,2554
Pen Holder Mesh Eco,26.1,37.71,157,Office Supplies,West Coast,13,2451
Ergonomic Office Chair Plus,984.34,1350.22,100,Furniture,Primary,1,161
Electric Standing Desk XL,238.87,323.09,36,Furniture,Primary,1,115
L-Shaped Corner Desk Smart,123.67,161.11,54,Furniture,South,1,103
5-Tier Bookshelf XL,363.65,505.63,11,Furniture,West Coast,1,120
3-Drawer Filing Cabinet V2,1041.86,1387.13,37,Furniture,Midwest,2,136
Conference Table 8-seat Basic,667.74,821.63,85,Furniture,West Coast,2,137
Guest Chair Padded V2,726.05,935.28,31,Furniture,International,1,159
Desk Lamp Architect Pro,663.18,745.28,7,Furniture,Primary,1,104
Chair Floor Mat 48x36 Max,436.75,590.4,39,Furniture,Midwest,1,147
Monitor Riser Wood Smart,908.83,1256.67,15,Furniture,Midwest,1,165
Storage Cabinet Locking Standard,1012.96,1312.67,5,Furniture,South,2,132
Coat Rack Standing Lite,1163.34,1509.28,94,Furniture,East Coast,1,156
Waste Basket Metal V3,973.73,1284.92,39,Furniture,West Coast,1,103
Under-Desk Drawer Unit Elite,855.3,945.01,55,Furniture,West Coast,2,107
Computer Desk Compact Lite,212.58,237.6,7,Furniture,Primary,2,126
Gaming Chair Racing Pro,1127.98,1366.14,3,Furniture,West Coast,1,111
Recliner Leather Advanced,736.01,930.97,6,Furniture,Primary,2,153
3-Seat Sofa Fabric HD,642.25,862.51,84,Furniture,Primary,1,134
Coffee Table Glass Premium,748.06,900.42,11,Furniture,Primary,2,151
Side Table Round Elite,514.36,606.82,18,Furniture,Primary,2,160
TV Stand 65in Max,123.78,165.06,71,Furniture,Primary,2,114
Shoe Rack 4-Tier Bulk,201.75,226.72,92,Furniture,International,2,122
Wardrobe Sliding-Door Lite+,1189.88,1400.27,98,Furniture,East Coast,2,178
6-Drawer Dresser Premium,187.69,228.58,84,Furniture,Primary,2,141
Nightstand 2-Drawer Premium,1336.91,1820.84,25,Furniture,East Coast,2,144
Queen Bed Frame Metal Mini,1194.37,1326.72,27,Furniture,East Coast,2,109
Queen Memory Foam Mattress Max,44.41,50.78,95,Furniture,International,1,169
Dining Table 6-seat Oak Standard,473.0,623.12,24,Furniture,South,2,102
Dining Chair Padded 2pk Advanced,631.44,844.46,96,Furniture,East Coast,2,175
Bar Stool Adjustable Bulk,1080.25,1262.89,32,Furniture,Primary,2,104
Kitchen Island Cart Pro,1294.56,1650.17,85,Furniture,South,1,109
Pantry Cabinet Tall Mini,1323.45,1735.78,36,Furniture,South,1,103
Bathroom Vanity 36in Smart,967.31,1097.2,94,Furniture,South,2,114
Mirror Cabinet LED Max,938.31,1270.09,84,Furniture,South,1,166
Laundry Hamper Bamboo Ultra,1205.65,1436.86,11,Furniture,West Coast,2,175
Room Divider 4-Panel Smart,239.78,289.36,83,Furniture,International,1,138
Accent Chair Velvet Bulk,1155.43,1322.5,56,Furniture,Midwest,2,122
Ottoman Storage Eco,761.93,1000.38,82,Furniture,West Coast,2,155
Console Table Entryway Basic,120.38,135.42,44,Furniture,South,1,121
Storage Bench Entryway Max,988.92,1226.75,36,Furniture,International,1,102
All-Purpose Cleaner 1gal HD,23.19,34.76,4282,Cleaning,Midwest,24,7716
Glass Cleaner Spray 32oz Ultra,21.73,27.89,4090,Cleaning,International,10,7091
Disinfectant Wipes 6pk Max,12.81,16.36,1877,Cleaning,Primary,50,6468
Floor Cleaner Concentrate Eco,10.21,16.65,2961,Cleaning,East Coast,39,7360
Bathroom Cleaner Foaming Plus,26.16,41.49,3591,Cleaning,International,34,5343
Kitchen Degreaser Compact,29.65,37.3,3705,Cleaning,West Coast,19,7415
Air Freshener Refills 3pk Mini,31.21,44.96,3336,Cleaning,International,13,8611
Microfiber Cloths 12pk Basic,41.4,60.41,4854,Cleaning,Primary,37,8178
Scrub Sponges 6pk Lite,38.59,48.62,2268,Cleaning,East Coast,10,7758
Rubber Gloves Latex 3pk Smart,3.16,4.85,3961,Cleaning,Midwest,35,8678
Trash Bags 13gal 50pk V3,34.57,43.57,4380,Cleaning,East Coast,36,5936
Paper Towels 12-Roll V3,37.1,57.42,2888,Cleaning,Midwest,12,6602
Toilet Paper 24-Roll Compact,29.64,44.36,120,Cleaning,Primary,31,6450
Hand Soap Refill 1gal Advanced,29.76,46.85,2833,Cleaning,South,13,7780
Hand Sanitizer Pump 32oz Plus,25.58,32.53,1580,Cleaning,International,33,5196
Spin Mop System Elite,34.75,57.85,2929,Cleaning,Midwest,33,8650
Angle Broom Standard,15.4,19.85,4751,Cleaning,Primary,28,8173
Dustpan Combo Max,13.23,19.3,3264,Cleaning,Primary,13,6522
Vacuum Bags 6pk V2,27.64,44.94,4837,Cleaning,Primary,49,8967
Dish Soap Lemon 32oz Ultra,19.15,29.5,4184,Cleaning,West Coast,17,8039
Dishwasher Pods 60pk Smart,39.73,53.84,4091,Cleaning,South,43,6079
Laundry Detergent 100oz Pro,12.19,20.34,817,Cleaning,West Coast,38,6812
Fabric Softener Sheets 240ct Elite,37.84,60.46,1024,Cleaning,Midwest,40,6783
Stain Remover Spray Bulk,17.97,31.17,382,Cleaning,Midwest,27,5771
Bleach Concentrate 1gal Bulk,29.59,39.93,911,Cleaning,Midwest,31,8352
Extendable Duster 10ft XL,29.72,47.03,1133,Cleaning,West Coast,21,7542
Window Squeegee 12in Plus,32.8,45.06,4628,Cleaning,East Coast,35,5146
Toilet Brush Set Elite,4.53,6.62,2434,Cleaning,Midwest,45,6758
Heavy-Duty Plunger XL,39.95,59.37,3058,Cleaning,West Coast,23,8162
Drain Cleaner Gel 32oz Lite,40.21,55.26,4095,Cleaning,South,28,5827
Lint Roller Mega 4pk Max,23.35,35.24,1449,Cleaning,South,13,6876
Carpet Cleaner Shampoo Plus,34.79,55.93,1749,Cleaning,Primary,41,7210
Wood Polish Spray Pro,6.97,9.58,1223,Cleaning,East Coast,10,7059
Stainless Steel Cleaner Eco,13.05,16.94,3367,Cleaning,International,10,7446
Oven Cleaner Heavy-Duty Smart,3.06,4.53,4056,Cleaning,West Coast,43,7190
Grout Cleaner Brush Set Mini,40.12,58.15,4658,Cleaning,Midwest,11,7042
First Aid Kit 200-Piece Premium,80.17,117.33,59,Safety,South,6,1228
Fire Extinguisher ABC 5lb Standard,186.98,261.24,918,Safety,Primary,8,1734
Safety Goggles Anti-Fog HD,239.78,287.61,716,Safety,International,4,1477
Work Gloves Leather 12pk Ultra,35.66,42.32,358,Safety,International,6,1799
Hard Hat OSHA-Compliant Plus,44.84,57.55,773,Safety,International,4,1535
Safety Vest Hi-Vis 10pk Standard,213.3,276.07,748,Safety,East Coast,7,1598
Ear Plugs NRR32 50pk Lite,177.7,240.91,402,Safety,Midwest,10,1519
N95 Dust Masks 50pk Premium,218.77,299.42,929,Safety,International,5,1196
Face Shields Anti-Fog 5pk Elite,114.1,142.17,204,Safety,Primary,3,1545
Steel-Toe Work Boots V2,60.62,75.95,461,Safety,International,8,1086
Knee Pads Gel-Insert Standard,78.0,95.81,743,Safety,International,5,1685
Back Support Belt Large Ultra,226.29,290.15,669,Safety,Primary,2,1635
Anti-Fatigue Mat 3x5ft Advanced,84.33,107.0,806,Safety,West Coast,9,1617
Wet Floor Sign Bilingual Ultra,99.91,122.45,551,Safety,West Coast,5,1669
Traffic Cone 28in V2,178.49,206.27,172,Safety,East Coast,6,1607
Fire Blanket 4x6ft Lite+,135.69,193.85,170,Safety,Midwest,5,1302
Smoke Detector 10-Year Lite,81.38,116.07,929,Safety,Midwest,4,1114
CO Detector Digital Lite+,102.6,118.15,545,Safety,Primary,8,1045
Emergency Kit 72-Hour Pro,96.39,140.95,904,Safety,South,7,1517
Heavy-Duty Flashlight Ultra,127.0,153.16,327,Safety,West Coast,4,1752
AA Batteries 24pk HD,92.05,110.07,600,Safety,West Coast,5,1570
AAA Batteries 24pk Premium,176.5,259.59,653,Safety,West Coast,6,1739
Extension Cord 25ft 12AWG Bulk,7.39,9.1,598,Safety,East Coast,10,1408
Power Strip 6-Outlet USB Advanced,221.24,269.8,269,Safety,South,8,1399
Cable Protector Ramp Pro,132.22,198.28,311,Safety,Primary,10,1400
Lockout Tagout Kit Max,152.44,196.88,348,Safety,International,5,1187
Hazmat Spill Kit 5gal Basic,178.29,218.94,88,Safety,East Coast,7,1678
Eye Wash Station Wall Pro,121.4,159.42,625,Safety,Primary,3,1632
Flammable Storage Cabinet Standard,177.25,247.02,538,Safety,Primary,8,1023
4-Gas Detector Meter XL,18.34,25.65,662,Safety,West Coast,5,1244
Small Box 8x8x8 25pk Bulk,7.27,10.49,2540,Packaging,International,97,15288
Medium Box 12x12x12 25pk Premium,31.89,47.88,8422,Packaging,Midwest,46,11632
Large Box 18x18x18 15pk Basic,47.36,62.6,8151,Packaging,West Coast,59,11185
Bubble Wrap Roll 175ft Pro,41.75,65.38,3743,Packaging,East Coast,87,16915
Packing Peanuts 14cu ft Plus,74.05,106.48,1075,Packaging,South,27,13631
Shipping Tape Clear 6pk HD,40.8,63.11,5573,Packaging,West Coast,20,10283
Shipping Labels 4x6 500ct V3,87.49,116.14,6387,Packaging,East Coast,27,15343
Poly Mailers 10x13 100pk Compact,77.42,99.38,6474,Packaging,East Coast,28,12204
Stretch Wrap 18in 1000ft Premium,42.99,53.04,5937,Packaging,Midwest,31,16807
Kraft Packing Paper 25lb Eco,14.33,19.01,6911,Packaging,West Coast,28,15253
Foam Sheets 12x12 50pk Advanced,79.41,120.53,2660,Packaging,East Coast,53,15345
Strapping Tape 2in 6pk HD,27.85,37.23,7368,Packaging,International,87,11326
Pallet Wrap 80ga 1500ft Ultra,61.63,92.31,7867,Packaging,Midwest,45,10492
Air Pillow Film Roll Lite,24.18,37.84,583,Packaging,International,30,14035
Tissue Paper White 100pk Premium,69.16,99.46,5122,Packaging,International,23,17357
Gift Boxes Assorted 12pk Plus,6.46,9.63,2640,Packaging,International,61,13377
Satin Ribbon Roll 50yd Advanced,71.32,111.4,5507,Packaging,Midwest,96,15363
Gift Bags Medium 24pk Max,40.7,52.9,9223,Packaging,Midwest,80,13912
Kraft Paper Roll 36in x 200ft Compact,30.24,36.29,3776,Packaging,Midwest,58,17691
Corrugated Roll 48in x 100ft Mini,26.2,32.64,3266,Packaging,International,77,12232
Whole Bean Coffee 2lb Pro,43.32,57.88,699,Food & Beverage,International,19,4458
Ground Coffee Medium 5lb HD,53.1,64.43,942,Food & Beverage,Midwest,27,4541
Earl Grey Tea 200ct XL,22.59,29.57,1061,Food & Beverage,Primary,16,4058
Cane Sugar 10lb Eco,43.29,58.63,2119,Food & Beverage,East Coast,30,5344
Coffee Creamer Singles 100pk Smart,25.79,35.26,1378,Food & Beverage,International,13,4635
Paper Cups 12oz 100pk Standard,35.3,42.69,2839,Food & Beverage,West Coast,7,5369
PLA Lids 12oz 100pk Ultra,3.78,4.69,1094,Food & Beverage,West Coast,21,4629
Wood Stirrers 1000pk Advanced,48.44,67.55,2529,Food & Beverage,Primary,27,3045
Cocktail Napkins 500pk Basic,40.61,53.36,2861,Food & Beverage,Midwest,25,3673
Paper Plates 9in 100pk Plus,16.45,20.3,2242,Food & Beverage,South,16,3601
Wood Cutlery Set 200pk Ultra,5.33,7.76,2854,Food & Beverage,West Coast,22,3955
Spring Water 24pk 16oz Premium,13.91,16.64,2417,Food & Beverage,International,25,4909
Granola Bars Variety 36pk Eco,31.1,39.15,753,Food & Beverage,East Coast,14,3248
Mixed Nuts 2lb Canister Smart,49.54,70.31,2223,Food & Beverage,West Coast,30,3030
Dried Fruit Mix 3lb HD,29.32,37.67,2995,Food & Beverage,International,26,5285
Multigrain Crackers 8pk Smart,4.48,6.27,1670,Food & Beverage,International,12,4044
Creamy Peanut Butter 40oz V2,27.84,35.01,1936,Food & Beverage,West Coast,9,3456
Strawberry Jam 32oz Ultra,31.14,37.92,2229,Food & Beverage,Midwest,8,4398
Chicken Noodle Soup 6pk Mini,46.46,59.99,296,Food & Beverage,East Coast,29,5002
Solid Light Tuna 8pk Compact,51.42,74.34,990,Food & Beverage,International,29,5160
Jasmine Rice 25lb Lite+,12.47,15.61,2891,Food & Beverage,Primary,26,3882
Penne Pasta 6pk 1lb Elite,38.61,45.99,1771,Food & Beverage,Midwest,19,3492
Extra Virgin Olive Oil 1L V2,18.47,25.6,1656,Food & Beverage,South,25,5234
Balsamic Vinegar 500ml Elite,36.08,46.94,1640,Food & Beverage,South,11,3311
Sea Salt & Pepper Set Max,11.55,15.16,2607,Food & Beverage,East Coast,26,3742
Spice Rack 20-Jar Premium,28.18,38.84,2291,Food & Beverage,Primary,19,4802
Raw Honey 32oz Ultra,7.43,10.73,406,Food & Beverage,South,26,4096
Organic Granola 2lb Elite,21.04,28.69,1397,Food & Beverage,West Coast,20,5198
Whey Protein 5lb Chocolate V2,12.19,15.36,649,Food & Beverage,Primary,25,5059
Electrolyte Mix 30pk Lemon Pro,43.61,53.04,317,Food & Beverage,East Coast,13,4808
Wireless Mouse Premium,310.3,372.8,151,Electronics,Primary,4,887
Mechanical Keyboard Lite,314.55,401.33,100,Electronics,South,2,533
USB-C Hub Mini,744.85,955.87,232,Electronics,South,1,900
Webcam HD Pro,408.6,474.14,238,Electronics,Midwest,4,834
Bluetooth Speaker Smart,181.69,272.21,112,Electronics,West Coast,1,700
Portable Charger Bulk,223.19,274.21,209,Electronics,West Coast,3,582
HDMI Cable Bulk,889.01,1326.49,497,Electronics,East Coast,3,625
SSD 1TB V2,734.74,870.97,56,Electronics,West Coast,2,672
RAM 16GB Module Compact,408.78,595.88,310,Electronics,South,1,649
Graphics Card RTX Elite,603.33,780.27,297,Electronics,Primary,4,741
CPU Processor Eco,90.29,132.9,5,Electronics,South,3,719
Motherboard ATX Max,335.87,412.61,26,Electronics,East Coast,1,636
Power Supply 750W Bulk,279.42,364.74,473,Electronics,Midwest,2,702
PC Case Mid-Tower Smart,461.71,657.74,122,Electronics,Midwest,4,756
Monitor 27 4K Eco,380.32,566.94,158,Electronics,West Coast,3,868
Laptop Stand Aluminum Elite,459.44,549.87,343,Electronics,East Coast,4,599
Noise Cancelling Headphones HD,774.19,1126.09,294,Electronics,Primary,2,824
Smart Watch Pro Compact,739.51,1082.44,145,Electronics,West Coast,2,797
Fitness Tracker Band Max,556.31,831.97,392,Electronics,South,1,545
Wireless Earbuds V2,243.39,305.47,113,Electronics,Midwest,3,525
Tablet 10 inch Smart,599.01,818.61,91,Electronics,South,1,794
E-Reader Paperwhite V3,454.86,547.54,65,Electronics,Primary,1,570
Smart Plug WiFi V3,462.88,666.23,319,Electronics,South,5,598
WiFi Router AX Smart,792.88,1202.57,58,Electronics,International,3,501
Network Switch 8-Port XL,561.4,856.75,255,Electronics,Midwest,4,540
External HDD 2TB Basic,888.92,1043.92,326,Electronics,Primary,4,762
Flash Drive 128GB Eco,39.12,56.37,442,Electronics,West Coast,1,503
Memory Card 256GB Premium,783.8,1064.65,45,Electronics,West Coast,2,560
Desk Lamp LED V3,826.3,1087.84,473,Electronics,West Coast,3,752
Phone Charger 65W V3,171.26,247.32,60,Electronics,West Coast,1,676
Screen Protector Glass Elite,302.47,424.23,340,Electronics,South,5,566
Phone Case Silicone Lite,683.93,916.19,381,Electronics,Midwest,1,805
Laptop Sleeve 15in Smart,720.4,842.06,447,Electronics,Midwest,1,620
Monitor Arm Single Standard,63.86,89.88,167,Electronics,Primary,5,565
Keyboard Wrist Rest XL,880.55,1119.22,329,Electronics,Primary,2,703
Mouse Pad XXL Elite,891.12,1341.97,43,Electronics,Primary,4,766
Cable Management Kit Mini,681.91,877.03,426,Electronics,Midwest,2,879
Surge Protector 12-Outlet Pro,563.54,713.89,316,Electronics,International,3,686
UPS Battery 1500VA V3,591.42,891.83,257,Electronics,Primary,2,564
USB Microphone Pro,765.98,1007.74,489,Electronics,East Coast,1,690
Ring Light 18in Bulk,185.31,259.86,410,Electronics,East Coast,1,683
Green Screen 5x7ft V2,715.98,921.86,226,Electronics,International,2,657
Streaming Deck MK2 Basic,494.38,738.3,336,Electronics,West Coast,5,508
Capture Card 4K Smart,448.43,563.18,146,Electronics,West Coast,5,858
Drone Camera Pro Bulk,323.87,500.8,354,Electronics,International,4,791
Action Camera 4K V3,150.87,190.57,436,Electronics,International,3,891
Digital Camera Mirrorless Ultra,682.26,968.05,405,Electronics,Primary,3,551
Camera Lens 50mm Elite,188.34,231.58,55,Electronics,South,1,620
Tripod Carbon Fiber Elite,70.87,92.74,398,Electronics,Midwest,4,754
Camera Bag Backpack Pro,563.9,801.44,189,Electronics,South,2,537
SD Card Reader Bulk,610.42,909.65,198,Electronics,Primary,5,866
Ballpoint Pens 12pk Premium,125.41,164.72,553,Office Supplies,Primary,8,3208
Sticky Notes 8pk Plus,179.39,270.68,1372,Office Supplies,East Coast,20,3202
File Folders 24pk Bulk,139.49,233.32,1716,Office Supplies,South,14,2991
Printer Paper A4 5-Ream V3,109.96,185.98,1134,Office Supplies,Midwest,5,2392
Ink Cartridge Black XL Pro,39.37,58.38,1559,Office Supplies,Primary,6,2314
Ink Cartridge Color Combo XL,174.12,291.49,858,Office Supplies,West Coast,13,3063
Desk Organizer Bamboo V3,124.85,184.05,1085,Office Supplies,Primary,18,3128
Paper Shredder Cross-Cut V3,46.89,56.9,1233,Office Supplies,International,15,3415
Laminator Machine A4 Mini,166.43,201.14,137,Office Supplies,Primary,6,3133
Label Maker Portable Eco,128.16,208.35,173,Office Supplies,Primary,19,2068
Whiteboard Magnetic 48x36 Plus,174.33,263.03,752,Office Supplies,International,13,3491
Dry Erase Markers 8pk Mini,130.55,217.05,1537,Office Supplies,East Coast,8,3396
Whiteboard Eraser Premium,91.63,115.65,1811,Office Supplies,West Coast,13,3389
Stapler Heavy-Duty V2,57.98,100.33,1453,Office Supplies,West Coast,16,2299
Staples 5000pk XL,78.21,106.6,227,Office Supplies,International,8,3358
Tape Dispenser Desktop Elite,98.03,121.24,1886,Office Supplies,East Coast,5,3253
Scissors Titanium Max,22.69,29.21,543,Office Supplies,Midwest,7,3016
Paper Clips 100pk Mini,20.81,36.02,650,Office Supplies,East Coast,20,2479
Binder Clips Assorted 24pk Premium,135.27,165.39,851,Office Supplies,East Coast,14,3550
Rubber Bands 1lb HD,146.59,187.49,814,Office Supplies,South,17,3462
Envelopes White 100pk Standard,93.41,163.48,1751,Office Supplies,Primary,5,2003
Notebooks College-Ruled 6pk Lite,30.48,40.36,1445,Office Supplies,Midwest,4,2251
Daily Planner 2024 Ultra,104.77,149.71,775,Office Supplies,Midwest,16,3332
Scientific Calculator Eco,34.43,52.64,1345,Office Supplies,South,10,2795
Ruler Metal 12in Standard,18.8,25.28,596,Office Supplies,East Coast,16,2347
3-Hole Punch Advanced,5.05,7.53,1376,Office Supplies,East Coast,5,2642
Letter Tray Stackable Advanced,121.63,208.69,1190,Office Supplies,International,4,2701
Magazine Rack Wire Smart,66.73,104.69,1870,Office Supplies,South,12,2331
Bulletin Board Cork 36x24 Lite,79.04,105.82,332,Office Supplies,Midwest,14,2912
Push Pins Colored 100pk V2,16.36,26.5,1024,Office Supplies,West Coast,9,2956
Correction Tape 3pk Mini,171.66,291.75,783,Office Supplies,International,6,2716
Glue Sticks Washable 6pk Ultra,163.03,251.64,1551,Office Supplies,West Coast,6,2764
Index Cards Ruled 200pk Bulk,17.3,24.0,751,Office Supplies,South,15,2342
Graph Paper Pad 4x4 HD,46.82,73.8,307,Office Supplies,Midwest,8,2196
Legal Pads Yellow 3pk V3,23.95,33.13,561,Office Supplies,International,20,2982
Presentation Folders 25pk V2,102.41,126.56,351,Office Supplies,South,4,2317
Sheet Protectors 50pk Lite,116.2,171.44,372,Office Supplies,Primary,16,2643
Report Covers Prong 12pk Eco,129.7,166.97,659,Office Supplies,South,14,3004
Clipboard Letter-Size Mini,177.77,239.37,615,Office Supplies,Midwest,15,3560
Pen Holder Mesh Max,130.18,173.96,467,Office Supplies,West Coast,5,2283
Ergonomic Office Chair Lite,334.76,369.76,16,Furniture,West Coast,1,108
Electric Standing Desk HD,447.73,533.8,12,Furniture,Midwest,2,131
L-Shaped Corner Desk Lite+,720.47,981.62,5,Furniture,International,2,142
5-Tier Bookshelf Smart,223.5,254.78,63,Furniture,International,2,103
3-Drawer Filing Cabinet Max,618.43,817.66,74,Furniture,South,2,151
